source_coverage_ratio,coverage_entropy,coverage_hhi,coverage_gini,visit_entropy,visit_hhi,source_normalized_effective_rank,seed,condition,dependency,n_strata,items_per_stratum,hard_fraction,stopped_round,total_items,found_items,recall,false_completion,coverage_risk_lambda,scout_strategy,scout_new_items,scout_cost,scout_novelty_per_cost
1.0,2.7468836883219105,0.0672051581818826,0.23501336387934324,2.7194516576667436,0.07025935374149658,0.6851504757858664,10000,homogeneous,0.0,18,8,0.25,14,144,124,0.8611111111111112,True,0.0,none,0,0,
1.0,2.7375804461522586,0.0678,0.24185185185185176,2.72041705801568,0.06953302154195014,0.6439112550272483,10001,homogeneous,0.0,18,8,0.25,14,144,122,0.8472222222222222,True,0.0,none,0,0,
1.0,2.761086096016366,0.0665900603274921,0.2325800376647833,2.7391677329326796,0.0687889739229025,0.6436430182789576,10002,homogeneous,0.0,18,8,0.25,14,144,126,0.875,True,0.0,none,0,0,
0.8888888888888888,2.7142020642372557,0.06822071341483876,0.2435897435897436,2.70336412845778,0.06935586734693877,0.6347911254020931,10003,homogeneous,0.0,18,8,0.25,14,144,121,0.8402777777777778,True,0.02706552706552708,none,0,0,
1.0,2.7460295248351083,0.06758610642353312,0.24603174603174605,2.730651981184845,0.06887755102040816,0.6869341534625732,10004,homogeneous,0.0,18,8,0.25,14,144,121,0.8402777777777778,True,0.0,none,0,0,
1.0,2.7195806327094507,0.06860567356194179,0.2407407407407407,2.701584916046405,0.07050736961451247,0.6682683886121366,10005,homogeneous,0.0,18,8,0.25,14,144,119,0.8263888888888888,True,0.0,none,0,0,
1.0,2.733758591668486,0.06753788589529917,0.23606496862310822,2.7221236825959108,0.06866496598639456,0.6230784796491208,10006,homogeneous,0.0,18,8,0.25,14,144,122,0.8472222222222222,True,0.0,none,0,0,
1.0,2.753749440373752,0.06694555989306608,0.2339279078409513,2.7349967087027767,0.06882440476190475,0.6446686719234028,10007,homogeneous,0.0,18,8,0.25,14,144,120,0.8333333333333334,True,0.0,none,0,0,
0.9444444444444444,2.702020094397312,0.06963009362311384,0.2565960609438871,2.6823157618698366,0.07204861111111112,0.6136138012656477,10008,homogeneous,0.0,18,8,0.25,14,144,118,0.8194444444444444,True,0.014255336719104846,none,0,0,
0.9444444444444444,2.7125424610890247,0.06917208665460414,0.25679875679875686,2.6888059198358683,0.07174744897959184,0.629096583795525,10009,homogeneous,0.0,18,8,0.25,14,144,119,0.8263888888888888,True,0.014266597599930942,none,0,0,
0.9444444444444444,2.709994032697242,0.06938449990617376,0.26103500761035003,2.6830237902607026,0.07270408163265306,0.6572379486106206,10010,homogeneous,0.0,18,8,0.25,14,144,119,0.8263888888888888,True,0.014501944867241675,none,0,0,
0.9444444444444444,2.7137932331775994,0.06895289380144307,0.2518136693394426,2.690215862111097,0.07171201814058957,0.6341903654920019,10011,homogeneous,0.0,18,8,0.25,14,144,120,0.8333333333333334,True,0.013989648296635706,none,0,0,
1.0,2.7057898151050503,0.06958912037037036,0.2523148148148149,2.6836500999351944,0.07197774943310659,0.6652241287326787,10012,homogeneous,0.0,18,8,0.25,14,144,117,0.8125,True,0.0,none,0,0,
0.9444444444444444,2.703007625801727,0.0694063824789432,0.2543664065403195,2.681817453291949,0.07201318027210885,0.6323014601134923,10013,homogeneous,0.0,18,8,0.25,14,144,118,0.8194444444444444,True,0.014131467030017756,none,0,0,
1.0,2.7492710661267123,0.06714689992281966,0.23318468970642892,2.732445755503976,0.0688421201814059,0.6719782047101673,10014,homogeneous,0.0,18,8,0.25,14,144,124,0.8611111111111112,True,0.0,none,0,0,
1.0,2.7291863918193027,0.06834977999914563,0.24255628177196797,2.713911297708818,0.0699936224489796,0.5959647418392481,10015,homogeneous,0.0,18,8,0.25,14,144,122,0.8472222222222222,True,0.0,none,0,0,
1.0,2.732595553667364,0.0679288244223309,0.23484848484848486,2.720237082182328,0.06916099773242632,0.5792694876172403,10016,homogeneous,0.0,18,8,0.25,14,144,121,0.8402777777777778,True,0.0,none,0,0,
1.0,2.7280518708842276,0.06826666666666666,0.24,2.7108544432766077,0.07008219954648527,0.6047440660635787,10017,homogeneous,0.0,18,8,0.25,14,144,121,0.8402777777777778,True,0.0,none,0,0,
1.0,2.7390674215155166,0.06766631628272185,0.2358639778568603,2.7146038448621104,0.07009991496598639,0.7168282671771126,10018,homogeneous,0.0,18,8,0.25,14,144,118,0.8194444444444444,True,0.0,none,0,0,
1.0,2.7277393315238436,0.06837170810234784,0.24410774410774416,2.7029005193506874,0.07132227891156462,0.6358321194842292,10019,homogeneous,0.0,18,8,0.25,14,144,120,0.8333333333333334,True,0.0,none,0,0,
0.9444444444444444,2.7080802353104096,0.06890647415428758,0.23998488284202568,2.6929292234842266,0.07052508503401361,0.6307391095531695,10020,homogeneous,0.0,18,8,0.25,14,144,117,0.8125,True,0.013332493491223655,none,0,0,
0.8888888888888888,2.666088571669066,0.07185019336454306,0.2773933102652826,2.6507650009888195,0.07343041383219955,0.6312892792858478,10021,homogeneous,0.0,18,8,0.25,14,144,114,0.7916666666666666,True,0.030821478918364745,none,0,0,
1.0,2.7223040657757602,0.06894434454629184,0.2531272994849154,2.7074233532435583,0.0704187925170068,0.6101383895513136,10022,homogeneous,0.0,18,8,0.25,14,144,119,0.8263888888888888,True,0.0,none,0,0,
0.9444444444444444,2.7187980635746114,0.06825858510039405,0.23896499238964997,2.698581073529141,0.07052508503401361,0.6573499592421885,10023,homogeneous,0.0,18,8,0.25,14,144,120,0.8333333333333334,True,0.013275832910536115,none,0,0,
0.9444444444444444,2.7199839141074964,0.06845781592403215,0.2447447447447446,2.7070649740153394,0.06965702947845805,0.652990756540838,10024,homogeneous,0.0,18,8,0.25,14,144,120,0.8333333333333334,True,0.01359693026359693,none,0,0,
0.9444444444444444,2.7013027707241775,0.06948577994829072,0.24839924670433144,2.6834433692529065,0.07153486394557824,0.6229993969662574,10025,homogeneous,0.0,18,8,0.25,14,144,118,0.8194444444444444,True,0.013799958150240642,none,0,0,
0.9444444444444444,2.706718393792577,0.06939357907253271,0.2563218390804598,2.69011621708283,0.07110969387755102,0.6927526562046955,10026,homogeneous,0.0,18,8,0.25,14,144,119,0.8263888888888888,True,0.014240102171136661,none,0,0,
1.0,2.744177970125883,0.06738575871588487,0.23189230185817222,2.7181075480206522,0.07040107709750566,0.6624089219179546,10027,homogeneous,0.0,18,8,0.25,14,144,122,0.8472222222222222,True,0.0,none,0,0,
1.0,2.7065015759655506,0.06962224370697387,0.2599544937428897,2.69170750655721,0.0710388321995465,0.6650298496909732,10028,homogeneous,0.0,18,8,0.25,14,144,118,0.8194444444444444,True,0.0,none,0,0,
0.9444444444444444,2.7300231272981272,0.06807093263276412,0.24885844748858443,2.7086671204211434,0.0704187925170068,0.6623065652916412,10029,homogeneous,0.0,18,8,0.25,14,144,121,0.8402777777777778,True,0.013825469304921364,none,0,0,
0.9444444444444444,2.7160701896949186,0.06856650387819592,0.24726930320150653,2.684252426712955,0.07272179705215419,0.6235268285240031,10030,homogeneous,0.25,18,8,0.25,14,144,120,0.8333333333333334,True,0.013737183511194814,none,0,0,
1.0,2.7408659758212877,0.0679845537960109,0.2479954180985109,2.718632094995488,0.07029478458049886,0.6614677046718086,10031,homogeneous,0.25,18,8,0.25,14,144,122,0.8472222222222222,True,0.0,none,0,0,
0.9444444444444444,2.6831043670566155,0.07039810080350621,0.2567567567567568,2.662877427709551,0.07312925170068028,0.6181706324087156,10032,homogeneous,0.25,18,8,0.25,14,144,116,0.8055555555555556,True,0.014264264264264272,none,0,0,
1.0,2.7228103713944534,0.06834314404432135,0.23903508771929816,2.71134689820709,0.06947987528344671,0.6156886637259162,10033,homogeneous,0.25,18,8,0.25,14,144,118,0.8194444444444444,True,0.0,none,0,0,
1.0,2.731013166907193,0.06801493823613904,0.24048964218455748,2.7106739748098625,0.07017077664399093,0.649103950328686,10034,homogeneous,0.25,18,8,0.25,14,144,120,0.8333333333333334,True,0.0,none,0,0,
0.9444444444444444,2.705588194021632,0.0694063824789432,0.2543664065403195,2.68824973514205,0.07137542517006804,0.593963753219484,10035,homogeneous,0.25,18,8,0.25,14,144,118,0.8194444444444444,True,0.014131467030017756,none,0,0,
1.0,2.7004246581799594,0.06986535678259724,0.2545989698307578,2.6867554158879106,0.07128684807256236,0.5745400680738127,10036,homogeneous,0.25,18,8,0.25,14,144,118,0.8194444444444444,True,0.0,none,0,0,
1.0,2.7309915743573563,0.0686903749606868,0.25616230565036013,2.7055853836516404,0.0714108560090703,0.6083246299101532,10037,homogeneous,0.25,18,8,0.25,14,144,119,0.8263888888888888,True,0.0,none,0,0,
1.0,2.763059930766692,0.06607700312174818,0.2193548387096773,2.748440539325269,0.06767290249433106,0.6061190798671562,10038,homogeneous,0.25,18,8,0.25,14,144,124,0.8611111111111112,True,0.0,none,0,0,
0.9444444444444444,2.697550101496531,0.06941654492330168,0.24587087087087078,2.681608879398328,0.07130456349206349,0.6257098632318926,10039,homogeneous,0.25,18,8,0.25,14,144,118,0.8194444444444444,True,0.013659492826159494,none,0,0,
1.0,2.7155074587688177,0.06950576011368798,0.263367463026166,2.698962322105264,0.07110969387755103,0.6568071516241523,10040,homogeneous,0.25,18,8,0.25,14,144,118,0.8194444444444444,True,0.0,none,0,0,
0.9444444444444444,2.7167133405280848,0.06846190956536995,0.24172185430463577,2.700637312405981,0.07025935374149661,0.6053958321031526,10041,homogeneous,0.25,18,8,0.25,14,144,121,0.8402777777777778,True,0.013428991905813105,none,0,0,
0.9444444444444444,2.715409788134188,0.06865843148520541,0.24877589453860627,2.6967568903584156,0.07075538548752834,0.6429378744356117,10042,homogeneous,0.25,18,8,0.25,14,144,121,0.8402777777777778,True,0.013820883029922577,none,0,0,
0.9444444444444444,2.6867550378016136,0.07039810080350621,0.25975975975975985,2.67502753113536,0.0715702947845805,0.6537544051472912,10043,homogeneous,0.25,18,8,0.25,14,144,117,0.8125,True,0.014431097764431109,none,0,0,
0.9444444444444444,2.7082164269731344,0.06943141302308124,0.25494672754946723,2.682283830585463,0.07252692743764172,0.6182492807550288,10044,homogeneous,0.25,18,8,0.25,14,144,119,0.8263888888888888,True,0.01416370708608152,none,0,0,
1.0,2.747207395684007,0.06780810112036771,0.24952919020715636,2.7221717984890224,0.07043650793650794,0.6534076782759445,10045,homogeneous,0.25,18,8,0.25,14,144,122,0.8472222222222222,True,0.0,none,0,0,
0.9444444444444444,2.67274211999239,0.07112817252677393,0.2661227661227661,2.6613335341983477,0.07231434240362812,0.6667896663105691,10046,homogeneous,0.25,18,8,0.25,14,144,115,0.7986111111111112,True,0.014784598117931456,none,0,0,
0.9444444444444444,2.7159366772930933,0.06891587026267161,0.2485970819304153,2.701355644959064,0.07050736961451247,0.605829400241307,10047,homogeneous,0.25,18,8,0.25,14,144,119,0.8263888888888888,True,0.013810948996134189,none,0,0,
0.9444444444444444,2.707283069481165,0.06920727474663337,0.24716553287981857,2.6948150382222917,0.07033021541950114,0.6339322025865735,10048,homogeneous,0.25,18,8,0.25,14,144,119,0.8263888888888888,True,0.01373141849332326,none,0,0,
0.9444444444444444,2.6897039697671423,0.07008817808011741,0.2565415244596132,2.675269318446335,0.07162344104308391,0.6282092227045812,10049,homogeneous,0.25,18,8,0.25,14,144,114,0.7916666666666666,True,0.014252306914422962,none,0,0,
0.9444444444444444,2.698458625984964,0.07017835909631391,0.2689655172413792,2.6735296682113345,0.07304067460317461,0.6163503114975766,10050,homogeneous,0.25,18,8,0.25,14,144,117,0.8125,True,0.014942528735632184,none,0,0,
0.8888888888888888,2.6719524642478154,0.07051484167379848,0.24757643549589847,2.661463925730109,0.07174744897959184,0.5791743548602569,10051,homogeneous,0.25,18,8,0.25,14,144,115,0.7986111111111112,True,0.02750849283287762,none,0,0,
1.0,2.688549429796044,0.07034635868730885,0.25601374570446733,2.664630208656181,0.07327097505668934,0.6167641945687702,10052,homogeneous,0.25,18,8,0.25,14,144,116,0.8055555555555556,True,0.0,none,0,0,
1.0,2.732240047602721,0.06834092418082913,0.24933636708380735,2.7158490652908878,0.06986961451247166,0.634187248378777,10053,homogeneous,0.25,18,8,0.25,14,144,121,0.8402777777777778,True,0.0,none,0,0,
1.0,2.703090380900138,0.06959145984415117,0.2509321401938851,2.693164655491653,0.07048965419501134,0.6021829988987221,10054,homogeneous,0.25,18,8,0.25,14,144,118,0.8194444444444444,True,0.0,none,0,0,
1.0,2.7373737554905127,0.06781896432042206,0.2411186696900982,2.7160031165923226,0.07002905328798185,0.6416866658709722,10055,homogeneous,0.25,18,8,0.25,14,144,122,0.8472222222222222,True,0.0,none,0,0,
0.9444444444444444,2.7123233809551444,0.06891001458679141,0.2513790386130812,2.681271141371083,0.07263321995464853,0.682246454984112,10056,homogeneous,0.25,18,8,0.25,14,144,119,0.8263888888888888,True,0.013965502145171184,none,0,0,
0.9444444444444444,2.715754623923927,0.06884499906173766,0.25418569254185686,2.6901017509499723,0.07196003401360544,0.6429899916550478,10057,homogeneous,0.25,18,8,0.25,14,144,120,0.8333333333333334,True,0.014121427363436499,none,0,0,
1.0,2.7128499615352126,0.07020939205134288,0.2797408716136631,2.681084443943779,0.07385558390022676,0.6600923755621976,10058,homogeneous,0.25,18,8,0.25,14,144,120,0.8333333333333334,True,0.0,none,0,0,
1.0,2.756817391003079,0.06677994532126479,0.2348734873487348,2.741934269270298,0.06820436507936507,0.6210750332452398,10059,homogeneous,0.25,18,8,0.25,14,144,122,0.8472222222222222,True,0.0,none,0,0,
1.0,2.7687517069335477,0.06557306094182826,0.20065789473684204,2.7567617940030713,0.06660997732426303,0.6222206133208287,10060,homogeneous,0.5,18,8,0.25,14,144,125,0.8680555555555556,True,0.0,none,0,0,
0.9444444444444444,2.727297776834527,0.06774954879911149,0.23960695389266817,2.704325965187726,0.07052508503401361,0.6514830856360548,10061,homogeneous,0.5,18,8,0.25,14,144,121,0.8402777777777778,True,0.01331149743848157,none,0,0,
1.0,2.7614759376958595,0.06626430801248699,0.22150537634408596,2.7486820187583536,0.06754889455782313,0.603966877975494,10062,homogeneous,0.5,18,8,0.25,14,144,125,0.8680555555555556,True,0.0,none,0,0,
1.0,2.744184171952048,0.06725582211306522,0.23877851361295077,2.721854466716868,0.06983418367346937,0.6404178799244941,10063,homogeneous,0.5,18,8,0.25,14,144,122,0.8472222222222222,True,0.0,none,0,0,
1.0,2.717110408660288,0.06898573841246011,0.2530441400304413,2.690271614618893,0.07210175736961452,0.6344061475201715,10064,homogeneous,0.5,18,8,0.25,14,144,118,0.8194444444444444,True,0.0,none,0,0,
0.9444444444444444,2.6961111599346674,0.06992091811053568,0.25956893348197685,2.6859368100570755,0.07091482426303855,0.5913881485368481,10065,homogeneous,0.5,18,8,0.25,14,144,117,0.8125,True,0.014420496304554276,none,0,0,
1.0,2.7188095985242366,0.06870439528871014,0.24463276836158188,2.703827427601869,0.07024163832199547,0.6283883609040731,10066,homogeneous,0.5,18,8,0.25,14,144,120,0.8333333333333334,True,0.0,none,0,0,
1.0,2.724690351249405,0.0686211157591629,0.24897119341563778,2.7064652562690767,0.07056051587301587,0.6646147680294335,10067,homogeneous,0.5,18,8,0.25,14,144,121,0.8402777777777778,True,0.0,none,0,0,
1.0,2.7398397618913664,0.06773915541511061,0.24613935969868161,2.7232883310799774,0.06935586734693877,0.6357040121200784,10068,homogeneous,0.5,18,8,0.25,14,144,124,0.8611111111111112,True,0.0,none,0,0,
1.0,2.702956788119442,0.06985349037632864,0.2574387947269303,2.6760055318974922,0.07316468253968254,0.6099965821216845,10069,homogeneous,0.5,18,8,0.25,14,144,117,0.8125,True,0.0,none,0,0,
1.0,2.7397524329256946,0.06742222222222222,0.23037037037037034,2.7225237654184107,0.06923185941043085,0.6096672410834921,10070,homogeneous,0.5,18,8,0.25,14,144,122,0.8472222222222222,True,0.0,none,0,0,
1.0,2.749605773211878,0.06692841490138787,0.22597597597597585,2.726122193425182,0.06949759070294784,0.650757431174915,10071,homogeneous,0.5,18,8,0.25,14,144,123,0.8541666666666666,True,0.0,none,0,0,
0.9444444444444444,2.7318765619681633,0.06780487251867724,0.24223718668163108,2.719153024605525,0.06903698979591837,0.6708305867220737,10072,homogeneous,0.5,18,8,0.25,14,144,123,0.8541666666666666,True,0.013457621482312844,none,0,0,
0.9444444444444444,2.7133594179720526,0.06880250314593749,0.24710063598952492,2.69843168010432,0.07036564625850339,0.6172384677350139,10073,homogeneous,0.5,18,8,0.25,14,144,120,0.8333333333333334,True,0.013727813110529168,none,0,0,
1.0,2.7156036984263983,0.06936624476374939,0.25689783743475014,2.6950095677672006,0.07158801020408163,0.6217807826927013,10074,homogeneous,0.5,18,8,0.25,14,144,117,0.8125,True,0.0,none,0,0,
1.0,2.7342341693174923,0.06813390580677917,0.2471391657438169,2.707678447572441,0.0714108560090703,0.6176398021415207,10075,homogeneous,0.5,18,8,0.25,14,144,123,0.8541666666666666,True,0.0,none,0,0,
1.0,2.7656038224913293,0.06575989082896164,0.21943515421776283,2.7499372370738393,0.06726544784580499,0.6501109847555392,10076,homogeneous,0.5,18,8,0.25,14,144,126,0.875,True,0.0,none,0,0,
1.0,2.733068033467837,0.06863544958345302,0.25367231638418075,2.7138323847434487,0.07047193877551021,0.6651142646142377,10077,homogeneous,0.5,18,8,0.25,14,144,121,0.8402777777777778,True,0.0,none,0,0,
0.9444444444444444,2.7210862650584664,0.0687445046045629,0.25774754346182904,2.702122257292119,0.07064909297052155,0.599011534916128,10078,homogeneous,0.5,18,8,0.25,14,144,119,0.8263888888888888,True,0.01431930797010162,none,0,0,
1.0,2.7311467803661857,0.06831111111111111,0.24111111111111105,2.7152893705708157,0.06981646825396826,0.6056365297564915,10079,homogeneous,0.5,18,8,0.25,14,144,120,0.8333333333333334,True,0.0,none,0,0,
1.0,2.7132546319500412,0.06918607269942796,0.24757643549589847,2.695291684365053,0.07114512471655328,0.620154972618183,10080,homogeneous,0.5,18,8,0.25,14,144,119,0.8263888888888888,True,0.0,none,0,0,
1.0,2.7717198158630745,0.06560515292103959,0.21662938105891127,2.7453979353764772,0.06864725056689343,0.7037869916865863,10081,homogeneous,0.5,18,8,0.25,14,144,124,0.8611111111111112,True,0.0,none,0,0,
1.0,2.7558902176607107,0.06665873959571939,0.23371647509578541,2.7224431815656276,0.07054280045351474,0.6516150729686939,10082,homogeneous,0.5,18,8,0.25,14,144,121,0.8402777777777778,True,0.0,none,0,0,
0.8333333333333334,2.665461291135602,0.07098893979360452,0.26870748299319724,2.6532472961256865,0.07247378117913833,0.6426466271351338,10083,homogeneous,0.5,18,8,0.25,14,144,115,0.7986111111111112,True,0.044784580498866196,none,0,0,
1.0,2.72401989642133,0.06891536873709889,0.256468797564688,2.6926336678370264,0.07263321995464853,0.6063813620653795,10084,homogeneous,0.5,18,8,0.25,14,144,121,0.8402777777777778,True,0.0,none,0,0,
0.9444444444444444,2.6905129189009713,0.0702054794520548,0.26027397260273966,2.676477404372232,0.07169430272108844,0.6756258351615066,10085,homogeneous,0.5,18,8,0.25,14,144,117,0.8125,True,0.014459665144596654,none,0,0,
1.0,2.6927532336681743,0.07039071151329404,0.26068376068376065,2.6809191704867446,0.07149943310657596,0.6110679413928851,10086,homogeneous,0.5,18,8,0.25,14,144,117,0.8125,True,0.0,none,0,0,
1.0,2.7272137967313315,0.06819592850374147,0.2356068940227356,2.7124018591215284,0.06978103741496598,0.589509411249833,10087,homogeneous,0.5,18,8,0.25,14,144,120,0.8333333333333334,True,0.0,none,0,0,
1.0,2.7234137757064816,0.0684931506849315,0.23972602739726034,2.7039167493151135,0.07052508503401361,0.625588315248581,10088,homogeneous,0.5,18,8,0.25,14,144,120,0.8333333333333334,True,0.0,none,0,0,
1.0,2.7281791219266562,0.0692997685185185,0.2704475308641976,2.6979053736433456,0.07247378117913832,0.6357206940004393,10089,homogeneous,0.5,18,8,0.25,14,144,120,0.8333333333333334,True,0.0,none,0,0,
1.0,2.719076269220674,0.06857540203750512,0.23938722775932075,2.707340619281593,0.06971017573696146,0.6211550632869242,10090,homogeneous,0.75,18,8,0.25,14,144,120,0.8333333333333334,True,0.0,none,0,0,
0.9444444444444444,2.7041740101157883,0.06933906407613702,0.2516556291390728,2.690302227318705,0.07086167800453515,0.6389700184505395,10091,homogeneous,0.75,18,8,0.25,14,144,119,0.8263888888888888,True,0.013980868285504051,none,0,0,
0.9444444444444444,2.6800172357564467,0.07072291387554597,0.2609094242757608,2.6648278859006025,0.07254464285714285,0.5871373902705327,10092,homogeneous,0.75,18,8,0.25,14,144,115,0.7986111111111112,True,0.014494968015320051,none,0,0,
1.0,2.7427076485626998,0.06736725191165792,0.22839506172839497,2.73085831562393,0.06850552721088435,0.6263509522439691,10093,homogeneous,0.75,18,8,0.25,14,144,122,0.8472222222222222,True,0.0,none,0,0,
1.0,2.727858682477053,0.06871367167934397,0.2504740235115661,2.703381796825821,0.0713045634920635,0.6340829139477421,10094,homogeneous,0.75,18,8,0.25,14,144,120,0.8333333333333334,True,0.0,none,0,0,
1.0,2.7308463657128894,0.06826635467599694,0.24566260612772228,2.7184518438212204,0.06940901360544217,0.6214956212329344,10095,homogeneous,0.75,18,8,0.25,14,144,121,0.8402777777777778,True,0.0,none,0,0,
0.9444444444444444,2.682660606327308,0.07053507728894175,0.2613026819923372,2.664293671820563,0.0727217970521542,0.6401756998870741,10096,homogeneous,0.75,18,8,0.25,14,144,116,0.8055555555555556,True,0.014516815666240962,none,0,0,
1.0,2.688004887608528,0.0710698454806199,0.27441077441077444,2.673314793095731,0.07256235827664399,0.5649728992999107,10097,homogeneous,0.75,18,8,0.25,14,144,117,0.8125,True,0.0,none,0,0,
1.0,2.7320538457102073,0.06822954711468225,0.24737237237237242,2.7176676923691576,0.06963931405895692,0.6562276188222411,10098,homogeneous,0.75,18,8,0.25,14,144,121,0.8402777777777778,True,0.0,none,0,0,
0.9444444444444444,2.6939684648754367,0.07051041471195346,0.27245053272450526,2.672521379744885,0.07284580498866214,0.6290256792028802,10099,homogeneous,0.75,18,8,0.25,14,144,117,0.8125,True,0.015136140706916965,none,0,0,
1.0,2.7419823432120376,0.06724050164283402,0.22751322751322745,2.723633871258632,0.0691078514739229,0.6831717654705504,10100,homogeneous,0.75,18,8,0.25,14,144,122,0.8472222222222222,True,0.0,none,0,0,
1.0,2.7498194927122723,0.0671186440677966,0.23521657250470818,2.725793831476917,0.06971017573696145,0.5987754952258962,10101,homogeneous,0.75,18,8,0.25,14,144,122,0.8472222222222222,True,0.0,none,0,0,
1.0,2.7202836023932226,0.06849463296398892,0.23501461988304095,2.706156733601829,0.07002905328798185,0.6026673759602127,10102,homogeneous,0.75,18,8,0.25,14,144,120,0.8333333333333334,True,0.0,none,0,0,
0.9444444444444444,2.7309380543298345,0.06789108287987991,0.2434477667035806,2.721501210650228,0.06866496598639456,0.6785618468685372,10103,homogeneous,0.75,18,8,0.25,14,144,122,0.8472222222222222,True,0.013524875927976706,none,0,0,
0.8888888888888888,2.670519793033156,0.0707268026429187,0.25555555555555554,2.66349625026477,0.0714108560090703,0.617266637221465,10104,homogeneous,0.75,18,8,0.25,14,144,115,0.7986111111111112,True,0.028395061728395073,none,0,0,
1.0,2.696775976144596,0.07007677637048267,0.25796425796425804,2.672405348317194,0.07295209750566893,0.6228891838241214,10105,homogeneous,0.75,18,8,0.25,14,144,117,0.8125,True,0.0,none,0,0,
0.9444444444444444,2.6841357687478444,0.07029478458049887,0.25434618291761146,2.667942407582888,0.07220804988662133,0.6287311618335951,10106,homogeneous,0.75,18,8,0.25,14,144,116,0.8055555555555556,True,0.014130343495422866,none,0,0,
1.0,2.725425575597432,0.06913792910593841,0.26217019695280563,2.7044245611861535,0.0714640022675737,0.6470638832745642,10107,homogeneous,0.75,18,8,0.25,14,144,119,0.8263888888888888,True,0.0,none,0,0,
1.0,2.728651029113209,0.06816604192697488,0.23847316704459565,2.7057958321101405,0.07077310090702948,0.6907649346685512,10108,homogeneous,0.75,18,8,0.25,14,144,119,0.8263888888888888,True,0.0,none,0,0,
1.0,2.719976520378249,0.06932223543400713,0.26321839080459775,2.700323837159042,0.0711982709750567,0.6583076913046034,10109,homogeneous,0.75,18,8,0.25,14,144,121,0.8402777777777778,True,0.0,none,0,0,
0.8888888888888888,2.67916592588616,0.07058078438731469,0.2686453576864536,2.6504990312484678,0.0746173469387755,0.5959950840677042,10110,homogeneous,0.75,18,8,0.25,14,144,117,0.8125,True,0.029849484187383746,none,0,0,
1.0,2.7195501354353824,0.06861246768170066,0.24199623352165722,2.6987433635751765,0.07098568594104308,0.6086241633879541,10111,homogeneous,0.75,18,8,0.25,14,144,120,0.8333333333333334,True,0.0,none,0,0,
0.9444444444444444,2.7051503682906395,0.06920749089952195,0.2483443708609272,2.6913430671354606,0.07073767006802721,0.6525589643733151,10112,homogeneous,0.75,18,8,0.25,14,144,119,0.8263888888888888,True,0.013796909492273739,none,0,0,
0.9444444444444444,2.6912714474509887,0.07016782407407407,0.25964506172839497,2.6809281107577188,0.07100340136054421,0.6696668310589549,10113,homogeneous,0.75,18,8,0.25,14,144,115,0.7986111111111112,True,0.014424725651577505,none,0,0,
1.0,2.709396813966886,0.06950137381199045,0.25503355704697994,2.6932046721506304,0.0712514172335601,0.5858280602813825,10114,homogeneous,0.75,18,8,0.25,14,144,119,0.8263888888888888,True,0.0,none,0,0,
1.0,2.743854679121121,0.06740932415244946,0.23289183222958054,2.7288839956983444,0.06885983560090703,0.6131224867114361,10115,homogeneous,0.75,18,8,0.25,14,144,124,0.8611111111111112,True,0.0,none,0,0,
1.0,2.7178904818131913,0.06895275116849461,0.24981103552532113,2.703571008852868,0.07033021541950113,0.6370924602287267,10116,homogeneous,0.75,18,8,0.25,14,144,120,0.8333333333333334,True,0.0,none,0,0,
0.9444444444444444,2.7174328423506857,0.06855309548912243,0.24523007856341184,2.700324167992584,0.07050736961451247,0.621593575792523,10117,homogeneous,0.75,18,8,0.25,14,144,120,0.8333333333333334,True,0.013623893253522886,none,0,0,
1.0,2.7159207248103057,0.06863544958345304,0.23747645951035778,2.7038898482464955,0.06969246031746033,0.6043227067852186,10118,homogeneous,0.75,18,8,0.25,14,144,119,0.8263888888888888,True,0.0,none,0,0,
0.9444444444444444,2.6925866758301322,0.07036773870400355,0.2652635570724309,2.671936380916237,0.07275722789115648,0.6295083636764031,10119,homogeneous,0.75,18,8,0.25,14,144,116,0.8055555555555556,True,0.014736864281801721,none,0,0,
1.0,2.7458566084923555,0.0667271040647664,0.22150072150072142,2.7357723464396195,0.06767290249433107,0.6071215515953859,10120,homogeneous,0.9,18,8,0.25,14,144,124,0.8611111111111112,True,0.0,none,0,0,
1.0,2.7468339315002517,0.0672936449963477,0.23611111111111116,2.726967091735633,0.06935586734693876,0.6538867683491643,10121,homogeneous,0.9,18,8,0.25,14,144,123,0.8541666666666666,True,0.0,none,0,0,
1.0,2.710310930941129,0.06943981614478599,0.25668549905838045,2.69158006620096,0.07144628684807257,0.5902254810646237,10122,homogeneous,0.9,18,8,0.25,14,144,118,0.8194444444444444,True,0.0,none,0,0,
1.0,2.7315400788813093,0.06805428017549231,0.2418630751964086,2.707109146661113,0.07095025510204081,0.6321982454399365,10123,homogeneous,0.9,18,8,0.25,14,144,121,0.8402777777777778,True,0.0,none,0,0,
0.9444444444444444,2.691589912952657,0.06974536704892881,0.24529346622369874,2.6803428227282318,0.07098568594104308,0.5743390819067248,10124,homogeneous,0.9,18,8,0.25,14,144,117,0.8125,True,0.013627414790205492,none,0,0,
1.0,2.737224014524457,0.06791151834883613,0.24300831443688575,2.7146986118472847,0.0702593537414966,0.6329576127472337,10125,homogeneous,0.9,18,8,0.25,14,144,122,0.8472222222222222,True,0.0,none,0,0,
0.9444444444444444,2.7027595871786647,0.0696551724137931,0.25977011494252866,2.682587099661706,0.0717828798185941,0.6102039946736767,10126,homogeneous,0.9,18,8,0.25,14,144,118,0.8194444444444444,True,0.01443167305236271,none,0,0,
1.0,2.718517487627631,0.06912647776318258,0.2553272450532724,2.698744813425454,0.07114512471655329,0.624102906118733,10127,homogeneous,0.9,18,8,0.25,14,144,119,0.8263888888888888,True,0.0,none,0,0,
1.0,2.713528245061774,0.06918795134283351,0.2485970819304153,2.7003300263914403,0.0704187925170068,0.6650194914847315,10128,homogeneous,0.9,18,8,0.25,14,144,119,0.8263888888888888,True,0.0,none,0,0,
1.0,2.7532754735329323,0.06707268026429188,0.23747645951035778,2.7307915556693985,0.06944444444444445,0.6623921430672882,10129,homogeneous,0.9,18,8,0.25,14,144,124,0.8611111111111112,True,0.0,none,0,0,
1.0,2.728405175880743,0.06829802775748722,0.2417417417417418,2.704320983663309,0.07109197845804989,0.6465833808643833,10130,homogeneous,0.9,18,8,0.25,14,144,121,0.8402777777777778,True,0.0,none,0,0,
0.8888888888888888,2.6622802249335367,0.07193247512142742,0.284452296819788,2.6375871201987273,0.07504251700680271,0.6190375663459705,10131,homogeneous,0.9,18,8,0.25,14,144,113,0.7847222222222222,True,0.03160581075775424,none,0,0,
1.0,2.7485114403953275,0.06674579985390797,0.23198198198198194,2.7347193400975405,0.06804492630385488,0.6778689597411356,10132,homogeneous,0.9,18,8,0.25,14,144,123,0.8541666666666666,True,0.0,none,0,0,
1.0,2.738766842227769,0.06782727761748741,0.24125874125874125,2.7169822610625194,0.06990504535147392,0.698371830972234,10133,homogeneous,0.9,18,8,0.25,14,144,123,0.8541666666666666,True,0.0,none,0,0,
1.0,2.7608103591382482,0.06614350980919109,0.2224043715846995,2.744847786212597,0.06781462585034014,0.6117233978628173,10134,homogeneous,0.9,18,8,0.25,14,144,122,0.8472222222222222,True,0.0,none,0,0,
0.9444444444444444,2.7204371852349545,0.0683303363887549,0.24025018395879316,2.707572738986425,0.06965702947845805,0.6480853843515028,10135,homogeneous,0.9,18,8,0.25,14,144,120,0.8333333333333334,True,0.013347232442155181,none,0,0,
0.9444444444444444,2.7062637140907633,0.06909318687710428,0.2454477889260498,2.6869908518549357,0.07142857142857142,0.5854925623535461,10136,homogeneous,0.9,18,8,0.25,14,144,118,0.8194444444444444,True,0.01363598827366944,none,0,0,
1.0,2.716995180330816,0.06932223543400715,0.2574712643678161,2.695411601513158,0.07155257936507937,0.6628631989164672,10137,homogeneous,0.9,18,8,0.25,14,144,119,0.8263888888888888,True,0.0,none,0,0,
1.0,2.726136384682992,0.06845740777411502,0.24099355328024274,2.7089287052974536,0.07022392290249434,0.628517172514704,10138,homogeneous,0.9,18,8,0.25,14,144,121,0.8402777777777778,True,0.0,none,0,0,
1.0,2.734886601378192,0.06768861605842816,0.2201365187713311,2.7194400400688634,0.06914328231292517,0.6566415965322528,10139,homogeneous,0.9,18,8,0.25,14,144,121,0.8402777777777778,True,0.0,none,0,0,
1.0,2.7397222007307,0.0674874445918217,0.234006734006734,2.726936219595167,0.06862953514739228,0.6937682545135638,10140,homogeneous,0.9,18,8,0.25,14,144,122,0.8472222222222222,True,0.0,none,0,0,
1.0,2.7207705797430655,0.06918715373961218,0.2569444444444444,2.7046784765616207,0.07084396258503403,0.603567766340345,10141,homogeneous,0.9,18,8,0.25,14,144,118,0.8194444444444444,True,0.0,none,0,0,
1.0,2.760648699900296,0.06618494200288587,0.21832032701597925,2.7434717521232788,0.06788548752834468,0.657825925747766,10142,homogeneous,0.9,18,8,0.25,14,144,124,0.8611111111111112,True,0.0,none,0,0,
1.0,2.7142809070732614,0.0692789428325194,0.25668549905838045,2.6989458303335403,0.07077310090702948,0.6242086813339697,10143,homogeneous,0.9,18,8,0.25,14,144,119,0.8263888888888888,True,0.0,none,0,0,
1.0,2.725115757014243,0.06806522236382057,0.215071507150715,2.7138002024000745,0.06912556689342403,0.6004713188586486,10144,homogeneous,0.9,18,8,0.25,14,144,119,0.8263888888888888,True,0.0,none,0,0,
1.0,2.7476998667534884,0.06711111111111111,0.23666666666666658,2.726911992269078,0.06939129818594104,0.6238707867970569,10145,homogeneous,0.9,18,8,0.25,14,144,124,0.8611111111111112,True,0.0,none,0,0,
0.9444444444444444,2.6828274566122783,0.07112028523175079,0.2751141552511416,2.665393700288173,0.07296981292517006,0.6152859886931467,10146,homogeneous,0.9,18,8,0.25,14,144,115,0.7986111111111112,True,0.015284119736174539,none,0,0,
0.9444444444444444,2.733664012142724,0.06753386473666194,0.23620823620823628,2.7042034458237056,0.07102111678004536,0.6916870829882179,10147,homogeneous,0.9,18,8,0.25,14,144,122,0.8472222222222222,True,0.013122679789346465,none,0,0,
0.9444444444444444,2.6993925662716167,0.07024580644388836,0.26893502499038835,2.6777525690035864,0.07250921201814059,0.654190883446711,10148,homogeneous,0.9,18,8,0.25,14,144,118,0.8194444444444444,True,0.014940834721688247,none,0,0,
0.9444444444444444,2.731367714537282,0.06789536266349584,0.24636015325670502,2.716446639781297,0.06939129818594104,0.6602643797812823,10149,homogeneous,0.9,18,8,0.25,14,144,123,0.8541666666666666,True,0.013686675180928063,none,0,0,
1.0,2.733698485725207,0.06866707824202961,0.25767918088737196,2.7206352788890333,0.06981646825396827,0.6722457330199813,10150,homogeneous,0.98,18,8,0.25,14,144,123,0.8541666666666666,True,0.0,none,0,0,
0.9444444444444444,2.7104666864330373,0.06909152715220532,0.2553232675183894,2.6892897839806373,0.07142857142857142,0.664501809602283,10151,homogeneous,0.98,18,8,0.25,14,144,120,0.8333333333333334,True,0.014184625973243862,none,0,0,
1.0,2.7184771094451987,0.06863734046752336,0.24098601913171458,2.7072674638991745,0.06969246031746032,0.6400233892720083,10152,homogeneous,0.98,18,8,0.25,14,144,120,0.8333333333333334,True,0.0,none,0,0,
1.0,2.730808010956983,0.06763787721123829,0.22939068100358417,2.7156065051685054,0.06951530612244898,0.5818013114269818,10153,homogeneous,0.98,18,8,0.25,14,144,119,0.8263888888888888,True,0.0,none,0,0,
0.9444444444444444,2.6805472732541133,0.07066172386037706,0.2560793116348672,2.667491181894088,0.07204861111111112,0.5780331335249146,10154,homogeneous,0.98,18,8,0.25,14,144,114,0.7916666666666666,True,0.014226628424159294,none,0,0,
1.0,2.7659933395237766,0.06623575514616459,0.22520507084265473,2.741448374427763,0.06901927437641722,0.6951495814629923,10155,homogeneous,0.98,18,8,0.25,14,144,125,0.8680555555555556,True,0.0,none,0,0,
0.9444444444444444,2.719842980799641,0.06877334099396724,0.25668549905838045,2.7005082405529457,0.07079081632653061,0.6721320441899734,10156,homogeneous,0.98,18,8,0.25,14,144,118,0.8194444444444444,True,0.014260305503243365,none,0,0,
1.0,2.687307686585704,0.07109682867329704,0.2709284627092845,2.6641366428681805,0.07367842970521543,0.5944148463358249,10157,homogeneous,0.98,18,8,0.25,14,144,115,0.7986111111111112,True,0.0,none,0,0,
0.9444444444444444,2.7205723649128033,0.06833257911060585,0.24086378737541536,2.7012612734393966,0.0706845238095238,0.6439799670424268,10158,homogeneous,0.98,18,8,0.25,14,144,119,0.8263888888888888,True,0.013381321520856415,none,0,0,
0.9444444444444444,2.711339822601053,0.06903392184090458,0.25508607198748035,2.69001786347917,0.07137542517006802,0.6858766260153395,10159,homogeneous,0.98,18,8,0.25,14,144,119,0.8263888888888888,True,0.014171448443748914,none,0,0,
1.0,2.7313077463255633,0.06802222222222222,0.24037037037037035,2.7188916120051534,0.06916099773242632,0.6385902469583581,10160,homogeneous,0.98,18,8,0.25,14,144,119,0.8263888888888888,True,0.0,none,0,0,
1.0,2.780201282232661,0.06492827500571839,0.20260359369270264,2.771988275500561,0.0654407596371882,0.66005050525266,10161,homogeneous,0.98,18,8,0.25,14,144,126,0.875,True,0.0,none,0,0,
1.0,2.737759597153272,0.0673843520562137,0.22930648769574935,2.723222161601045,0.06877125850340136,0.6441185659484056,10162,homogeneous,0.98,18,8,0.25,14,144,122,0.8472222222222222,True,0.0,none,0,0,
1.0,2.7295520759727765,0.06825828234815196,0.2412533640907344,2.7041453499483667,0.07103883219954649,0.6422589313855117,10163,homogeneous,0.98,18,8,0.25,14,144,121,0.8402777777777778,True,0.0,none,0,0,
0.9444444444444444,2.68691927932528,0.07040223413359759,0.2639821029082774,2.670681870073762,0.07224348072562359,0.5782897827406525,10164,homogeneous,0.98,18,8,0.25,14,144,117,0.8125,True,0.014665672383793195,none,0,0,
1.0,2.7606828807483366,0.06619176769162066,0.2242390905757241,2.741842058702461,0.0682752267573696,0.6484548920862094,10165,homogeneous,0.98,18,8,0.25,14,144,126,0.875,True,0.0,none,0,0,
1.0,2.7602761223805983,0.06603849468543523,0.2148775894538606,2.7426792240891475,0.06776147959183673,0.6862307377776435,10166,homogeneous,0.98,18,8,0.25,14,144,123,0.8541666666666666,True,0.0,none,0,0,
1.0,2.756996271334284,0.06682991531476379,0.23550317994762437,2.7373395067469137,0.06871811224489796,0.6602118676343623,10167,homogeneous,0.98,18,8,0.25,14,144,123,0.8541666666666666,True,0.0,none,0,0,
1.0,2.7028712711234193,0.06982280719654457,0.2549569771791993,2.6877455221052844,0.07135770975056688,0.6055426095339214,10168,homogeneous,0.98,18,8,0.25,14,144,118,0.8194444444444444,True,0.0,none,0,0,
0.9444444444444444,2.7091776900003413,0.06902455669831539,0.252402921953095,2.6867157324378566,0.07176516439909299,0.6920065410627806,10169,homogeneous,0.98,18,8,0.25,14,144,119,0.8263888888888888,True,0.014022384552949728,none,0,0,
0.8888888888888888,2.655381178819109,0.0720417619520839,0.28008458285274895,2.6384206206353578,0.0740858843537415,0.6040701894752049,10170,homogeneous,0.98,18,8,0.25,14,144,114,0.7916666666666666,True,0.03112050920586101,none,0,0,
1.0,2.7490238776992304,0.06702550301166219,0.22258533042846773,2.7326317578913355,0.0687889739229025,0.6049558654277337,10171,homogeneous,0.98,18,8,0.25,14,144,122,0.8472222222222222,True,0.0,none,0,0,
1.0,2.7522372367515513,0.06729841820987655,0.2403549382716048,2.721502211051586,0.07059594671201815,0.6892500929768883,10172,homogeneous,0.98,18,8,0.25,14,144,120,0.8333333333333334,True,0.0,none,0,0,
0.9444444444444444,2.7022962146755978,0.06924157762310885,0.23854052071873855,2.690613908101546,0.07050736961451248,0.6115029035178725,10173,homogeneous,0.98,18,8,0.25,14,144,118,0.8194444444444444,True,0.013252251151041037,none,0,0,
1.0,2.7363486838087123,0.06755555555555556,0.22111111111111104,2.719906179429822,0.06923185941043083,0.6257645590322607,10174,homogeneous,0.98,18,8,0.25,14,144,122,0.8472222222222222,True,0.0,none,0,0,
1.0,2.7336187179750238,0.06783715664915205,0.233841684822077,2.7157310754512345,0.06986961451247166,0.6114888322181099,10175,homogeneous,0.98,18,8,0.25,14,144,121,0.8402777777777778,True,0.0,none,0,0,
0.9444444444444444,2.7089430794707585,0.06893658907618484,0.24842066146413977,2.6976895483282735,0.070046768707483,0.6372131651968032,10176,homogeneous,0.98,18,8,0.25,14,144,120,0.8333333333333334,True,0.013801147859118882,none,0,0,
1.0,2.754547423499269,0.06685767703869175,0.23557878435927204,2.7260315097447143,0.07006448412698413,0.6889297792007548,10177,homogeneous,0.98,18,8,0.25,14,144,123,0.8541666666666666,True,0.0,none,0,0,
1.0,2.7331657636666837,0.06815490548660147,0.24319352465047817,2.714710382859996,0.07017077664399093,0.6036023352281105,10178,homogeneous,0.98,18,8,0.25,14,144,122,0.8472222222222222,True,0.0,none,0,0,
1.0,2.72855680372684,0.06826614943498059,0.23665223665223656,2.714891386467391,0.06976332199546484,0.5858159597343663,10179,homogeneous,0.98,18,8,0.25,14,144,121,0.8402777777777778,True,0.0,none,0,0,
1.0,2.7315582376726653,0.06850974276673379,0.2535667963683528,2.6613764879955806,0.07762896825396826,0.7423788002445612,10180,prompt_diverse,0.0,18,8,0.25,14,144,118,0.8194444444444444,True,0.0,none,0,0,
0.9444444444444444,2.6892781904063994,0.07135058940589545,0.28769103676166874,2.661320170868277,0.07438704648526079,0.7598658534383901,10181,prompt_diverse,0.0,18,8,0.25,14,144,118,0.8194444444444444,True,0.01598283537564827,none,0,0,
1.0,2.704649014236104,0.07111043370759877,0.291952446273434,2.6344019040371767,0.07929421768707483,0.7945890629992443,10182,prompt_diverse,0.0,18,8,0.25,14,144,113,0.7847222222222222,True,0.0,none,0,0,
1.0,2.715766303860135,0.0707807839634211,0.29118028534370954,2.6360200150631843,0.08157950680272108,0.730994252722863,10183,prompt_diverse,0.0,18,8,0.25,14,144,121,0.8402777777777778,True,0.0,none,0,0,
1.0,2.7240817425496324,0.0696024209537723,0.27520377520377526,2.666117575841097,0.07693806689342404,0.7742645579009134,10184,prompt_diverse,0.0,18,8,0.25,14,144,121,0.8402777777777778,True,0.0,none,0,0,
1.0,2.728964188674963,0.0689734946129949,0.2570009033423668,2.650454509597271,0.07899305555555557,0.814136609155404,10185,prompt_diverse,0.0,18,8,0.25,14,144,119,0.8263888888888888,True,0.0,none,0,0,
1.0,2.7348077191150826,0.06991014683322376,0.28774928774928776,2.64099762129407,0.08117205215419501,0.7972798161829825,10186,prompt_diverse,0.0,18,8,0.25,14,144,115,0.7986111111111112,True,0.0,none,0,0,
1.0,2.6863405537808633,0.07186390532544379,0.29487179487179493,2.6426496788568796,0.07787698412698414,0.7355505969195955,10187,prompt_diverse,0.0,18,8,0.25,14,144,114,0.7916666666666666,True,0.0,none,0,0,
0.8888888888888888,2.6798362057960086,0.07088019031141868,0.2777777777777777,2.643203500296872,0.0755562641723356,0.7155084089204395,10188,prompt_diverse,0.0,18,8,0.25,14,144,116,0.8055555555555556,True,0.0308641975308642,none,0,0,
0.9444444444444444,2.703846955618744,0.07128472222222222,0.3018518518518518,2.6150595691594707,0.0835813492063492,0.797745820192905,10189,prompt_diverse,0.0,18,8,0.25,14,144,119,0.8263888888888888,True,0.016769547325102885,none,0,0,
0.9444444444444444,2.7217372357563385,0.06931613863227726,0.2716535433070866,2.6581159946114945,0.07782383786848072,0.7661008768292316,10190,prompt_diverse,0.0,18,8,0.25,14,144,119,0.8263888888888888,True,0.015091863517060372,none,0,0,
1.0,2.7113272505392865,0.07095046854082998,0.2947344935296743,2.596920188072308,0.08859481292517007,0.7804269490389694,10191,prompt_diverse,0.0,18,8,0.25,14,144,119,0.8263888888888888,True,0.0,none,0,0,
1.0,2.7156112531685483,0.07088595345236368,0.29518072289156616,2.649637566694324,0.07863874716553287,0.7543571094701166,10192,prompt_diverse,0.0,18,8,0.25,14,144,117,0.8125,True,0.0,none,0,0,
1.0,2.72907125135939,0.06940210641763843,0.27286925479696555,2.6758477668099454,0.07484764739229025,0.7662596744616281,10193,prompt_diverse,0.0,18,8,0.25,14,144,120,0.8333333333333334,True,0.0,none,0,0,
0.9444444444444444,2.6973320414654136,0.07111764373339363,0.2886382623224728,2.6546555915234133,0.07617630385487528,0.7182617996145798,10194,prompt_diverse,0.0,18,8,0.25,14,144,118,0.8194444444444444,True,0.016035459017915164,none,0,0,
1.0,2.7741865210668366,0.06644718792866941,0.2456790123456789,2.7091464534016554,0.07465277777777778,0.7568864308108036,10195,prompt_diverse,0.0,18,8,0.25,14,144,126,0.875,True,0.0,none,0,0,
1.0,2.721214847393638,0.06943483275663206,0.2686274509803921,2.6883859009408617,0.07265093537414966,0.8216727916788287,10196,prompt_diverse,0.0,18,8,0.25,14,144,120,0.8333333333333334,True,0.0,none,0,0,
0.9444444444444444,2.721841681929182,0.06871150827194784,0.25905575905575895,2.681451614858859,0.07364299886621314,0.7183072822867,10197,prompt_diverse,0.0,18,8,0.25,14,144,121,0.8402777777777778,True,0.014391986614208837,none,0,0,
1.0,2.71845057620801,0.07011461187905949,0.2825335062689147,2.6323228933400067,0.08154407596371882,0.7290497400112649,10198,prompt_diverse,0.0,18,8,0.25,14,144,118,0.8194444444444444,True,0.0,none,0,0,
1.0,2.731151133721636,0.06936634948096887,0.27369281045751626,2.6799670584746833,0.07516652494331065,0.7046461455531,10199,prompt_diverse,0.0,18,8,0.25,14,144,117,0.8125,True,0.0,none,0,0,
1.0,2.7250440501693274,0.07044817310374187,0.2888463175819498,2.6353122552171793,0.08214640022675737,0.6872312501183541,10200,prompt_diverse,0.0,18,8,0.25,14,144,121,0.8402777777777778,True,0.0,none,0,0,
0.8888888888888888,2.6455062148233237,0.07467692959536756,0.32726423902894486,2.6117855414085884,0.07912146614069691,0.7826941128815316,10201,prompt_diverse,0.0,18,8,0.25,13,144,113,0.7847222222222222,True,0.036362693225438336,none,0,0,
1.0,2.754169447398999,0.06799288698694501,0.2617237008871989,2.710468560428073,0.07247378117913832,0.7435946965818517,10202,prompt_diverse,0.0,18,8,0.25,14,144,124,0.8611111111111112,True,0.0,none,0,0,
1.0,2.7476233990247705,0.06802180167416039,0.2613012251795521,2.6872406156049458,0.07511337868480726,0.7721733295041392,10203,prompt_diverse,0.0,18,8,0.25,14,144,124,0.8611111111111112,True,0.0,none,0,0,
1.0,2.7167236561149397,0.07089317208364826,0.29453262786596124,2.644888217675462,0.0795953798185941,0.7801951531500516,10204,prompt_diverse,0.0,18,8,0.25,14,144,119,0.8263888888888888,True,0.0,none,0,0,
1.0,2.7070470659497254,0.070648193359375,0.2894965277777777,2.6480399003773525,0.07794784580498866,0.7751425273815191,10205,prompt_diverse,0.0,18,8,0.25,14,144,116,0.8055555555555556,True,0.0,none,0,0,
1.0,2.704995995779728,0.07217224144559783,0.30915032679738563,2.6282063109441243,0.08239441609977324,0.7807868004207491,10206,prompt_diverse,0.0,18,8,0.25,14,144,119,0.8263888888888888,True,0.0,none,0,0,
0.9444444444444444,2.7132299821331154,0.06956837861061538,0.2714543812104788,2.651896678853836,0.07651289682539682,0.7789180303826656,10207,prompt_diverse,0.0,18,8,0.25,14,144,119,0.8263888888888888,True,0.015080798956137719,none,0,0,
0.8888888888888888,2.657942904670403,0.0737591332829428,0.3209876543209875,2.6081686848386947,0.08000283446712018,0.7497569495636688,10208,prompt_diverse,0.0,18,8,0.25,14,144,113,0.7847222222222222,True,0.03566529492455418,none,0,0,
1.0,2.7359419435205505,0.0684040929391147,0.2564745196324143,2.6909646753282583,0.0732532596371882,0.7515579201862902,10209,prompt_diverse,0.0,18,8,0.25,14,144,118,0.8194444444444444,True,0.0,none,0,0,
0.8888888888888888,2.645430194067508,0.07476036433565392,0.3271128271128272,2.589785112608184,0.0818452380952381,0.6665926304399056,10210,prompt_diverse,0.25,18,8,0.25,14,144,110,0.7638888888888888,True,0.03634586967920304,none,0,0,
1.0,2.717422251023996,0.06948398116039542,0.26378896882493996,2.6920821718419314,0.07236748866213152,0.7302891253243379,10211,prompt_diverse,0.25,18,8,0.25,14,144,120,0.8333333333333334,True,0.0,none,0,0,
1.0,2.7444556421295143,0.06850375202111636,0.26827757125154883,2.6641777495605625,0.07971938775510204,0.7273837285060395,10212,prompt_diverse,0.25,18,8,0.25,14,144,120,0.8333333333333334,True,0.0,none,0,0,
1.0,2.699976483080764,0.07087915389700139,0.28337639965546946,2.6585082432168687,0.07564484126984128,0.7538628610046162,10213,prompt_diverse,0.25,18,8,0.25,14,144,117,0.8125,True,0.0,none,0,0,
0.8888888888888888,2.6808626332713166,0.07079816549119358,0.27459179609717244,2.64594743643043,0.07521967120181405,0.6594476778425099,10214,prompt_diverse,0.25,18,8,0.25,14,144,115,0.7986111111111112,True,0.030510199566352505,none,0,0,
1.0,2.6935747544408537,0.07207145872196728,0.29950799507995085,2.6465839561822526,0.07736323696145125,0.7024989545927919,10215,prompt_diverse,0.25,18,8,0.25,14,144,117,0.8125,True,0.0,none,0,0,
1.0,2.7208898468116356,0.06926020408163265,0.2654761904761904,2.69059604117705,0.0727217970521542,0.7610302828409967,10216,prompt_diverse,0.25,18,8,0.25,14,144,121,0.8402777777777778,True,0.0,none,0,0,
1.0,2.734208279444541,0.06875695553297528,0.26394466755912527,2.671021342609633,0.07573341836734694,0.7800658852166816,10217,prompt_diverse,0.25,18,8,0.25,14,144,118,0.8194444444444444,True,0.0,none,0,0,
1.0,2.7522055257944187,0.06762051180321364,0.2515649452269171,2.7235291425521586,0.07063137755102042,0.6890290656702981,10218,prompt_diverse,0.25,18,8,0.25,14,144,124,0.8611111111111112,True,0.0,none,0,0,
0.9444444444444444,2.676770485771046,0.07283730865076539,0.3092243186582808,2.6284827795565633,0.07895762471655329,0.7186338635813785,10219,prompt_diverse,0.25,18,8,0.25,14,144,115,0.7986111111111112,True,0.01717912881434894,none,0,0,
0.9444444444444444,2.7066731036142255,0.06985294117647059,0.27369281045751626,2.6901481112820385,0.07118055555555555,0.7023575944736439,10220,prompt_diverse,0.25,18,8,0.25,14,144,120,0.8333333333333334,True,0.015205156136528687,none,0,0,
0.9444444444444444,2.7189388310315894,0.06840085611884347,0.23863187030446809,2.6937849293256138,0.07109197845804988,0.6610816210863808,10221,prompt_diverse,0.25,18,8,0.25,14,144,119,0.8263888888888888,True,0.013257326128026011,none,0,0,
0.8888888888888888,2.681297366298098,0.07007179603143196,0.2493734335839599,2.636152550485786,0.07645975056689341,0.7229241014266442,10222,prompt_diverse,0.25,18,8,0.25,14,144,116,0.8055555555555556,True,0.027708159287106668,none,0,0,
1.0,2.7202209813040543,0.06968073934047468,0.2717391304347825,2.6867604392713833,0.07312925170068027,0.683345891829358,10223,prompt_diverse,0.25,18,8,0.25,14,144,117,0.8125,True,0.0,none,0,0,
0.9444444444444444,2.6825973431001997,0.07275714551429102,0.31277340332458436,2.5928064884852993,0.08485685941043083,0.7278392186440236,10224,prompt_diverse,0.25,18,8,0.25,14,144,115,0.7986111111111112,True,0.01737630018469914,none,0,0,
0.9444444444444444,2.690492496551171,0.07038962402856543,0.2657004830917875,2.6604402229876887,0.0739795918367347,0.7268075651351681,10225,prompt_diverse,0.25,18,8,0.25,14,144,116,0.8055555555555556,True,0.014761137949543757,none,0,0,
0.9444444444444444,2.703023800891563,0.0707070707070707,0.2895622895622896,2.652445002553354,0.07667233560090703,0.6778580527021024,10226,prompt_diverse,0.25,18,8,0.25,14,144,117,0.8125,True,0.01608679386457165,none,0,0,
0.9444444444444444,2.6807010490113847,0.07102880658436216,0.2748971193415637,2.651967022579673,0.07447562358276645,0.7089428058924908,10227,prompt_diverse,0.25,18,8,0.25,14,144,115,0.7986111111111112,True,0.015272062185642433,none,0,0,
1.0,2.691354200783281,0.07187809568206982,0.2951653944020356,2.6380076461677135,0.07824900793650795,0.6842410075702782,10228,prompt_diverse,0.25,18,8,0.25,14,144,117,0.8125,True,0.0,none,0,0,
0.9444444444444444,2.6877305243287246,0.07100402074471186,0.2790500424088209,2.6447502285307096,0.07635345804988662,0.7445449900833494,10229,prompt_diverse,0.25,18,8,0.25,14,144,115,0.7986111111111112,True,0.01550278013382339,none,0,0,
1.0,2.7565024852269446,0.06729224058769513,0.24915824915824913,2.700344498405094,0.07373157596371882,0.7114661409106465,10230,prompt_diverse,0.25,18,8,0.25,14,144,123,0.8541666666666666,True,0.0,none,0,0,
1.0,2.701383172345483,0.07135365071965503,0.2934690415606447,2.6562529892527675,0.0762825963718821,0.726346729751809,10231,prompt_diverse,0.25,18,8,0.25,14,144,115,0.7986111111111112,True,0.0,none,0,0,
1.0,2.7161063845657534,0.06926314667803293,0.2550689375506894,2.667079813308026,0.07539682539682539,0.7233647218665804,10232,prompt_diverse,0.25,18,8,0.25,14,144,116,0.8055555555555556,True,0.0,none,0,0,
1.0,2.7390749694210457,0.06907666897543821,0.27453365774533656,2.6825154492949617,0.07594600340136054,0.6935594079758994,10233,prompt_diverse,0.25,18,8,0.25,14,144,118,0.8194444444444444,True,0.0,none,0,0,
0.9444444444444444,2.7089655851244596,0.06925587086999592,0.2536047497879559,2.6688329817816667,0.07447562358276644,0.7813167672147805,10234,prompt_diverse,0.25,18,8,0.25,14,144,119,0.8263888888888888,True,0.014089152765997556,none,0,0,
1.0,2.745853798653937,0.06716026044948539,0.23913043478260865,2.7209241453045765,0.06971017573696145,0.7885556660439725,10235,prompt_diverse,0.25,18,8,0.25,14,144,123,0.8541666666666666,True,0.0,none,0,0,
1.0,2.7628410048899745,0.06679292215501158,0.24394319131161235,2.707533815720497,0.07323554421768706,0.7489126572407843,10236,prompt_diverse,0.25,18,8,0.25,14,144,123,0.8541666666666666,True,0.0,none,0,0,
0.9444444444444444,2.697470694129386,0.0703905954723768,0.27657440834336144,2.658554987350322,0.07516652494331066,0.6956877555472861,10237,prompt_diverse,0.25,18,8,0.25,14,144,118,0.8194444444444444,True,0.015365244907964532,none,0,0,
1.0,2.7585078519522606,0.06686311478480192,0.2381232822928936,2.7268804790905974,0.07027706916099774,0.6779756630816346,10238,prompt_diverse,0.25,18,8,0.25,14,144,123,0.8541666666666666,True,0.0,none,0,0,
0.8888888888888888,2.6850653014634034,0.07078413900646023,0.28109452736318397,2.6544472673447315,0.07436933106575963,0.7102825540120211,10239,prompt_diverse,0.25,18,8,0.25,14,144,118,0.8194444444444444,True,0.03123272526257601,none,0,0,
0.9444444444444444,2.716409989879495,0.0683818721392284,0.24310480693459424,2.6969292706286945,0.07047193877551021,0.698280866653518,10240,prompt_diverse,0.5,18,8,0.25,14,144,120,0.8333333333333334,True,0.013505822607477463,none,0,0,
1.0,2.756691850093019,0.06721938775510204,0.25317460317460316,2.718658687866636,0.07169430272108844,0.7248443951777773,10241,prompt_diverse,0.5,18,8,0.25,14,144,125,0.8680555555555556,True,0.0,none,0,0,
1.0,2.7356379466674743,0.06768057117707468,0.23348873348873345,2.7138814181425737,0.070046768707483,0.7126636304273372,10242,prompt_diverse,0.5,18,8,0.25,14,144,121,0.8402777777777778,True,0.0,none,0,0,
1.0,2.7282380168097684,0.06838920849037888,0.24726134585289516,2.697387808336614,0.07190688775510204,0.7075594697214823,10243,prompt_diverse,0.5,18,8,0.25,14,144,119,0.8263888888888888,True,0.0,none,0,0,
0.9444444444444444,2.7147191018358163,0.06982040267066923,0.27418065547561943,2.6479520255792734,0.08037485827664398,0.668312932114242,10244,prompt_diverse,0.5,18,8,0.25,14,144,119,0.8263888888888888,True,0.01523225863753442,none,0,0,
0.8888888888888888,2.696450209021182,0.06969387755102041,0.26349206349206344,2.6793248605192588,0.07171201814058957,0.6892272575958346,10245,prompt_diverse,0.5,18,8,0.25,14,144,119,0.8263888888888888,True,0.029276895943562618,none,0,0,
0.9444444444444444,2.722484193770209,0.06893580891258475,0.2605025520219866,2.6865369855946035,0.07343041383219953,0.6664566142555497,10246,prompt_diverse,0.5,18,8,0.25,14,144,121,0.8402777777777778,True,0.014472364001221483,none,0,0,
0.9444444444444444,2.7183482520966953,0.06905509387503847,0.26140350877192975,2.6974800757751933,0.07105654761904763,0.6630372302132131,10247,prompt_diverse,0.5,18,8,0.25,14,144,120,0.8333333333333334,True,0.014522417153996103,none,0,0,
0.9444444444444444,2.685672033199172,0.0711461349966585,0.28026533996683245,2.6485684993307825,0.0754499716553288,0.7249945403128795,10248,prompt_diverse,0.5,18,8,0.25,14,144,115,0.7986111111111112,True,0.015570296664824032,none,0,0,
1.0,2.7268453930649543,0.06885289256198347,0.25717171717171716,2.7014570702474074,0.07137542517006802,0.751882919361023,10249,prompt_diverse,0.5,18,8,0.25,14,144,121,0.8402777777777778,True,0.0,none,0,0,
1.0,2.7480675828549,0.06755831581006407,0.24980574980574977,2.720568915889627,0.0704187925170068,0.6728632526684343,10250,prompt_diverse,0.5,18,8,0.25,14,144,121,0.8402777777777778,True,0.0,none,0,0,
1.0,2.7475727865254043,0.06784289014912834,0.25402576489533013,2.6988609406459987,0.07397959183673468,0.7019006581129207,10251,prompt_diverse,0.5,18,8,0.25,14,144,123,0.8541666666666666,True,0.0,none,0,0,
0.9444444444444444,2.7453714660912976,0.06675459299366006,0.23733938019652312,2.716136707131654,0.07029478458049887,0.6439340511579633,10252,prompt_diverse,0.5,18,8,0.25,14,144,124,0.8611111111111112,True,0.013185521122029068,none,0,0,
0.9444444444444444,2.7352899888430975,0.06773520949574252,0.24744027303754268,2.720470276469312,0.06926729024943311,0.6885376918324343,10253,prompt_diverse,0.5,18,8,0.25,14,144,120,0.8333333333333334,True,0.013746681835419043,none,0,0,
0.9444444444444444,2.704665761558536,0.0695229301323484,0.25945419103313827,2.6742905710572242,0.0732532596371882,0.625095821544326,10254,prompt_diverse,0.5,18,8,0.25,14,144,117,0.8125,True,0.014414121724063244,none,0,0,
1.0,2.747089684799107,0.0680910011188662,0.26358475263584746,2.705629420172053,0.07254464285714286,0.7012699849627014,10255,prompt_diverse,0.5,18,8,0.25,14,144,123,0.8541666666666666,True,0.0,none,0,0,
1.0,2.7300455933601837,0.06853276998138927,0.2501970055161544,2.70086130192624,0.07174744897959186,0.680748415905025,10256,prompt_diverse,0.5,18,8,0.25,14,144,119,0.8263888888888888,True,0.0,none,0,0,
1.0,2.7378620505283613,0.06844233055885851,0.26091954022988495,2.708730801070701,0.0717297335600907,0.6668604063361632,10257,prompt_diverse,0.5,18,8,0.25,14,144,123,0.8541666666666666,True,0.0,none,0,0,
0.9444444444444444,2.688899350575973,0.07096806189248164,0.27895148669796566,2.659131179361422,0.07463506235827665,0.62758374883058,10258,prompt_diverse,0.5,18,8,0.25,14,144,117,0.8125,True,0.015497304816553654,none,0,0,
1.0,2.7368652153015103,0.06827926859466434,0.25651825110308857,2.696722000342616,0.07305839002267574,0.711268472020234,10259,prompt_diverse,0.5,18,8,0.25,14,144,121,0.8402777777777778,True,0.0,none,0,0,
1.0,2.7150899539332807,0.06917711937716263,0.2540849673202614,2.683753099359121,0.07266865079365079,0.7083692953688977,10260,prompt_diverse,0.5,18,8,0.25,14,144,119,0.8263888888888888,True,0.0,none,0,0,
1.0,2.723647768175108,0.06967030519046558,0.2744610281923714,2.683243496180298,0.07399730725623584,0.7655749133868989,10261,prompt_diverse,0.5,18,8,0.25,14,144,119,0.8263888888888888,True,0.0,none,0,0,
1.0,2.7432170113783183,0.06825451882683932,0.261847869374751,2.7046763794875224,0.07249149659863946,0.6784951679935002,10262,prompt_diverse,0.5,18,8,0.25,14,144,121,0.8402777777777778,True,0.0,none,0,0,
1.0,2.7250940071458603,0.06899228818384141,0.2597921662669864,2.7021560338682065,0.07118055555555554,0.7095762447004889,10263,prompt_diverse,0.5,18,8,0.25,14,144,121,0.8402777777777778,True,0.0,none,0,0,
0.9444444444444444,2.7244035817494647,0.06850059520728742,0.253796962430056,2.6875125063115295,0.07286352040816327,0.7311832046094934,10264,prompt_diverse,0.5,18,8,0.25,14,144,120,0.8333333333333334,True,0.014099831246114228,none,0,0,
1.0,2.735546274005756,0.06784780023781214,0.23831417624521078,2.712890272873557,0.0704187925170068,0.6501164416623786,10265,prompt_diverse,0.5,18,8,0.25,14,144,120,0.8333333333333334,True,0.0,none,0,0,
1.0,2.731502086030057,0.06848745659934471,0.2552447552447552,2.7041327210091834,0.0716234410430839,0.7106951907090654,10266,prompt_diverse,0.5,18,8,0.25,14,144,121,0.8402777777777778,True,0.0,none,0,0,
1.0,2.7236013258381844,0.06885677739643621,0.24495848161328593,2.693168435590501,0.07236748866213152,0.6867727017523579,10267,prompt_diverse,0.5,18,8,0.25,14,144,121,0.8402777777777778,True,0.0,none,0,0,
1.0,2.7256142545735833,0.06834057270462003,0.23882738827388272,2.7057885592551,0.07001133786848072,0.7137783530699001,10268,prompt_diverse,0.5,18,8,0.25,14,144,120,0.8333333333333334,True,0.0,none,0,0,
1.0,2.7147308875452754,0.07031086488150201,0.2820662768031188,2.6818281515853606,0.07397959183673469,0.6207765833075756,10269,prompt_diverse,0.5,18,8,0.25,14,144,120,0.8333333333333334,True,0.0,none,0,0,
1.0,2.737556507184869,0.06787498980768558,0.2379598028062191,2.712884620192373,0.07063137755102042,0.6388021936751146,10270,prompt_diverse,0.75,18,8,0.25,14,144,120,0.8333333333333334,True,0.0,none,0,0,
1.0,2.7386889336914244,0.06751948110445476,0.23862788963460102,2.718563804034901,0.06979875283446713,0.6699621643168826,10271,prompt_diverse,0.75,18,8,0.25,14,144,121,0.8402777777777778,True,0.0,none,0,0,
1.0,2.7596354725491428,0.06680724189141699,0.2411148522259634,2.7368270834988206,0.06917871315192745,0.6496669318586782,10272,prompt_diverse,0.75,18,8,0.25,14,144,125,0.8680555555555556,True,0.0,none,0,0,
0.9444444444444444,2.707457711792196,0.06906064209274673,0.24636015325670502,2.6874881157686024,0.07128684807256236,0.6535448345029738,10273,prompt_diverse,0.75,18,8,0.25,14,144,116,0.8055555555555556,True,0.013686675180928063,none,0,0,
1.0,2.7447180088100964,0.06764530847054155,0.24256651017214392,2.7178733130152346,0.07038336167800453,0.7116024438026186,10274,prompt_diverse,0.75,18,8,0.25,14,144,122,0.8472222222222222,True,0.0,none,0,0,
1.0,2.7367958923123723,0.06789108287987991,0.24307862679955705,2.72018200078838,0.06965702947845806,0.6360290855519523,10275,prompt_diverse,0.75,18,8,0.25,14,144,122,0.8472222222222222,True,0.0,none,0,0,
0.9444444444444444,2.690925338396375,0.07001420437300442,0.2557104142469997,2.676335347005483,0.0715171485260771,0.6531504109875482,10276,prompt_diverse,0.75,18,8,0.25,14,144,117,0.8125,True,0.014206134124833323,none,0,0,
0.9444444444444444,2.713765990334276,0.0686857760951866,0.2419712070874862,2.699576224039117,0.07020620748299321,0.6596647245651744,10277,prompt_diverse,0.75,18,8,0.25,14,144,119,0.8263888888888888,True,0.013442844838193684,none,0,0,
1.0,2.730721750033036,0.06847379700913543,0.252402921953095,2.7130962338321063,0.07017077664399092,0.6809084095035883,10278,prompt_diverse,0.75,18,8,0.25,14,144,120,0.8333333333333334,True,0.0,none,0,0,
0.9444444444444444,2.7062423023664963,0.06932120174766902,0.2516778523489933,2.6904663222688994,0.07107426303854875,0.655672939354398,10279,prompt_diverse,0.75,18,8,0.25,14,144,119,0.8263888888888888,True,0.013982102908277413,none,0,0,
1.0,2.7212319284391855,0.0688111855079652,0.24914089347079038,2.7060082715041913,0.07017077664399092,0.6879640320762775,10280,prompt_diverse,0.75,18,8,0.25,14,144,120,0.8333333333333334,True,0.0,none,0,0,
1.0,2.7455879414162405,0.06715668371073777,0.2248498498498499,2.7231901857702594,0.06969246031746032,0.6332334825343667,10281,prompt_diverse,0.75,18,8,0.25,14,144,120,0.8333333333333334,True,0.0,none,0,0,
1.0,2.7113810062596233,0.07005330987008955,0.2753796962430055,2.6789205255417836,0.07373157596371883,0.6669329425377729,10282,prompt_diverse,0.75,18,8,0.25,14,144,119,0.8263888888888888,True,0.0,none,0,0,
0.9444444444444444,2.7285315350273964,0.06823097429706755,0.2537431048069345,2.6891399064306443,0.07318239795918367,0.693572787966009,10283,prompt_diverse,0.75,18,8,0.25,14,144,121,0.8402777777777778,True,0.014096839155940812,none,0,0,
0.9444444444444444,2.7140070405121164,0.06905612244897959,0.26150793650793647,2.6861524417402416,0.07234977324263038,0.6588444716556593,10284,prompt_diverse,0.75,18,8,0.25,14,144,118,0.8194444444444444,True,0.014528218694885365,none,0,0,
0.9444444444444444,2.7128400905234504,0.06898133130501898,0.25065031586770714,2.6935172134001304,0.07132227891156463,0.6425190197426015,10285,prompt_diverse,0.75,18,8,0.25,14,144,120,0.8333333333333334,True,0.013925017548205958,none,0,0,
1.0,2.725759847887906,0.0686211157591629,0.2500935278713057,2.7078886750963425,0.07045422335600907,0.6369467885220867,10286,prompt_diverse,0.75,18,8,0.25,14,144,120,0.8333333333333334,True,0.0,none,0,0,
0.9444444444444444,2.724974959135822,0.0679868646131179,0.23537495092265415,2.7025782818510797,0.07040107709750568,0.7106225002826189,10287,prompt_diverse,0.75,18,8,0.25,14,144,120,0.8333333333333334,True,0.01307638616236968,none,0,0,
0.9444444444444444,2.6992785385783558,0.06960760998810939,0.2521072796934867,2.6804699025178165,0.0716765873015873,0.6209978684139156,10288,prompt_diverse,0.75,18,8,0.25,14,144,118,0.8194444444444444,True,0.014005959982971487,none,0,0,
0.9444444444444444,2.7209772474128493,0.06839932445111653,0.24467275494672758,2.7015482485550537,0.07050736961451247,0.648807489641822,10289,prompt_diverse,0.75,18,8,0.25,14,144,120,0.8333333333333334,True,0.01359293083037376,none,0,0,
1.0,2.731886933927378,0.06816249805438153,0.2450980392156863,2.7070013810130864,0.07095025510204081,0.7068815588811129,10290,prompt_diverse,0.75,18,8,0.25,14,144,119,0.8263888888888888,True,0.0,none,0,0,
1.0,2.727785094839932,0.06858948577994829,0.2480225988700564,2.705330486052544,0.07109197845804988,0.5964303450367329,10291,prompt_diverse,0.75,18,8,0.25,14,144,121,0.8402777777777778,True,0.0,none,0,0,
1.0,2.721776169428368,0.06865843148520541,0.24425612052730705,2.7045830252817185,0.07041879251700679,0.7130622115179062,10292,prompt_diverse,0.75,18,8,0.25,14,144,120,0.8333333333333334,True,0.0,none,0,0,
0.9444444444444444,2.707108483649441,0.06923041325373688,0.256235827664399,2.6875117274307,0.07155257936507936,0.6070977337903654,10293,prompt_diverse,0.75,18,8,0.25,14,144,119,0.8263888888888888,True,0.014235323759133285,none,0,0,
0.9444444444444444,2.685242004189741,0.07067059604654685,0.2675388699279484,2.669085049900727,0.07238520408163267,0.6264718937568045,10294,prompt_diverse,0.75,18,8,0.25,14,144,116,0.8055555555555556,True,0.014863270551552695,none,0,0,
0.9444444444444444,2.713518598156912,0.0690253802141914,0.259129759129759,2.6808709768616286,0.0729343820861678,0.663542302275114,10295,prompt_diverse,0.75,18,8,0.25,14,144,119,0.8263888888888888,True,0.014396097729431062,none,0,0,
1.0,2.735922738927533,0.06858697691874648,0.2614155251141552,2.7069315688707625,0.07176516439909296,0.6877271499062388,10296,prompt_diverse,0.75,18,8,0.25,14,144,120,0.8333333333333334,True,0.0,none,0,0,
1.0,2.727982264314585,0.0681664737654321,0.24575617283950613,2.7035424840197853,0.07103883219954649,0.695413699275727,10297,prompt_diverse,0.75,18,8,0.25,14,144,122,0.8472222222222222,True,0.0,none,0,0,
1.0,2.7475194903538793,0.06718165848385209,0.2337807606263982,2.729842470592055,0.06900155895691609,0.6493434118155789,10298,prompt_diverse,0.75,18,8,0.25,14,144,124,0.8611111111111112,True,0.0,none,0,0,
1.0,2.7645450899475534,0.06596750666465469,0.2171000788022064,2.7306467724600165,0.06969246031746032,0.7109968732404949,10299,prompt_diverse,0.75,18,8,0.25,14,144,124,0.8611111111111112,True,0.0,none,0,0,
1.0,2.715331266867574,0.06925596093076702,0.2559322033898306,2.6907174253943302,0.07220804988662131,0.6498394862916514,10300,prompt_diverse,0.9,18,8,0.25,14,144,120,0.8333333333333334,True,0.0,none,0,0,
0.9444444444444444,2.7043699224261553,0.06951823805102852,0.26068376068376065,2.690716537400182,0.07089710884353743,0.6068960002974335,10301,prompt_diverse,0.9,18,8,0.25,14,144,120,0.8333333333333334,True,0.01448243114909782,none,0,0,
1.0,2.6981608241263353,0.07035909221488078,0.26082862523540484,2.6866762774207897,0.07130456349206349,0.6265801326186337,10302,prompt_diverse,0.9,18,8,0.25,14,144,118,0.8194444444444444,True,0.0,none,0,0,
1.0,2.7616507354115485,0.0662357551461646,0.2211036539895601,2.741195220490314,0.06841695011337867,0.6332745414458428,10303,prompt_diverse,0.9,18,8,0.25,14,144,124,0.8611111111111112,True,0.0,none,0,0,
0.9444444444444444,2.7173944285512053,0.06846611177170037,0.24636015325670502,2.694616509680724,0.07114512471655329,0.648353876932131,10304,prompt_diverse,0.9,18,8,0.25,14,144,120,0.8333333333333334,True,0.013686675180928063,none,0,0,
0.9444444444444444,2.705848193903902,0.06898016534326701,0.2414741474147415,2.696030257439105,0.06997590702947847,0.6412752689980078,10305,prompt_diverse,0.9,18,8,0.25,14,144,119,0.8263888888888888,True,0.01341523041193009,none,0,0,
0.9444444444444444,2.7131931732343273,0.06860051349038332,0.24049217002237144,2.6981201404947375,0.07038336167800455,0.6615257733209104,10306,prompt_diverse,0.9,18,8,0.25,14,144,120,0.8333333333333334,True,0.013360676112353975,none,0,0,
1.0,2.722650647218733,0.06909639491864322,0.25778546712802775,2.7033863201108503,0.07087939342403628,0.6173222468206055,10307,prompt_diverse,0.9,18,8,0.25,14,144,119,0.8263888888888888,True,0.0,none,0,0,
1.0,2.7191904005732925,0.06888444939901325,0.24750830564784043,2.7042736055639907,0.07040107709750568,0.6067638214779251,10308,prompt_diverse,0.9,18,8,0.25,14,144,120,0.8333333333333334,True,0.0,none,0,0,
1.0,2.719222974211206,0.06888888888888887,0.2474074074074073,2.6966932690809453,0.07160572562358276,0.6284996850209043,10309,prompt_diverse,0.9,18,8,0.25,14,144,120,0.8333333333333334,True,0.0,none,0,0,
1.0,2.774620767186861,0.06557885665038783,0.22391713747645947,2.7537120992957416,0.06765518707482994,0.6778606767515772,10310,prompt_diverse,0.9,18,8,0.25,14,144,126,0.875,True,0.0,none,0,0,
1.0,2.7143655887810136,0.06954869581534996,0.26369863013698636,2.6995002107128596,0.07098568594104308,0.6525453971128734,10311,prompt_diverse,0.9,18,8,0.25,14,144,117,0.8125,True,0.0,none,0,0,
0.9444444444444444,2.71281731485724,0.0690795646462751,0.25494672754946723,2.6908497441704404,0.0715171485260771,0.6429211062587202,10312,prompt_diverse,0.9,18,8,0.25,14,144,118,0.8194444444444444,True,0.01416370708608152,none,0,0,
0.8888888888888888,2.6979300738947085,0.06930131845956762,0.25121586232697335,2.6862837042125416,0.070578231292517,0.6230188169036931,10313,prompt_diverse,0.9,18,8,0.25,14,144,118,0.8194444444444444,True,0.02791287359188594,none,0,0,
0.8888888888888888,2.6893374922581605,0.0698557411066103,0.2559985234403839,2.6755307419386805,0.07155257936507936,0.6360031203185929,10314,prompt_diverse,0.9,18,8,0.25,14,144,118,0.8194444444444444,True,0.02844428038226489,none,0,0,
1.0,2.7273774523522936,0.06837529840998152,0.24198359433258765,2.713475479290629,0.06965702947845805,0.6543475086531579,10315,prompt_diverse,0.9,18,8,0.25,14,144,120,0.8333333333333334,True,0.0,none,0,0,
0.9444444444444444,2.7141293116179797,0.06890565770361712,0.2506681939671631,2.6953452113540473,0.07089710884353742,0.683583884097288,10316,prompt_diverse,0.9,18,8,0.25,14,144,120,0.8333333333333334,True,0.013926010775953512,none,0,0,
1.0,2.7415717842393876,0.06732598763773179,0.22750455373406187,2.7311166008389414,0.06825751133786848,0.6501981079787584,10317,prompt_diverse,0.9,18,8,0.25,14,144,122,0.8472222222222222,True,0.0,none,0,0,
1.0,2.709162468380164,0.06973491990160945,0.262465645857872,2.679294481572399,0.07314696712018141,0.6409260598688885,10318,prompt_diverse,0.9,18,8,0.25,14,144,117,0.8125,True,0.0,none,0,0,
1.0,2.7743522177457844,0.06485889889196676,0.19956140350877183,2.758853033733109,0.06645053854875284,0.612557939497165,10319,prompt_diverse,0.9,18,8,0.25,14,144,127,0.8819444444444444,True,0.0,none,0,0,
1.0,2.7338638118418546,0.0683208546384222,0.2492492492492493,2.710608963780252,0.07103883219954649,0.6510759061323006,10320,prompt_diverse,0.9,18,8,0.25,14,144,122,0.8472222222222222,True,0.0,none,0,0,
1.0,2.779878015742589,0.06536628256744875,0.22486772486772488,2.7529319168504855,0.06832837301587302,0.7096564053241154,10321,prompt_diverse,0.9,18,8,0.25,14,144,129,0.8958333333333334,True,0.0,none,0,0,
1.0,2.733025383063193,0.06804693206720235,0.25,2.712957017430898,0.07013534580498866,0.6123258777607847,10322,prompt_diverse,0.9,18,8,0.25,14,144,123,0.8541666666666666,True,0.0,none,0,0,
1.0,2.7100834609101767,0.06948493683187561,0.25736961451247153,2.6873367643063606,0.0721017573696145,0.6733788204260671,10323,prompt_diverse,0.9,18,8,0.25,14,144,117,0.8125,True,0.0,none,0,0,
1.0,2.7311517853849985,0.06861541160475419,0.2527593818984548,2.713512402588496,0.0704719387755102,0.6260790673738533,10324,prompt_diverse,0.9,18,8,0.25,14,144,121,0.8402777777777778,True,0.0,none,0,0,
1.0,2.717392028650503,0.06920290277114469,0.2614713689799013,2.694885695437802,0.07158801020408162,0.6379856865566101,10325,prompt_diverse,0.9,18,8,0.25,14,144,120,0.8333333333333334,True,0.0,none,0,0,
0.9444444444444444,2.7210235800283176,0.06844985093569281,0.24586697424067672,2.692470864147518,0.07187145691609977,0.6437167808961003,10326,prompt_diverse,0.9,18,8,0.25,14,144,120,0.8333333333333334,True,0.013659276346704267,none,0,0,
1.0,2.746274501260043,0.06725653547831083,0.23898305084745752,2.721981368068281,0.0699404761904762,0.5961589517028878,10327,prompt_diverse,0.9,18,8,0.25,14,144,121,0.8402777777777778,True,0.0,none,0,0,
0.9444444444444444,2.7243478328598725,0.06837731121575823,0.2525083612040133,2.7027439073233888,0.07093253968253968,0.6276264164483627,10328,prompt_diverse,0.9,18,8,0.25,14,144,119,0.8263888888888888,True,0.014028242289111858,none,0,0,
1.0,2.745160109899889,0.06724597840394181,0.23606370875995442,2.723462896293553,0.06955073696145124,0.6331964338496366,10329,prompt_diverse,0.9,18,8,0.25,14,144,122,0.8472222222222222,True,0.0,none,0,0,
0.9444444444444444,2.7077901168597993,0.0688918468473507,0.23950204384986984,2.6888931011699557,0.07116284013605442,0.61370510902548,10330,prompt_diverse,0.98,18,8,0.25,14,144,119,0.8263888888888888,True,0.013305669102770553,none,0,0,
1.0,2.700576561294788,0.06999208795361415,0.2594501718213058,2.676393862225281,0.07275722789115645,0.6254578210781884,10331,prompt_diverse,0.98,18,8,0.25,14,144,117,0.8125,True,0.0,none,0,0,
1.0,2.734431090664371,0.06851311953352769,0.2588813303099018,2.7163717549842343,0.0702593537414966,0.640834511608944,10332,prompt_diverse,0.98,18,8,0.25,14,144,121,0.8402777777777778,True,0.0,none,0,0,
1.0,2.7022421873239617,0.06976156276931916,0.2570621468926553,2.678655940976542,0.07258007369614511,0.6310961163425858,10333,prompt_diverse,0.98,18,8,0.25,14,144,118,0.8194444444444444,True,0.0,none,0,0,
1.0,2.763763111393647,0.06593885974429817,0.21014492753623193,2.7451050593439694,0.06792091836734696,0.6399680237365484,10334,prompt_diverse,0.98,18,8,0.25,14,144,124,0.8611111111111112,True,0.0,none,0,0,
0.9444444444444444,2.7084204883608853,0.0690260735338531,0.244332961724266,2.6907120065283787,0.07103883219954649,0.6035949640423742,10335,prompt_diverse,0.98,18,8,0.25,14,144,119,0.8263888888888888,True,0.013574053429125895,none,0,0,
0.9444444444444444,2.69696154454214,0.06931938636443058,0.22961698900265448,2.6826195556283525,0.07087939342403628,0.6332991331646474,10336,prompt_diverse,0.98,18,8,0.25,14,144,117,0.8125,True,0.012756499389036365,none,0,0,
0.9444444444444444,2.7235145229715556,0.06809065983405371,0.23625528642829674,2.7079737970386413,0.06960388321995466,0.7190245804658978,10337,prompt_diverse,0.98,18,8,0.25,14,144,120,0.8333333333333334,True,0.013125293690460936,none,0,0,
1.0,2.74300845024072,0.06730044881112797,0.22529858849077078,2.7321904605636487,0.0682752267573696,0.6174482989194715,10338,prompt_diverse,0.98,18,8,0.25,14,144,123,0.8541666666666666,True,0.0,none,0,0,
0.9444444444444444,2.6976067503831733,0.0697547869265041,0.2568275346053124,2.674393692002238,0.07259778911564625,0.5600251954878486,10339,prompt_diverse,0.98,18,8,0.25,14,144,118,0.8194444444444444,True,0.014268196366961805,none,0,0,
0.9444444444444444,2.7239291963559396,0.068130575433781,0.23707370737073696,2.7079734164952525,0.06990504535147392,0.588929478114334,10340,prompt_diverse,0.98,18,8,0.25,14,144,121,0.8402777777777778,True,0.013170761520596503,none,0,0,
1.0,2.726822972794884,0.06813333333333334,0.24222222222222212,2.70486289882182,0.07071995464852607,0.6204450118439135,10341,prompt_diverse,0.98,18,8,0.25,14,144,119,0.8263888888888888,True,0.0,none,0,0,
1.0,2.7228447672608382,0.06891421796176778,0.2525083612040133,2.7033061193367063,0.07100340136054421,0.5982751122007113,10342,prompt_diverse,0.98,18,8,0.25,14,144,120,0.8333333333333334,True,0.0,none,0,0,
0.9444444444444444,2.6877638308460985,0.07060492770595919,0.2692020879940342,2.672828660788444,0.07222576530612246,0.6258614049721084,10343,prompt_diverse,0.98,18,8,0.25,14,144,117,0.8125,True,0.01495567155522413,none,0,0,
1.0,2.756313618715067,0.06645317997146251,0.21763843050971765,2.740316432713629,0.06809807256235828,0.6362609112553913,10344,prompt_diverse,0.98,18,8,0.25,14,144,123,0.8541666666666666,True,0.0,none,0,0,
0.9444444444444444,2.7083845250514895,0.06905191080275257,0.24523007856341184,2.6946992498624454,0.07045422335600907,0.6231358028476438,10345,prompt_diverse,0.98,18,8,0.25,14,144,119,0.8263888888888888,True,0.013623893253522886,none,0,0,
0.9444444444444444,2.6982333035836246,0.06963009362311383,0.25176514306949094,2.684158190720394,0.07118055555555555,0.624501697974687,10346,prompt_diverse,0.98,18,8,0.25,14,144,116,0.8055555555555556,True,0.013986952392749503,none,0,0,
1.0,2.720051732114846,0.06919217921241363,0.2631680123029603,2.694591822833016,0.07204861111111112,0.6564904116503371,10347,prompt_diverse,0.98,18,8,0.25,14,144,121,0.8402777777777778,True,0.0,none,0,0,
1.0,2.7409329699863507,0.06726364014993755,0.23242630385487528,2.7240871593592795,0.06887755102040816,0.663105275714638,10348,prompt_diverse,0.98,18,8,0.25,14,144,122,0.8472222222222222,True,0.0,none,0,0,
1.0,2.718188027363592,0.06932523739956173,0.2586336336336337,2.698690678983292,0.07149943310657596,0.6132923922175882,10349,prompt_diverse,0.98,18,8,0.25,14,144,118,0.8194444444444444,True,0.0,none,0,0,
1.0,2.751169057454579,0.06739298218140738,0.242846525455221,2.7319593875679615,0.06930272108843538,0.606172864422032,10350,prompt_diverse,0.98,18,8,0.25,14,144,121,0.8402777777777778,True,0.0,none,0,0,
0.9444444444444444,2.7134432714756267,0.06889417360285376,0.2490421455938696,2.6941729996062773,0.07102111678004536,0.7246361801260975,10351,prompt_diverse,0.98,18,8,0.25,14,144,119,0.8263888888888888,True,0.013835674755214985,none,0,0,
0.9444444444444444,2.72781207990519,0.06775018261504748,0.23198198198198194,2.7160944526247,0.0688421201814059,0.6655386718836775,10352,prompt_diverse,0.98,18,8,0.25,14,144,121,0.8402777777777778,True,0.012887887887887892,none,0,0,
0.9444444444444444,2.720154106807758,0.06800127830533235,0.22935435435435436,2.707346958602579,0.06930272108843538,0.6694775922260406,10353,prompt_diverse,0.98,18,8,0.25,14,144,119,0.8263888888888888,True,0.012741908575241915,none,0,0,
1.0,2.733727749649686,0.06869695216049385,0.2573302469135803,2.7064277481273553,0.07165887188208617,0.627732309233689,10354,prompt_diverse,0.98,18,8,0.25,14,144,121,0.8402777777777778,True,0.0,none,0,0,
1.0,2.7390303044253055,0.06794041366367345,0.2505014039310067,2.719913427568553,0.06947987528344671,0.7436967574146133,10355,prompt_diverse,0.98,18,8,0.25,14,144,122,0.8472222222222222,True,0.0,none,0,0,
1.0,2.7223482924879736,0.06871180945255019,0.25046763935652816,2.7073565107681565,0.0701530612244898,0.6598913011306712,10356,prompt_diverse,0.98,18,8,0.25,14,144,120,0.8333333333333334,True,0.0,none,0,0,
1.0,2.7451872381369737,0.06723909607415952,0.23674655047204074,2.727272125844028,0.06923185941043085,0.5903573308635102,10357,prompt_diverse,0.98,18,8,0.25,14,144,123,0.8541666666666666,True,0.0,none,0,0,
1.0,2.7333936306590907,0.0680734878985608,0.244520030234316,2.715012904677102,0.06995819160997732,0.6865332664993153,10358,prompt_diverse,0.98,18,8,0.25,14,144,121,0.8402777777777778,True,0.0,none,0,0,
0.9444444444444444,2.7125494747015075,0.0683293978748524,0.22402597402597402,2.705236279865955,0.06901927437641724,0.5977298313409765,10359,prompt_diverse,0.98,18,8,0.25,14,144,118,0.8194444444444444,True,0.012445887445887451,none,0,0,
1.0,2.879217973984876,0.056813037573562694,0.08274231678486998,2.8350694598110016,0.061490221088435375,0.9774928822142342,10360,route_partitioned,0.0,18,8,0.25,14,144,143,0.9930555555555556,False,0.0,low_coverage,0,32,0.0
1.0,2.880750411125609,0.056639983838791944,0.07788944723618085,2.8462679855810094,0.06007298752834467,0.9680620151987406,10361,route_partitioned,0.0,18,8,0.25,14,144,144,1.0,False,0.0,low_coverage,0,32,0.0
1.0,2.8784063432547082,0.056866396019657504,0.08624923265807238,2.8221509990842124,0.06274801587301587,0.9807796684883457,10362,route_partitioned,0.0,18,8,0.25,14,144,144,0.9861111111111112,False,0.0,low_coverage,2,32,0.0625
1.0,2.8748950008423657,0.057298304087834526,0.0979097909790978,2.8582540154178515,0.059027777777777776,0.9612257522045374,10363,route_partitioned,0.0,18,8,0.25,14,144,144,0.9861111111111112,False,0.0,low_coverage,2,32,0.0625
1.0,2.8773308109696965,0.05702039930555556,0.08969907407407396,2.850742549021523,0.05986040249433106,0.9727023533524203,10364,route_partitioned,0.0,18,8,0.25,14,144,144,0.9930555555555556,False,0.0,low_coverage,1,32,0.03125
1.0,2.8774701229186648,0.0571604938271605,0.07283950617283952,2.8444471728052423,0.06040958049886621,0.9846029244959125,10365,route_partitioned,0.0,18,8,0.25,14,144,144,1.0,False,0.0,low_coverage,0,32,0.0
1.0,2.8653197152888827,0.05819972225729075,0.10049937578027457,2.8263046019036002,0.061685090702947844,0.9813219961518197,10366,route_partitioned,0.0,18,8,0.25,14,144,143,0.9652777777777778,False,0.0,low_coverage,4,32,0.125
1.0,2.8706881751386852,0.05770731250585188,0.10955927995034132,2.818403504567649,0.06264172335600908,0.9780121988805193,10367,route_partitioned,0.0,18,8,0.25,14,144,144,0.9583333333333334,False,0.0,low_coverage,6,32,0.1875
1.0,2.8829556853716722,0.056364897676031915,0.0669056152927121,2.8487723258782505,0.060445430637738336,0.9798530040461187,10368,route_partitioned,0.0,18,8,0.25,13,144,144,1.0,False,0.0,low_coverage,0,32,0.0
1.0,2.874698932131277,0.05730522661739592,0.1002351557907113,2.8476488733300727,0.060179280045351474,0.9775015452498969,10369,route_partitioned,0.0,18,8,0.25,14,144,144,1.0,False,0.0,low_coverage,0,32,0.0
1.0,2.8732672176154153,0.05729984301412873,0.0940170940170939,2.830112315647436,0.06170280612244898,0.9786322695199748,10370,route_partitioned,0.0,18,8,0.25,14,144,144,0.9791666666666666,False,0.0,low_coverage,3,32,0.09375
1.0,2.8832840694605975,0.056350000000000004,0.06611111111111101,2.865150547104769,0.05823058390022676,0.9659619077520781,10371,route_partitioned,0.0,18,8,0.25,14,144,144,1.0,False,0.0,low_coverage,0,32,0.0
1.0,2.8836103302655562,0.05631696224168981,0.06292203806015961,2.865892818870128,0.05830144557823128,0.985007199054447,10372,route_partitioned,0.0,18,8,0.25,14,144,144,1.0,False,0.0,low_coverage,0,32,0.0
1.0,2.871668887569671,0.05763223656809662,0.10884353741496589,2.8413590352469877,0.06055130385487528,0.9644727151484423,10373,route_partitioned,0.0,18,8,0.25,14,144,144,0.9930555555555556,False,0.0,low_coverage,1,32,0.03125
1.0,2.868282576776056,0.05774202815282965,0.10075329566854996,2.8241389130047407,0.06219883786848072,0.9832756681926265,10374,route_partitioned,0.0,18,8,0.25,14,144,144,0.9722222222222222,False,0.0,low_coverage,4,32,0.125
1.0,2.875168079869921,0.05728557763843129,0.09679266895761729,2.8537128716140217,0.05950609410430839,0.9715360898551518,10375,route_partitioned,0.0,18,8,0.25,14,144,144,1.0,False,0.0,low_coverage,0,32,0.0
1.0,2.869196580166265,0.057899608826778935,0.11445051608986034,2.8363473669324866,0.061047335600907034,0.979922917927909,10376,route_partitioned,0.0,18,8,0.25,14,144,144,0.9861111111111112,False,0.0,low_coverage,2,32,0.0625
1.0,2.877491887111043,0.05700614366729678,0.08816425120772942,2.8370499959698856,0.061578798185941044,0.9795227000978627,10377,route_partitioned,0.0,18,8,0.25,14,144,144,0.9861111111111112,False,0.0,low_coverage,2,32,0.0625
1.0,2.8807428921359306,0.056596055514974444,0.07417417417417416,2.8481328532080843,0.05978954081632652,0.9769287734180621,10378,route_partitioned,0.0,18,8,0.25,14,144,142,0.9722222222222222,False,0.0,low_coverage,2,32,0.0625
1.0,2.8754069940667937,0.057232685204969325,0.09791282995702888,2.8326362699062253,0.06180909863945579,0.9839764766936431,10379,route_partitioned,0.0,18,8,0.25,14,144,144,1.0,False,0.0,low_coverage,0,32,0.0
1.0,2.8840978787735736,0.056249821270267945,0.060308972073678024,2.867194234862036,0.05805342970521542,0.9793575961618339,10380,route_partitioned,0.0,18,8,0.25,14,144,144,1.0,False,0.0,low_coverage,0,32,0.0
1.0,2.877209548127483,0.057065217391304345,0.08937198067632846,2.8393546556481466,0.06095875850340136,0.9810353496519736,10381,route_partitioned,0.0,18,8,0.25,14,144,144,0.9930555555555556,False,0.0,low_coverage,1,32,0.03125
1.0,2.8824063603437295,0.05645429362880886,0.06783625730994158,2.843207376785738,0.060551303854875276,0.975486405133584,10382,route_partitioned,0.0,18,8,0.25,14,144,144,0.9930555555555556,False,0.0,low_coverage,1,32,0.03125
1.0,2.872412150606029,0.05764791818845874,0.10420420420420418,2.846368383327434,0.06040958049886622,0.9805518045312569,10383,route_partitioned,0.0,18,8,0.25,14,144,144,1.0,False,0.0,low_coverage,0,32,0.0
1.0,2.8765755477035575,0.05711058880986538,0.09361571516267642,2.829215195729662,0.062092545351473925,0.9835482721744073,10384,route_partitioned,0.0,18,8,0.25,14,144,144,1.0,False,0.0,low_coverage,0,32,0.0
1.0,2.8755295708038346,0.05723131922499921,0.09635907093534213,2.8382775110190783,0.06083475056689343,0.984096600505123,10385,route_partitioned,0.0,18,8,0.25,14,144,144,0.9861111111111112,False,0.0,low_coverage,2,32,0.0625
1.0,2.8823511592416775,0.05646525583325354,0.06873822975517885,2.8674327149619936,0.05807114512471655,0.9870113077653991,10386,route_partitioned,0.0,18,8,0.25,14,144,144,1.0,False,0.0,low_coverage,0,32,0.0
1.0,2.87530925231544,0.057251808021038804,0.09772079772079767,2.854892051182974,0.05915178571428572,0.9709523873054825,10387,route_partitioned,0.0,18,8,0.25,14,144,144,1.0,False,0.0,low_coverage,0,32,0.0
1.0,2.8793732189614154,0.056771012140694736,0.08100558659217882,2.844956620265945,0.06019699546485261,0.9831353777671111,10388,route_partitioned,0.0,18,8,0.25,14,144,144,0.9861111111111112,False,0.0,low_coverage,2,32,0.0625
1.0,2.8793404215816545,0.056790123456790124,0.08209876543209882,2.8598822538211452,0.058584892290249435,0.9829351070189692,10389,route_partitioned,0.0,18,8,0.25,14,144,144,0.9930555555555556,False,0.0,low_coverage,1,32,0.03125
1.0,2.8465073948599695,0.05965299751534329,0.14464925755248337,2.817229880065953,0.06241142290249433,0.929974589092814,10390,route_partitioned,0.25,18,8,0.25,14,144,143,0.9583333333333334,False,0.0,low_coverage,5,32,0.15625
1.0,2.8577289132551598,0.0587873191751308,0.12962962962962954,2.813957010225391,0.06297831632653061,0.9103698898781148,10391,route_partitioned,0.25,18,8,0.25,14,144,144,0.9583333333333334,False,0.0,low_coverage,6,32,0.1875
1.0,2.8530207127471248,0.05948106891265113,0.14610866372980902,2.8152776601430225,0.06322633219954647,0.9249848818992411,10392,route_partitioned,0.25,18,8,0.25,14,144,144,0.9791666666666666,False,0.0,low_coverage,3,32,0.09375
1.0,2.8587674921287682,0.05875291292987783,0.12978524743230624,2.8189478241976227,0.06264172335600907,0.8931406766367401,10393,route_partitioned,0.25,18,8,0.25,14,144,143,0.9583333333333334,False,0.0,low_coverage,5,32,0.15625
1.0,2.869094550534871,0.057868679490301105,0.11061061061061062,2.8312102940693467,0.061755952380952384,0.9292008071708905,10394,route_partitioned,0.25,18,8,0.25,14,144,144,0.9791666666666666,False,0.0,low_coverage,3,32,0.09375
1.0,2.8562387794738013,0.05912669426182939,0.1426426426426426,2.8113654541874538,0.06361607142857142,0.9227376654073501,10395,route_partitioned,0.25,18,8,0.25,14,144,143,0.9652777777777778,False,0.0,low_coverage,4,32,0.125
1.0,2.877620869962235,0.05689918768074564,0.08464473056747734,2.846510063874098,0.06026785714285714,0.9178442929179645,10396,route_partitioned,0.25,18,8,0.25,14,144,144,0.9861111111111112,False,0.0,low_coverage,2,32,0.0625
1.0,2.8333533779075526,0.061865189289011996,0.18957115009746595,2.816736770998375,0.06281887755102039,0.9084773739230184,10397,route_partitioned,0.25,18,8,0.25,14,144,144,0.9583333333333334,False,0.0,low_coverage,6,32,0.1875
1.0,2.8644367862485485,0.058512396694214874,0.12828282828282833,2.832765914849798,0.0614547902494331,0.9346540239243191,10398,route_partitioned,0.25,18,8,0.25,14,144,144,0.9861111111111112,False,0.0,low_coverage,2,32,0.0625
1.0,2.8583412558135137,0.059053926543110966,0.14228785747773087,2.8336689007325524,0.06127763605442176,0.9020729170289759,10399,route_partitioned,0.25,18,8,0.25,14,144,144,0.9791666666666666,False,0.0,low_coverage,3,32,0.09375
1.0,2.833193881968727,0.060506092561163974,0.15114022319262488,2.7988912711501266,0.06356292517006804,0.9021920779598771,10400,route_partitioned,0.25,18,8,0.25,14,144,144,0.9375,False,0.0,low_coverage,9,32,0.28125
1.0,2.873459486906579,0.057404090866245636,0.10409924487594391,2.83409803374672,0.06170280612244898,0.9595769673177851,10401,route_partitioned,0.25,18,8,0.25,14,144,144,1.0,False,0.0,low_coverage,0,32,0.0
1.0,2.8546107973928527,0.05921052631578946,0.14230019493177393,2.8147809190549262,0.06287202380952381,0.9057430506440599,10402,route_partitioned,0.25,18,8,0.25,14,144,144,0.9513888888888888,False,0.0,low_coverage,7,32,0.21875
1.0,2.853705717229551,0.0593194706994329,0.1454106280193237,2.8108682238681624,0.06361607142857142,0.9165814207224244,10403,route_partitioned,0.25,18,8,0.25,14,144,144,0.9722222222222222,False,0.0,low_coverage,4,32,0.125
1.0,2.8251816080133687,0.06151406035665295,0.17541152263374493,2.777497982609735,0.0659190759637188,0.9111502880273147,10404,route_partitioned,0.25,18,8,0.25,14,144,144,0.9166666666666666,False,0.0,low_coverage,12,32,0.375
1.0,2.8482594924048317,0.059669961734693876,0.14384920634920628,2.8051805347055034,0.06354520975056688,0.9180376512094316,10405,route_partitioned,0.25,18,8,0.25,14,144,144,0.9444444444444444,False,0.0,low_coverage,8,32,0.25
1.0,2.8508260851616183,0.05996219281663516,0.1574879227053141,2.8287734692914643,0.06187996031746032,0.9175747787342184,10406,route_partitioned,0.25,18,8,0.25,14,144,144,0.9722222222222222,False,0.0,low_coverage,4,32,0.125
1.0,2.863553451383708,0.05829596412556054,0.11733931240657691,2.831078734596992,0.06145479024943311,0.9286514100506782,10407,route_partitioned,0.25,18,8,0.25,14,144,144,0.9791666666666666,False,0.0,low_coverage,3,32,0.09375
1.0,2.852719926310352,0.059490190249702736,0.1479885057471264,2.8106841626749652,0.06372236394557822,0.9085261889645174,10408,route_partitioned,0.25,18,8,0.25,14,144,144,0.9722222222222222,False,0.0,low_coverage,4,32,0.125
1.0,2.8634913351764664,0.058528395061728404,0.1291358024691358,2.8357545305244125,0.061525651927437634,0.923618221370381,10409,route_partitioned,0.25,18,8,0.25,14,144,144,0.9861111111111112,False,0.0,low_coverage,2,32,0.0625
1.0,2.8465402281886636,0.059787455410225926,0.14942528735632177,2.8032423386465983,0.06395266439909297,0.9048437527965323,10410,route_partitioned,0.25,18,8,0.25,14,144,144,0.9375,False,0.0,low_coverage,9,32,0.28125
1.0,2.8599559493042883,0.05865182127144971,0.12303399289700656,2.8199313416245455,0.0625,0.9374349694563492,10411,route_partitioned,0.25,18,8,0.25,14,144,144,0.9791666666666666,False,0.0,low_coverage,3,32,0.09375
1.0,2.860117307641368,0.058765432098765426,0.1350617283950617,2.821387766169836,0.06296060090702948,0.9297831609992686,10412,route_partitioned,0.25,18,8,0.25,14,144,144,0.9791666666666666,False,0.0,low_coverage,3,32,0.09375
1.0,2.845918242599086,0.059749153585718674,0.14814814814814814,2.8225770220841384,0.06172052154195011,0.9033976431180081,10413,route_partitioned,0.25,18,8,0.25,14,144,144,0.9513888888888888,False,0.0,low_coverage,7,32,0.21875
1.0,2.8645316179962714,0.058577834196679016,0.12342885872297638,2.8384500457669715,0.060958758503401364,0.938188984178223,10414,route_partitioned,0.25,18,8,0.25,14,144,144,1.0,False,0.0,low_coverage,0,32,0.0
1.0,2.8598209470991987,0.05868641975308642,0.12814814814814812,2.827640060437472,0.06166737528344671,0.920574541761516,10415,route_partitioned,0.25,18,8,0.25,14,144,144,0.9722222222222222,False,0.0,low_coverage,4,32,0.125
1.0,2.8729895148112545,0.05745178581296395,0.10228898426323307,2.8511240747444924,0.05964781746031746,0.9157909382808626,10416,route_partitioned,0.25,18,8,0.25,14,144,143,0.9861111111111112,False,0.0,low_coverage,1,32,0.03125
1.0,2.8525869816281832,0.05955038265306122,0.15128968253968256,2.81532939436687,0.06320861678004536,0.9206918492361607,10417,route_partitioned,0.25,18,8,0.25,14,144,144,0.9791666666666666,False,0.0,low_coverage,3,32,0.09375
1.0,2.862595351523432,0.05839430223757496,0.1235927557513461,2.830880856799025,0.06164965986394558,0.9242870079289086,10418,route_partitioned,0.25,18,8,0.25,14,144,144,0.9791666666666666,False,0.0,low_coverage,3,32,0.09375
1.0,2.861440809880168,0.058559899161429244,0.12947466294746635,2.8345659805574375,0.06110048185941044,0.9045542782352322,10419,route_partitioned,0.25,18,8,0.25,14,144,144,0.9791666666666666,False,0.0,low_coverage,3,32,0.09375
1.0,2.8221806305796346,0.061770112456747406,0.17769607843137258,2.7872628499176257,0.06561791383219955,0.8174037738745836,10420,route_partitioned,0.5,18,8,0.25,14,144,144,0.9305555555555556,False,0.0,low_coverage,10,32,0.3125
1.0,2.791914593784946,0.06456904497804997,0.22332015810276684,2.7642522598328463,0.0668048469387755,0.8088718978301372,10421,route_partitioned,0.5,18,8,0.25,14,144,144,0.8888888888888888,True,0.0,low_coverage,16,32,0.5
1.0,2.818882182444393,0.062161983471074385,0.18282828282828278,2.7999327040603577,0.0637577947845805,0.797279561526195,10422,route_partitioned,0.5,18,8,0.25,14,144,144,0.9375,False,0.0,low_coverage,9,32,0.28125
1.0,2.8453307146002778,0.060202717754511026,0.16334991708126023,2.825212215936932,0.06225198412698413,0.8447701346700692,10423,route_partitioned,0.5,18,8,0.25,14,144,143,0.9652777777777778,False,0.0,low_coverage,4,32,0.125
1.0,2.8237256959369845,0.06203017832647462,0.1860082304526749,2.801424659559563,0.06386408730158731,0.7974852738202531,10424,route_partitioned,0.5,18,8,0.25,14,144,144,0.9583333333333334,False,0.0,low_coverage,6,32,0.1875
1.0,2.7883895244108663,0.06518816232705403,0.23299535276721595,2.7399488058065526,0.07018849206349206,0.8043006706491013,10425,route_partitioned,0.5,18,8,0.25,14,144,144,0.9027777777777778,False,0.0,low_coverage,14,32,0.4375
1.0,2.844637025216218,0.06048583984375,0.16796875,2.815861492816471,0.0633857709750567,0.8713517859764656,10426,route_partitioned,0.5,18,8,0.25,14,144,144,0.9791666666666666,False,0.0,low_coverage,3,32,0.09375
1.0,2.82040850265818,0.06243302359037595,0.1917837377607492,2.7779517536738583,0.06689342403628118,0.8298341358800685,10427,route_partitioned,0.5,18,8,0.25,14,144,144,0.9375,False,0.0,low_coverage,9,32,0.28125
1.0,2.8579999114173145,0.058926954019926474,0.13787510137875092,2.8374091464247426,0.06104733560090704,0.8136213773898905,10428,route_partitioned,0.5,18,8,0.25,14,144,144,0.9722222222222222,False,0.0,low_coverage,4,32,0.125
1.0,2.826422314806304,0.061616233535065866,0.17631027253668763,2.7823871632404638,0.06634424603174602,0.8100096445294295,10429,route_partitioned,0.5,18,8,0.25,14,144,143,0.9444444444444444,False,0.0,low_coverage,7,32,0.21875
1.0,2.7884567287897335,0.06515731739819608,0.22908863920099876,2.7662820069803105,0.06696428571428573,0.7856220612301649,10430,route_partitioned,0.5,18,8,0.25,14,144,144,0.9027777777777778,False,0.0,low_coverage,14,32,0.4375
1.0,2.8052277725876786,0.06355819270855251,0.20162297128589257,2.7605432003966106,0.06825751133786848,0.7579059667339737,10431,route_partitioned,0.5,18,8,0.25,14,144,141,0.9027777777777778,False,0.0,low_coverage,11,32,0.34375
1.0,2.8256064260010163,0.061483395751855276,0.17492771581990918,2.8089860832320115,0.06288973922902495,0.8266002020141507,10432,route_partitioned,0.5,18,8,0.25,14,144,144,0.9513888888888888,False,0.0,low_coverage,7,32,0.21875
1.0,2.836256243917739,0.060903791839432724,0.17140396210163655,2.8033663091230157,0.06414753401360544,0.8622388454248789,10433,route_partitioned,0.5,18,8,0.25,14,144,144,0.9583333333333334,False,0.0,low_coverage,6,32,0.1875
1.0,2.8182164431207974,0.06248553260440353,0.1965969659696596,2.7773040480286064,0.06703514739229025,0.7946869681155674,10434,route_partitioned,0.5,18,8,0.25,14,144,143,0.9236111111111112,False,0.0,low_coverage,10,32,0.3125
1.0,2.8235406794302103,0.062123714635835686,0.1897810218978102,2.8073074289409723,0.06347434807256236,0.7961817894271371,10435,route_partitioned,0.5,18,8,0.25,14,144,144,0.9444444444444444,False,0.0,low_coverage,8,32,0.25
1.0,2.8228635955556003,0.061950413223140495,0.18727272727272726,2.7953060164995236,0.06487386621315192,0.8099267106035324,10436,route_partitioned,0.5,18,8,0.25,14,144,144,0.9513888888888888,False,0.0,low_coverage,7,32,0.21875
1.0,2.8380995877335318,0.06046639231824417,0.15802469135802477,2.818996623394005,0.06234056122448979,0.8284056197944244,10437,route_partitioned,0.5,18,8,0.25,14,144,144,0.9444444444444444,False,0.0,low_coverage,8,32,0.25
1.0,2.8145666913701506,0.06253368527245338,0.18690623709211063,2.790097904843228,0.06471442743764172,0.8090282270024126,10438,route_partitioned,0.5,18,8,0.25,14,144,144,0.9236111111111112,False,0.0,low_coverage,11,32,0.34375
1.0,2.82437204014952,0.061905276816609,0.18627450980392157,2.80331898395878,0.06379322562358276,0.8182850060113992,10439,route_partitioned,0.5,18,8,0.25,14,144,144,0.9444444444444444,False,0.0,low_coverage,8,32,0.25
1.0,2.7841860128988483,0.06509826152683296,0.22134038800705458,2.7610255666477888,0.0665922619047619,0.8180306921658418,10440,route_partitioned,0.5,18,8,0.25,14,144,144,0.8819444444444444,True,0.0,low_coverage,17,32,0.53125
1.0,2.853918406322531,0.05922902249134948,0.14215686274509798,2.840051533255293,0.060622165532879815,0.8392525579008211,10441,route_partitioned,0.5,18,8,0.25,14,144,144,0.9791666666666666,False,0.0,low_coverage,3,32,0.09375
1.0,2.8146600698032396,0.0626765218436392,0.19595176571920758,2.7858084887065977,0.06521045918367346,0.837472056243921,10442,route_partitioned,0.5,18,8,0.25,14,144,144,0.9166666666666666,False,0.0,low_coverage,12,32,0.375
1.0,2.8403678903793823,0.06038861126618646,0.15436654366543667,2.808802820962285,0.06349206349206349,0.8023353353371938,10443,route_partitioned,0.5,18,8,0.25,14,144,142,0.9375,False,0.0,low_coverage,7,32,0.21875
1.0,2.8202650491814607,0.06235827664399092,0.1948853615520283,2.781490660040538,0.06639739229024944,0.8446011693859322,10444,route_partitioned,0.5,18,8,0.25,14,144,144,0.9305555555555556,False,0.0,low_coverage,10,32,0.3125
1.0,2.8203087283803563,0.06205998576814183,0.17790747946389973,2.7842100254494544,0.06551162131519274,0.8427568206545949,10445,route_partitioned,0.5,18,8,0.25,14,144,144,0.9305555555555556,False,0.0,low_coverage,10,32,0.3125
1.0,2.795776441333376,0.06427723443948216,0.21804511278195493,2.7783541271443655,0.06570649092970522,0.8237407608816255,10446,route_partitioned,0.5,18,8,0.25,14,144,144,0.9236111111111112,False,0.0,low_coverage,11,32,0.34375
1.0,2.8142342307108317,0.062812388750445,0.1989517819706499,2.780682434342168,0.06616709183673469,0.8148296642015289,10447,route_partitioned,0.5,18,8,0.25,14,144,144,0.9236111111111112,False,0.0,low_coverage,11,32,0.34375
1.0,2.8305083754818323,0.061566300551277195,0.17998335414065747,2.797438142253907,0.06490929705215419,0.8260552067427359,10448,route_partitioned,0.5,18,8,0.25,14,144,144,0.9375,False,0.0,low_coverage,9,32,0.28125
1.0,2.8106891123241153,0.06304318659531015,0.19712569712569716,2.7644366377916167,0.0679032029478458,0.814008715863292,10449,route_partitioned,0.5,18,8,0.25,14,144,144,0.9097222222222222,False,0.0,low_coverage,13,32,0.40625
1.0,2.773987970334958,0.06529209621993126,0.22394043528064134,2.750515638814891,0.06767290249433107,0.7087008971786172,10450,route_partitioned,0.75,18,8,0.25,14,144,144,0.8819444444444444,True,0.0,low_coverage,17,32,0.53125
1.0,2.829374079238785,0.06152727272727273,0.17999999999999994,2.8061933034568147,0.06366921768707483,0.7947314798462264,10451,route_partitioned,0.75,18,8,0.25,14,144,144,0.9305555555555556,False,0.0,low_coverage,10,32,0.3125
0.9444444444444444,2.7328211445434176,0.06783703130267577,0.24519042010208092,2.7106767938306904,0.07004676870748298,0.6881239435334856,10452,route_partitioned,0.75,18,8,0.25,14,144,144,0.8472222222222222,True,0.013621690005671169,low_coverage,22,32,0.6875
1.0,2.793839528413315,0.0640190249702735,0.20421455938697308,2.7673677161477093,0.06691113945578231,0.7116238131534042,10453,route_partitioned,0.75,18,8,0.25,14,144,144,0.9027777777777778,False,0.0,low_coverage,14,32,0.4375
1.0,2.807749723646198,0.0631112670496908,0.19536423841059603,2.795032094479023,0.06439554988662133,0.7152825791677276,10454,route_partitioned,0.75,18,8,0.25,14,144,144,0.9305555555555556,False,0.0,low_coverage,10,32,0.3125
1.0,2.7904510789956647,0.06436081585751222,0.20395480225988694,2.773976342643265,0.06581278344671203,0.688311234762551,10455,route_partitioned,0.75,18,8,0.25,14,144,144,0.8819444444444444,True,0.0,low_coverage,17,32,0.53125
1.0,2.799235760388994,0.06397146254458978,0.20651340996168588,2.7756847493302153,0.06629109977324263,0.7053696397945717,10456,route_partitioned,0.75,18,8,0.25,14,144,143,0.9027777777777778,False,0.0,low_coverage,13,32,0.40625
1.0,2.774522385334936,0.06536401507637374,0.21870109546165883,2.7525420458950838,0.06738945578231292,0.7168141396441444,10457,route_partitioned,0.75,18,8,0.25,14,144,144,0.8680555555555556,True,0.0,low_coverage,19,32,0.59375
1.0,2.7714075617827025,0.06563614744351962,0.2233716475095786,2.7459349108393383,0.06825751133786848,0.7059791779754367,10458,route_partitioned,0.75,18,8,0.25,14,144,143,0.8819444444444444,True,0.0,low_coverage,16,32,0.5
1.0,2.7702767351769846,0.06571087216248507,0.22003185981680606,2.7496984149634245,0.06751346371882086,0.7205270213851827,10459,route_partitioned,0.75,18,8,0.25,14,144,144,0.875,True,0.0,low_coverage,18,32,0.5625
1.0,2.797418958328064,0.06382529555263651,0.19634703196347036,2.7799272980022596,0.06535218253968254,0.6908792923728727,10460,route_partitioned,0.75,18,8,0.25,14,144,144,0.9027777777777778,False,0.0,low_coverage,14,32,0.4375
1.0,2.788072461874034,0.06446311176040906,0.20645645645645638,2.77244150564447,0.06586592970521543,0.7136028095031864,10461,route_partitioned,0.75,18,8,0.25,14,144,144,0.8819444444444444,True,0.0,low_coverage,17,32,0.53125
1.0,2.747969987125352,0.06763166903027043,0.24825174825174812,2.7145338959488865,0.07132227891156463,0.7116354376581046,10462,route_partitioned,0.75,18,8,0.25,14,144,143,0.8541666666666666,True,0.0,low_coverage,20,32,0.625
0.9444444444444444,2.7543837715183237,0.06637119113573407,0.2376218323586745,2.727427416166877,0.0693204365079365,0.7355021042780595,10463,route_partitioned,0.75,18,8,0.25,14,144,142,0.875,True,0.013201212908815256,low_coverage,16,32,0.5
1.0,2.7953509893853887,0.0644285784145924,0.21989121989121996,2.770527820253963,0.06699971655328797,0.7286268572459248,10464,route_partitioned,0.75,18,8,0.25,14,144,143,0.9027777777777778,False,0.0,low_coverage,13,32,0.40625
1.0,2.806914188365645,0.06323888159129293,0.19977168949771684,2.7824576278728763,0.06581278344671203,0.7302154709838348,10465,route_partitioned,0.75,18,8,0.25,14,144,143,0.9166666666666666,False,0.0,low_coverage,11,32,0.34375
1.0,2.7434945157062476,0.06756182544403841,0.2452574525745257,2.715099931254582,0.07077310090702948,0.7097647731005917,10466,route_partitioned,0.75,18,8,0.25,14,144,144,0.8472222222222222,True,0.0,low_coverage,22,32,0.6875
1.0,2.799985270888705,0.06376115727916282,0.20604288499025336,2.77307168131111,0.06646825396825397,0.7256801534575642,10467,route_partitioned,0.75,18,8,0.25,14,144,144,0.9097222222222222,False,0.0,low_coverage,13,32,0.40625
1.0,2.7901666726462793,0.06420939123615332,0.20040337367070027,2.7778648035601865,0.06529903628117913,0.6657066822182759,10468,route_partitioned,0.75,18,8,0.25,14,144,144,0.8819444444444444,True,0.0,low_coverage,17,32,0.53125
1.0,2.8036888987638373,0.06356147901337406,0.20559334845049126,2.7740438703683976,0.0668579931972789,0.7647119045209032,10469,route_partitioned,0.75,18,8,0.25,14,144,144,0.9236111111111112,False,0.0,low_coverage,11,32,0.34375
1.0,2.805868353083874,0.06336805555555555,0.20100308641975295,2.78372045499044,0.06552933673469387,0.7472332586254445,10470,route_partitioned,0.75,18,8,0.25,14,144,144,0.9097222222222222,False,0.0,low_coverage,13,32,0.40625
1.0,2.7950258798817607,0.0640620511347314,0.20320150659133707,2.7750540107108157,0.06597222222222222,0.6943090981493502,10471,route_partitioned,0.75,18,8,0.25,14,144,142,0.8958333333333334,True,0.0,low_coverage,13,32,0.40625
1.0,2.78558844217206,0.06496376063810415,0.22551296941540833,2.7662699089089413,0.06675170068027211,0.7521237854652298,10472,route_partitioned,0.75,18,8,0.25,14,144,144,0.9027777777777778,False,0.0,low_coverage,14,32,0.4375
1.0,2.768314087499325,0.06621323363812441,0.2356450410141686,2.7487260106706954,0.06815121882086168,0.7122051610417962,10473,route_partitioned,0.75,18,8,0.25,14,144,144,0.9027777777777778,False,0.0,low_coverage,14,32,0.4375
1.0,2.7938725257474624,0.06444708680142688,0.21685823754789268,2.782861434163739,0.06513959750566893,0.7379057239841623,10474,route_partitioned,0.75,18,8,0.25,14,144,144,0.9027777777777778,False,0.0,low_coverage,14,32,0.4375
1.0,2.7826784063273937,0.06474888109493274,0.2071401298205422,2.7668256173215293,0.0661139455782313,0.6948084533668534,10475,route_partitioned,0.75,18,8,0.25,14,144,144,0.8958333333333334,True,0.0,low_coverage,15,32,0.46875
1.0,2.776557149083138,0.06511112851086677,0.21014492753623193,2.7595167312984055,0.06675170068027211,0.6834607888389495,10476,route_partitioned,0.75,18,8,0.25,14,144,144,0.8819444444444444,True,0.0,low_coverage,17,32,0.53125
1.0,2.7957743321598647,0.06373265157048941,0.19969969969969958,2.7787103291904347,0.0653344671201814,0.7015021802832795,10477,route_partitioned,0.75,18,8,0.25,14,144,144,0.9097222222222222,False,0.0,low_coverage,13,32,0.40625
1.0,2.77330002173517,0.06611394823259124,0.2381232822928936,2.752335764933327,0.06808035714285715,0.7206160301697929,10478,route_partitioned,0.75,18,8,0.25,14,144,144,0.875,True,0.0,low_coverage,18,32,0.5625
1.0,2.8110685593529294,0.06268142735731394,0.1888150609080841,2.7939079498527333,0.06448412698412699,0.7421899054834596,10479,route_partitioned,0.75,18,8,0.25,14,144,144,0.9027777777777778,False,0.0,low_coverage,14,32,0.4375
1.0,2.788626475603346,0.06460791982677505,0.2138047138047139,2.768500530474202,0.06664540816326531,0.7012173206301231,10480,route_partitioned,0.9,18,8,0.25,14,144,143,0.9027777777777778,False,0.0,low_coverage,13,32,0.40625
1.0,2.7493938253010746,0.0675093363975869,0.24764595103578158,2.7267587421535606,0.06985189909297052,0.6911905373006005,10481,route_partitioned,0.9,18,8,0.25,14,144,144,0.8611111111111112,True,0.0,low_coverage,20,32,0.625
1.0,2.7569223041183357,0.06651021898684165,0.2301038062283738,2.736457295314187,0.06848781179138322,0.6642896101379415,10482,route_partitioned,0.9,18,8,0.25,14,144,143,0.8541666666666666,True,0.0,low_coverage,20,32,0.625
1.0,2.683045265638239,0.07112817252677393,0.2735042735042734,2.6582548685636755,0.07399730725623582,0.6555122238324412,10483,route_partitioned,0.9,18,8,0.25,14,144,143,0.7986111111111112,True,0.0,low_coverage,28,32,0.875
1.0,2.7536254273398093,0.06660883856829802,0.22522522522522515,2.7244415718662447,0.07008219954648526,0.6250039278312621,10484,route_partitioned,0.9,18,8,0.25,14,144,143,0.8402777777777778,True,0.0,low_coverage,22,32,0.6875
1.0,2.7598032865601683,0.06647576649030772,0.23206986250464512,2.743421632687854,0.06809807256235828,0.6581989349545218,10485,route_partitioned,0.9,18,8,0.25,14,144,144,0.875,True,0.0,low_coverage,18,32,0.5625
0.9444444444444444,2.7061109485494548,0.06939238280346154,0.25472411186696897,2.688175322757988,0.07133999433106576,0.6248180586091104,10486,route_partitioned,0.9,18,8,0.25,14,144,144,0.8263888888888888,True,0.01415133954816495,low_coverage,25,32,0.78125
1.0,2.7566481462487755,0.0661471727685125,0.2128091546696198,2.742129772673136,0.0676374716553288,0.6633557122421072,10487,route_partitioned,0.9,18,8,0.25,14,144,144,0.8472222222222222,True,0.0,low_coverage,22,32,0.6875
1.0,2.7498326022327966,0.06715374228395062,0.23649691358024683,2.7238742470109085,0.06990504535147393,0.6761163954307533,10488,route_partitioned,0.9,18,8,0.25,14,144,144,0.8541666666666666,True,0.0,low_coverage,21,32,0.65625
1.0,2.7556620549343678,0.06682131435520923,0.2337807606263982,2.7370029541736347,0.06868268140589569,0.6795416371227487,10489,route_partitioned,0.9,18,8,0.25,14,144,143,0.8611111111111112,True,0.0,low_coverage,19,32,0.59375
1.0,2.757044326074796,0.06637644684782731,0.22427983539094654,2.7379660244820188,0.06832837301587301,0.6305617588568377,10490,route_partitioned,0.9,18,8,0.25,14,144,143,0.8541666666666666,True,0.0,low_coverage,20,32,0.625
1.0,2.7471530392573746,0.0673962237042181,0.2416378316032295,2.724904878305824,0.06962159863945579,0.702670523188432,10491,route_partitioned,0.9,18,8,0.25,14,144,144,0.8472222222222222,True,0.0,low_coverage,22,32,0.6875
1.0,2.7501966390020596,0.06702400792757084,0.23900074571215502,2.72508430538063,0.06992276077097506,0.6275507765432023,10492,route_partitioned,0.9,18,8,0.25,14,144,144,0.8541666666666666,True,0.0,low_coverage,21,32,0.65625
1.0,2.7747310585159064,0.06550151309153107,0.2196467991169977,2.756617008232947,0.06733630952380953,0.6238463583483166,10493,route_partitioned,0.9,18,8,0.25,14,144,142,0.8611111111111112,True,0.0,low_coverage,18,32,0.5625
1.0,2.781203497902675,0.06490583206618694,0.20818915801614768,2.7602109218434605,0.06687570861678005,0.7348615869855232,10494,route_partitioned,0.9,18,8,0.25,14,144,144,0.8680555555555556,True,0.0,low_coverage,19,32,0.59375
1.0,2.76140439262805,0.06610664718772827,0.22372372372372373,2.7410215585380353,0.06823979591836736,0.60759509199365,10495,route_partitioned,0.9,18,8,0.25,14,144,143,0.8472222222222222,True,0.0,low_coverage,21,32,0.65625
1.0,2.7418632473939586,0.06814988013840176,0.2510500190912561,2.7199413007491473,0.0702593537414966,0.627062962513634,10496,route_partitioned,0.9,18,8,0.25,14,144,143,0.8472222222222222,True,0.0,low_coverage,21,32,0.65625
1.0,2.7648286239544873,0.06659609927480745,0.2375093214019388,2.745784597767561,0.06841695011337869,0.6730199395744899,10497,route_partitioned,0.9,18,8,0.25,14,144,143,0.8819444444444444,True,0.0,low_coverage,16,32,0.5
0.9444444444444444,2.739432937646561,0.06715668371073777,0.23085585585585577,2.727635256373907,0.06823979591836735,0.6637022054998525,10498,route_partitioned,0.9,18,8,0.25,14,144,144,0.8472222222222222,True,0.012825325325325326,low_coverage,22,32,0.6875
1.0,2.7681477286213623,0.06596549704968245,0.21812080536912748,2.7467481764032,0.06818664965986393,0.6469115017121357,10499,route_partitioned,0.9,18,8,0.25,14,144,144,0.875,True,0.0,low_coverage,18,32,0.5625
1.0,2.7630532260552254,0.06626868434448609,0.23658352229780788,2.7365863150262104,0.0692141439909297,0.6860896365361727,10500,route_partitioned,0.9,18,8,0.25,14,144,144,0.875,True,0.0,low_coverage,18,32,0.5625
1.0,2.77548380873911,0.06528222446383931,0.21302428256070627,2.7635512602116394,0.06636196145124715,0.6692105963003265,10501,route_partitioned,0.9,18,8,0.25,14,144,144,0.8819444444444444,True,0.0,low_coverage,17,32,0.53125
1.0,2.7722859958139177,0.0658621568794085,0.23132017034456065,2.7344968965406067,0.0703656462585034,0.6856673895963058,10502,route_partitioned,0.9,18,8,0.25,14,144,143,0.875,True,0.0,low_coverage,17,32,0.53125
1.0,2.7376352331152827,0.06776721769289672,0.2334079045488442,2.7178787029877456,0.06986961451247166,0.6294637387360654,10503,route_partitioned,0.9,18,8,0.25,14,144,143,0.8333333333333334,True,0.0,low_coverage,23,32,0.71875
1.0,2.7717350892826937,0.06562822387738212,0.22091283202394307,2.7466484824752104,0.06854095804988662,0.6754637668387685,10504,route_partitioned,0.9,18,8,0.25,14,144,144,0.8819444444444444,True,0.0,low_coverage,17,32,0.53125
1.0,2.745001827062774,0.06750797522987426,0.2442922374429224,2.7235132036971903,0.06969246031746032,0.6485184523124765,10505,route_partitioned,0.9,18,8,0.25,14,144,143,0.8472222222222222,True,0.0,low_coverage,21,32,0.65625
0.8888888888888888,2.6834339448150666,0.0707614064257421,0.2766122766122765,2.6596671930984233,0.07353670634920634,0.6721023570613802,10506,route_partitioned,0.9,18,8,0.25,14,144,144,0.8125,True,0.03073469740136407,low_coverage,27,32,0.84375
1.0,2.7508609457878963,0.06685258873811063,0.22353161242050135,2.729732526399996,0.06912556689342404,0.6845663531155353,10507,route_partitioned,0.9,18,8,0.25,14,144,144,0.8541666666666666,True,0.0,low_coverage,21,32,0.65625
1.0,2.7817294594861224,0.06509695290858725,0.21491228070175428,2.7638064160728293,0.0669465702947846,0.6593984557052232,10508,route_partitioned,0.9,18,8,0.25,14,144,144,0.8819444444444444,True,0.0,low_coverage,17,32,0.53125
0.9444444444444444,2.7091587209253483,0.068938336110986,0.24161073825503343,2.6965095409220403,0.07022392290249432,0.626164722127742,10509,route_partitioned,0.9,18,8,0.25,14,144,144,0.8263888888888888,True,0.013422818791946308,low_coverage,25,32,0.78125
1.0,2.7468596442546116,0.06739298218140738,0.24247491638795982,2.7184859036434923,0.07093253968253968,0.605870953878514,10510,route_partitioned,0.98,18,8,0.25,14,144,143,0.8472222222222222,True,0.0,low_coverage,21,32,0.65625
0.8888888888888888,2.668689388688873,0.07103602686749441,0.266243752402922,2.6609639739203588,0.07176516439909297,0.6474251702784355,10511,route_partitioned,0.98,18,8,0.25,14,144,144,0.7986111111111112,True,0.029582639155880233,low_coverage,29,32,0.90625
0.9444444444444444,2.7077408940153624,0.06932120174766902,0.25876211782252057,2.6857176327376093,0.07196003401360543,0.5788646060270561,10512,route_partitioned,0.98,18,8,0.25,14,144,142,0.8194444444444444,True,0.01437567321236226,low_coverage,24,32,0.75
1.0,2.7412821568500845,0.0672777509758344,0.22590139808682852,2.73078050898445,0.06818664965986396,0.6202563850216092,10513,route_partitioned,0.98,18,8,0.25,14,144,144,0.8541666666666666,True,0.0,low_coverage,21,32,0.65625
1.0,2.737511852211256,0.06777329112649746,0.23578595317725748,2.7180875225459102,0.06979875283446711,0.5873159974757908,10514,route_partitioned,0.98,18,8,0.25,14,144,144,0.8402777777777778,True,0.0,low_coverage,23,32,0.71875
1.0,2.719994325015745,0.06854352197644356,0.23973634651600761,2.706076644836384,0.0698341836734694,0.6866122302152052,10515,route_partitioned,0.98,18,8,0.25,14,144,144,0.8263888888888888,True,0.0,low_coverage,25,32,0.78125
1.0,2.7253725327233402,0.06864555650646367,0.2494407158836689,2.7043064295808996,0.07100340136054423,0.676208265569561,10516,route_partitioned,0.98,18,8,0.25,14,144,143,0.8333333333333334,True,0.0,low_coverage,23,32,0.71875
0.9444444444444444,2.7144227460994883,0.06891795481569561,0.25555555555555554,2.7000403294851285,0.07029478458049887,0.6775720200472514,10517,route_partitioned,0.98,18,8,0.25,14,144,144,0.8333333333333334,True,0.014197530864197536,low_coverage,24,32,0.75
0.9444444444444444,2.7221240048447086,0.06813333333333332,0.2348148148148148,2.706118758087859,0.06990504535147392,0.6320463512664923,10518,route_partitioned,0.98,18,8,0.25,14,144,144,0.8263888888888888,True,0.01304526748971194,low_coverage,25,32,0.78125
0.9444444444444444,2.7045211590124154,0.06917142194898511,0.24603174603174605,2.68195286699191,0.07204861111111112,0.5935405688158403,10519,route_partitioned,0.98,18,8,0.25,14,144,144,0.8194444444444444,True,0.013668430335097008,low_coverage,26,32,0.8125
0.9444444444444444,2.7141434813699195,0.06870312705583088,0.2468727005150846,2.7014267052066003,0.07011763038548752,0.6204583460494874,10520,route_partitioned,0.98,18,8,0.25,14,144,144,0.8333333333333334,True,0.013715150028615817,low_coverage,24,32,0.75
0.9444444444444444,2.693670214177609,0.07037841906542508,0.26926054974835467,2.6697069721100015,0.073093820861678,0.6212763600944139,10521,route_partitioned,0.98,18,8,0.25,14,144,143,0.8125,True,0.014958919430464155,low_coverage,26,32,0.8125
1.0,2.726572151393116,0.06878356183531549,0.2584376185058779,2.6953953992293,0.07265093537414967,0.6410641418039739,10522,route_partitioned,0.98,18,8,0.25,14,144,143,0.8333333333333334,True,0.0,low_coverage,23,32,0.71875
1.0,2.7352479040802704,0.0680235317490977,0.2397563676633443,2.7147887269941875,0.0702593537414966,0.6057971744442217,10523,route_partitioned,0.98,18,8,0.25,14,144,144,0.8472222222222222,True,0.0,low_coverage,22,32,0.6875
1.0,2.715174996120053,0.06896121710936526,0.2411148522259634,2.6999500331122976,0.07047193877551022,0.6503577434433553,10524,route_partitioned,0.98,18,8,0.25,14,144,144,0.8263888888888888,True,0.0,low_coverage,25,32,0.78125
0.9444444444444444,2.6949785462691374,0.0704093567251462,0.269980506822612,2.6716785084429255,0.07295209750566893,0.6910179419738863,10525,route_partitioned,0.98,18,8,0.25,14,144,143,0.8125,True,0.014998917045700673,low_coverage,26,32,0.8125
1.0,2.7461688426589967,0.06705664954823204,0.234006734006734,2.726086594370182,0.06916099773242632,0.6766205858325005,10526,route_partitioned,0.98,18,8,0.25,14,144,144,0.8472222222222222,True,0.0,low_coverage,22,32,0.6875
1.0,2.75447837811636,0.06694501782698441,0.23325722983257235,2.7330125518792525,0.06900155895691609,0.647994466012176,10527,route_partitioned,0.98,18,8,0.25,14,144,142,0.8472222222222222,True,0.0,low_coverage,20,32,0.625
1.0,2.7219204746429404,0.06861760409057706,0.24286786786786774,2.706838755377401,0.07006448412698413,0.6449528342025104,10528,route_partitioned,0.98,18,8,0.25,14,144,144,0.8333333333333334,True,0.0,low_coverage,24,32,0.75
0.9444444444444444,2.7198855977817793,0.06859844233581606,0.24897119341563778,2.697399856638536,0.07137542517006802,0.6144472154520311,10529,route_partitioned,0.98,18,8,0.25,14,144,144,0.8263888888888888,True,0.013831732967535438,low_coverage,25,32,0.78125
1.0,2.770038843969715,0.06569201827465736,0.21584699453551903,2.7541165309279254,0.067265447845805,0.6090094585909225,10530,route_partitioned,0.98,18,8,0.25,14,144,144,0.8680555555555556,True,0.0,low_coverage,19,32,0.59375
1.0,2.745045874085115,0.06714689992281965,0.23169825343738393,2.730889688874935,0.06852324263038549,0.6634351215404063,10531,route_partitioned,0.98,18,8,0.25,14,144,144,0.8472222222222222,True,0.0,low_coverage,22,32,0.6875
1.0,2.7458842336263607,0.06711409395973154,0.22967934377330357,2.7342384529224835,0.06804492630385488,0.6763616166727121,10532,route_partitioned,0.98,18,8,0.25,14,144,144,0.8472222222222222,True,0.0,low_coverage,22,32,0.6875
1.0,2.738042602086369,0.06817597118600464,0.24767744332961716,2.720463006071345,0.06990504535147393,0.6248284994477171,10533,route_partitioned,0.98,18,8,0.25,14,144,143,0.8402777777777778,True,0.0,low_coverage,22,32,0.6875
1.0,2.734256843283076,0.06836422089948631,0.25009480470231327,2.712295989687642,0.07057823129251702,0.6263025008773707,10534,route_partitioned,0.98,18,8,0.25,14,144,143,0.8402777777777778,True,0.0,low_coverage,22,32,0.6875
1.0,2.73459638714737,0.06781803335533161,0.23467112597547368,2.7205957850607887,0.06914328231292517,0.6693012783048403,10535,route_partitioned,0.98,18,8,0.25,14,144,144,0.8402777777777778,True,0.0,low_coverage,23,32,0.71875
0.9444444444444444,2.709791925064698,0.06871671331231327,0.23234058801069102,2.69119941726846,0.07087939342403629,0.6760160110747785,10536,route_partitioned,0.98,18,8,0.25,14,144,144,0.8263888888888888,True,0.012907810445038395,low_coverage,25,32,0.78125
1.0,2.733810263228299,0.06760180146368924,0.22754946727549474,2.7127398858590457,0.06985189909297052,0.6567282278166165,10537,route_partitioned,0.98,18,8,0.25,14,144,143,0.8333333333333334,True,0.0,low_coverage,23,32,0.71875
1.0,2.734136126446916,0.06793706034016277,0.23434672457473749,2.7189129111253894,0.06960388321995466,0.594163196616975,10538,route_partitioned,0.98,18,8,0.25,14,144,143,0.8333333333333334,True,0.0,low_coverage,23,32,0.71875
1.0,2.743112279891738,0.0674377244102415,0.23318468970642892,2.722930798249997,0.06965702947845806,0.6313576838465107,10539,route_partitioned,0.98,18,8,0.25,14,144,144,0.8472222222222222,True,0.0,low_coverage,22,32,0.6875
1.0,2.8788057864448047,0.05684681279919374,0.08333333333333326,2.872174893568531,0.05753968253968254,0.8870574538883055,10540,extended_audit,0.0,18,8,0.25,14,144,144,1.0,False,0.0,risk_weighted,0,32,0.0
1.0,2.8705237319106094,0.05783489866534849,0.1101774042950514,2.851773131488279,0.059860402494331055,0.9147412167679052,10541,extended_audit,0.0,18,8,0.25,14,144,143,0.9930555555555556,False,0.0,risk_weighted,0,32,0.0
1.0,2.8730139961082193,0.05748499504690869,0.10220525869380825,2.8597764795670404,0.05876204648526076,0.8645236571886715,10542,extended_audit,0.0,18,8,0.25,14,144,142,0.9861111111111112,False,0.0,risk_weighted,0,32,0.0
1.0,2.8774033084088537,0.05710197710718002,0.08378136200716835,2.8641479488769432,0.05849631519274376,0.8938077822858131,10543,extended_audit,0.0,18,8,0.25,14,144,144,1.0,False,0.0,risk_weighted,0,32,0.0
1.0,2.8806237197785185,0.05660446867689588,0.07606103958035293,2.879960335948704,0.05668934240362812,0.9273831505791829,10544,extended_audit,0.0,18,8,0.25,14,144,144,1.0,False,0.0,risk_weighted,0,32,0.0
1.0,2.8719377761932274,0.057599145314888835,0.10705770147830229,2.861228590346135,0.05881519274376417,0.9258116643023221,10545,extended_audit,0.0,18,8,0.25,14,144,144,1.0,False,0.0,risk_weighted,0,32,0.0
1.0,2.877940430429208,0.0569526627218935,0.08846153846153837,2.880712710926189,0.056600765306122444,0.8752356726980378,10546,extended_audit,0.0,18,8,0.25,14,144,144,1.0,False,0.0,risk_weighted,0,32,0.0
1.0,2.879243597131313,0.056759683465222824,0.07913832199546489,2.8585189442755836,0.059116354875283446,0.8967334906265246,10547,extended_audit,0.0,18,8,0.25,14,144,141,0.9791666666666666,False,0.0,risk_weighted,0,32,0.0
1.0,2.8805688920582515,0.056637113274226554,0.07961504811898501,2.8665427735782862,0.05819515306122448,0.8841649262213777,10548,extended_audit,0.0,18,8,0.25,14,144,144,1.0,False,0.0,risk_weighted,0,32,0.0
1.0,2.879600549971399,0.05678866805430198,0.08035288507391503,2.8763733652773307,0.05713757396449704,0.9241767073728676,10549,extended_audit,0.0,18,8,0.25,13,144,144,1.0,False,0.0,risk_weighted,0,32,0.0
1.0,2.8680436283027393,0.058039634303817075,0.11641309359151686,2.8669976005920303,0.05800028344671202,0.9126589946476699,10550,extended_audit,0.0,18,8,0.25,14,144,143,0.9930555555555556,False,0.0,risk_weighted,0,32,0.0
1.0,2.871236212094871,0.05781737773152966,0.10573476702508966,2.862112482025058,0.05885062358276644,0.8969700437086341,10551,extended_audit,0.0,18,8,0.25,14,144,144,1.0,False,0.0,risk_weighted,0,32,0.0
1.0,2.8819965294273504,0.056484131113423514,0.0703405017921146,2.873429090273722,0.057451105442176874,0.8956574030925596,10552,extended_audit,0.0,18,8,0.25,14,144,144,1.0,False,0.0,risk_weighted,0,32,0.0
1.0,2.8827910950804583,0.05638911277822556,0.06867891513560798,2.877175006110765,0.05695507369614512,0.8893496080054265,10553,extended_audit,0.0,18,8,0.25,14,144,143,0.9930555555555556,False,0.0,risk_weighted,0,32,0.0
1.0,2.8730333802085535,0.057500961168781235,0.10522875816993471,2.858094802789445,0.05929350907029478,0.883404890330535,10554,extended_audit,0.0,18,8,0.25,14,144,143,0.9930555555555556,False,0.0,risk_weighted,0,32,0.0
1.0,2.87935378854426,0.056759683465222824,0.08049886621315183,2.8674792139932865,0.05823058390022676,0.9094367093189284,10555,extended_audit,0.0,18,8,0.25,14,144,144,1.0,False,0.0,risk_weighted,0,32,0.0
1.0,2.878799534250402,0.05681480380499406,0.08524904214559381,2.873962578137193,0.057397959183673464,0.9223788008928092,10556,extended_audit,0.0,18,8,0.25,14,144,144,1.0,False,0.0,risk_weighted,0,32,0.0
1.0,2.8778022502155545,0.0569403386186509,0.08743169398907091,2.8666287761826124,0.058177437641723354,0.906300182752073,10557,extended_audit,0.0,18,8,0.25,14,144,144,1.0,False,0.0,risk_weighted,0,32,0.0
1.0,2.8670001731705814,0.058208381391772396,0.1217864923747276,2.866122601905821,0.058248299319727886,0.8837661948584884,10558,extended_audit,0.0,18,8,0.25,14,144,143,0.9930555555555556,False,0.0,risk_weighted,0,32,0.0
1.0,2.872595135037245,0.057636939791760974,0.10236406619385341,2.8575455214869776,0.059187216553287986,0.9226123004444046,10559,extended_audit,0.0,18,8,0.25,14,144,144,1.0,False,0.0,risk_weighted,0,32,0.0
1.0,2.8805688920582515,0.05663711327422655,0.07961504811898501,2.8705051343085746,0.05771683673469388,0.8896767624370757,10560,extended_audit,0.0,18,8,0.25,14,144,144,1.0,False,0.0,risk_weighted,0,32,0.0
1.0,2.8676798220456816,0.058173679782860595,0.11885790172642752,2.8622878702597303,0.0587266156462585,0.8889963934389594,10561,extended_audit,0.0,18,8,0.25,14,144,144,1.0,False,0.0,risk_weighted,0,32,0.0
1.0,2.8777891771496673,0.05700442247658689,0.08781362007168458,2.8734372629172205,0.057451105442176874,0.8912432888814742,10562,extended_audit,0.0,18,8,0.25,14,144,144,1.0,False,0.0,risk_weighted,0,32,0.0
1.0,2.879135650571686,0.0568395592582639,0.08333333333333326,2.8671813294514816,0.05812429138321996,0.9063110926701682,10563,extended_audit,0.0,18,8,0.25,14,144,144,1.0,False,0.0,risk_weighted,0,32,0.0
1.0,2.8741009877675996,0.05737589153308382,0.09943977591036401,2.8563998758746307,0.05916950113378685,0.9136892722056801,10564,extended_audit,0.0,18,8,0.25,14,144,144,1.0,False,0.0,risk_weighted,0,32,0.0
1.0,2.8720980658089195,0.05761814744801513,0.10434782608695659,2.8735910312751494,0.05742521367521368,0.9128817731834641,10565,extended_audit,0.0,18,8,0.25,13,144,144,1.0,False,0.0,risk_weighted,0,32,0.0
1.0,2.882046063994976,0.056479999999999995,0.07066666666666666,2.872194716651065,0.057628259637188206,0.8948807730322538,10566,extended_audit,0.0,18,8,0.25,14,144,144,1.0,False,0.0,risk_weighted,0,32,0.0
1.0,2.8770624741756397,0.057042765549606717,0.09078590785907847,2.872049638397785,0.05771683673469387,0.9003899692614764,10567,extended_audit,0.0,18,8,0.25,14,144,144,1.0,False,0.0,risk_weighted,0,32,0.0
1.0,2.8751802274431673,0.05726553803004236,0.09822560202788333,2.865439588912312,0.05819515306122449,0.8645388512174014,10568,extended_audit,0.0,18,8,0.25,14,144,141,0.9791666666666666,False,0.0,risk_weighted,0,32,0.0
1.0,2.8731079674071323,0.05744,0.09866666666666668,2.8592560892082908,0.05881519274376418,0.8919016993109392,10569,extended_audit,0.0,18,8,0.25,14,144,142,0.9861111111111112,False,0.0,risk_weighted,0,32,0.0
1.0,2.87312504183628,0.05748762282547806,0.10354517942066588,2.8538129460694948,0.05947066326530612,0.8765213658616431,10570,extended_audit,0.25,18,8,0.25,14,144,143,0.9930555555555556,False,0.0,risk_weighted,0,32,0.0
1.0,2.867869868402097,0.05806660899653979,0.11928104575163401,2.864033214254514,0.058496315192743766,0.8543738711811191,10571,extended_audit,0.25,18,8,0.25,14,144,144,1.0,False,0.0,risk_weighted,0,32,0.0
1.0,2.87866259935043,0.056889062151926933,0.08582089552238803,2.8684815812462974,0.05805342970521542,0.8680800797439755,10572,extended_audit,0.25,18,8,0.25,14,144,144,1.0,False,0.0,risk_weighted,0,32,0.0
1.0,2.8640372545097015,0.05844360428481411,0.13003220611916255,2.838801362429365,0.061401643990929705,0.8384892822551567,10573,extended_audit,0.25,18,8,0.25,14,144,141,0.9791666666666666,False,0.0,risk_weighted,0,32,0.0
1.0,2.8601810029654886,0.05907626208378087,0.13659147869674193,2.8682195876107337,0.05812429138321995,0.8564314681107645,10574,extended_audit,0.25,18,8,0.25,14,144,144,1.0,False,0.0,risk_weighted,0,32,0.0
1.0,2.8677728832194753,0.057931444636678195,0.10947712418300659,2.848327118401775,0.059948979591836746,0.8263946416746847,10575,extended_audit,0.25,18,8,0.25,14,144,142,0.9791666666666666,False,0.0,risk_weighted,1,32,0.03125
1.0,2.86348614922453,0.058398006407974365,0.1255765199161425,2.849959230441692,0.05970096371882087,0.8536460629700064,10576,extended_audit,0.25,18,8,0.25,14,144,144,0.9722222222222222,False,0.0,risk_weighted,4,32,0.125
1.0,2.8738838459756955,0.057393689986282574,0.10246913580246919,2.864668157492944,0.05842545351473923,0.8611337473799331,10577,extended_audit,0.25,18,8,0.25,14,144,144,1.0,False,0.0,risk_weighted,0,32,0.0
1.0,2.870769870511218,0.05786266082558284,0.10718711276332082,2.860536382838233,0.05890376984126984,0.8639093840562859,10578,extended_audit,0.25,18,8,0.25,14,144,142,0.9861111111111112,False,0.0,risk_weighted,0,32,0.0
1.0,2.87832336562472,0.056913265306122444,0.08611111111111103,2.8623677094873488,0.05874433106575964,0.8401859359970678,10579,extended_audit,0.25,18,8,0.25,14,144,144,1.0,False,0.0,risk_weighted,0,32,0.0
1.0,2.8820926387618133,0.05645592678801197,0.06991972961554715,2.8657056511275405,0.058177437641723354,0.8641842639274779,10580,extended_audit,0.25,18,8,0.25,14,144,144,1.0,False,0.0,risk_weighted,0,32,0.0
1.0,2.8733266168006213,0.057419659735349717,0.10386473429951693,2.863036414893731,0.058531746031746025,0.8339436243292903,10581,extended_audit,0.25,18,8,0.25,14,144,142,0.9861111111111112,False,0.0,risk_weighted,0,32,0.0
1.0,2.863191464549888,0.0583910943079185,0.12721417069243146,2.8648373185663254,0.05812429138321996,0.8163662961946837,10582,extended_audit,0.25,18,8,0.25,14,144,142,0.9722222222222222,False,0.0,risk_weighted,2,32,0.0625
1.0,2.8799544118716294,0.056718181934970004,0.08104340900039819,2.8628234691305328,0.0585671768707483,0.8032163853772869,10583,extended_audit,0.25,18,8,0.25,14,144,143,0.9791666666666666,False,0.0,risk_weighted,2,32,0.0625
1.0,2.8760466998046055,0.057115456337577926,0.08921330089213297,2.861353455511357,0.05870890022675737,0.8451635155281614,10584,extended_audit,0.25,18,8,0.25,14,144,144,0.9861111111111112,False,0.0,risk_weighted,2,32,0.0625
1.0,2.8715932777260393,0.05761745095772151,0.1089207487056949,2.857532580191852,0.05904549319727892,0.8168798058774417,10585,extended_audit,0.25,18,8,0.25,14,144,142,0.9861111111111112,False,0.0,risk_weighted,0,32,0.0
1.0,2.857638434281423,0.059309362762548945,0.14444444444444438,2.844648438682905,0.06058673469387756,0.850699349942618,10586,extended_audit,0.25,18,8,0.25,14,144,143,0.9791666666666666,False,0.0,risk_weighted,2,32,0.0625
1.0,2.8669734745744235,0.05822880622837371,0.12009803921568629,2.8433669555725904,0.06072845804988663,0.8426967704358752,10587,extended_audit,0.25,18,8,0.25,14,144,143,0.9930555555555556,False,0.0,risk_weighted,0,32,0.0
1.0,2.8633777019942594,0.05854040583837665,0.13144654088050323,2.867125026609752,0.05824829931972789,0.872342386245437,10588,extended_audit,0.25,18,8,0.25,14,144,144,1.0,False,0.0,risk_weighted,0,32,0.0
1.0,2.86978267462712,0.057709079687101664,0.10317460317460325,2.8609124319274746,0.0585671768707483,0.8438932828033262,10589,extended_audit,0.25,18,8,0.25,14,144,143,0.9930555555555556,False,0.0,risk_weighted,0,32,0.0
1.0,2.865838967064651,0.058392093141127886,0.12333762333762333,2.8372199303314627,0.06173823696145124,0.8789431077606368,10590,extended_audit,0.25,18,8,0.25,14,144,144,1.0,False,0.0,risk_weighted,0,32,0.0
1.0,2.8659288244082286,0.058395916971669556,0.12277580071174365,2.8397272835228615,0.06138392857142857,0.8375797507530409,10591,extended_audit,0.25,18,8,0.25,14,144,144,0.9861111111111112,False,0.0,risk_weighted,2,32,0.0625
1.0,2.876964367949544,0.057038853911168745,0.09288537549407105,2.854197338243636,0.05963010204081633,0.8910422312022862,10592,extended_audit,0.25,18,8,0.25,14,144,144,0.9930555555555556,False,0.0,risk_weighted,1,32,0.03125
1.0,2.8782187537996515,0.05690402393699097,0.08648758648758648,2.8683665394612565,0.05803571428571429,0.8435480432990149,10593,extended_audit,0.25,18,8,0.25,14,144,144,1.0,False,0.0,risk_weighted,0,32,0.0
1.0,2.853888972079164,0.0595622633103141,0.15298507462686572,2.8504499345082874,0.05996669501133787,0.8566105796950021,10594,extended_audit,0.25,18,8,0.25,14,144,141,0.9791666666666666,False,0.0,risk_weighted,0,32,0.0
1.0,2.8735212609875584,0.0573837792751111,0.10328920978740475,2.86881647394711,0.05782312925170068,0.8295866723391253,10595,extended_audit,0.25,18,8,0.25,14,144,144,0.9861111111111112,False,0.0,risk_weighted,2,32,0.0625
1.0,2.8731868221713084,0.05746177207096809,0.10543390105433903,2.856505756808963,0.05934665532879818,0.8393157078650568,10596,extended_audit,0.25,18,8,0.25,14,144,142,0.9861111111111112,False,0.0,risk_weighted,0,32,0.0
1.0,2.8691392062527066,0.057852963025713876,0.11131167268351372,2.861542905094847,0.0586734693877551,0.8358230912564473,10597,extended_audit,0.25,18,8,0.25,14,144,143,0.9930555555555556,False,0.0,risk_weighted,0,32,0.0
1.0,2.8799564521039023,0.056706069413129334,0.07841957480946649,2.874400226970349,0.0573093820861678,0.83533034753384,10598,extended_audit,0.25,18,8,0.25,14,144,143,0.9930555555555556,False,0.0,risk_weighted,0,32,0.0
1.0,2.8674487483559203,0.05803857584056873,0.11832061068702293,2.857139690644135,0.05888605442176871,0.8462068696486726,10599,extended_audit,0.25,18,8,0.25,14,144,144,0.9583333333333334,False,0.0,risk_weighted,6,32,0.1875
1.0,2.8489804713817395,0.05980139001297516,0.15591397849462374,2.813769759721047,0.06354520975056688,0.7915791343789716,10600,extended_audit,0.5,18,8,0.25,14,144,142,0.9652777777777778,False,0.0,risk_weighted,3,32,0.09375
1.0,2.843823688289073,0.060237833752553704,0.16093928980526906,2.81724368202546,0.06319090136054421,0.7983071162862311,10601,extended_audit,0.5,18,8,0.25,14,144,140,0.9513888888888888,False,0.0,risk_weighted,3,32,0.09375
1.0,2.844402458187021,0.059884215308273835,0.14277588168373145,2.8222718541789815,0.062358276643990934,0.7315024591545466,10602,extended_audit,0.5,18,8,0.25,14,144,138,0.9583333333333334,False,0.0,risk_weighted,0,32,0.0
1.0,2.8612004829424347,0.058354764296199825,0.11720191952750092,2.8444819660285496,0.060214710884353734,0.7390133014328866,10603,extended_audit,0.5,18,8,0.25,14,144,140,0.9722222222222222,False,0.0,risk_weighted,0,32,0.0
1.0,2.8603590241809416,0.05878085002664127,0.13598952487841376,2.8421121208876103,0.06085246598639456,0.8035091543214518,10604,extended_audit,0.5,18,8,0.25,14,144,142,0.9861111111111112,False,0.0,risk_weighted,0,32,0.0
1.0,2.840529906024186,0.06083234244946493,0.17586206896551726,2.8184122370488933,0.06319090136054423,0.7571823935430965,10605,extended_audit,0.5,18,8,0.25,14,144,137,0.9513888888888888,False,0.0,risk_weighted,0,32,0.0
1.0,2.856519423206316,0.05905199655271474,0.13954802259887011,2.846513338526358,0.0600375566893424,0.8035735067242417,10606,extended_audit,0.5,18,8,0.25,14,144,141,0.9722222222222222,False,0.0,risk_weighted,1,32,0.03125
1.0,2.852866048179559,0.0592627824019025,0.13908045977011496,2.835888234758747,0.06094104308390022,0.7911375534007932,10607,extended_audit,0.5,18,8,0.25,14,144,143,0.9652777777777778,False,0.0,risk_weighted,4,32,0.125
1.0,2.858440404629605,0.05887617065556711,0.1376344086021506,2.848633237019003,0.06005527210884353,0.760777436856797,10608,extended_audit,0.5,18,8,0.25,14,144,141,0.9791666666666666,False,0.0,risk_weighted,0,32,0.0
1.0,2.86068948274302,0.05851671998047301,0.12285941855834337,2.8303857135031967,0.06191539115646258,0.7988878429894365,10609,extended_audit,0.5,18,8,0.25,14,144,140,0.9652777777777778,False,0.0,risk_weighted,1,32,0.03125
1.0,2.861053675066146,0.058478002378121285,0.12260536398467425,2.8514289444848675,0.05952380952380953,0.815901463029823,10610,extended_audit,0.5,18,8,0.25,14,144,140,0.9722222222222222,False,0.0,risk_weighted,0,32,0.0
1.0,2.8425155983429944,0.060233666088131486,0.15870307167235498,2.819324668070358,0.06273030045351474,0.7860853265551833,10611,extended_audit,0.5,18,8,0.25,14,144,138,0.9583333333333334,False,0.0,risk_weighted,0,32,0.0
1.0,2.8490521954665016,0.05983353151010701,0.1547892720306514,2.8328160349816365,0.06154336734693877,0.8174879316088107,10612,extended_audit,0.5,18,8,0.25,14,144,143,0.9930555555555556,False,0.0,risk_weighted,0,32,0.0
1.0,2.8453972064739466,0.05998322604537682,0.15053171983865044,2.830943196371004,0.06145479024943311,0.7889061523941002,10613,extended_audit,0.5,18,8,0.25,14,144,140,0.9722222222222222,False,0.0,risk_weighted,0,32,0.0
1.0,2.843970367241494,0.0601171824948456,0.157565415244596,2.835261567816638,0.06092332766439909,0.7853685008900104,10614,extended_audit,0.5,18,8,0.25,14,144,139,0.9652777777777778,False,0.0,risk_weighted,0,32,0.0
1.0,2.8447221406640852,0.05997621878715815,0.14942528735632177,2.830941454551184,0.06125992063492064,0.7863143381247578,10615,extended_audit,0.5,18,8,0.25,14,144,138,0.9513888888888888,False,0.0,risk_weighted,1,32,0.03125
1.0,2.834188502593218,0.061347743165924985,0.18104118104118094,2.8056403362232856,0.06439554988662133,0.7646005856442657,10616,extended_audit,0.5,18,8,0.25,14,144,138,0.9375,False,0.0,risk_weighted,3,32,0.09375
1.0,2.857011468205506,0.05896978795271157,0.13812785388127846,2.840066596658046,0.06072845804988662,0.764863615662461,10617,extended_audit,0.5,18,8,0.25,14,144,141,0.9791666666666666,False,0.0,risk_weighted,0,32,0.0
1.0,2.842814700771093,0.060260293818321146,0.16013071895424824,2.8144995800171975,0.06350977891156462,0.7791527993289981,10618,extended_audit,0.5,18,8,0.25,14,144,139,0.9513888888888888,False,0.0,risk_weighted,2,32,0.0625
1.0,2.8687298226467144,0.05782496881932871,0.10944998154300478,2.855792967378786,0.059222647392290245,0.7815959731856706,10619,extended_audit,0.5,18,8,0.25,14,144,143,0.9930555555555556,False,0.0,risk_weighted,0,32,0.0
1.0,2.837408295472824,0.06077611128116178,0.1685372240927796,2.825095714189028,0.06196853741496599,0.7641280843889242,10620,extended_audit,0.5,18,8,0.25,14,144,138,0.9513888888888888,False,0.0,risk_weighted,1,32,0.03125
1.0,2.8517111779510533,0.059529072997086464,0.14945753834642717,2.8447418295840685,0.060498157596371886,0.7873743257747098,10621,extended_audit,0.5,18,8,0.25,14,144,142,0.9861111111111112,False,0.0,risk_weighted,0,32,0.0
1.0,2.8376317697505264,0.06078104887755223,0.16933944253531874,2.8236487251674807,0.06226969954648526,0.7968981148501887,10622,extended_audit,0.5,18,8,0.25,14,144,140,0.9722222222222222,False,0.0,risk_weighted,0,32,0.0
1.0,2.8432352816381363,0.0602311206664875,0.15828779599271403,2.8354602209046313,0.06090561224489796,0.7459935348171963,10623,extended_audit,0.5,18,8,0.25,14,144,135,0.9375,False,0.0,risk_weighted,0,32,0.0
1.0,2.8552874797976977,0.059196566358024685,0.14081790123456783,2.8405907698461643,0.06083475056689342,0.7687784971668434,10624,extended_audit,0.5,18,8,0.25,14,144,139,0.9513888888888888,False,0.0,risk_weighted,2,32,0.0625
1.0,2.830975452904256,0.061561579051590584,0.18448995070155472,2.816566217357979,0.06292517006802721,0.7469444465675421,10625,extended_audit,0.5,18,8,0.25,14,144,138,0.9513888888888888,False,0.0,risk_weighted,1,32,0.03125
1.0,2.85184443523948,0.059367206220353075,0.14219114219114215,2.832610322023945,0.06125992063492063,0.811893547065328,10626,extended_audit,0.5,18,8,0.25,14,144,140,0.9722222222222222,False,0.0,risk_weighted,0,32,0.0
1.0,2.8403569688373276,0.060595538846517645,0.1693579392541329,2.822959849267514,0.062358276643990934,0.7648806807742278,10627,extended_audit,0.5,18,8,0.25,14,144,140,0.9583333333333334,False,0.0,risk_weighted,2,32,0.0625
1.0,2.8588672386477914,0.05867925401453098,0.12887377173091452,2.8367490137759432,0.061313066893424036,0.7968484879695498,10628,extended_audit,0.5,18,8,0.25,14,144,141,0.9791666666666666,False,0.0,risk_weighted,0,32,0.0
1.0,2.859777295788091,0.05875323182993393,0.13465160075329563,2.85346195587119,0.05936437074829932,0.7691608685009771,10629,extended_audit,0.5,18,8,0.25,14,144,143,0.9722222222222222,False,0.0,risk_weighted,3,32,0.09375
1.0,2.8167389907009746,0.06244896589523607,0.18673355629877375,2.7962968528015364,0.06457270408163265,0.6661416895563895,10630,extended_audit,0.75,18,8,0.25,14,144,137,0.9236111111111112,False,0.0,risk_weighted,4,32,0.125
1.0,2.800326015245938,0.06406181231356056,0.21367521367521358,2.76441095562048,0.06799178004535149,0.732713550770491,10631,extended_audit,0.75,18,8,0.25,14,144,131,0.9097222222222222,False,0.0,risk_weighted,0,32,0.0
1.0,2.812337015436113,0.0625433847008191,0.1844293272864701,2.795310676850793,0.06423611111111112,0.758733341946897,10632,extended_audit,0.75,18,8,0.25,14,144,135,0.9375,False,0.0,risk_weighted,0,32,0.0
1.0,2.8255024392790107,0.061733090233889995,0.1793013749535488,2.807467689173339,0.06350977891156465,0.7243365457204489,10633,extended_audit,0.75,18,8,0.25,14,144,135,0.9375,False,0.0,risk_weighted,0,32,0.0
1.0,2.7998362150610254,0.06364698753462604,0.20211988304093564,2.779795665101526,0.06583049886621314,0.6735228986765368,10634,extended_audit,0.75,18,8,0.25,14,144,134,0.9166666666666666,False,0.0,risk_weighted,2,32,0.0625
1.0,2.8210674055256053,0.0621593621908923,0.18456375838926165,2.7999629407756728,0.06436011904761905,0.7078338904239548,10635,extended_audit,0.75,18,8,0.25,14,144,136,0.9305555555555556,False,0.0,risk_weighted,2,32,0.0625
1.0,2.8071359482670615,0.06301517949641908,0.1905294556301267,2.7933458782244824,0.0641829648526077,0.7407984260074195,10636,extended_audit,0.75,18,8,0.25,14,144,133,0.9236111111111112,False,0.0,risk_weighted,0,32,0.0
1.0,2.8302258856130544,0.06147748355540563,0.17929292929292928,2.8200972197820455,0.062411422902494317,0.6954381350872336,10637,extended_audit,0.75,18,8,0.25,14,144,136,0.9305555555555556,False,0.0,risk_weighted,2,32,0.0625
1.0,2.784473821590998,0.06452269489110524,0.20088427527873898,2.7606780893288785,0.06694657029478458,0.7451613679358816,10638,extended_audit,0.75,18,8,0.25,14,144,129,0.8958333333333334,True,0.0,risk_weighted,0,32,0.0
1.0,2.7969592908393555,0.06409421529563691,0.2135474344776671,2.785018398892467,0.06508645124716553,0.7130867409009382,10639,extended_audit,0.75,18,8,0.25,14,144,133,0.9027777777777778,False,0.0,risk_weighted,3,32,0.09375
1.0,2.8341614741507404,0.06094406216943684,0.16558791801510253,2.82669174638922,0.061561082766439915,0.6960073724509734,10640,extended_audit,0.75,18,8,0.25,14,144,136,0.9444444444444444,False,0.0,risk_weighted,0,32,0.0
1.0,2.8090564874111523,0.06302786555587475,0.19679849340866284,2.7938349326160457,0.06439554988662131,0.7236738195422913,10641,extended_audit,0.75,18,8,0.25,14,144,134,0.9097222222222222,False,0.0,risk_weighted,3,32,0.09375
1.0,2.7975749495063233,0.06385220483471224,0.2020376778162245,2.771654579383852,0.06643282312925171,0.7243940924257676,10642,extended_audit,0.75,18,8,0.25,14,144,138,0.9027777777777778,False,0.0,risk_weighted,8,32,0.25
1.0,2.820113284393416,0.06217987983682832,0.18471720818291204,2.783637583550945,0.06620252267573697,0.7758467200076411,10643,extended_audit,0.75,18,8,0.25,14,144,133,0.9236111111111112,False,0.0,risk_weighted,0,32,0.0
1.0,2.821771794719642,0.06194198812422574,0.17683369644153957,2.8079472161219905,0.06326176303854876,0.6856384223121021,10644,extended_audit,0.75,18,8,0.25,14,144,133,0.9236111111111112,False,0.0,risk_weighted,0,32,0.0
1.0,2.8208859466991005,0.062180423666910165,0.18993993993993996,2.796525194520277,0.06494472789115646,0.697302787363193,10645,extended_audit,0.75,18,8,0.25,14,144,132,0.9097222222222222,False,0.0,risk_weighted,1,32,0.03125
1.0,2.8046657115503626,0.06323470267164608,0.18888888888888888,2.786673503547659,0.06487386621315193,0.6538112718016471,10646,extended_audit,0.75,18,8,0.25,14,144,130,0.9027777777777778,False,0.0,risk_weighted,0,32,0.0
1.0,2.799932209511956,0.06346906765963051,0.19703960015378708,2.771904152705025,0.0665391156462585,0.6823955238139877,10647,extended_audit,0.75,18,8,0.25,14,144,134,0.8819444444444444,True,0.0,risk_weighted,7,32,0.21875
1.0,2.8214664010701562,0.06212727766559205,0.18881252386407033,2.8035570861275785,0.06379322562358278,0.7554597107444528,10648,extended_audit,0.75,18,8,0.25,14,144,136,0.9305555555555556,False,0.0,risk_weighted,2,32,0.0625
1.0,2.8198956047080896,0.06202563670096137,0.18145743145743154,2.801240359772954,0.06420068027210885,0.6690444394412404,10649,extended_audit,0.75,18,8,0.25,14,144,135,0.9375,False,0.0,risk_weighted,0,32,0.0
1.0,2.7961449484722247,0.06418621870516913,0.2105064247921391,2.771240179582793,0.06691113945578231,0.7214014292375599,10650,extended_audit,0.75,18,8,0.25,14,144,132,0.8958333333333334,True,0.0,risk_weighted,3,32,0.09375
1.0,2.80951246467008,0.06316575696638896,0.2047080979284368,2.791393636595365,0.06538761337868482,0.7248295329741073,10651,extended_audit,0.75,18,8,0.25,14,144,138,0.9236111111111112,False,0.0,risk_weighted,5,32,0.15625
1.0,2.8144728376807824,0.06282927484032617,0.19899665551839463,2.799269452908204,0.06430697278911565,0.7232139339769956,10652,extended_audit,0.75,18,8,0.25,14,144,132,0.9097222222222222,False,0.0,risk_weighted,1,32,0.03125
1.0,2.777672070158204,0.0654241630672607,0.22502805836139173,2.7504811187905207,0.06852324263038549,0.6457439015808292,10653,extended_audit,0.75,18,8,0.25,14,144,128,0.8819444444444444,True,0.0,risk_weighted,1,32,0.03125
1.0,2.808687304178445,0.06289197842199905,0.1905813097866078,2.7861095379331737,0.0653876133786848,0.692722185083562,10654,extended_audit,0.75,18,8,0.25,14,144,140,0.9375,False,0.0,risk_weighted,5,32,0.15625
1.0,2.81425192930071,0.06266057511421662,0.18888888888888888,2.7964442722816965,0.06457270408163265,0.6889442663100088,10655,extended_audit,0.75,18,8,0.25,14,144,137,0.9305555555555556,False,0.0,risk_weighted,3,32,0.09375
1.0,2.812602831971401,0.06254463830221406,0.18761690983913204,2.788055539559623,0.0653876133786848,0.7113991398402449,10656,extended_audit,0.75,18,8,0.25,14,144,133,0.9027777777777778,False,0.0,risk_weighted,3,32,0.09375
1.0,2.787754715474131,0.06484267513786199,0.22054998141954663,2.765448858444261,0.06731859410430838,0.6559464476851022,10657,extended_audit,0.75,18,8,0.25,14,144,130,0.9027777777777778,False,0.0,risk_weighted,0,32,0.0
1.0,2.8148928433807234,0.06253157753292127,0.19398907103825125,2.7955773177309564,0.0645904195011338,0.7007254494244726,10658,extended_audit,0.75,18,8,0.25,14,144,135,0.9236111111111112,False,0.0,risk_weighted,2,32,0.0625
1.0,2.830408451364415,0.06126853068117845,0.17503805175038045,2.808450485080004,0.06347434807256236,0.7575466160856171,10659,extended_audit,0.75,18,8,0.25,14,144,139,0.9375,False,0.0,risk_weighted,4,32,0.125
1.0,2.7889255536531836,0.06479793290902786,0.21943515421776283,2.7677535283369328,0.06699971655328799,0.676667183084705,10660,extended_audit,0.9,18,8,0.25,14,144,131,0.875,True,0.0,risk_weighted,5,32,0.15625
1.0,2.74910373658603,0.06720233747260775,0.23310810810810811,2.7357127803494516,0.06829294217687076,0.6715071898604412,10661,extended_audit,0.9,18,8,0.25,14,144,129,0.8472222222222222,True,0.0,risk_weighted,7,32,0.21875
1.0,2.756577836816233,0.06689726150940593,0.22710821570756412,2.743274093390728,0.06811578798185942,0.5815277811454805,10662,extended_audit,0.9,18,8,0.25,14,144,129,0.8402777777777778,True,0.0,risk_weighted,8,32,0.25
1.0,2.7630082357270758,0.06592642465314952,0.21760797342192695,2.741008256241515,0.06847009637188209,0.636171791500053,10663,extended_audit,0.9,18,8,0.25,14,144,129,0.8472222222222222,True,0.0,risk_weighted,7,32,0.21875
1.0,2.773975162718654,0.06547288392205558,0.219105243857719,2.7555046606867735,0.0673717403628118,0.6041499777352821,10664,extended_audit,0.9,18,8,0.25,14,144,131,0.8819444444444444,True,0.0,risk_weighted,4,32,0.125
1.0,2.7846940100265254,0.0641847152804477,0.19970951343500354,2.7734319654009565,0.06526360544217687,0.649811456228745,10665,extended_audit,0.9,18,8,0.25,14,144,136,0.8958333333333334,True,0.0,risk_weighted,7,32,0.21875
1.0,2.795449751785496,0.06377855415210966,0.192167577413479,2.7804497834015898,0.06536989795918367,0.6892284449103556,10666,extended_audit,0.9,18,8,0.25,14,144,132,0.9027777777777778,False,0.0,risk_weighted,2,32,0.0625
1.0,2.765216655895522,0.06572080171922284,0.2178072111846947,2.7501846328713224,0.06728316326530613,0.6603881723152746,10667,extended_audit,0.9,18,8,0.25,14,144,126,0.875,True,0.0,risk_weighted,0,32,0.0
1.0,2.7520557379493606,0.06648349173460656,0.2188665175242357,2.7378445673569707,0.06781462585034014,0.6820456257924444,10668,extended_audit,0.9,18,8,0.25,14,144,123,0.8541666666666666,True,0.0,risk_weighted,0,32,0.0
1.0,2.7702842475096876,0.06553289284688309,0.20696798493408664,2.7439045339597476,0.06859410430839002,0.6943156327604288,10669,extended_audit,0.9,18,8,0.25,14,144,130,0.8680555555555556,True,0.0,risk_weighted,5,32,0.15625
1.0,2.759700609494234,0.0666056704680369,0.22863953061972864,2.7474509734572092,0.06761975623582767,0.6502843069729997,10670,extended_audit,0.9,18,8,0.25,14,144,125,0.8680555555555556,True,0.0,risk_weighted,0,32,0.0
1.0,2.763199222616845,0.06618004363064899,0.22061450518042158,2.752186309895991,0.06721230158730158,0.5898882028863403,10671,extended_audit,0.9,18,8,0.25,14,144,125,0.8680555555555556,True,0.0,risk_weighted,0,32,0.0
1.0,2.7508047831757043,0.06663236429122715,0.2235228539576366,2.7389148316219565,0.0676374716553288,0.6385828068302121,10672,extended_audit,0.9,18,8,0.25,14,144,125,0.8680555555555556,True,0.0,risk_weighted,0,32,0.0
1.0,2.7456100828073535,0.06725582211306522,0.23436350257542315,2.724570867453135,0.06972789115646259,0.6405650210198305,10673,extended_audit,0.9,18,8,0.25,14,144,123,0.8541666666666666,True,0.0,risk_weighted,0,32,0.0
1.0,2.7525783798191967,0.06726071035835345,0.2411148522259634,2.7380410835289175,0.06861181972789115,0.6373467409916073,10674,extended_audit,0.9,18,8,0.25,14,144,128,0.8472222222222222,True,0.0,risk_weighted,6,32,0.1875
1.0,2.7810895057325453,0.06497720775708879,0.2120708748615725,2.7628493078372998,0.06687570861678004,0.6702878372746867,10675,extended_audit,0.9,18,8,0.25,14,144,135,0.8888888888888888,True,0.0,risk_weighted,7,32,0.21875
1.0,2.76486882886828,0.06620731311730294,0.22649572649572658,2.74215364352567,0.06866496598639456,0.666309477064467,10676,extended_audit,0.9,18,8,0.25,14,144,126,0.875,True,0.0,risk_weighted,0,32,0.0
1.0,2.7788897437528344,0.06525614561831487,0.2222222222222221,2.7566696487190505,0.06753117913832199,0.7192238382302447,10677,extended_audit,0.9,18,8,0.25,14,144,128,0.8888888888888888,True,0.0,risk_weighted,0,32,0.0
1.0,2.764633107744843,0.06644905040175311,0.2323573573573574,2.744199787707392,0.06845238095238095,0.6764652969200134,10678,extended_audit,0.9,18,8,0.25,14,144,130,0.8680555555555556,True,0.0,risk_weighted,5,32,0.15625
1.0,2.74125480778396,0.06754130223517979,0.23620559334845037,2.721170155180806,0.06965702947845806,0.6462800833022325,10679,extended_audit,0.9,18,8,0.25,14,144,126,0.8402777777777778,True,0.0,risk_weighted,5,32,0.15625
1.0,2.802685145009879,0.06312778703661998,0.1927665920954511,2.7752016483942588,0.0663796768707483,0.6986563634402198,10680,extended_audit,0.9,18,8,0.25,14,144,135,0.8958333333333334,True,0.0,risk_weighted,6,32,0.1875
0.9444444444444444,2.7276595201233573,0.06796991126525832,0.23937360178970923,2.711220316697166,0.06979875283446713,0.6247179185367152,10681,extended_audit,0.9,18,8,0.25,14,144,134,0.8472222222222222,True,0.01329853343276163,risk_weighted,12,32,0.375
1.0,2.789140244347794,0.06447572536627406,0.21525423728813564,2.7647458698862,0.06723001700680271,0.7079633734076266,10682,extended_audit,0.9,18,8,0.25,14,144,134,0.8888888888888888,True,0.0,risk_weighted,6,32,0.1875
1.0,2.726706802074756,0.06821167198348657,0.2404870624048705,2.696441110282675,0.07194231859410431,0.6411036062196548,10683,extended_audit,0.9,18,8,0.25,14,144,124,0.8402777777777778,True,0.0,risk_weighted,3,32,0.09375
1.0,2.7698905690272095,0.06548649584487536,0.20906432748538006,2.7598939671932525,0.0662733843537415,0.6432998954547823,10684,extended_audit,0.9,18,8,0.25,14,144,126,0.875,True,0.0,risk_weighted,0,32,0.0
1.0,2.748751248544738,0.06686110258322005,0.22958057395143494,2.735946852886336,0.06808035714285714,0.6479732654077099,10685,extended_audit,0.9,18,8,0.25,14,144,124,0.8611111111111112,True,0.0,risk_weighted,0,32,0.0
1.0,2.7605345798636765,0.06654634642972836,0.229402872260015,2.741822129168269,0.06829294217687075,0.665491864672631,10686,extended_audit,0.9,18,8,0.25,14,144,135,0.8541666666666666,True,0.0,risk_weighted,12,32,0.375
1.0,2.7929586722210433,0.06420000000000001,0.2081481481481482,2.776222944067014,0.06581278344671201,0.6664127426885099,10687,extended_audit,0.9,18,8,0.25,14,144,128,0.8888888888888888,True,0.0,risk_weighted,0,32,0.0
1.0,2.774539802320866,0.06530832993013322,0.21244001476559604,2.755844992924829,0.06724773242630386,0.6099000377990513,10688,extended_audit,0.9,18,8,0.25,14,144,128,0.8611111111111112,True,0.0,risk_weighted,4,32,0.125
1.0,2.753087515680133,0.06686635737128958,0.23937360178970923,2.7283450665018916,0.06971017573696145,0.597678474343602,10689,extended_audit,0.9,18,8,0.25,14,144,126,0.875,True,0.0,risk_weighted,0,32,0.0
0.9444444444444444,2.6742917471449266,0.07205380665056028,0.2851335656213705,2.6501612892261175,0.07477678571428571,0.6290103492591727,10690,extended_audit,0.98,18,8,0.25,14,144,134,0.7777777777777778,True,0.0158407536456317,risk_weighted,22,32,0.6875
1.0,2.7286871188179083,0.06811856974194636,0.24025974025974017,2.7184507543210565,0.06909013605442177,0.5740148145811858,10691,extended_audit,0.98,18,8,0.25,14,144,126,0.8402777777777778,True,0.0,risk_weighted,5,32,0.15625
1.0,2.7391318316096602,0.06778219909533041,0.2418630751964086,2.7199346163540143,0.06978103741496598,0.6378512788446661,10692,extended_audit,0.98,18,8,0.25,14,144,123,0.8541666666666666,True,0.0,risk_weighted,0,32,0.0
1.0,2.738208320516913,0.06733930904013333,0.22818791946308714,2.7222698369517784,0.06898384353741498,0.6779079652570908,10693,extended_audit,0.98,18,8,0.25,14,144,121,0.8402777777777778,True,0.0,risk_weighted,0,32,0.0
1.0,2.743833371893572,0.06774469618485654,0.24757643549589847,2.7214780195921855,0.07024163832199547,0.6217823666869963,10694,extended_audit,0.98,18,8,0.25,14,144,123,0.8541666666666666,True,0.0,risk_weighted,0,32,0.0
1.0,2.7170768471756324,0.06889152666179693,0.2466216216216215,2.701443546879786,0.0704187925170068,0.602153212236381,10695,extended_audit,0.98,18,8,0.25,14,144,119,0.8263888888888888,True,0.0,risk_weighted,0,32,0.0
1.0,2.758327085066245,0.0663843768800037,0.22826908541194246,2.7394978970102497,0.06838151927437641,0.6830389333475213,10696,extended_audit,0.98,18,8,0.25,14,144,124,0.8611111111111112,True,0.0,risk_weighted,0,32,0.0
1.0,2.7325915093151183,0.0677314687324146,0.23933102652825844,2.7100731942079204,0.0702062074829932,0.7324565446024707,10697,extended_audit,0.98,18,8,0.25,14,144,121,0.8402777777777778,True,0.0,risk_weighted,0,32,0.0
1.0,2.739925535245329,0.06778070882219843,0.2390180878552972,2.722804647707382,0.06946215986394558,0.5657378742303816,10698,extended_audit,0.98,18,8,0.25,14,144,122,0.8472222222222222,True,0.0,risk_weighted,0,32,0.0
1.0,2.7580422089421255,0.0664490504017531,0.22635135135135132,2.7328359447246595,0.06921414399092972,0.6327586474657044,10699,extended_audit,0.98,18,8,0.25,14,144,123,0.8472222222222222,True,0.0,risk_weighted,1,32,0.03125
1.0,2.7604048147848874,0.06651248738790826,0.22951739618406286,2.735285636543985,0.06928500566893424,0.6585371588372693,10700,extended_audit,0.98,18,8,0.25,14,144,130,0.875,True,0.0,risk_weighted,4,32,0.125
1.0,2.7192717749255393,0.0692051746508909,0.2578653922739944,2.688633467834936,0.07238520408163267,0.6879547708778405,10701,extended_audit,0.98,18,8,0.25,14,144,125,0.8263888888888888,True,0.0,risk_weighted,6,32,0.1875
0.9444444444444444,2.703872983346668,0.06921979326645536,0.2458745874587458,2.700436810087252,0.06933815192743764,0.6125675779133273,10702,extended_audit,0.98,18,8,0.25,14,144,133,0.8194444444444444,True,0.013659699303263662,risk_weighted,15,32,0.46875
1.0,2.718291853579039,0.0691180695202528,0.25555555555555554,2.6941261642248993,0.07194231859410431,0.6155945438883502,10703,extended_audit,0.98,18,8,0.25,14,144,120,0.8333333333333334,True,0.0,risk_weighted,0,32,0.0
1.0,2.7198282522213577,0.0685491234477721,0.23836336336336328,2.696455736690876,0.07139314058956917,0.647164908083906,10704,extended_audit,0.98,18,8,0.25,14,144,120,0.8333333333333334,True,0.0,risk_weighted,0,32,0.0
1.0,2.7272940290408574,0.06833668486067224,0.23935969868173257,2.7046651498640175,0.07087939342403629,0.6399496605067808,10705,extended_audit,0.98,18,8,0.25,14,144,131,0.8402777777777778,True,0.0,risk_weighted,10,32,0.3125
1.0,2.7533009478710673,0.06708680142687277,0.2398467432950191,2.736222398174974,0.06861181972789117,0.6874307851551134,10706,extended_audit,0.98,18,8,0.25,14,144,122,0.8472222222222222,True,0.0,risk_weighted,0,32,0.0
1.0,2.7151275907845127,0.06890652421054956,0.2397563676633443,2.7005679252695836,0.07043650793650794,0.6050064604930525,10707,extended_audit,0.98,18,8,0.25,14,144,118,0.8194444444444444,True,0.0,risk_weighted,0,32,0.0
1.0,2.72751389271989,0.06841705494904148,0.2482229704451926,2.714468108897947,0.06965702947845806,0.6682946621166795,10708,extended_audit,0.98,18,8,0.25,14,144,121,0.8402777777777778,True,0.0,risk_weighted,0,32,0.0
1.0,2.70802405159197,0.06956834297291116,0.25357535753575355,2.6876943272245457,0.07199546485260772,0.5804215026089561,10709,extended_audit,0.98,18,8,0.25,14,144,130,0.7986111111111112,True,0.0,risk_weighted,15,32,0.46875
1.0,2.7351183613896306,0.06786666666666669,0.23703703703703694,2.7134999081588993,0.0703656462585034,0.6164900744555931,10710,extended_audit,0.98,18,8,0.25,14,144,127,0.8402777777777778,True,0.0,risk_weighted,6,32,0.1875
0.9444444444444444,2.7478088978639157,0.06634153980380532,0.22426607209215899,2.7323155262034655,0.06795634920634921,0.6387808423296405,10711,extended_audit,0.98,18,8,0.25,14,144,135,0.8680555555555556,True,0.012459226227342171,risk_weighted,10,32,0.3125
1.0,2.740457729727619,0.06753990014487375,0.23625528642829674,2.7111606926103247,0.07103883219954649,0.6625682681313922,10712,extended_audit,0.98,18,8,0.25,14,144,123,0.8541666666666666,True,0.0,risk_weighted,0,32,0.0
1.0,2.7745943465543257,0.06557306094182826,0.22112573099415211,2.7572210692649994,0.06733630952380952,0.6136722254980752,10713,extended_audit,0.98,18,8,0.25,14,144,128,0.8680555555555556,True,0.0,risk_weighted,3,32,0.09375
1.0,2.7553596839924106,0.06707853209310935,0.2407407407407407,2.733173054924517,0.06924957482993198,0.6752150766232671,10714,extended_audit,0.98,18,8,0.25,14,144,126,0.8680555555555556,True,0.0,risk_weighted,1,32,0.03125
1.0,2.7274461845647955,0.06826128157370193,0.24440777411074444,2.7059964533783614,0.07084396258503402,0.5290973393663113,10715,extended_audit,0.98,18,8,0.25,14,144,121,0.8402777777777778,True,0.0,risk_weighted,0,32,0.0
1.0,2.7373968717564106,0.06784210282752558,0.2369614512471656,2.7214029217019946,0.06928500566893424,0.6557022407673915,10716,extended_audit,0.98,18,8,0.25,14,144,124,0.8263888888888888,True,0.0,risk_weighted,5,32,0.15625
0.8888888888888888,2.6769778509341506,0.07052942757323301,0.2573770491803278,2.654792356524259,0.07373157596371882,0.5526986740048938,10717,extended_audit,0.98,18,8,0.25,14,144,132,0.8055555555555556,True,0.02859744990892532,risk_weighted,16,32,0.5
0.8888888888888888,2.6689569047096233,0.07098765432098766,0.26350308641975295,2.660395918286443,0.07183602607709752,0.6839766067024634,10718,extended_audit,0.98,18,8,0.25,14,144,137,0.7986111111111112,True,0.029278120713305898,risk_weighted,22,32,0.6875
1.0,2.7374901057561596,0.06781866325785246,0.234984984984985,2.72063697155703,0.06958616780045351,0.6732257405605298,10719,extended_audit,0.98,18,8,0.25,14,144,132,0.8472222222222222,True,0.0,risk_weighted,10,32,0.3125
0.9,3.112386377520634,0.047616917036722176,0.3657748049052396,3.076485217943323,0.050701530612244895,0.7161108012189407,10720,homogeneous,0.0,30,6,0.35,14,180,133,0.7388888888888889,True,0.03657748049052395,none,0,0,
0.9666666666666667,3.130118151239023,0.04715223997647289,0.3519251925192519,3.1102396069251417,0.04839852607709751,0.6935175737059681,10721,homogeneous,0.0,30,6,0.35,14,180,131,0.7277777777777777,True,0.011730839750641727,none,0,0,
0.8666666666666667,3.119545520670371,0.04637777777777778,0.34266666666666645,3.1046735315466845,0.04733560090702948,0.7350642340347774,10722,homogeneous,0.0,30,6,0.35,14,180,134,0.7444444444444445,True,0.04568888888888885,none,0,0,
0.9666666666666667,3.1221677132552537,0.047288363343187305,0.3537704918032787,3.101069424721096,0.04877054988662131,0.666546431843362,10723,homogeneous,0.0,30,6,0.35,14,180,133,0.7388888888888889,True,0.011792349726775954,none,0,0,
0.9333333333333333,3.1173076063148333,0.047420470826684075,0.36188850967007946,3.0758719887625063,0.05109126984126985,0.7170751359480282,10724,homogeneous,0.0,30,6,0.35,14,180,131,0.7277777777777777,True,0.02412590064467196,none,0,0,
0.9666666666666667,3.1386135368482746,0.046323352289984396,0.3386192017259977,3.120903738290328,0.04758361678004535,0.6852139904149742,10725,homogeneous,0.0,30,6,0.35,14,180,134,0.7444444444444445,True,0.011287306724199921,none,0,0,
0.8666666666666667,3.095216036341703,0.04748185971513034,0.34939890710382504,3.0773595230708786,0.04884141156462585,0.6687420167132241,10726,homogeneous,0.0,30,6,0.35,14,180,131,0.7277777777777777,True,0.04658652094717666,none,0,0,
0.8666666666666667,3.0864874699277025,0.04794829061753975,0.3574944071588366,3.0714927450806533,0.04891227324263039,0.7239040384320243,10727,homogeneous,0.0,30,6,0.35,14,180,129,0.7166666666666667,True,0.04766592095451154,none,0,0,
0.9,3.1243297915966473,0.0467546506914103,0.34787472035794176,3.1064291506207082,0.04790249433106576,0.7428786651832021,10728,homogeneous,0.0,30,6,0.35,14,180,134,0.7444444444444445,True,0.034787472035794166,none,0,0,
0.9666666666666667,3.1314395533054773,0.047053856258209785,0.35730593607305927,3.095410852055214,0.049727182539682536,0.7051942071355763,10729,homogeneous,0.0,30,6,0.35,14,180,135,0.75,True,0.011910197869101974,none,0,0,
0.9,3.121848860024444,0.04725164353542732,0.36373873873873874,3.0945088293963163,0.04924886621315192,0.7295607092742177,10730,homogeneous,0.0,30,6,0.35,14,180,131,0.7277777777777777,True,0.03637387387387386,none,0,0,
0.8666666666666667,3.090908038465916,0.04786299929530989,0.3608695652173912,3.07046370659325,0.049390589569160995,0.7012099111934126,10731,homogeneous,0.0,30,6,0.35,14,180,129,0.7166666666666667,True,0.04811594202898548,none,0,0,
0.9,3.124386994995981,0.046846400018894445,0.3501718213058418,3.0998502557728256,0.048522534013605435,0.7316960281097784,10732,homogeneous,0.0,30,6,0.35,14,180,133,0.7388888888888889,True,0.03501718213058417,none,0,0,
0.9,3.127587087474509,0.04668107367650358,0.352004581901489,3.0955960152999973,0.04908942743764172,0.7169192209558766,10733,homogeneous,0.0,30,6,0.35,14,180,133,0.7388888888888889,True,0.03520045819014889,none,0,0,
0.9,3.1295455478866234,0.046699263805035265,0.3518272425249169,3.1115316107396933,0.04792020975056689,0.7156275076907743,10734,homogeneous,0.0,30,6,0.35,14,180,135,0.75,True,0.035182724252491686,none,0,0,
0.8666666666666667,3.080956794561954,0.04830928468049647,0.36445916114790267,3.066700834214009,0.04931972789115646,0.706441007393601,10735,homogeneous,0.0,30,6,0.35,14,180,127,0.7055555555555556,True,0.048594554819720345,none,0,0,
1.0,3.177544260775131,0.04482222222222223,0.3242222222222222,3.1489202390980013,0.04696357709750567,0.7272836542440189,10736,homogeneous,0.0,30,6,0.35,14,180,137,0.7611111111111111,True,0.0,none,0,0,
0.9666666666666667,3.1459306301438685,0.04636139517896275,0.34864864864864864,3.120324632402762,0.048079648526077094,0.7310390918126677,10737,homogeneous,0.0,30,6,0.35,14,180,132,0.7333333333333333,True,0.01162162162162162,none,0,0,
0.9,3.106658950025708,0.047580178893310204,0.35858585858585856,3.081644714123312,0.04939058956916099,0.6996927956372817,10738,homogeneous,0.0,30,6,0.35,14,180,132,0.7333333333333333,True,0.03585858585858585,none,0,0,
0.9,3.1100730008105897,0.04745737135958955,0.36430260047281315,3.0569177462383075,0.05220734126984127,0.7410851601730215,10739,homogeneous,0.0,30,6,0.35,14,180,132,0.7333333333333333,True,0.03643026004728131,none,0,0,
0.9333333333333333,3.12616861050501,0.047051867777479175,0.3555191256830601,3.110275180450615,0.04809736394557823,0.719798825892909,10740,homogeneous,0.0,30,6,0.35,14,180,134,0.7444444444444445,True,0.023701275045537335,none,0,0,
0.9666666666666667,3.1516351576152344,0.04615914966963516,0.3461016949152542,3.1200325706334886,0.04839852607709751,0.7230335406098253,10741,homogeneous,0.0,30,6,0.35,14,180,136,0.7555555555555555,True,0.011536723163841805,none,0,0,
0.9,3.084867377048778,0.04845733984487217,0.3684745762711863,3.0535911104298537,0.05105583900226757,0.6556524293787735,10742,homogeneous,0.0,30,6,0.35,14,180,127,0.7055555555555556,True,0.03684745762711862,none,0,0,
1.0,3.1865069695988084,0.044907887032115665,0.3275167785234898,3.1640255957434347,0.046201814058956917,0.753223916604907,10743,homogeneous,0.0,30,6,0.35,14,180,138,0.7666666666666667,True,0.0,none,0,0,
0.9,3.1404162954640125,0.045856998718951575,0.33793490460157116,3.113870678050445,0.047796201814058956,0.7131094831033864,10744,homogeneous,0.0,30,6,0.35,14,180,135,0.75,True,0.03379349046015711,none,0,0,
0.9333333333333333,3.11375414191727,0.04703218535788505,0.34051446945337616,3.104876971037596,0.04751275510204082,0.6830335577112905,10745,homogeneous,0.0,30,6,0.35,14,180,130,0.7222222222222222,True,0.02270096463022507,none,0,0,
0.9666666666666667,3.161272427209996,0.045377777777777774,0.3211111111111109,3.1393478244026674,0.046768707482993194,0.7168655275963508,10746,homogeneous,0.0,30,6,0.35,14,180,135,0.75,True,0.010703703703703694,none,0,0,
0.9,3.131779556913524,0.04637725069252077,0.3464912280701753,3.111985863928107,0.04786706349206349,0.7211229516009117,10747,homogeneous,0.0,30,6,0.35,14,180,135,0.75,True,0.03464912280701752,none,0,0,
0.9,3.1099691759735952,0.04755750546996338,0.3606060606060606,3.0859765487161783,0.049284297052154195,0.7150193501513744,10748,homogeneous,0.0,30,6,0.35,14,180,131,0.7277777777777777,True,0.03606060606060605,none,0,0,
0.9,3.10927386202144,0.04741736092448267,0.3579234972677594,3.0925481027000887,0.0486111111111111,0.726679119499238,10749,homogeneous,0.0,30,6,0.35,14,180,131,0.7277777777777777,True,0.03579234972677593,none,0,0,
0.9666666666666667,3.154012323572497,0.04625776757430933,0.3460686600221483,3.1261032752965807,0.04825680272108844,0.686155423734159,10750,homogeneous,0.25,30,6,0.35,14,180,134,0.7444444444444445,True,0.011535622000738275,none,0,0,
0.8666666666666667,3.0894530525919617,0.04808962941683424,0.36418079096045197,3.064051557273492,0.05004606009070295,0.7369208106062234,10751,homogeneous,0.25,30,6,0.35,14,180,130,0.7222222222222222,True,0.04855743879472692,none,0,0,
0.9666666666666667,3.145507492514184,0.04665858725761773,0.3541666666666665,3.114728960424445,0.04905399659863945,0.6994726535387964,10752,homogeneous,0.25,30,6,0.35,14,180,134,0.7444444444444445,True,0.011805555555555548,none,0,0,
0.9666666666666667,3.135256528908733,0.0465005905012086,0.34141749723145054,3.1108781150752876,0.04834537981859411,0.7132167901940591,10753,homogeneous,0.25,30,6,0.35,14,180,134,0.7444444444444445,True,0.01138058324104835,none,0,0,
0.8666666666666667,3.1364187574308575,0.04600794566192489,0.34270152505446605,3.113851538317028,0.047778486394557826,0.6856987460290797,10754,homogeneous,0.25,30,6,0.35,14,180,137,0.7611111111111111,True,0.045693536673928795,none,0,0,
0.9333333333333333,3.1475033088368978,0.046006196798693534,0.34169453734671107,3.1227914763406885,0.04781391723356009,0.7073275665532215,10755,homogeneous,0.25,30,6,0.35,14,180,135,0.75,True,0.022779635823114066,none,0,0,
0.9,3.123119408436508,0.04668287017636283,0.34821222606689717,3.087721540955105,0.04951459750566894,0.7167807968825005,10756,homogeneous,0.25,30,6,0.35,14,180,131,0.7277777777777777,True,0.03482122260668971,none,0,0,
0.8666666666666667,3.1298432430235983,0.04611639840357879,0.3421633554083885,3.111261948156088,0.04744189342403628,0.7167749391325408,10757,homogeneous,0.25,30,6,0.35,14,180,135,0.75,True,0.04562178072111846,none,0,0,
0.9,3.108776922665637,0.04709661041268861,0.3434108527131783,3.087627243328145,0.04873511904761904,0.707759236753347,10758,homogeneous,0.25,30,6,0.35,14,180,131,0.7277777777777777,True,0.03434108527131782,none,0,0,
0.9333333333333333,3.151959569638727,0.04576189196452567,0.33868852459016385,3.132719486882439,0.04705215419501134,0.70381311319395,10759,homogeneous,0.25,30,6,0.35,14,180,135,0.75,True,0.022579234972677584,none,0,0,
0.9,3.099104365402659,0.04789263628788211,0.3649006622516555,3.081129260298528,0.04914257369614512,0.7274041900637424,10760,homogeneous,0.25,30,6,0.35,14,180,130,0.7222222222222222,True,0.03649006622516554,none,0,0,
0.9333333333333333,3.131030268476565,0.046894570525711006,0.35242937853107326,3.1032711163078917,0.04891227324263038,0.7065053694562602,10761,homogeneous,0.25,30,6,0.35,14,180,134,0.7444444444444445,True,0.023495291902071544,none,0,0,
0.9333333333333333,3.12707002114659,0.047140760035761196,0.3569213732004428,3.098875400651289,0.04928429705215419,0.6860820620422001,10762,homogeneous,0.25,30,6,0.35,14,180,133,0.7388888888888889,True,0.023794758213362847,none,0,0,
0.9666666666666667,3.2072307636058137,0.04355072145958511,0.3070640176600441,3.1877953748458454,0.04482001133786848,0.7625903324419215,10763,homogeneous,0.25,30,6,0.35,14,180,144,0.8,True,0.010235467255334802,none,0,0,
0.9666666666666667,3.14344455445246,0.046256382692824505,0.33803278688524574,3.1262966304741413,0.04733560090702947,0.6944367592799644,10764,homogeneous,0.25,30,6,0.35,14,180,135,0.75,True,0.011267759562841522,none,0,0,
0.8666666666666667,3.115841805371973,0.04672207246003959,0.3470457079152731,3.0898901699267314,0.04882369614512472,0.7244706907269104,10765,homogeneous,0.25,30,6,0.35,14,180,131,0.7277777777777777,True,0.04627276105536974,none,0,0,
0.9333333333333333,3.112322643595061,0.04766165926555631,0.3606465997770345,3.082980253646848,0.05013463718820861,0.7049431938131163,10766,homogeneous,0.25,30,6,0.35,14,180,130,0.7222222222222222,True,0.024043106651802294,none,0,0,
1.0,3.1841865737420583,0.04477291050792797,0.32535519125683043,3.1613673692806925,0.04643211451247165,0.7102634438697238,10767,homogeneous,0.25,30,6,0.35,14,180,139,0.7722222222222223,True,0.0,none,0,0,
0.8666666666666667,3.10594487886031,0.04743794812138566,0.36220735785953173,3.0813603814837927,0.0493374433106576,0.6799119240454372,10768,homogeneous,0.25,30,6,0.35,14,180,131,0.7277777777777777,True,0.04829431438127089,none,0,0,
0.9333333333333333,3.145102089743008,0.04594442520775623,0.3346491228070174,3.1175520275625876,0.0481327947845805,0.7130386114341825,10769,homogeneous,0.25,30,6,0.35,14,180,133,0.7388888888888889,True,0.02230994152046782,none,0,0,
0.9333333333333333,3.1438586011422456,0.0460067540897329,0.33620309050772623,3.11999039952627,0.04772534013605443,0.7071906078429366,10770,homogeneous,0.25,30,6,0.35,14,180,136,0.7555555555555555,True,0.022413539367181743,none,0,0,
0.9333333333333333,3.136784290823361,0.046278931612482394,0.3361774744027304,3.1100087669878236,0.04822137188208617,0.7571585344359227,10771,homogeneous,0.25,30,6,0.35,14,180,134,0.7444444444444445,True,0.022411831626848688,none,0,0,
0.9333333333333333,3.146556201564862,0.0459323160038776,0.33520352035203516,3.1302960302386644,0.04698129251700679,0.718933870278221,10772,homogeneous,0.25,30,6,0.35,14,180,134,0.7444444444444445,True,0.02234690135680234,none,0,0,
0.8666666666666667,3.0932395593081705,0.048032407407407406,0.3666666666666665,3.0490236600213723,0.05194160997732426,0.7449160705374803,10773,homogeneous,0.25,30,6,0.35,14,180,127,0.7055555555555556,True,0.04888888888888885,none,0,0,
0.9666666666666667,3.146829269429252,0.04605619146722166,0.33612903225806434,3.1289278143458654,0.04733560090702948,0.6995741731649687,10774,homogeneous,0.25,30,6,0.35,14,180,136,0.7555555555555555,True,0.011204301075268808,none,0,0,
0.8666666666666667,3.1326569864312,0.04604444444444444,0.34244444444444433,3.1092310462886945,0.04786706349206349,0.6856310130930429,10775,homogeneous,0.25,30,6,0.35,14,180,135,0.75,True,0.04565925925925923,none,0,0,
1.0,3.1820427189207887,0.04485454312443932,0.31917211328976025,3.1607723527907474,0.04627267573696145,0.6991319737871096,10776,homogeneous,0.25,30,6,0.35,14,180,140,0.7777777777777778,True,0.0,none,0,0,
0.9666666666666667,3.137953733646701,0.04667298413009617,0.34444444444444433,3.118767376558,0.04792020975056689,0.6876883109455262,10777,homogeneous,0.25,30,6,0.35,14,180,134,0.7444444444444445,True,0.011481481481481474,none,0,0,
0.9333333333333333,3.1375226506543346,0.04670960767532994,0.35078299776286337,3.1172265462074513,0.04795564058956916,0.7180975067736951,10778,homogeneous,0.25,30,6,0.35,14,180,133,0.7388888888888889,True,0.023385533184190885,none,0,0,
0.9333333333333333,3.116166799321827,0.0472216441207076,0.35118279569892463,3.1030792499753654,0.04811507936507937,0.7079527133983462,10779,homogeneous,0.25,30,6,0.35,14,180,133,0.7388888888888889,True,0.023412186379928302,none,0,0,
0.9666666666666667,3.1468024080634063,0.04611111111111112,0.3406666666666667,3.126798660916492,0.04735331632653061,0.7425144708901136,10780,homogeneous,0.5,30,6,0.35,14,180,134,0.7444444444444445,True,0.011355555555555553,none,0,0,
0.9666666666666667,3.140869811468866,0.046543103544703084,0.3492753623188405,3.1243835743046877,0.04747732426303855,0.7251074059011975,10781,homogeneous,0.5,30,6,0.35,14,180,135,0.75,True,0.01164251207729468,none,0,0,
0.9666666666666667,3.1638511522782817,0.04560599750104123,0.33854875283446706,3.132513107076819,0.0479202097505669,0.7318130697859155,10782,homogeneous,0.5,30,6,0.35,14,180,137,0.7611111111111111,True,0.011284958427815565,none,0,0,
0.8666666666666667,3.0859941258738095,0.048145392709108295,0.3613974799541808,3.0654343544116074,0.049567743764172334,0.7095475980039821,10783,homogeneous,0.5,30,6,0.35,14,180,129,0.7166666666666667,True,0.04818633066055743,none,0,0,
0.9666666666666667,3.152907149620861,0.04577580539119001,0.3277777777777777,3.139716283894071,0.04659155328798186,0.6652667800339717,10784,homogeneous,0.5,30,6,0.35,14,180,134,0.7444444444444445,True,0.010925925925925922,none,0,0,
0.9666666666666667,3.138632727298098,0.04654310354470308,0.3481605351170567,3.109924299565785,0.04866425736961451,0.715290255050676,10785,homogeneous,0.5,30,6,0.35,14,180,135,0.75,True,0.011605351170568554,none,0,0,
0.9333333333333333,3.1561835862324004,0.04543939801128728,0.32885245901639326,3.1418355052739875,0.04627267573696145,0.7003266501567028,10786,homogeneous,0.5,30,6,0.35,14,180,136,0.7555555555555555,True,0.021923497267759547,none,0,0,
0.9666666666666667,3.14895987133644,0.046756679115196785,0.3607909604519772,3.1122906727817163,0.04958545918367347,0.7384363549540119,10787,homogeneous,0.5,30,6,0.35,14,180,136,0.7555555555555555,True,0.012026365348399239,none,0,0,
1.0,3.195099362045849,0.044513857462941904,0.32170542635658905,3.173307526946202,0.045776643990929705,0.7288385564889195,10788,homogeneous,0.5,30,6,0.35,14,180,140,0.7777777777777778,True,0.0,none,0,0,
0.9,3.087826564045396,0.04861400342449906,0.37777777777777777,3.04990438139644,0.05183531746031746,0.6906046671975368,10789,homogeneous,0.5,30,6,0.35,14,180,126,0.7,True,0.03777777777777777,none,0,0,
0.9666666666666667,3.1812172323881485,0.044908451241163716,0.32904290429042904,3.154228207862415,0.046875,0.6881979175952516,10790,homogeneous,0.5,30,6,0.35,14,180,138,0.7666666666666667,True,0.010968096809680965,none,0,0,
0.8333333333333334,3.0525888915558106,0.04932210260799063,0.37628635346756134,3.03055358441227,0.05123299319727891,0.674358757360131,10791,homogeneous,0.5,30,6,0.35,14,180,124,0.6888888888888889,True,0.06271439224459355,none,0,0,
0.9,3.1018895781791636,0.047979602874140465,0.36600221483942397,3.078076925361051,0.049744897959183666,0.6403440953344303,10792,homogeneous,0.5,30,6,0.35,14,180,127,0.7055555555555556,True,0.03660022148394239,none,0,0,
0.9333333333333333,3.1388484229548577,0.04606288632088148,0.3301639344262295,3.1207268356165914,0.04731788548752834,0.6894616828429715,10793,homogeneous,0.5,30,6,0.35,14,180,136,0.7555555555555555,True,0.022010928961748628,none,0,0,
0.9333333333333333,3.1347202943270767,0.04683195592286501,0.3558922558922557,3.103459865912991,0.04924886621315193,0.7206688819877892,10794,homogeneous,0.5,30,6,0.35,14,180,134,0.7444444444444445,True,0.02372615039281704,none,0,0,
0.9666666666666667,3.151801569348925,0.04576796705076588,0.3319727891156461,3.1217742287524164,0.04797335600907029,0.7210989485559448,10795,homogeneous,0.5,30,6,0.35,14,180,135,0.75,True,0.011065759637188201,none,0,0,
0.8666666666666667,3.077218902467693,0.048706557452913135,0.3712018140589568,3.0587745563083764,0.05004606009070294,0.7209863303442724,10796,homogeneous,0.5,30,6,0.35,14,180,129,0.7166666666666667,True,0.04949357520786089,none,0,0,
0.9333333333333333,3.1288002451294075,0.04737611808318879,0.3648709315375982,3.0967714709574654,0.049851190476190466,0.6989367555719724,10797,homogeneous,0.5,30,6,0.35,14,180,133,0.7388888888888889,True,0.024324728769173208,none,0,0,
0.9666666666666667,3.1665776406761807,0.04557777777777778,0.33733333333333326,3.1417819800250615,0.04722930839002268,0.7264097849926213,10798,homogeneous,0.5,30,6,0.35,14,180,139,0.7722222222222223,True,0.011244444444444439,none,0,0,
0.9666666666666667,3.1319443444973354,0.04692287019618382,0.35180327868852457,3.110199279089919,0.048487103174603176,0.7101100072719674,10799,homogeneous,0.5,30,6,0.35,14,180,133,0.7388888888888889,True,0.01172677595628415,none,0,0,
0.9,3.1347195938298,0.04604562913600814,0.3378684807256236,3.1103226860350106,0.047760770975056696,0.7405987860513549,10800,homogeneous,0.5,30,6,0.35,14,180,133,0.7388888888888889,True,0.03378684807256235,none,0,0,
0.9333333333333333,3.1133797351638623,0.04744980739726935,0.3569213732004428,3.0978157477575,0.04845167233560091,0.7097905614177707,10801,homogeneous,0.5,30,6,0.35,14,180,131,0.7277777777777777,True,0.023794758213362847,none,0,0,
0.9333333333333333,3.109230588877738,0.047952483752978156,0.36755852842809356,3.0847011961613044,0.04969175170068027,0.6743317320058263,10802,homogeneous,0.5,30,6,0.35,14,180,128,0.7111111111111111,True,0.02450390189520623,none,0,0,
0.9666666666666667,3.1418796491404977,0.04636110642604149,0.34112554112554094,3.1201516463786714,0.04797335600907029,0.7013415707637125,10803,homogeneous,0.5,30,6,0.35,14,180,133,0.7388888888888889,True,0.011370851370851363,none,0,0,
0.9666666666666667,3.151156656291976,0.04598482522696373,0.34304635761589397,3.128263011762229,0.04758361678004535,0.7073554238971266,10804,homogeneous,0.5,30,6,0.35,14,180,133,0.7388888888888889,True,0.011434878587196462,none,0,0,
0.9666666666666667,3.1249798103819657,0.04728294611639382,0.3558855885588559,3.1017401051797293,0.048929988662131524,0.6619371887328126,10805,homogeneous,0.5,30,6,0.35,14,180,133,0.7388888888888889,True,0.01186285295196186,none,0,0,
0.9666666666666667,3.1404125184612575,0.046347554630593125,0.34129032258064496,3.12086465380358,0.04784934807256235,0.7021264421612637,10806,homogeneous,0.5,30,6,0.35,14,180,136,0.7555555555555555,True,0.011376344086021496,none,0,0,
0.9333333333333333,3.1143857640566854,0.04726496528429348,0.3509132420091323,3.083556651785581,0.049656320861678004,0.701833025336589,10807,homogeneous,0.5,30,6,0.35,14,180,131,0.7277777777777777,True,0.023394216133942148,none,0,0,
0.9333333333333333,3.122767872457624,0.046774903418260065,0.3435897435897435,3.099221209807703,0.04820365646258502,0.7638146906074944,10808,homogeneous,0.5,30,6,0.35,14,180,131,0.7277777777777777,True,0.022905982905982895,none,0,0,
0.9333333333333333,3.165440493237904,0.045264401055176,0.33255813953488356,3.138617728268718,0.04722930839002268,0.7237206251422013,10809,homogeneous,0.5,30,6,0.35,14,180,140,0.7777777777777778,True,0.0221705426356589,none,0,0,
0.9,3.0986155765293795,0.04802618551177067,0.36621160409556297,3.0768733702812616,0.04951459750566894,0.7262312082160705,10810,homogeneous,0.75,30,6,0.35,14,180,129,0.7166666666666667,True,0.03662116040955629,none,0,0,
0.9333333333333333,3.1413600455456914,0.046133333333333346,0.3406666666666667,3.122596774850738,0.04733560090702947,0.7194359835537667,10811,homogeneous,0.75,30,6,0.35,14,180,132,0.7333333333333333,True,0.022711111111111106,none,0,0,
0.9,3.096593513981866,0.048008294753086427,0.35925925925925917,3.0639365182957423,0.05068381519274376,0.7352835667078562,10812,homogeneous,0.75,30,6,0.35,14,180,127,0.7055555555555556,True,0.03592592592592591,none,0,0,
0.9,3.097366526395049,0.04845269458169942,0.37781649245063864,3.066979811919488,0.050577522675736966,0.7241646864321883,10813,homogeneous,0.75,30,6,0.35,14,180,130,0.7222222222222222,True,0.03778164924506386,none,0,0,
0.8666666666666667,3.0916670348786104,0.04780300438185009,0.3600221483942414,3.0725722411065033,0.049302012471655325,0.7158088623387305,10814,homogeneous,0.75,30,6,0.35,14,180,130,0.7222222222222222,True,0.048002953119232174,none,0,0,
0.9333333333333333,3.1408996976544596,0.04615595325054785,0.341216216216216,3.125513497844708,0.0469812925170068,0.7532248365100398,10815,homogeneous,0.75,30,6,0.35,14,180,135,0.75,True,0.022747747747747727,none,0,0,
0.9333333333333333,3.115196628284794,0.04724678542440941,0.3529411764705881,3.1003299763726337,0.048256802721088426,0.7029431104703608,10816,homogeneous,0.75,30,6,0.35,14,180,132,0.7333333333333333,True,0.023529411764705868,none,0,0,
0.9333333333333333,3.1463461403669855,0.04628169902256654,0.35100671140939577,3.1134931078407435,0.048859126984127,0.6747221145488426,10817,homogeneous,0.75,30,6,0.35,14,180,134,0.7444444444444445,True,0.023400447427293046,none,0,0,
0.8666666666666667,3.116879550811373,0.0470966104126886,0.3575858250276853,3.0944753511679313,0.04873511904761905,0.6815361683924456,10818,homogeneous,0.75,30,6,0.35,14,180,132,0.7333333333333333,True,0.04767811000369136,none,0,0,
0.9,3.1203718802546683,0.04677865447013326,0.34544405997693195,3.0990994063866566,0.04811507936507936,0.7414023827096239,10819,homogeneous,0.75,30,6,0.35,14,180,130,0.7222222222222222,True,0.034544405997693185,none,0,0,
0.9666666666666667,3.141905275442496,0.046311111111111115,0.34177777777777774,3.1181645936785283,0.04799107142857141,0.7329856405365455,10820,homogeneous,0.75,30,6,0.35,14,180,134,0.7444444444444445,True,0.011392592592592588,none,0,0,
0.9666666666666667,3.1369412784823467,0.04668654883557741,0.35121412803532004,3.116128283426434,0.0481327947845805,0.7116223789813262,10821,homogeneous,0.75,30,6,0.35,14,180,134,0.7444444444444445,True,0.011707137601177331,none,0,0,
1.0,3.1430432343145984,0.04675465069141029,0.34921700223713636,3.115809549254033,0.04857568027210883,0.7064227653561281,10822,homogeneous,0.75,30,6,0.35,14,180,135,0.75,True,0.0,none,0,0,
1.0,3.1665610907458324,0.045353399623757056,0.323606557377049,3.153456440294488,0.046077806122448974,0.7097674976368741,10823,homogeneous,0.75,30,6,0.35,14,180,138,0.7666666666666667,True,0.0,none,0,0,
0.9333333333333333,3.137666410415419,0.046485457063711905,0.3449561403508772,3.1143747163937827,0.04820365646258503,0.6523517145675576,10824,homogeneous,0.75,30,6,0.35,14,180,134,0.7444444444444445,True,0.022997076023391808,none,0,0,
0.9333333333333333,3.0914700902973005,0.04863258026159334,0.37241379310344813,3.063589804294187,0.050790107709750565,0.7163271683206659,10825,homogeneous,0.75,30,6,0.35,14,180,127,0.7055555555555556,True,0.024827586206896537,none,0,0,
0.9333333333333333,3.1557664583489293,0.04565439398011287,0.3323497267759561,3.137050944682729,0.0469281462585034,0.7301857091266927,10826,homogeneous,0.75,30,6,0.35,14,180,137,0.7611111111111111,True,0.0221566484517304,none,0,0,
0.9,3.1212253752920933,0.04673008323424494,0.34666666666666646,3.089034357546658,0.04930201247165533,0.7367002064544231,10827,homogeneous,0.75,30,6,0.35,14,180,133,0.7388888888888889,True,0.03466666666666664,none,0,0,
0.8666666666666667,3.087310292402989,0.048033647360246685,0.36105499438832767,3.0595489259242585,0.05032950680272109,0.7244514902556197,10828,homogeneous,0.75,30,6,0.35,14,180,129,0.7166666666666667,True,0.04814066591844368,none,0,0,
0.9,3.1097898526397656,0.04745722096962171,0.35522552255225515,3.09193117720618,0.048664257369614515,0.6958960864181803,10829,homogeneous,0.75,30,6,0.35,14,180,132,0.7333333333333333,True,0.035522552255225506,none,0,0,
0.9333333333333333,3.136155322466696,0.0464653053617398,0.34209328782707615,3.110859673339345,0.04811507936507936,0.7388317814050532,10830,homogeneous,0.75,30,6,0.35,14,180,134,0.7444444444444445,True,0.022806219188471737,none,0,0,
0.9,3.107285332611859,0.04713313896987366,0.3460317460317459,3.0833412150039745,0.049036281179138316,0.7475135511813692,10831,homogeneous,0.75,30,6,0.35,14,180,131,0.7277777777777777,True,0.03460317460317458,none,0,0,
0.9666666666666667,3.1586322295375178,0.04583126886176298,0.3373601789709171,3.1332274861931695,0.047512755102040824,0.7508201528400239,10832,homogeneous,0.75,30,6,0.35,14,180,136,0.7555555555555555,True,0.011245339299030566,none,0,0,
0.8333333333333334,3.0794951146202205,0.04826004155124654,0.36469298245614024,3.0656409610259296,0.04926658163265306,0.6885530048547214,10833,homogeneous,0.75,30,6,0.35,14,180,128,0.7111111111111111,True,0.06078216374269003,none,0,0,
0.9333333333333333,3.108039966838835,0.047753834915997086,0.3612612612612611,3.078711779565204,0.05006377551020408,0.7233417510693796,10834,homogeneous,0.75,30,6,0.35,14,180,131,0.7277777777777777,True,0.024084084084084068,none,0,0,
0.9333333333333333,3.122545518042039,0.04740000000000001,0.36177777777777775,3.0954524832778523,0.049372874149659865,0.6853823989243795,10835,homogeneous,0.75,30,6,0.35,14,180,132,0.7333333333333333,True,0.02411851851851851,none,0,0,
0.9666666666666667,3.1226575330460187,0.04809815661128234,0.37285223367697573,3.0966322354752602,0.04969175170068026,0.7083838903372294,10836,homogeneous,0.75,30,6,0.35,14,180,130,0.7222222222222222,True,0.012428407789232522,none,0,0,
0.9333333333333333,3.152645419295964,0.04600915365360647,0.34573894282632134,3.129839912521869,0.04772534013605442,0.6814395501118179,10837,homogeneous,0.75,30,6,0.35,14,180,137,0.7611111111111111,True,0.023049262855088085,none,0,0,
0.9666666666666667,3.166636407824196,0.045551373605147855,0.335437430786268,3.1394518686138375,0.04751275510204082,0.7031668936365866,10838,homogeneous,0.75,30,6,0.35,14,180,138,0.7666666666666667,True,0.011181247692875597,none,0,0,
0.9666666666666667,3.1418299306075266,0.04648089629416834,0.34203389830508457,3.1173488063643626,0.04809736394557823,0.7214394025129475,10839,homogeneous,0.75,30,6,0.35,14,180,133,0.7388888888888889,True,0.011401129943502817,none,0,0,
0.8666666666666667,3.1284707561396896,0.046182479224376724,0.3414473684210526,3.1066523815703038,0.04790249433106576,0.7139702120289977,10840,homogeneous,0.9,30,6,0.35,14,180,133,0.7388888888888889,True,0.04552631578947367,none,0,0,
0.9333333333333333,3.144143446454127,0.04579293628808865,0.3331140350877191,3.1303990572550147,0.04664469954648526,0.7150465184127918,10841,homogeneous,0.9,30,6,0.35,14,180,137,0.7611111111111111,True,0.022207602339181266,none,0,0,
0.9,3.1067885253267917,0.04732878792639374,0.3500539374325782,3.089376220198218,0.04864654195011337,0.6910340921504051,10842,homogeneous,0.9,30,6,0.35,14,180,132,0.7333333333333333,True,0.03500539374325781,none,0,0,
0.9333333333333333,3.1330327844528,0.04663531775018261,0.35090090090090076,3.1093807277135825,0.04822137188208617,0.7065541114421907,10843,homogeneous,0.9,30,6,0.35,14,180,131,0.7277777777777777,True,0.02339339339339338,none,0,0,
0.9333333333333333,3.12784491275529,0.04701289694746144,0.35618729096989954,3.1000858444078627,0.049107142857142856,0.7267155364296074,10844,homogeneous,0.9,30,6,0.35,14,180,133,0.7388888888888889,True,0.023745819397993296,none,0,0,
0.9,3.0939772130639462,0.048058679254014525,0.3650793650793649,3.0788846716941887,0.04896541950113378,0.6949928886995395,10845,homogeneous,0.9,30,6,0.35,14,180,130,0.7222222222222222,True,0.03650793650793648,none,0,0,
0.9333333333333333,3.1156190364259686,0.047204066811909945,0.35141612200435723,3.0970420696424203,0.04857568027210883,0.6741897676238074,10846,homogeneous,0.9,30,6,0.35,14,180,133,0.7388888888888889,True,0.023427741466957145,none,0,0,
0.8333333333333334,3.1139435310085286,0.04655497565896232,0.3487858719646799,3.0982980980696215,0.047707624716553286,0.7113862970558019,10847,homogeneous,0.9,30,6,0.35,14,180,134,0.7444444444444445,True,0.05813097866077997,none,0,0,
0.9,3.091881590881049,0.047997225981812275,0.3602006688963211,3.0752580840942354,0.04912485827664399,0.7217330599747785,10848,homogeneous,0.9,30,6,0.35,14,180,129,0.7166666666666667,True,0.0360200668896321,none,0,0,
0.8666666666666667,3.093798353385901,0.04789829236254456,0.3630136986301369,3.0626057862783314,0.050364937641723354,0.7352935696078866,10849,homogeneous,0.9,30,6,0.35,14,180,127,0.7055555555555556,True,0.04840182648401824,none,0,0,
0.8666666666666667,3.096893906357711,0.04757217480788805,0.3602006688963211,3.069141339177145,0.04986890589569161,0.6552173442785417,10850,homogeneous,0.9,30,6,0.35,14,180,128,0.7111111111111111,True,0.0480267558528428,none,0,0,
0.9333333333333333,3.1344723280400144,0.046287793762541246,0.3363636363636362,3.1168617869232307,0.04735331632653061,0.7248888047568389,10851,homogeneous,0.9,30,6,0.35,14,180,134,0.7444444444444445,True,0.02242424242424241,none,0,0,
0.8666666666666667,3.098232032600012,0.04786666666666666,0.3686666666666665,3.081319507810378,0.04917800453514739,0.719880034981673,10852,homogeneous,0.9,30,6,0.35,14,180,132,0.7333333333333333,True,0.04915555555555552,none,0,0,
0.9333333333333333,3.114371876574171,0.04762948993465199,0.362913907284768,3.0932450674179632,0.04916028911564625,0.6577394044429016,10853,homogeneous,0.9,30,6,0.35,14,180,132,0.7333333333333333,True,0.024194260485651195,none,0,0,
0.9333333333333333,3.111022862701705,0.04782507919338639,0.36267995570321143,3.0898854878641737,0.04926658163265306,0.683246677622256,10854,homogeneous,0.9,30,6,0.35,14,180,132,0.7333333333333333,True,0.024178663713547422,none,0,0,
0.9666666666666667,3.1295413613583487,0.04686231791191422,0.34705882352941164,3.1102598847641794,0.04820365646258503,0.6974866301580555,10855,homogeneous,0.9,30,6,0.35,14,180,134,0.7444444444444445,True,0.011568627450980385,none,0,0,
0.9666666666666667,3.15273676743877,0.04586786066695668,0.33604777415852327,3.1366746443925972,0.046928146258503396,0.7140096673083861,10856,homogeneous,0.9,30,6,0.35,14,180,136,0.7555555555555555,True,0.011201592471950773,none,0,0,
0.9,3.1061536716504032,0.04731673241288627,0.3489316239316238,3.091611715682567,0.04841624149659864,0.63193596356034,10857,homogeneous,0.9,30,6,0.35,14,180,130,0.7222222222222222,True,0.03489316239316237,none,0,0,
0.9333333333333333,3.1235310539456678,0.04705455166816182,0.3549019607843136,3.103765353742034,0.04846938775510204,0.6855380028756916,10858,homogeneous,0.9,30,6,0.35,14,180,132,0.7333333333333333,True,0.023660130718954234,none,0,0,
0.9333333333333333,3.144591182939926,0.04603099030470914,0.34013157894736823,3.123830500191438,0.04754818594104308,0.6947899702273338,10859,homogeneous,0.9,30,6,0.35,14,180,136,0.7555555555555555,True,0.02267543859649121,none,0,0,
0.9333333333333333,3.1106164073811327,0.04765755053507729,0.36160919540229886,3.0857270321586063,0.04940830498866213,0.7556460340700398,10860,homogeneous,0.9,30,6,0.35,14,180,131,0.7277777777777777,True,0.024107279693486586,none,0,0,
0.9666666666666667,3.187859682176135,0.04450249988739244,0.31722595078299776,3.1570345949140317,0.04664469954648526,0.7293064649810251,10861,homogeneous,0.9,30,6,0.35,14,180,139,0.7722222222222223,True,0.010574198359433256,none,0,0,
0.9666666666666667,3.1313669352512483,0.04731148854544792,0.3627177700348432,3.0999626865816894,0.04962089002267574,0.744867296959788,10862,homogeneous,0.9,30,6,0.35,14,180,133,0.7388888888888889,True,0.01209059233449477,none,0,0,
0.8666666666666667,3.104840136820421,0.04765755053507729,0.36528735632183906,3.0744498569657583,0.04997519841269841,0.7621310433702173,10863,homogeneous,0.9,30,6,0.35,14,180,133,0.7388888888888889,True,0.04870498084291187,none,0,0,
0.9,3.1151123801738527,0.047054551668161824,0.35185185185185164,3.094112391333518,0.04868197278911564,0.6694279762104062,10864,homogeneous,0.9,30,6,0.35,14,180,134,0.7444444444444445,True,0.03518518518518515,none,0,0,
0.9,3.116944871929927,0.04698623635500713,0.3491694352159467,3.0974040844873447,0.0483453798185941,0.7146880357690089,10865,homogeneous,0.9,30,6,0.35,14,180,128,0.7111111111111111,True,0.03491694352159466,none,0,0,
0.9333333333333333,3.1121674992931183,0.04773474015456523,0.3605442176870748,3.0842714373310756,0.049638605442176874,0.7105286979597246,10866,homogeneous,0.9,30,6,0.35,14,180,131,0.7277777777777777,True,0.024036281179138315,none,0,0,
0.8666666666666667,3.1163114546247215,0.04670960767532994,0.34272930648769573,3.0936941598084147,0.04839852607709751,0.7180556890762614,10867,homogeneous,0.9,30,6,0.35,14,180,128,0.7111111111111111,True,0.045697240865026086,none,0,0,
0.9666666666666667,3.208780369769353,0.04338842975206612,0.3084415584415583,3.1824976513778704,0.0454046201814059,0.7225930274181823,10868,homogeneous,0.9,30,6,0.35,14,180,146,0.8111111111111111,True,0.010281385281385275,none,0,0,
0.9333333333333333,3.1423474310331567,0.04627893161248239,0.3443686006825937,3.1086148867833194,0.04891227324263038,0.7291066920064867,10869,homogeneous,0.9,30,6,0.35,14,180,135,0.75,True,0.022957906712172908,none,0,0,
0.9666666666666667,3.132379186747351,0.04682586895555367,0.3504065040650406,3.1033062551090462,0.04873511904761905,0.7569719914307766,10870,homogeneous,0.98,30,6,0.35,14,180,131,0.7277777777777777,True,0.011680216802168018,none,0,0,
0.9333333333333333,3.1114946022287344,0.04802068371157714,0.3718644067796608,3.0859108977706033,0.04978032879818594,0.696936876263238,10871,homogeneous,0.98,30,6,0.35,14,180,132,0.7333333333333333,True,0.024790960451977383,none,0,0,
0.9,3.1157239633768943,0.04696815471862731,0.3541806020066889,3.0894947283646674,0.04901856575963719,0.6884813437795292,10872,homogeneous,0.98,30,6,0.35,14,180,132,0.7333333333333333,True,0.03541806020066888,none,0,0,
0.9666666666666667,3.1937309500594653,0.044405899624754844,0.3217732884399549,3.162684821972874,0.046662414965986394,0.7399964102044106,10873,homogeneous,0.98,30,6,0.35,14,180,141,0.7833333333333333,True,0.010725776281331827,none,0,0,
0.9666666666666667,3.161310937796217,0.04556198194076833,0.3332233223322332,3.1396385317275297,0.046999007936507936,0.7176836448131768,10874,homogeneous,0.98,30,6,0.35,14,180,136,0.7555555555555555,True,0.011107444077741103,none,0,0,
0.9333333333333333,3.1484947183344314,0.046371785054727256,0.3543624161073824,3.11312015939807,0.04916028911564626,0.6949881374712481,10875,homogeneous,0.98,30,6,0.35,14,180,139,0.7722222222222223,True,0.02362416107382549,none,0,0,
0.9333333333333333,3.1663551967928765,0.044842898849006156,0.3209587513935339,3.1465943352155903,0.046130952380952384,0.7582274251634127,10876,homogeneous,0.98,30,6,0.35,14,180,140,0.7777777777777778,True,0.021397250092902255,none,0,0,
0.9333333333333333,3.146775144052448,0.04632002298190175,0.35062146892655366,3.1163306161136024,0.04854024943310658,0.73312525011381,10877,homogeneous,0.98,30,6,0.35,14,180,136,0.7555555555555555,True,0.023374764595103573,none,0,0,
0.9666666666666667,3.129064535271251,0.046650568536090425,0.337037037037037,3.102177632277228,0.04880598072562358,0.7383495542577697,10878,homogeneous,0.98,30,6,0.35,14,180,131,0.7277777777777777,True,0.011234567901234565,none,0,0,
0.8,3.0753149628728296,0.04793545325106787,0.3569213732004428,3.0581225046283924,0.04931972789115646,0.7350307211683429,10879,homogeneous,0.98,30,6,0.35,14,180,129,0.7166666666666667,True,0.07138427464008855,none,0,0,
0.9,3.122467146782368,0.046786061363320836,0.3473922902494331,3.0890902149311876,0.049833475056689336,0.7412878990114836,10880,homogeneous,0.98,30,6,0.35,14,180,132,0.7333333333333333,True,0.0347392290249433,none,0,0,
0.9666666666666667,3.1630364107311117,0.04547092473312012,0.33199105145413865,3.1382586238667556,0.047140731292517,0.7236006657104911,10881,homogeneous,0.98,30,6,0.35,14,180,135,0.75,True,0.01106636838180462,none,0,0,
0.9333333333333333,3.115248360985219,0.0477575530118221,0.3675799086757989,3.0831884782240393,0.05001062925170068,0.7114662902510346,10882,homogeneous,0.98,30,6,0.35,14,180,132,0.7333333333333333,True,0.024505327245053256,none,0,0,
0.8666666666666667,3.117412771548387,0.046558492236368515,0.3398179749715584,3.097935851448165,0.047955640589569165,0.7408439154555307,10883,homogeneous,0.98,30,6,0.35,14,180,131,0.7277777777777777,True,0.04530906332954111,none,0,0,
0.9333333333333333,3.127285470338449,0.04650709833795014,0.34078947368421053,3.106027139759151,0.0481327947845805,0.7124156807255705,10884,homogeneous,0.98,30,6,0.35,14,180,132,0.7333333333333333,True,0.02271929824561403,none,0,0,
0.9666666666666667,3.180635141613396,0.044944907282988444,0.3295081967213114,3.161493646022856,0.04618409863945579,0.7184984684300847,10885,homogeneous,0.98,30,6,0.35,14,180,140,0.7777777777777778,True,0.010983606557377044,none,0,0,
0.9,3.137055332052444,0.04619161299040583,0.34272930648769573,3.1141062121673087,0.04776077097505669,0.6955628221370734,10886,homogeneous,0.98,30,6,0.35,14,180,135,0.75,True,0.034272930648769566,none,0,0,
0.9,3.1311239356258875,0.04605066427442436,0.3320261437908496,3.118931174294575,0.04680413832199545,0.7116913647642108,10887,homogeneous,0.98,30,6,0.35,14,180,133,0.7388888888888889,True,0.033202614379084956,none,0,0,
0.8,3.0608997522572365,0.04877429608944714,0.36910299003322256,3.0482275658862195,0.04969175170068027,0.6834237654884839,10888,homogeneous,0.98,30,6,0.35,14,180,125,0.6944444444444444,True,0.07382059800664449,none,0,0,
0.8333333333333334,3.093228701774641,0.04737611808318879,0.3466891133557799,3.075049910585923,0.04875283446712018,0.6915842526995507,10889,homogeneous,0.98,30,6,0.35,14,180,128,0.7111111111111111,True,0.05778151889262997,none,0,0,
0.9666666666666667,3.1464611273185596,0.04639541520576827,0.3452787258248009,3.117372132287342,0.04845167233560091,0.7577914295139552,10890,homogeneous,0.98,30,6,0.35,14,180,134,0.7444444444444445,True,0.011509290860826695,none,0,0,
0.9333333333333333,3.129139607551024,0.046862317911914225,0.3492374727668843,3.1132015067709213,0.047902494331065755,0.7074873742419725,10891,homogeneous,0.98,30,6,0.35,14,180,134,0.7444444444444445,True,0.02328249818445895,none,0,0,
1.0,3.1676642907813903,0.04556817683434938,0.33333333333333326,3.139835325241555,0.04754818594104309,0.6906414380492681,10892,homogeneous,0.98,30,6,0.35,14,180,135,0.75,True,0.0,none,0,0,
0.9,3.1095235607924407,0.04751603183187825,0.3591362126245845,3.0907472065270425,0.04878826530612245,0.7132445628666506,10893,homogeneous,0.98,30,6,0.35,14,180,132,0.7333333333333333,True,0.035913621262458444,none,0,0,
0.9333333333333333,3.140019375622114,0.04610324389355527,0.3403100775193797,3.1247265614480058,0.047016723356009066,0.7451217986744024,10894,homogeneous,0.98,30,6,0.35,14,180,133,0.7388888888888889,True,0.022687338501291975,none,0,0,
0.8666666666666667,3.1100065273865787,0.04744351961950059,0.36114942528735616,3.0857845533080486,0.04900085034013605,0.7017403959669367,10895,homogeneous,0.98,30,6,0.35,14,180,128,0.7111111111111111,True,0.04815325670498081,none,0,0,
0.8666666666666667,3.0922159010803436,0.04785820458537904,0.36219239373601786,3.0792687553624187,0.04871740362811791,0.7022331676197487,10896,homogeneous,0.98,30,6,0.35,14,180,130,0.7222222222222222,True,0.04829231916480237,none,0,0,
0.9333333333333333,3.1128934656567138,0.04776788279230107,0.3662146892655367,3.0892597993567135,0.04939058956916099,0.7175188261371005,10897,homogeneous,0.98,30,6,0.35,14,180,130,0.7222222222222222,True,0.024414312617702442,none,0,0,
0.9333333333333333,3.13871360875494,0.04630191719738193,0.3418604651162789,3.1116390912384517,0.04836309523809524,0.684007734291287,10898,homogeneous,0.98,30,6,0.35,14,180,134,0.7444444444444445,True,0.022790697674418586,none,0,0,
0.9666666666666667,3.116212501176737,0.047549803693470984,0.35730211817168334,3.093479207773258,0.04917800453514739,0.7241289657056211,10899,homogeneous,0.98,30,6,0.35,14,180,131,0.7277777777777777,True,0.011910070605722776,none,0,0,
0.8666666666666667,3.0945380871110286,0.048800284798860796,0.3877987421383646,3.045177529565557,0.05256164965986395,0.7733024196072943,10900,prompt_diverse,0.0,30,6,0.35,14,180,130,0.7222222222222222,True,0.05170649895178194,none,0,0,
0.9333333333333333,3.10206071073439,0.04864197530864197,0.38123456790123456,3.0509535319327212,0.05243764172335601,0.777077172466501,10901,prompt_diverse,0.0,30,6,0.35,14,180,127,0.7055555555555556,True,0.0254156378600823,none,0,0,
1.0,3.188670318430911,0.04566873651296955,0.34827586206896544,3.092942878143763,0.05374858276643991,0.8221175813669795,10902,prompt_diverse,0.0,30,6,0.35,14,180,140,0.7777777777777778,True,0.0,none,0,0,
0.9333333333333333,3.15077152772649,0.04673387331740575,0.3623409669211195,3.0743095088601162,0.05346513605442176,0.79068973062345,10903,prompt_diverse,0.0,30,6,0.35,14,180,135,0.75,True,0.024156064461407962,none,0,0,
0.9666666666666667,3.1638479225990706,0.04684836693583099,0.3650069156293221,3.036480047930539,0.057557397959183666,0.8669135953840882,10904,prompt_diverse,0.0,30,6,0.35,14,180,132,0.7333333333333333,True,0.012166897187644066,none,0,0,
0.9,3.0936701240217683,0.048857666278066286,0.3856031128404669,3.0261918221841313,0.05404974489795918,0.8193133386107904,10905,prompt_diverse,0.0,30,6,0.35,14,180,128,0.7111111111111111,True,0.03856031128404668,none,0,0,
0.9666666666666667,3.145839979362142,0.0474074074074074,0.3716049382716049,3.0677031136436925,0.05440405328798186,0.7919928631973675,10906,prompt_diverse,0.0,30,6,0.35,14,180,134,0.7444444444444445,True,0.012386831275720161,none,0,0,
0.8666666666666667,3.104000469228484,0.048433738588017985,0.38378728923476,3.0418431614829267,0.053411989795918366,0.8136509069990007,10907,prompt_diverse,0.0,30,6,0.35,14,180,129,0.7166666666666667,True,0.05117163856463466,none,0,0,
0.9666666666666667,3.187675475637006,0.04476475530350768,0.33429951690821236,3.1144600754106366,0.05125070861678005,0.8032749311582733,10908,prompt_diverse,0.0,30,6,0.35,14,180,143,0.7944444444444444,True,0.011143317230273743,none,0,0,
1.0,3.182491220909747,0.045772390886311985,0.33765903307888023,3.124115278836195,0.04946145124716553,0.8270320067135639,10909,prompt_diverse,0.0,30,6,0.35,14,180,135,0.75,True,0.0,none,0,0,
0.9666666666666667,3.1423103933749554,0.04717086210737358,0.366915422885572,3.0882687302535006,0.05114441609977324,0.805874223889707,10910,prompt_diverse,0.0,30,6,0.35,14,180,133,0.7388888888888889,True,0.012230514096185731,none,0,0,
0.9333333333333333,3.1772338829794524,0.045639957283661,0.34714086471408634,3.034355556923506,0.06040958049886622,0.8526430307089625,10911,prompt_diverse,0.0,30,6,0.35,14,180,135,0.75,True,0.023142724314272417,none,0,0,
0.9333333333333333,3.0999833889790707,0.049766082756741215,0.3972762645914396,3.0132416926328425,0.05667162698412699,0.8011863476597226,10912,prompt_diverse,0.0,30,6,0.35,14,180,129,0.7166666666666667,True,0.026485084306095967,none,0,0,
0.9333333333333333,3.144247855918771,0.04708234378564048,0.3678876678876677,3.070237661774856,0.053784013605442174,0.7687588897851655,10913,prompt_diverse,0.0,30,6,0.35,14,180,135,0.75,True,0.02452584452584451,none,0,0,
0.9333333333333333,3.1499378860405325,0.046372819100091826,0.3532828282828282,3.058260716160878,0.05509495464852608,0.8149623078966348,10914,prompt_diverse,0.0,30,6,0.35,14,180,133,0.7388888888888889,True,0.02355218855218854,none,0,0,
0.9666666666666667,3.1561788388685326,0.04638402689986836,0.3543922984356196,3.0923157138922783,0.05220734126984128,0.7730023602065236,10915,prompt_diverse,0.0,30,6,0.35,14,180,137,0.7611111111111111,True,0.01181307661452065,none,0,0,
0.9666666666666667,3.180835422562118,0.04540672474014224,0.33945068664169775,3.0697719169294033,0.05603387188208617,0.7868952568920003,10916,prompt_diverse,0.0,30,6,0.35,14,180,138,0.7666666666666667,True,0.01131502288805659,none,0,0,
0.9,3.1090832263191484,0.047911131211487365,0.37192982456140333,3.057883120001625,0.05178217120181406,0.7899658736312004,10917,prompt_diverse,0.0,30,6,0.35,14,180,131,0.7277777777777777,True,0.037192982456140326,none,0,0,
0.8666666666666667,3.1092702409998756,0.04739242514376364,0.36097560975609744,3.0170023034239186,0.05654761904761904,0.8377567469547693,10918,prompt_diverse,0.0,30,6,0.35,14,180,130,0.7222222222222222,True,0.048130081300812984,none,0,0,
0.9333333333333333,3.137653014454456,0.04740477038091848,0.37018867924528287,3.062471250378833,0.053589143990929705,0.7926046197636571,10919,prompt_diverse,0.0,30,6,0.35,14,180,132,0.7333333333333333,True,0.024679245283018854,none,0,0,
0.9,3.1106064404858986,0.04811762085096903,0.3761194029850745,3.058200185295684,0.052101048752834465,0.807862204542928,10920,prompt_diverse,0.0,30,6,0.35,14,180,131,0.7277777777777777,True,0.037611940298507444,none,0,0,
0.9333333333333333,3.128808849656878,0.047443062315966594,0.36899224806201536,3.0659205494975224,0.052101048752834465,0.8160160917674056,10921,prompt_diverse,0.0,30,6,0.35,14,180,130,0.7222222222222222,True,0.02459948320413435,none,0,0,
0.9333333333333333,3.1002534566454667,0.04965782391387927,0.3996078431372547,3.0389946142714135,0.05445719954648526,0.8106677482608616,10922,prompt_diverse,0.0,30,6,0.35,14,180,129,0.7166666666666667,True,0.026640522875816974,none,0,0,
0.9666666666666667,3.169038163585632,0.046103759714345736,0.3521739130434782,3.118352939356334,0.04978032879818594,0.782949441971596,10923,prompt_diverse,0.0,30,6,0.35,14,180,137,0.7611111111111111,True,0.011739130434782604,none,0,0,
0.9666666666666667,3.143502439047178,0.04734572577355632,0.3684478371501272,3.0648770211941923,0.054049744897959176,0.8079713260515208,10924,prompt_diverse,0.0,30,6,0.35,14,180,132,0.7333333333333333,True,0.012281594571670903,none,0,0,
0.8666666666666667,3.1386493208129846,0.0461819844535894,0.3521262002743484,3.036364065868181,0.05541383219954648,0.8543102429295906,10925,prompt_diverse,0.0,30,6,0.35,14,180,130,0.7222222222222222,True,0.04695016003657977,none,0,0,
0.8666666666666667,3.0595166863362016,0.049729150919627096,0.38756613756613745,2.9896131792742517,0.056157879818594096,0.8435483496071169,10926,prompt_diverse,0.0,30,6,0.35,14,180,124,0.6888888888888889,True,0.051675485008818314,none,0,0,
0.9,3.1314907856424923,0.046876033057851235,0.35818181818181816,3.089478383901841,0.049798044217687076,0.7683773432840822,10927,prompt_diverse,0.0,30,6,0.35,14,180,132,0.7333333333333333,True,0.035818181818181805,none,0,0,
0.9333333333333333,3.073579857950009,0.05118110236220473,0.41653543307086593,2.9984895678808487,0.05713222789115646,0.7938937407335405,10928,prompt_diverse,0.0,30,6,0.35,14,180,124,0.6888888888888889,True,0.027769028871391058,none,0,0,
0.9,3.0598433755170236,0.051449704142011846,0.4164102564102563,2.991559579429693,0.05697278911564626,0.7513004393444594,10929,prompt_diverse,0.0,30,6,0.35,14,180,124,0.6888888888888889,True,0.04164102564102562,none,0,0,
0.9666666666666667,3.113268415415186,0.048945375878853434,0.38733850129198966,3.02964594976013,0.0561047335600907,0.7832535549123336,10930,prompt_diverse,0.25,30,6,0.35,14,180,130,0.7222222222222222,True,0.012911283376399652,none,0,0,
0.8666666666666667,3.1136944670385236,0.04731888562795472,0.36134347275031686,3.0650025600192956,0.051055839002267574,0.7951908784769793,10931,prompt_diverse,0.25,30,6,0.35,14,180,132,0.7333333333333333,True,0.04817912970004224,none,0,0,
0.9,3.1033620685349055,0.04867781412503746,0.3849578820697954,3.0537665905232547,0.05247307256235827,0.7595530956667278,10932,prompt_diverse,0.25,30,6,0.35,14,180,129,0.7166666666666667,True,0.038495788206979534,none,0,0,
0.9,3.0959313835970894,0.04809256198347107,0.3644848484848484,3.055737359624294,0.051126700680272114,0.7872855161735156,10933,prompt_diverse,0.25,30,6,0.35,14,180,129,0.7166666666666667,True,0.036448484848484834,none,0,0,
1.0,3.1772070099011303,0.04568877551020408,0.3404761904761904,3.147158513600157,0.047282454648526075,0.8050721347994619,10934,prompt_diverse,0.25,30,6,0.35,14,180,138,0.7666666666666667,True,0.0,none,0,0,
0.9,3.14083388055806,0.045728577831109306,0.33371356147021536,3.111064180876552,0.047441893424036284,0.8166370499738922,10935,prompt_diverse,0.25,30,6,0.35,14,180,134,0.7444444444444445,True,0.03337135614702153,none,0,0,
0.9666666666666667,3.152754275723132,0.04617473970122228,0.3465721040189125,3.1095105080312635,0.049408304988662125,0.7640258894049996,10936,prompt_diverse,0.25,30,6,0.35,14,180,132,0.7333333333333333,True,0.01155240346729708,none,0,0,
0.9666666666666667,3.1185242478097197,0.049172794117647065,0.39068627450980387,3.0598089998796345,0.05351828231292517,0.7591011306030192,10937,prompt_diverse,0.25,30,6,0.35,14,180,130,0.7222222222222222,True,0.013022875816993459,none,0,0,
0.9333333333333333,3.093847603779299,0.04932696229823436,0.39134860050890574,2.9920562951689043,0.059311224489795915,0.7761318272492236,10938,prompt_diverse,0.25,30,6,0.35,14,180,125,0.6944444444444444,True,0.02608990670059371,none,0,0,
0.9666666666666667,3.114848786481344,0.0489437585733882,0.38962962962962955,3.051833181424355,0.05412060657596372,0.7500569160247165,10939,prompt_diverse,0.25,30,6,0.35,14,180,128,0.7111111111111111,True,0.01298765432098765,none,0,0,
1.0,3.1921102650249193,0.044558007086014505,0.3248062015503874,3.1613859503649926,0.04680413832199547,0.7550999817568759,10940,prompt_diverse,0.25,30,6,0.35,14,180,141,0.7833333333333333,True,0.0,none,0,0,
0.8666666666666667,3.0979233703448323,0.04754774592269637,0.35542784163473806,3.035635976899434,0.05344742063492063,0.8168820881995909,10941,prompt_diverse,0.25,30,6,0.35,14,180,130,0.7222222222222222,True,0.04739037888463173,none,0,0,
0.9333333333333333,3.128361464141193,0.04718805792501488,0.36197183098591545,3.09916992191055,0.04901856575963718,0.7511920297328052,10942,prompt_diverse,0.25,30,6,0.35,14,180,133,0.7388888888888889,True,0.024131455399061023,none,0,0,
1.0,3.1549569463099396,0.04661861877516974,0.3567990373044523,3.111901488095634,0.0495500283446712,0.7839325874859479,10943,prompt_diverse,0.25,30,6,0.35,14,180,136,0.7555555555555555,True,0.0,none,0,0,
0.9333333333333333,3.138434296041903,0.0469289962873036,0.36356033452807646,3.070124600536772,0.052898242630385485,0.6960539181463653,10944,prompt_diverse,0.25,30,6,0.35,14,180,132,0.7333333333333333,True,0.024237355635205092,none,0,0,
0.8666666666666667,3.084642342537604,0.04930686830497794,0.3927536231884057,3.0390172636098916,0.05295138888888888,0.7348397053047728,10945,prompt_diverse,0.25,30,6,0.35,14,180,128,0.7111111111111111,True,0.05236714975845408,none,0,0,
0.9,3.170625312475946,0.044673539518900345,0.3235967926689576,3.148536337220561,0.04609552154195011,0.7739929355502264,10946,prompt_diverse,0.25,30,6,0.35,14,180,140,0.7777777777777778,True,0.03235967926689575,none,0,0,
0.9333333333333333,3.1670421549500434,0.045303210463733645,0.3342528735632182,3.1317429710760223,0.04800878684807256,0.7666422028532428,10947,prompt_diverse,0.25,30,6,0.35,14,180,139,0.7722222222222223,True,0.022283524904214543,none,0,0,
0.8333333333333334,3.1076794427579704,0.04753285809757185,0.3664179104477612,3.0390888534071556,0.05362457482993198,0.7648593177152415,10948,prompt_diverse,0.25,30,6,0.35,14,180,130,0.7222222222222222,True,0.061069651741293515,none,0,0,
0.9333333333333333,3.143966195284989,0.046523839529510606,0.35603864734299506,3.103335197364626,0.049603174603174593,0.8113567083575193,10949,prompt_diverse,0.25,30,6,0.35,14,180,136,0.7555555555555555,True,0.023735909822866334,none,0,0,
0.9,3.1415985232387262,0.04646513437722229,0.35689865689865674,3.0764738531691003,0.05197704081632653,0.7821283796027925,10950,prompt_diverse,0.25,30,6,0.35,14,180,135,0.75,True,0.035689865689865666,none,0,0,
0.9333333333333333,3.144578942039196,0.04604591836734693,0.3447619047619046,3.09452067823229,0.05015235260770975,0.7889541405589554,10951,prompt_diverse,0.25,30,6,0.35,14,180,132,0.7333333333333333,True,0.022984126984126968,none,0,0,
0.9666666666666667,3.170969576650769,0.04547814743987538,0.3384341637010675,3.1387221788746715,0.04742417800453515,0.7885019104855938,10952,prompt_diverse,0.25,30,6,0.35,14,180,138,0.7666666666666667,True,0.01128113879003558,none,0,0,
0.9666666666666667,3.1913680999622707,0.04549453962010248,0.3460431654676257,3.112095007429572,0.052366780045351474,0.7775161762367905,10953,prompt_diverse,0.25,30,6,0.35,14,180,139,0.7722222222222223,True,0.011534772182254188,none,0,0,
0.9,3.112108617400813,0.04763439793691729,0.3683098591549294,3.069516801519808,0.05112670068027211,0.7527152322418086,10954,prompt_diverse,0.25,30,6,0.35,14,180,130,0.7222222222222222,True,0.036830985915492935,none,0,0,
0.9333333333333333,3.0994344632867756,0.04926790660862683,0.39423558897243094,3.0461609413607653,0.05302225056689343,0.778245922540166,10955,prompt_diverse,0.25,30,6,0.35,14,180,127,0.7055555555555556,True,0.026282372598162056,none,0,0,
0.9,3.1335301626177383,0.04643737328363826,0.3497096399535422,3.10710189305484,0.04830994897959184,0.7704850688130622,10956,prompt_diverse,0.25,30,6,0.35,14,180,133,0.7388888888888889,True,0.03497096399535421,none,0,0,
0.9333333333333333,3.1417011512514468,0.046235274469752445,0.3432497013142173,3.1090536456908766,0.04825680272108843,0.7605316231606224,10957,prompt_diverse,0.25,30,6,0.35,14,180,133,0.7388888888888889,True,0.022883313420947814,none,0,0,
1.0,3.16942462661398,0.04583664585749847,0.34596871239470506,3.105412009521939,0.05135700113378684,0.7867834461366896,10958,prompt_diverse,0.25,30,6,0.35,14,180,135,0.75,True,0.0,none,0,0,
0.9333333333333333,3.1111602274108403,0.04858482062376059,0.38165374677002584,3.0316526732482285,0.05495323129251701,0.7979305631823738,10959,prompt_diverse,0.25,30,6,0.35,14,180,129,0.7166666666666667,True,0.02544358311800172,none,0,0,
0.9666666666666667,3.159843791710254,0.045886381172839504,0.34398148148148144,3.1181285374463243,0.04900085034013605,0.7250167203456742,10960,prompt_diverse,0.5,30,6,0.35,14,180,136,0.7555555555555555,True,0.011466049382716045,none,0,0,
0.9,3.086366127212046,0.04927281196625433,0.3896882494004794,3.035954307762503,0.0532171201814059,0.718093584170668,10961,prompt_diverse,0.5,30,6,0.35,14,180,125,0.6944444444444444,True,0.038968824940047934,none,0,0,
0.9666666666666667,3.1759205020015964,0.04519538616727336,0.3293598233995585,3.1473004125038924,0.047264739229024945,0.6916970891455859,10962,prompt_diverse,0.5,30,6,0.35,14,180,139,0.7722222222222223,True,0.01097866077998528,none,0,0,
0.9666666666666667,3.177845313972766,0.045265704894083277,0.3394144144144142,3.1506793096793246,0.04708758503401361,0.7333102233136272,10963,prompt_diverse,0.5,30,6,0.35,14,180,140,0.7777777777777778,True,0.011313813813813805,none,0,0,
0.9333333333333333,3.133660597390039,0.04692033293697979,0.3570114942528735,3.090144679242815,0.0505420918367347,0.7142292380368672,10964,prompt_diverse,0.5,30,6,0.35,14,180,133,0.7388888888888889,True,0.023800766283524892,none,0,0,
0.9666666666666667,3.127892967475382,0.04743508240011737,0.36317016317016315,3.093808799144777,0.049744897959183666,0.7488341497065014,10965,prompt_diverse,0.5,30,6,0.35,14,180,132,0.7333333333333333,True,0.012105672105672103,none,0,0,
0.9666666666666667,3.127350625815519,0.04788773148148149,0.37430555555555545,3.082637617511714,0.051286139455782316,0.7250145870690199,10966,prompt_diverse,0.5,30,6,0.35,14,180,133,0.7388888888888889,True,0.012476851851851845,none,0,0,
0.9666666666666667,3.1619282689963693,0.04583738257207645,0.3405895691609977,3.1203274720471934,0.04912485827664399,0.729759055501269,10967,prompt_diverse,0.5,30,6,0.35,14,180,137,0.7611111111111111,True,0.01135298563869992,none,0,0,
0.9333333333333333,3.1176498239380868,0.047708787938901015,0.36784037558685445,3.0842390074276405,0.050294075963718814,0.7423908084623064,10968,prompt_diverse,0.5,30,6,0.35,14,180,133,0.7388888888888889,True,0.02452269170579029,none,0,0,
0.9666666666666667,3.1474370689225677,0.046115854581882144,0.3370875995449374,3.120090088760464,0.047884778911564625,0.7189652290604504,10969,prompt_diverse,0.5,30,6,0.35,14,180,134,0.7444444444444445,True,0.011236253318164578,none,0,0,
0.9,3.1216720739713177,0.047381922438509125,0.3664302600472813,3.0661480264504144,0.052118764172335595,0.758715245379174,10970,prompt_diverse,0.5,30,6,0.35,14,180,135,0.75,True,0.03664302600472812,none,0,0,
0.9333333333333333,3.137866135838927,0.04686980609418282,0.3563742690058478,3.095072104688503,0.05020549886621316,0.7407217635227988,10971,prompt_diverse,0.5,30,6,0.35,14,180,133,0.7388888888888889,True,0.023758284600389847,none,0,0,
0.9666666666666667,3.1735738698114164,0.04536859504132231,0.33733333333333326,3.1217568972834426,0.04940830498866214,0.8110981763759573,10972,prompt_diverse,0.5,30,6,0.35,14,180,138,0.7666666666666667,True,0.011244444444444439,none,0,0,
0.9333333333333333,3.138680132664636,0.04677854938271605,0.35717592592592573,3.0971505600303515,0.04999291383219954,0.7213573482178431,10973,prompt_diverse,0.5,30,6,0.35,14,180,134,0.7444444444444445,True,0.02381172839506171,none,0,0,
0.9333333333333333,3.1313385519671795,0.04694009125173577,0.3551643192488261,3.097245604483724,0.049479166666666664,0.7497427278859711,10974,prompt_diverse,0.5,30,6,0.35,14,180,134,0.7444444444444445,True,0.023677621283255068,none,0,0,
0.9333333333333333,3.174355903708189,0.04476718430095424,0.32860438292964234,3.136240211313574,0.04758361678004534,0.7727790213026182,10975,prompt_diverse,0.5,30,6,0.35,14,180,141,0.7833333333333333,True,0.02190695886197615,none,0,0,
1.0,3.1643831866154,0.0456888888888889,0.3342222222222222,3.1391786826600185,0.0473533163265306,0.7307471441393899,10976,prompt_diverse,0.5,30,6,0.35,14,180,137,0.7611111111111111,True,0.0,none,0,0,
0.9,3.1206600108059055,0.04708258050802423,0.35383734249713616,3.088213825560276,0.0496031746031746,0.7440644129805848,10977,prompt_diverse,0.5,30,6,0.35,14,180,132,0.7333333333333333,True,0.03538373424971361,none,0,0,
0.9,3.145339817087272,0.04604596442591061,0.3477815699658702,3.103552881770318,0.04970946712018141,0.7540342986580718,10978,prompt_diverse,0.5,30,6,0.35,14,180,136,0.7555555555555555,True,0.03477815699658701,none,0,0,
0.8333333333333334,3.0548425482925876,0.05025722200237435,0.4027568922305764,2.977324055983412,0.057929421768707474,0.7396602457574223,10979,prompt_diverse,0.5,30,6,0.35,14,180,126,0.7,True,0.06712614870509606,none,0,0,
0.9333333333333333,3.1337814361287157,0.04673369721344441,0.35107344632768345,3.097634686303706,0.04970946712018141,0.7166366455615542,10980,prompt_diverse,0.5,30,6,0.35,14,180,133,0.7388888888888889,True,0.023404896421845556,none,0,0,
0.9666666666666667,3.1718125854403576,0.04578639581409666,0.34678362573099397,3.1199290261051464,0.0497626133786848,0.7469733909808914,10981,prompt_diverse,0.5,30,6,0.35,14,180,136,0.7555555555555555,True,0.01155945419103313,none,0,0,
0.8333333333333334,3.0947652587704138,0.0479591454506861,0.3709069493521788,3.043666577874294,0.05240221088435374,0.7167675741425074,10982,prompt_diverse,0.5,30,6,0.35,14,180,126,0.7,True,0.06181782489202979,none,0,0,
0.8333333333333334,3.053983579197076,0.049928970793311524,0.39338146811070995,3.0195105888139806,0.05275651927437642,0.7011156346497271,10983,prompt_diverse,0.5,30,6,0.35,14,180,125,0.6944444444444444,True,0.06556357801845164,none,0,0,
0.9666666666666667,3.1401358832951263,0.047263924886302516,0.3659673659673659,3.0891851421956,0.05132157029478457,0.7293670574440053,10984,prompt_diverse,0.5,30,6,0.35,14,180,135,0.75,True,0.012198912198912193,none,0,0,
0.9333333333333333,3.1228289548830404,0.04748538011695907,0.36245614035087703,3.067458830645273,0.052419926303854864,0.7434419445207037,10985,prompt_diverse,0.5,30,6,0.35,14,180,131,0.7277777777777777,True,0.024163742690058464,none,0,0,
0.9,3.1377463067794387,0.04614659789724261,0.3431924882629107,3.100444822369829,0.049036281179138316,0.7442789019002175,10986,prompt_diverse,0.5,30,6,0.35,14,180,135,0.75,True,0.03431924882629107,none,0,0,
1.0,3.178828569771248,0.04513739239828072,0.3252559726962456,3.1455040424072753,0.04742417800453515,0.7783502420130151,10987,prompt_diverse,0.5,30,6,0.35,14,180,137,0.7611111111111111,True,0.0,none,0,0,
0.9333333333333333,3.143464813903604,0.04629537790121008,0.3485915492957745,3.1143619441192167,0.04820365646258503,0.7575297159745489,10988,prompt_diverse,0.5,30,6,0.35,14,180,134,0.7444444444444445,True,0.023239436619718296,none,0,0,
1.0,3.163970146238907,0.045813550036523015,0.3394144144144142,3.1290212088621825,0.04841624149659863,0.7112557468323519,10989,prompt_diverse,0.5,30,6,0.35,14,180,135,0.75,True,0.0,none,0,0,
1.0,3.1898153529001636,0.04473417638793581,0.32816281628162813,3.155991036353968,0.04756590136054421,0.7256577277055521,10990,prompt_diverse,0.75,30,6,0.35,14,180,142,0.7888888888888889,True,0.0,none,0,0,
1.0,3.1928340470320293,0.04460996043487626,0.32020202020202015,3.1623815853181028,0.04666241496598638,0.7360552982322569,10991,prompt_diverse,0.75,30,6,0.35,14,180,141,0.7833333333333333,True,0.0,none,0,0,
0.8666666666666667,3.0806419021251217,0.04843779320698067,0.36780821917808204,3.0571339524276153,0.05013463718820862,0.6815408548527633,10992,prompt_diverse,0.75,30,6,0.35,14,180,126,0.7,True,0.049041095890410925,none,0,0,
0.9333333333333333,3.121938278137695,0.046963516230968116,0.3476836158192089,3.0878853559514736,0.0497094671201814,0.7285237208906302,10993,prompt_diverse,0.75,30,6,0.35,14,180,133,0.7388888888888889,True,0.02317890772128059,none,0,0,
1.0,3.1758996273341475,0.04519817662056712,0.3307862679955702,3.150756011456674,0.04689271541950113,0.7412421132769444,10994,prompt_diverse,0.75,30,6,0.35,14,180,137,0.7611111111111111,True,0.0,none,0,0,
0.9666666666666667,3.1441829014247755,0.046885340059184155,0.3567726737338044,3.10852929354028,0.04921343537414966,0.7749923663284285,10995,prompt_diverse,0.75,30,6,0.35,14,180,134,0.7444444444444445,True,0.011892422457793476,none,0,0,
0.9333333333333333,3.1311378831533165,0.0470593395026534,0.3543046357615893,3.113093563845152,0.048168225623582764,0.6875590058548996,10996,prompt_diverse,0.75,30,6,0.35,14,180,135,0.75,True,0.023620309050772618,none,0,0,
0.9666666666666667,3.1469551183519213,0.04641959065878683,0.34408251900108566,3.1302701387953054,0.04747732426303855,0.7081661798650875,10997,prompt_diverse,0.75,30,6,0.35,14,180,135,0.75,True,0.011469417300036186,none,0,0,
0.9,3.1414128960335894,0.04597621361469758,0.3417233560090702,3.113626926389124,0.048061933106575964,0.7507002179863083,10998,prompt_diverse,0.75,30,6,0.35,14,180,134,0.7444444444444445,True,0.03417233560090702,none,0,0,
0.9333333333333333,3.1248122154745053,0.04752743257905393,0.36354515050167224,3.094121933554241,0.049904336734693876,0.6905397617114898,10999,prompt_diverse,0.75,30,6,0.35,14,180,133,0.7388888888888889,True,0.024236343366778143,none,0,0,
0.9333333333333333,3.13943206418811,0.04620160701241783,0.34414414414414396,3.112578062364828,0.048150510204081634,0.7077842628389065,11000,prompt_diverse,0.75,30,6,0.35,14,180,134,0.7444444444444445,True,0.022942942942942926,none,0,0,
0.9666666666666667,3.124848969358279,0.047822315558802043,0.3664414414414414,3.0917697038620524,0.05032950680272108,0.7259689976704231,11001,prompt_diverse,0.75,30,6,0.35,14,180,133,0.7388888888888889,True,0.01221471471471471,none,0,0,
0.9666666666666667,3.1445779226292045,0.046395517295051536,0.3461361014994231,3.117327282674351,0.04809736394557823,0.742291554420429,11002,prompt_diverse,0.75,30,6,0.35,14,180,135,0.75,True,0.011537870049980766,none,0,0,
0.9333333333333333,3.1731608745921505,0.044600000000000015,0.31799999999999984,3.159866143537133,0.04526289682539682,0.7342455723379705,11003,prompt_diverse,0.75,30,6,0.35,14,180,140,0.7777777777777778,True,0.021199999999999986,none,0,0,
0.9333333333333333,3.1603719140726936,0.045641447368421045,0.3410087719298245,3.1324505805676828,0.04788477891156461,0.6865114277214466,11004,prompt_diverse,0.75,30,6,0.35,14,180,136,0.7555555555555555,True,0.02273391812865496,none,0,0,
0.9333333333333333,3.1143535002943765,0.047261161759740315,0.3481848184818481,3.088907932508974,0.04931972789115646,0.6655630588106379,11005,prompt_diverse,0.75,30,6,0.35,14,180,132,0.7333333333333333,True,0.023212321232123204,none,0,0,
0.9,3.1106268001836344,0.04757277060484057,0.364172335600907,3.0844685178823816,0.04946145124716553,0.7513407769213719,11006,prompt_diverse,0.75,30,6,0.35,14,180,131,0.7277777777777777,True,0.03641723356009069,none,0,0,
0.9333333333333333,3.1401979104381614,0.04590618411396755,0.3286689419795221,3.10988819849478,0.0481859410430839,0.7535862416843792,11007,prompt_diverse,0.75,30,6,0.35,14,180,134,0.7444444444444445,True,0.021911262798634805,none,0,0,
1.0,3.1897924327778737,0.045122282448246946,0.3355097365406643,3.141614860692523,0.04880598072562358,0.7347181176664305,11008,prompt_diverse,0.75,30,6,0.35,14,180,142,0.7888888888888889,True,0.0,none,0,0,
0.9333333333333333,3.127990063919406,0.046896641274238225,0.3526315789473684,3.1001466058014855,0.049124858276643986,0.6809432665651939,11009,prompt_diverse,0.75,30,6,0.35,14,180,131,0.7277777777777777,True,0.023508771929824555,none,0,0,
0.9666666666666667,3.152876568337056,0.04622443389335281,0.3470720720720719,3.1257144461394906,0.0481327947845805,0.7268909572998085,11010,prompt_diverse,0.75,30,6,0.35,14,180,136,0.7555555555555555,True,0.01156906906906906,none,0,0,
0.9,3.104071043933623,0.04768718333646087,0.361187214611872,3.0818502489694977,0.04916028911564625,0.7300031471504593,11011,prompt_diverse,0.75,30,6,0.35,14,180,129,0.7166666666666667,True,0.03611872146118719,none,0,0,
0.9333333333333333,3.097963237840103,0.04807277894908503,0.3625711035267347,3.0718312557498164,0.050010629251700675,0.6969884220649982,11012,prompt_diverse,0.75,30,6,0.35,14,180,130,0.7222222222222222,True,0.024171406901782308,none,0,0,
0.9666666666666667,3.1762240721839716,0.04479441010481054,0.3177049180327869,3.1546618001304263,0.04625496031746031,0.6957991425148452,11013,prompt_diverse,0.75,30,6,0.35,14,180,139,0.7722222222222223,True,0.010590163934426227,none,0,0,
0.9666666666666667,3.146570225324502,0.04656547465912014,0.35239687848383494,3.1153141698129487,0.048876842403628114,0.7120762703108655,11014,prompt_diverse,0.75,30,6,0.35,14,180,135,0.75,True,0.011746562616127828,none,0,0,
0.9666666666666667,3.182639365950317,0.04465829876179058,0.32258414766558086,3.165729983756355,0.045688066893424036,0.7394716526276045,11015,prompt_diverse,0.75,30,6,0.35,14,180,139,0.7722222222222223,True,0.010752804922186027,none,0,0,
0.8666666666666667,3.129771298563214,0.04605909427048267,0.3374307862679955,3.1116172139800757,0.047371031746031744,0.7281986832833947,11016,prompt_diverse,0.75,30,6,0.35,14,180,134,0.7444444444444445,True,0.04499077150239939,none,0,0,
0.9333333333333333,3.128197781623346,0.04640327205262271,0.3372294372294371,3.1155137341190198,0.04719387755102041,0.7280132375534011,11017,prompt_diverse,0.75,30,6,0.35,14,180,134,0.7444444444444445,True,0.022481962481962468,none,0,0,
0.9333333333333333,3.142777791674067,0.04646212226387153,0.3521541950113378,3.116114189080849,0.04832766439909297,0.7256241718118401,11018,prompt_diverse,0.75,30,6,0.35,14,180,134,0.7444444444444445,True,0.023476946334089182,none,0,0,
0.9333333333333333,3.1413877790651346,0.04608006450996828,0.3377850162866449,3.118555460578725,0.04786706349206349,0.6937017249235691,11019,prompt_diverse,0.75,30,6,0.35,14,180,136,0.7555555555555555,True,0.022519001085776324,none,0,0,
0.9666666666666667,3.165099552275544,0.0453470628661953,0.32616609783845263,3.1394688177119474,0.046981292517006806,0.7242245403871402,11020,prompt_diverse,0.9,30,6,0.35,14,180,136,0.7555555555555555,True,0.010872203261281752,none,0,0,
0.9333333333333333,3.143345543119277,0.04602222222222223,0.33777777777777773,3.1126914757436053,0.04854024943310657,0.763377446592923,11021,prompt_diverse,0.9,30,6,0.35,14,180,136,0.7555555555555555,True,0.02251851851851851,none,0,0,
0.9333333333333333,3.131945692325606,0.046964161543470835,0.358471760797342,3.10194921570759,0.049319727891156455,0.7015867309607575,11022,prompt_diverse,0.9,30,6,0.35,14,180,136,0.7555555555555555,True,0.023898117386489462,none,0,0,
0.9333333333333333,3.1632928696544815,0.044970096229438046,0.32334384858044163,3.1511075923635468,0.04584750566893424,0.6878076810528885,11023,prompt_diverse,0.9,30,6,0.35,14,180,139,0.7722222222222223,True,0.021556256572029437,none,0,0,
0.9333333333333333,3.1717121337732377,0.04484444444444446,0.32733333333333325,3.1454444881380605,0.04673327664399092,0.7030027037386076,11024,prompt_diverse,0.9,30,6,0.35,14,180,137,0.7611111111111111,True,0.02182222222222221,none,0,0,
0.9666666666666667,3.1411928729563705,0.04633568703127056,0.34172185430463564,3.1231000016989667,0.047459608843537414,0.7317000434847795,11025,prompt_diverse,0.9,30,6,0.35,14,180,135,0.75,True,0.011390728476821186,none,0,0,
0.9333333333333333,3.1289295165174704,0.047080010290712626,0.35886287625418056,3.0924658008835415,0.050187783446712014,0.7169239924762721,11026,prompt_diverse,0.9,30,6,0.35,14,180,134,0.7444444444444445,True,0.023924191750278698,none,0,0,
0.9,3.120750227080322,0.046650568536090425,0.34691358024691343,3.095659062268213,0.04854024943310657,0.7103783013976558,11027,prompt_diverse,0.9,30,6,0.35,14,180,133,0.7388888888888889,True,0.03469135802469134,none,0,0,
0.8,3.0341630094177523,0.04980825420014609,0.3783783783783783,3.017283301530013,0.051232993197278906,0.6942865417961642,11028,prompt_diverse,0.9,30,6,0.35,14,180,124,0.6888888888888889,True,0.07567567567567564,none,0,0,
0.9333333333333333,3.1258681315048302,0.04696003002439481,0.35525114155251125,3.091225971579543,0.04974489795918367,0.7168102023707531,11029,prompt_diverse,0.9,30,6,0.35,14,180,133,0.7388888888888889,True,0.02368340943683408,none,0,0,
0.8666666666666667,3.1119219694216156,0.04696416154347083,0.3518272425249169,3.090590092733683,0.048611111111111105,0.7020562608441595,11030,prompt_diverse,0.9,30,6,0.35,14,180,133,0.7388888888888889,True,0.04691029900332225,none,0,0,
0.9666666666666667,3.1678867621089957,0.04572167887373361,0.34392935982339945,3.141213103644085,0.04763676303854876,0.7402926517362675,11031,prompt_diverse,0.9,30,6,0.35,14,180,138,0.7666666666666667,True,0.011464311994113312,none,0,0,
0.9333333333333333,3.1210233676023833,0.0471612153203255,0.3524271844660194,3.10522989913839,0.04822137188208617,0.6756207720407303,11032,prompt_diverse,0.9,30,6,0.35,14,180,131,0.7277777777777777,True,0.023495145631067953,none,0,0,
0.9666666666666667,3.1392556158968574,0.04666487503359312,0.35136612021857916,3.1202828978216455,0.04804421768707483,0.6906039689914789,11033,prompt_diverse,0.9,30,6,0.35,14,180,136,0.7555555555555555,True,0.011712204007285969,none,0,0,
1.0,3.1231618642755707,0.04718270750566022,0.34509803921568616,3.100963203374816,0.048894557823129244,0.6998440582890333,11034,prompt_diverse,0.9,30,6,0.35,14,180,132,0.7333333333333333,True,0.0,none,0,0,
0.8666666666666667,3.1066799613602094,0.04701548177711504,0.3412803532008828,3.088767044144671,0.04829223356009071,0.7160164368408868,11035,prompt_diverse,0.9,30,6,0.35,14,180,132,0.7333333333333333,True,0.04550404709345103,none,0,0,
0.9333333333333333,3.1519826299268834,0.04573625679399623,0.3327832783278326,3.126117772926333,0.04777848639455782,0.6772281444945113,11036,prompt_diverse,0.9,30,6,0.35,14,180,135,0.75,True,0.02218555188852217,none,0,0,
0.9333333333333333,3.1336504994981316,0.04697772096420745,0.3608108108108108,3.0964499190779984,0.05006377551020407,0.7320755743463789,11037,prompt_diverse,0.9,30,6,0.35,14,180,136,0.7555555555555555,True,0.024054054054054048,none,0,0,
0.9,3.1179547128095835,0.04688641344046749,0.34504504504504485,3.099833910044887,0.04804421768707483,0.7435733289702678,11038,prompt_diverse,0.9,30,6,0.35,14,180,132,0.7333333333333333,True,0.03450450450450448,none,0,0,
0.9666666666666667,3.0997908417826396,0.04848471558264989,0.3704194260485649,3.077729993826769,0.05004606009070294,0.6621689485101013,11039,prompt_diverse,0.9,30,6,0.35,14,180,128,0.7111111111111111,True,0.012347314201618827,none,0,0,
0.9666666666666667,3.1364302820785195,0.046899976192905486,0.3509539842873175,3.1101235329969237,0.04864654195011337,0.7146027296399287,11040,prompt_diverse,0.9,30,6,0.35,14,180,133,0.7388888888888889,True,0.01169846614291058,none,0,0,
0.9333333333333333,3.0885352346382855,0.048824957215243665,0.37759197324414706,3.063212806598182,0.05077239229024943,0.7002687598917733,11041,prompt_diverse,0.9,30,6,0.35,14,180,128,0.7111111111111111,True,0.025172798216276465,none,0,0,
0.9,3.127378440532113,0.046644444444444454,0.34666666666666646,3.1058146471349795,0.048185941043083894,0.6950754214655054,11042,prompt_diverse,0.9,30,6,0.35,14,180,133,0.7388888888888889,True,0.03466666666666664,none,0,0,
0.9333333333333333,3.1512128861721322,0.045606053781361205,0.33087248322147644,3.1353801466877367,0.046502976190476185,0.7556236417319155,11043,prompt_diverse,0.9,30,6,0.35,14,180,136,0.7555555555555555,True,0.022058165548098425,none,0,0,
0.9666666666666667,3.159013926087039,0.04560351673918636,0.33522853957636567,3.133848262057422,0.04731788548752834,0.72564375659258,11044,prompt_diverse,0.9,30,6,0.35,14,180,136,0.7555555555555555,True,0.01117428465254552,none,0,0,
0.9666666666666667,3.1402901315983107,0.046386505743783626,0.3383500557413599,3.1149309193816492,0.0483453798185941,0.6814648585942006,11045,prompt_diverse,0.9,30,6,0.35,14,180,134,0.7444444444444445,True,0.011278335191378662,none,0,0,
0.9333333333333333,3.1257349093969435,0.04686358655953251,0.349099099099099,3.089311555915726,0.04995748299319728,0.6737456167594632,11046,prompt_diverse,0.9,30,6,0.35,14,180,131,0.7277777777777777,True,0.02327327327327326,none,0,0,
0.9333333333333333,3.122517262867926,0.04702490878789243,0.3552572706935122,3.0919492482796542,0.049426020408163254,0.6582629949684979,11047,prompt_diverse,0.9,30,6,0.35,14,180,133,0.7388888888888889,True,0.02368381804623414,none,0,0,
0.8666666666666667,3.0963718416579518,0.04780691312677845,0.36419753086419737,3.078126662045429,0.04908942743764172,0.7208613744740027,11048,prompt_diverse,0.9,30,6,0.35,14,180,128,0.7111111111111111,True,0.04855967078189297,none,0,0,
0.9,3.090297476333511,0.04873014646637455,0.3766334440753045,3.0698462434457907,0.05011692176870748,0.6933768575582467,11049,prompt_diverse,0.9,30,6,0.35,14,180,129,0.7166666666666667,True,0.03766334440753044,none,0,0,
0.8666666666666667,3.083065875472595,0.048415814463111766,0.37117117117117115,3.0591863295969564,0.05031179138321996,0.7014859202151702,11050,prompt_diverse,0.98,30,6,0.35,14,180,130,0.7222222222222222,True,0.049489489489489474,none,0,0,
0.9666666666666667,3.1172972308183517,0.047554630593132155,0.35526881720430104,3.099691053245912,0.048823696145124704,0.6534336929586125,11051,prompt_diverse,0.98,30,6,0.35,14,180,130,0.7222222222222222,True,0.011842293906810032,none,0,0,
0.9666666666666667,3.1682547850070257,0.045308550678248585,0.32901439645625685,3.149237306383579,0.04644982993197279,0.7320402961872406,11052,prompt_diverse,0.98,30,6,0.35,14,180,138,0.7666666666666667,True,0.010967146548541893,none,0,0,
0.9,3.131916222729305,0.046028682952502085,0.3324503311258278,3.1137792343704924,0.04726473922902494,0.6968011593155157,11053,prompt_diverse,0.98,30,6,0.35,14,180,133,0.7388888888888889,True,0.03324503311258277,none,0,0,
0.9,3.115678492807519,0.04703036818059661,0.3485245901639342,3.094316654432326,0.048646541950113385,0.6675276228219121,11054,prompt_diverse,0.98,30,6,0.35,14,180,132,0.7333333333333333,True,0.03485245901639342,none,0,0,
0.8333333333333334,3.08785893001789,0.04767950052029136,0.35225806451612884,3.0761227404459666,0.04854024943310658,0.6547475091705467,11055,prompt_diverse,0.98,30,6,0.35,14,180,130,0.7222222222222222,True,0.058709677419354796,none,0,0,
1.0,3.1552413801437296,0.04604123778714504,0.3382838283828382,3.132778818981915,0.04753047052154195,0.7426523240889203,11056,prompt_diverse,0.98,30,6,0.35,14,180,135,0.75,True,0.0,none,0,0,
0.9,3.102034407551696,0.04719186586279796,0.33277591973244136,3.0866477549745195,0.04820365646258503,0.7225521528637122,11057,prompt_diverse,0.98,30,6,0.35,14,180,129,0.7166666666666667,True,0.033277591973244126,none,0,0,
0.9666666666666667,3.154976895401963,0.04622443389335281,0.3470720720720719,3.1292304373722075,0.04792020975056689,0.7388759289605765,11058,prompt_diverse,0.98,30,6,0.35,14,180,137,0.7611111111111111,True,0.01156906906906906,none,0,0,
0.9,3.1183365273122625,0.04718192627824019,0.35448275862068956,3.0930846948492166,0.04891227324263039,0.7421413430958492,11059,prompt_diverse,0.98,30,6,0.35,14,180,131,0.7277777777777777,True,0.035448275862068945,none,0,0,
0.9333333333333333,3.1595233403464107,0.04581442114334961,0.3461016949152542,3.1331805168357785,0.04756590136054422,0.7621853003227522,11060,prompt_diverse,0.98,30,6,0.35,14,180,139,0.7722222222222223,True,0.02307344632768361,none,0,0,
0.9666666666666667,3.155057849079643,0.04610640637576664,0.3455667789001122,3.1196244711206655,0.04889455782312925,0.7237165846176247,11061,prompt_diverse,0.98,30,6,0.35,14,180,138,0.7666666666666667,True,0.011518892630003738,none,0,0,
0.9666666666666667,3.1606684674060235,0.04604138672399892,0.3445901639344262,3.134948376468411,0.04786706349206349,0.7112050000800744,11062,prompt_diverse,0.98,30,6,0.35,14,180,137,0.7611111111111111,True,0.011486338797814204,none,0,0,
1.0,3.1671612846564345,0.04545260369943185,0.32832244008714584,3.146443180224544,0.04682185374149659,0.7113494790832048,11063,prompt_diverse,0.98,30,6,0.35,14,180,138,0.7666666666666667,True,0.0,none,0,0,
0.9,3.1112352762596127,0.04726116175974033,0.35874587458745855,3.085476559278673,0.049355158730158735,0.660266103574544,11064,prompt_diverse,0.98,30,6,0.35,14,180,131,0.7277777777777777,True,0.035874587458745846,none,0,0,
1.0,3.197385809891946,0.044213920988981456,0.31377049180327865,3.1744027806834567,0.0457234977324263,0.7089183544352569,11065,prompt_diverse,0.98,30,6,0.35,14,180,140,0.7777777777777778,True,0.0,none,0,0,
0.8666666666666667,3.0960538893377114,0.047919848211393404,0.36643990929705206,3.0711519340573425,0.04969175170068027,0.6763268053367849,11066,prompt_diverse,0.98,30,6,0.35,14,180,129,0.7166666666666667,True,0.048858654572940266,none,0,0,
0.9333333333333333,3.1306779054989264,0.046428379467884986,0.33912568306010926,3.1121719592289696,0.04774305555555555,0.7190289348942159,11067,prompt_diverse,0.98,30,6,0.35,14,180,135,0.75,True,0.022608378870673945,none,0,0,
0.9333333333333333,3.128344734204748,0.04690175389883844,0.3544217687074829,3.100763136301481,0.04892998866213151,0.7451562923116747,11068,prompt_diverse,0.98,30,6,0.35,14,180,134,0.7444444444444445,True,0.023628117913832188,none,0,0,
0.8666666666666667,3.0924209136104563,0.047676734731913015,0.35711035267349245,3.080869889179152,0.048570019723865876,0.7322554156935919,11069,prompt_diverse,0.98,30,6,0.35,13,180,129,0.7166666666666667,True,0.047614713689798985,none,0,0,
0.9333333333333333,3.132709787404382,0.046555555555555565,0.3448888888888888,3.1054638794373712,0.04871740362811791,0.7082530924150107,11070,prompt_diverse,0.98,30,6,0.35,14,180,132,0.7333333333333333,True,0.022992592592592582,none,0,0,
0.9666666666666667,3.1494267967183385,0.04623569276277304,0.3460686600221483,3.117058699539,0.04882369614512472,0.7293933082451395,11071,prompt_diverse,0.98,30,6,0.35,14,180,138,0.7666666666666667,True,0.011535622000738275,none,0,0,
0.9666666666666667,3.1597968893055843,0.0457911055578694,0.33945578231292517,3.116688505470025,0.04946145124716553,0.7395079874820536,11072,prompt_diverse,0.98,30,6,0.35,14,180,138,0.7666666666666667,True,0.01131519274376417,none,0,0,
0.9333333333333333,3.143629086826507,0.045965227049425426,0.3342047930283223,3.123364797815075,0.047548185941043083,0.7083581418755954,11073,prompt_diverse,0.98,30,6,0.35,14,180,135,0.75,True,0.02228031953522148,none,0,0,
0.9,3.0890154432529147,0.04814266910505656,0.36439135381114895,3.0661968517496607,0.04985119047619047,0.6969820457173861,11074,prompt_diverse,0.98,30,6,0.35,14,180,128,0.7111111111111111,True,0.03643913538111489,none,0,0,
0.9,3.1001072520289847,0.048526717831443585,0.38073817762399065,3.059545173590779,0.051746740362811794,0.7020619201704107,11075,prompt_diverse,0.98,30,6,0.35,14,180,128,0.7111111111111111,True,0.038073817762399056,none,0,0,
0.8666666666666667,3.0966568361135653,0.04784514243973704,0.3641891891891891,3.074060311761977,0.0494968820861678,0.7289205398328061,11076,prompt_diverse,0.98,30,6,0.35,14,180,132,0.7333333333333333,True,0.048558558558558534,none,0,0,
0.9666666666666667,3.1630667414784863,0.04524444444444444,0.3268888888888888,3.132334176747254,0.04761904761904761,0.7303467186549897,11077,prompt_diverse,0.98,30,6,0.35,14,180,135,0.75,True,0.010896296296296291,none,0,0,
0.9,3.118758777257364,0.046901753898838446,0.3467120181405894,3.0954533589989945,0.04846938775510203,0.7367129089448605,11078,prompt_diverse,0.98,30,6,0.35,14,180,133,0.7388888888888889,True,0.03467120181405893,none,0,0,
0.9333333333333333,3.1296760444857474,0.04676548823964416,0.34806201550387583,3.1064228089693833,0.048433956916099766,0.7520071205796485,11079,prompt_diverse,0.98,30,6,0.35,14,180,135,0.75,True,0.02320413436692505,none,0,0,
1.0,3.3864067214959492,0.03429104780456132,0.09069069069069058,3.3307784732059864,0.03803500566893425,0.9848281949220646,11080,route_partitioned,0.0,30,6,0.35,14,180,180,0.9777777777777777,False,0.0,low_coverage,4,56,0.07142857142857142
1.0,3.381044399623934,0.03466536133855465,0.10880503144654075,3.323801051453443,0.038247590702947844,0.9845367469025682,11081,route_partitioned,0.0,30,6,0.35,14,180,178,0.9444444444444444,False,0.0,low_coverage,8,56,0.14285714285714285
1.0,3.3674513052897748,0.03551889571584884,0.14097859327217122,3.310708497235607,0.039204223356009066,0.9817148372298218,11082,route_partitioned,0.0,30,6,0.35,14,180,178,0.95,False,0.0,low_coverage,7,56,0.125
1.0,3.363740837652116,0.03556097971551216,0.13914373088684995,3.3157971297104663,0.03846017573696145,0.9796116671214888,11083,route_partitioned,0.0,30,6,0.35,14,180,178,0.9333333333333333,False,0.0,low_coverage,10,56,0.17857142857142858
1.0,3.3851353909094097,0.034388266211450774,0.09684044233807265,3.336894245678763,0.03760983560090702,0.9876793731784429,11084,route_partitioned,0.0,30,6,0.35,14,180,180,0.9722222222222222,False,0.0,low_coverage,5,56,0.08928571428571429
1.0,3.341597576294706,0.0368123468174428,0.17093596059113292,3.28139560567832,0.0402671485260771,0.9841395226615531,11085,route_partitioned,0.0,30,6,0.35,14,180,178,0.9055555555555556,False,0.0,low_coverage,15,56,0.26785714285714285
1.0,3.385807798833096,0.03437685551073893,0.0960784313725489,3.328047888908415,0.038407029478458046,0.9851049863220155,11086,route_partitioned,0.0,30,6,0.35,14,180,180,0.9888888888888889,False,0.0,low_coverage,2,56,0.03571428571428571
1.0,3.3773157060736647,0.034898539358886385,0.11848184818481844,3.337029624587102,0.03729095804988663,0.990584207137995,11087,route_partitioned,0.0,30,6,0.35,14,180,180,0.95,False,0.0,low_coverage,9,56,0.16071428571428573
1.0,3.3876265658782745,0.03429104780456132,0.08318318318318307,3.361998111895101,0.035980017006802714,0.9862076532405791,11088,route_partitioned,0.0,30,6,0.35,14,180,180,0.9888888888888889,False,0.0,low_coverage,2,56,0.03571428571428571
1.0,3.379353441753342,0.03480350018735259,0.11377151799686991,3.3367772783753233,0.037450396825396824,0.9872969344600833,11089,route_partitioned,0.0,30,6,0.35,14,180,180,0.9722222222222222,False,0.0,low_coverage,5,56,0.08928571428571429
1.0,3.3691296756099685,0.03533285866856533,0.13679245283018848,3.306530038723527,0.03931051587301587,0.9823830645288312,11090,route_partitioned,0.0,30,6,0.35,14,180,180,0.9444444444444444,False,0.0,low_coverage,10,56,0.17857142857142858
1.0,3.3877692232823127,0.03419512621189623,0.08566978193146402,3.325043506877389,0.038389314058956917,0.9870846111107382,11091,route_partitioned,0.0,30,6,0.35,14,180,180,0.9777777777777777,False,0.0,low_coverage,4,56,0.07142857142857142
1.0,3.380831694934281,0.0346323054148162,0.10761035007610342,3.3166485644243875,0.0390093537414966,0.982365082911734,11092,route_partitioned,0.0,30,6,0.35,14,180,180,0.9555555555555556,False,0.0,low_coverage,8,56,0.14285714285714285
1.0,3.368574469699833,0.035449999999999995,0.1366666666666665,3.2917505747356772,0.040338010204081634,0.9874917410060564,11093,route_partitioned,0.0,30,6,0.35,14,180,179,0.9277777777777778,False,0.0,low_coverage,12,56,0.21428571428571427
1.0,3.3819565962473104,0.03462255072582462,0.10904977375565594,3.31770006865501,0.0390093537414966,0.9824026337744401,11094,route_partitioned,0.0,30,6,0.35,14,180,180,0.9777777777777777,False,0.0,low_coverage,4,56,0.07142857142857142
1.0,3.3698794108617802,0.03539264371685886,0.130275229357798,3.326085364653204,0.03807043650793651,0.9822257496637509,11095,route_partitioned,0.0,30,6,0.35,14,180,180,0.9611111111111111,False,0.0,low_coverage,7,56,0.125
1.0,3.381553924995105,0.034631845576032834,0.09221183800623045,3.335811533212768,0.0377515589569161,0.988500656902712,11096,route_partitioned,0.0,30,6,0.35,14,180,178,0.9722222222222222,False,0.0,low_coverage,3,56,0.05357142857142857
1.0,3.3795276162039256,0.03476395761218119,0.11536098310291854,3.3196127582668664,0.038761337868480725,0.9853082791781339,11097,route_partitioned,0.0,30,6,0.35,14,180,179,0.9611111111111111,False,0.0,low_coverage,6,56,0.10714285714285714
1.0,3.3763605931857525,0.03497983204390663,0.12128325508607185,3.3208917100785187,0.03851332199546485,0.9872450466260517,11098,route_partitioned,0.0,30,6,0.35,14,180,180,0.9611111111111111,False,0.0,low_coverage,7,56,0.125
1.0,3.3595951543393627,0.03571660356949702,0.1325581395348836,3.305873157851443,0.03923965419501134,0.983105115244479,11099,route_partitioned,0.0,30,6,0.35,14,180,178,0.95,False,0.0,low_coverage,7,56,0.125
1.0,3.3580343806708886,0.035981819712145445,0.1547400611620795,3.3053576955938744,0.039115646258503396,0.9806526428835869,11100,route_partitioned,0.0,30,6,0.35,14,180,180,0.9444444444444444,False,0.0,low_coverage,10,56,0.17857142857142858
1.0,3.371819046448821,0.035061266962560254,0.1196620583717356,3.3243852886318206,0.038176729024943304,0.9837565469948316,11101,route_partitioned,0.0,30,6,0.35,14,180,179,0.9611111111111111,False,0.0,low_coverage,6,56,0.10714285714285714
1.0,3.381312808928909,0.03458308536666005,0.10281690140845057,3.322211022199335,0.038566468253968256,0.9889405390367153,11102,route_partitioned,0.0,30,6,0.35,14,180,179,0.9722222222222222,False,0.0,low_coverage,4,56,0.07142857142857142
1.0,3.3605596604002046,0.035963499731615674,0.15314009661835737,3.2950206522938137,0.03996598639455781,0.9859118675783197,11103,route_partitioned,0.0,30,6,0.35,14,180,178,0.9388888888888889,False,0.0,low_coverage,9,56,0.16071428571428573
1.0,3.383718134732004,0.03450912102614198,0.09447004608294929,3.339527370181254,0.037361819727891155,0.9853351179248714,11104,route_partitioned,0.0,30,6,0.35,14,180,180,0.9722222222222222,False,0.0,low_coverage,5,56,0.08928571428571429
1.0,3.3892062241030283,0.03411430251936085,0.08184818481848177,3.3493801239281003,0.03663548752834467,0.9948398707537751,11105,route_partitioned,0.0,30,6,0.35,14,180,180,0.9833333333333333,False,0.0,low_coverage,3,56,0.05357142857142857
1.0,3.3783251220601493,0.03485020525810114,0.11526479750778806,3.322150781196822,0.03872590702947846,0.9865933574757446,11106,route_partitioned,0.0,30,6,0.35,14,180,180,0.9722222222222222,False,0.0,low_coverage,5,56,0.08928571428571429
1.0,3.3793958359351013,0.034779932286857496,0.11520467836257309,3.3456313675061327,0.03688350340136054,0.9768624775489471,11107,route_partitioned,0.0,30,6,0.35,14,180,178,0.9666666666666667,False,0.0,low_coverage,4,56,0.07142857142857142
1.0,3.376137398865092,0.03494034575115656,0.1183183183183183,3.3202907385929556,0.03863732993197279,0.9817939086498327,11108,route_partitioned,0.0,30,6,0.35,14,180,179,0.9666666666666667,False,0.0,low_coverage,5,56,0.08928571428571429
1.0,3.352023906276383,0.03602934754126997,0.15015576323987534,3.303423817995462,0.03908021541950113,0.97725554908427,11109,route_partitioned,0.0,30,6,0.35,14,180,179,0.9055555555555556,False,0.0,low_coverage,16,56,0.2857142857142857
1.0,3.339791022485522,0.03746217259730774,0.18854568854568843,3.3203813998181233,0.03840702947845804,0.9384525643435101,11110,route_partitioned,0.25,30,6,0.35,14,180,178,0.9444444444444444,False,0.0,low_coverage,8,56,0.14285714285714285
1.0,3.3218318450806716,0.03809184763260948,0.21345911949685514,3.282523868639271,0.0404797335600907,0.914165997666598,11111,route_partitioned,0.25,30,6,0.35,14,180,180,0.9,False,0.0,low_coverage,18,56,0.32142857142857145
1.0,3.3239509718937734,0.03779204903496841,0.20622406639004143,3.2633753179486544,0.04170209750566894,0.9357771353807499,11112,route_partitioned,0.25,30,6,0.35,14,180,175,0.8833333333333333,True,0.0,low_coverage,16,56,0.2857142857142857
1.0,3.331982180624839,0.03772693055093573,0.20543933054393304,3.277153230536204,0.040904903628117904,0.9418958979571044,11113,route_partitioned,0.25,30,6,0.35,14,180,177,0.8944444444444445,True,0.0,low_coverage,16,56,0.2857142857142857
1.0,3.350298423778706,0.03645102871692924,0.17035670356703547,3.31491483810203,0.03865504535147393,0.9198902163829353,11114,route_partitioned,0.25,30,6,0.35,14,180,178,0.9277777777777778,False,0.0,low_coverage,11,56,0.19642857142857142
1.0,3.330520898172565,0.03799381886589626,0.21120218579234962,3.2829204883750993,0.040887188208616775,0.9399956030395268,11115,route_partitioned,0.25,30,6,0.35,14,180,179,0.9055555555555556,False,0.0,low_coverage,16,56,0.2857142857142857
1.0,3.3468650411659313,0.03711999999999999,0.1831999999999998,3.3014252754827087,0.04016085600907029,0.9558238656070669,11116,route_partitioned,0.25,30,6,0.35,14,180,179,0.9611111111111111,False,0.0,low_coverage,6,56,0.10714285714285714
1.0,3.349056998498027,0.036708958093041144,0.18026143790849658,3.3080672572584815,0.03941680839002268,0.9449333810014021,11117,route_partitioned,0.25,30,6,0.35,14,180,180,0.9444444444444444,False,0.0,low_coverage,10,56,0.17857142857142858
1.0,3.3526089545834576,0.03643724696356275,0.1728744939271254,3.303489746660075,0.03955853174603175,0.9424984465080729,11118,route_partitioned,0.25,30,6,0.35,14,180,176,0.9277777777777778,False,0.0,low_coverage,9,56,0.16071428571428573
1.0,3.343196491435115,0.03676799999999999,0.17706666666666648,3.3093386562682277,0.03869047619047619,0.9395379892686483,11119,route_partitioned,0.25,30,6,0.35,14,180,177,0.9166666666666666,False,0.0,low_coverage,12,56,0.21428571428571427
1.0,3.292302746435269,0.03942041338163222,0.2408906882591093,3.2621512731033233,0.04090490362811791,0.9259497467250443,11120,route_partitioned,0.25,30,6,0.35,14,180,179,0.8833333333333333,True,0.0,low_coverage,20,56,0.35714285714285715
1.0,3.33165768648316,0.03778131095412152,0.20904183535762466,3.288488837478591,0.040338010204081634,0.9394415115354705,11121,route_partitioned,0.25,30,6,0.35,14,180,180,0.9277777777777778,False,0.0,low_coverage,13,56,0.23214285714285715
1.0,3.318248773376935,0.03817680359994194,0.21111111111111103,3.275001869442679,0.040851757369614515,0.9362701629453274,11122,route_partitioned,0.25,30,6,0.35,14,180,179,0.9166666666666666,False,0.0,low_coverage,14,56,0.25
1.0,3.3559904351947027,0.03640263866711827,0.16934404283801863,3.3091368764284934,0.039399092970521535,0.9466125888238097,11123,route_partitioned,0.25,30,6,0.35,14,180,179,0.9444444444444444,False,0.0,low_coverage,9,56,0.16071428571428573
1.0,3.351796960928535,0.03656462585034014,0.17539682539682522,3.298058714631503,0.04023171768707483,0.9462191587553308,11124,route_partitioned,0.25,30,6,0.35,14,180,180,0.9444444444444444,False,0.0,low_coverage,10,56,0.17857142857142858
1.0,3.298310824376089,0.03933907867815736,0.24120734908136465,3.2545026802491313,0.041826105442176874,0.9155222084285349,11125,route_partitioned,0.25,30,6,0.35,14,180,178,0.8888888888888888,True,0.0,low_coverage,18,56,0.32142857142857145
1.0,3.3334612498543237,0.037634041390615394,0.20137741046831947,3.2897438801866303,0.04007227891156462,0.9447052507473356,11126,route_partitioned,0.25,30,6,0.35,14,180,180,0.9055555555555556,False,0.0,low_coverage,17,56,0.30357142857142855
1.0,3.357454129582905,0.036191999999999995,0.16479999999999984,3.3113777572076946,0.039221938775510196,0.9459505460067817,11127,route_partitioned,0.25,30,6,0.35,14,180,180,0.9388888888888889,False,0.0,low_coverage,11,56,0.19642857142857142
1.0,3.3239171928614484,0.037623569198751296,0.19650537634408582,3.2773949980543393,0.04051516439909296,0.9483880986383698,11128,route_partitioned,0.25,30,6,0.35,14,180,180,0.9222222222222223,False,0.0,low_coverage,14,56,0.25
1.0,3.3380239465533212,0.03724852071005917,0.19512820512820506,3.2955541890993976,0.039912840136054416,0.9339191900407937,11129,route_partitioned,0.25,30,6,0.35,14,180,179,0.9222222222222223,False,0.0,low_coverage,13,56,0.23214285714285715
1.0,3.359421714972403,0.035759138079185675,0.1449864498644986,3.319348186733426,0.03830073696145124,0.9548633467153448,11130,route_partitioned,0.25,30,6,0.35,14,180,175,0.9333333333333333,False,0.0,low_coverage,7,56,0.125
1.0,3.3515169354531555,0.0366260037286593,0.17560664112388236,3.31952063847393,0.03846017573696145,0.9262513946707885,11131,route_partitioned,0.25,30,6,0.35,14,180,179,0.9444444444444444,False,0.0,low_coverage,9,56,0.16071428571428573
1.0,3.3453901739501375,0.03680695202528009,0.18050847457627106,3.2986842415963187,0.03975340136054421,0.9589033693912038,11132,route_partitioned,0.25,30,6,0.35,14,180,179,0.9277777777777778,False,0.0,low_coverage,12,56,0.21428571428571427
1.0,3.3260942947770835,0.03776755058806341,0.2048433048433047,3.2739530635902874,0.04076318027210884,0.9496357214251264,11133,route_partitioned,0.25,30,6,0.35,14,180,179,0.8944444444444445,True,0.0,low_coverage,18,56,0.32142857142857145
1.0,3.36193395395688,0.03594124752717914,0.15829846582984652,3.332300684921815,0.0376984126984127,0.9585918691121184,11134,route_partitioned,0.25,30,6,0.35,14,180,177,0.9388888888888889,False,0.0,low_coverage,8,56,0.14285714285714285
1.0,3.351124283160698,0.03663473552686381,0.17428571428571416,3.305446523339819,0.03957624716553289,0.961908401594383,11135,route_partitioned,0.25,30,6,0.35,14,180,180,0.95,False,0.0,low_coverage,9,56,0.16071428571428573
1.0,3.3318767161885043,0.03770903562694164,0.20704607046070445,3.2760147973970075,0.04092261904761905,0.9399970131083948,11136,route_partitioned,0.25,30,6,0.35,14,180,179,0.9055555555555556,False,0.0,low_coverage,16,56,0.2857142857142857
1.0,3.324320050002221,0.03800607601215202,0.21207349081364812,3.2918831032709606,0.03977111678004534,0.9267836100711321,11137,route_partitioned,0.25,30,6,0.35,14,180,179,0.9111111111111111,False,0.0,low_coverage,15,56,0.26785714285714285
1.0,3.345335108863998,0.03672481310074761,0.17522012578616342,3.3194224824958076,0.03833616780045352,0.9365611310779509,11138,route_partitioned,0.25,30,6,0.35,14,180,178,0.9444444444444444,False,0.0,low_coverage,8,56,0.14285714285714285
1.0,3.3525007810919245,0.03650163769211389,0.17248677248677247,3.3257155122076663,0.03794642857142857,0.9526590067769348,11139,route_partitioned,0.25,30,6,0.35,14,180,180,0.9666666666666667,False,0.0,low_coverage,6,56,0.10714285714285714
1.0,3.3037075786650583,0.03909367779878178,0.2362318840579709,3.277383777431948,0.04060374149659863,0.8993636581072155,11140,route_partitioned,0.5,30,6,0.35,14,180,179,0.9055555555555556,False,0.0,low_coverage,16,56,0.2857142857142857
1.0,3.293083834372158,0.03986776859504132,0.253212121212121,3.259448937419269,0.04187925170068027,0.8718388841679028,11141,route_partitioned,0.5,30,6,0.35,14,180,176,0.8777777777777778,True,0.0,low_coverage,18,56,0.32142857142857145
1.0,3.2764454747450356,0.04041280864197531,0.26157407407407396,3.2507357491869686,0.041914682539682536,0.8558520863428098,11142,route_partitioned,0.5,30,6,0.35,14,180,175,0.85,True,0.0,low_coverage,22,56,0.39285714285714285
1.0,3.274696190978245,0.0406099382049072,0.265156794425087,3.2431520532516376,0.04255243764172335,0.8561815237283045,11143,route_partitioned,0.5,30,6,0.35,14,180,177,0.85,True,0.0,low_coverage,24,56,0.42857142857142855
1.0,3.278855601411534,0.0401341715143554,0.25319634703196336,3.2554062478910106,0.0415249433106576,0.8453324807532746,11144,route_partitioned,0.5,30,6,0.35,14,180,178,0.8555555555555555,True,0.0,low_coverage,24,56,0.42857142857142855
1.0,3.29088128432616,0.03985300967858807,0.24964028776978409,3.244335082814722,0.04301303854875283,0.869745175609288,11145,route_partitioned,0.5,30,6,0.35,14,180,177,0.8833333333333333,True,0.0,low_coverage,18,56,0.32142857142857145
1.0,3.273934842288504,0.04099166709797628,0.2743405275779376,3.2323127568920254,0.04368622448979592,0.8548761538282004,11146,route_partitioned,0.5,30,6,0.35,14,180,176,0.85,True,0.0,low_coverage,23,56,0.4107142857142857
1.0,3.2953588342500417,0.04004316491309206,0.2543608124253285,3.250052470570769,0.04301303854875283,0.8732394418963928,11147,route_partitioned,0.5,30,6,0.35,14,180,172,0.8611111111111112,True,0.0,low_coverage,17,56,0.30357142857142855
1.0,3.287349776436468,0.03992865636147444,0.25310344827586206,3.2445029641056804,0.043190192743764164,0.849844613927377,11148,route_partitioned,0.5,30,6,0.35,14,180,176,0.8666666666666667,True,0.0,low_coverage,20,56,0.35714285714285715
0.9333333333333333,3.2468735702070872,0.04145759751853928,0.2812274368231047,3.2156670675415504,0.043491354875283446,0.856841481770943,11149,route_partitioned,0.5,30,6,0.35,14,180,175,0.8333333333333334,True,0.018748495788206976,low_coverage,25,56,0.44642857142857145
1.0,3.294974216097221,0.03929378566344941,0.23686690223792684,3.259187222255884,0.04184382086167801,0.8528038651474962,11150,route_partitioned,0.5,30,6,0.35,14,180,178,0.8722222222222222,True,0.0,low_coverage,21,56,0.375
1.0,3.2960624482548013,0.0397500525099769,0.24975845410628006,3.267341952268048,0.04148951247165532,0.8984043341534491,11151,route_partitioned,0.5,30,6,0.35,14,180,179,0.9,False,0.0,low_coverage,17,56,0.30357142857142855
1.0,3.297066010522571,0.03926687623208482,0.23941605839416047,3.2611223870266794,0.04154265873015872,0.8787777765594235,11152,route_partitioned,0.5,30,6,0.35,14,180,177,0.8833333333333333,True,0.0,low_coverage,18,56,0.32142857142857145
1.0,3.2997806138191126,0.038977407847800245,0.22781609195402286,3.2794244735856037,0.040178571428571425,0.8859396817298942,11153,route_partitioned,0.5,30,6,0.35,14,180,180,0.8888888888888888,True,0.0,low_coverage,20,56,0.35714285714285715
1.0,3.2896264608066312,0.03987348615916955,0.2519607843137255,3.256025082089264,0.04175524376417233,0.8798703383843068,11154,route_partitioned,0.5,30,6,0.35,14,180,173,0.8555555555555555,True,0.0,low_coverage,19,56,0.3392857142857143
1.0,3.2616035566059174,0.04145404663923182,0.28049382716049376,3.2108067806866956,0.04460742630385487,0.8559806210137664,11155,route_partitioned,0.5,30,6,0.35,14,180,172,0.8277777777777777,True,0.0,low_coverage,23,56,0.4107142857142857
1.0,3.306645950874421,0.03917856303810064,0.23977695167286228,3.262963402293646,0.04187925170068028,0.8936917901819615,11156,route_partitioned,0.5,30,6,0.35,14,180,177,0.8944444444444445,True,0.0,low_coverage,16,56,0.2857142857142857
0.9666666666666667,3.2375322272522573,0.0421983389016356,0.29340659340659325,3.1955912610814328,0.04522746598639456,0.8608736617995586,11157,route_partitioned,0.5,30,6,0.35,14,180,176,0.8388888888888889,True,0.009780219780219772,low_coverage,25,56,0.44642857142857145
1.0,3.2583164980670367,0.04137174211248286,0.2792592592592591,3.2119533104574227,0.044359410430839,0.8529034910028583,11158,route_partitioned,0.5,30,6,0.35,14,180,175,0.8388888888888889,True,0.0,low_coverage,24,56,0.42857142857142855
1.0,3.2714186773584104,0.04117860161816206,0.2768009768009767,3.2372117931844446,0.04310161564625851,0.8656183940568744,11159,route_partitioned,0.5,30,6,0.35,14,180,174,0.8555555555555555,True,0.0,low_coverage,20,56,0.35714285714285715
1.0,3.297363533692377,0.03952288320190102,0.24425483503981793,3.2712317981542918,0.04108205782312925,0.8398042270089148,11160,route_partitioned,0.5,30,6,0.35,14,180,179,0.8888888888888888,True,0.0,low_coverage,19,56,0.3392857142857143
1.0,3.2810527126423614,0.04049245214698648,0.263250883392226,3.2411811664320624,0.043154761904761904,0.8616397799458366,11161,route_partitioned,0.5,30,6,0.35,14,180,176,0.8722222222222222,True,0.0,low_coverage,19,56,0.3392857142857143
1.0,3.282787182017496,0.04038711072664361,0.2580882352941176,3.2416659561395265,0.04288903061224489,0.8622717680474802,11162,route_partitioned,0.5,30,6,0.35,14,180,172,0.8388888888888889,True,0.0,low_coverage,21,56,0.375
1.0,3.288976276477055,0.04023936990969957,0.2616605616605616,3.24718718784637,0.04292446145124716,0.8737787845698156,11163,route_partitioned,0.5,30,6,0.35,14,180,177,0.8777777777777778,True,0.0,low_coverage,19,56,0.3392857142857143
1.0,3.2685670650270953,0.040456891081284946,0.2577854671280275,3.2434309399747465,0.0419501133786848,0.8368446763253986,11164,route_partitioned,0.5,30,6,0.35,14,180,176,0.85,True,0.0,low_coverage,23,56,0.4107142857142857
1.0,3.3019615505401525,0.038917946834513245,0.22835112692763926,3.262169869519622,0.04161352040816327,0.8528993906461234,11165,route_partitioned,0.5,30,6,0.35,14,180,179,0.8888888888888888,True,0.0,low_coverage,19,56,0.3392857142857143
0.9666666666666667,3.248347941554388,0.04121652892561983,0.27357575757575736,3.2143267791978043,0.04333191609977324,0.8686193861245597,11166,route_partitioned,0.5,30,6,0.35,14,180,175,0.8277777777777777,True,0.00911919191919191,low_coverage,26,56,0.4642857142857143
1.0,3.2703440221275217,0.041107214133040464,0.2752577319587628,3.240046075401267,0.04304846938775511,0.8354628408123587,11167,route_partitioned,0.5,30,6,0.35,14,180,177,0.8666666666666667,True,0.0,low_coverage,21,56,0.375
0.9666666666666667,3.2575130339398912,0.041045918367346945,0.27261904761904754,3.228834500463375,0.04274730725623583,0.8566776109003191,11168,route_partitioned,0.5,30,6,0.35,14,180,175,0.8333333333333334,True,0.009087301587301583,low_coverage,25,56,0.44642857142857145
1.0,3.2697286304069335,0.04072627314814816,0.2622685185185185,3.221961428678288,0.044359410430839005,0.8370004309862272,11169,route_partitioned,0.5,30,6,0.35,14,180,177,0.85,True,0.0,low_coverage,24,56,0.42857142857142855
0.9666666666666667,3.2303857133627045,0.04288088642659279,0.3056140350877192,3.175531878756535,0.04761904761904762,0.8122289943355954,11170,route_partitioned,0.75,30,6,0.35,14,180,177,0.8388888888888889,True,0.010187134502923972,low_coverage,26,56,0.4642857142857143
1.0,3.233661719088019,0.04287856780151392,0.301832760595647,3.203976083931044,0.04466057256235828,0.8077823388851523,11171,route_partitioned,0.75,30,6,0.35,14,180,173,0.8166666666666667,True,0.0,low_coverage,26,56,0.4642857142857143
1.0,3.1982296171348503,0.04444633296507182,0.324622531939605,3.1680267512659817,0.04625496031746032,0.7717989174706333,11172,route_partitioned,0.75,30,6,0.35,14,180,172,0.7888888888888889,True,0.0,low_coverage,30,56,0.5357142857142857
0.9666666666666667,3.204618579073201,0.0435162309681126,0.3076836158192089,3.173873588846462,0.04572349773242631,0.7922891043073307,11173,route_partitioned,0.75,30,6,0.35,14,180,173,0.8,True,0.01025612052730696,low_coverage,29,56,0.5178571428571429
1.0,3.2182534153589013,0.04337831204128303,0.3087658592848903,3.1825974752315354,0.04574121315192743,0.809636607576489,11174,route_partitioned,0.75,30,6,0.35,14,180,174,0.8111111111111111,True,0.0,low_coverage,28,56,0.5
1.0,3.2082171300386437,0.04374671424256999,0.3120401337792642,3.1762116925962083,0.04600694444444444,0.7439303445499627,11175,route_partitioned,0.75,30,6,0.35,14,180,171,0.7944444444444444,True,0.0,low_coverage,28,56,0.5
1.0,3.184307444544265,0.04468830795748348,0.3210169491525423,3.1596774336757094,0.04621952947845804,0.7241593338556002,11176,route_partitioned,0.75,30,6,0.35,14,180,173,0.7833333333333333,True,0.0,low_coverage,32,56,0.5714285714285714
0.9666666666666667,3.192075600116596,0.04461437417902045,0.328310502283105,3.1561976891829446,0.04733560090702948,0.7786661060277554,11177,route_partitioned,0.75,30,6,0.35,14,180,171,0.7777777777777778,True,0.01094368340943683,low_coverage,31,56,0.5535714285714286
1.0,3.245999495462166,0.04243608158575122,0.2977401129943502,3.2202655119814607,0.04405824829931972,0.7900786839010908,11178,route_partitioned,0.75,30,6,0.35,14,180,174,0.8333333333333334,True,0.0,low_coverage,24,56,0.42857142857142855
1.0,3.2009701773428465,0.0445316777131941,0.3273037542662116,3.166879784495162,0.04675099206349206,0.7685101756699502,11179,route_partitioned,0.75,30,6,0.35,14,180,168,0.7777777777777778,True,0.0,low_coverage,28,56,0.5
0.9333333333333333,3.1819526215860323,0.044065798274552474,0.313692480359147,3.1644684149406834,0.04513888888888888,0.7981353380781965,11180,route_partitioned,0.75,30,6,0.35,14,180,175,0.7888888888888889,True,0.020912832023943128,low_coverage,33,56,0.5892857142857143
1.0,3.1984752423322313,0.04427728480699067,0.31744966442953015,3.1689218843397713,0.04637896825396825,0.7612192645942438,11181,route_partitioned,0.75,30,6,0.35,14,180,174,0.8,True,0.0,low_coverage,30,56,0.5357142857142857
0.9666666666666667,3.2001649344684533,0.044006136797607086,0.3168327796234771,3.1727865598323786,0.04593608276643991,0.7548083851896757,11182,route_partitioned,0.75,30,6,0.35,14,180,174,0.7944444444444444,True,0.010561092654115901,low_coverage,31,56,0.5535714285714286
1.0,3.2428629286429516,0.04230637630931226,0.29557032115171644,3.219938903912433,0.04379251700680272,0.7653144326249478,11183,route_partitioned,0.75,30,6,0.35,14,180,177,0.8388888888888889,True,0.0,low_coverage,26,56,0.4642857142857143
0.9666666666666667,3.215781434866194,0.04313387459376347,0.30182025028441406,3.1873744055014077,0.04508574263038548,0.7968652964687183,11184,route_partitioned,0.75,30,6,0.35,14,180,174,0.8111111111111111,True,0.010060675009480467,low_coverage,28,56,0.5
0.9666666666666667,3.205116234988153,0.043498962690881875,0.3042648709315374,3.17912451440069,0.04520975056689343,0.7750637790349545,11185,route_partitioned,0.75,30,6,0.35,14,180,173,0.7888888888888889,True,0.010142162364384578,low_coverage,31,56,0.5535714285714286
0.9333333333333333,3.1920175033382736,0.04401835180055402,0.31732456140350873,3.1628945414797447,0.046272675736961456,0.723666631355839,11186,route_partitioned,0.75,30,6,0.35,14,180,174,0.8,True,0.02115497076023391,low_coverage,30,56,0.5357142857142857
1.0,3.221686548265154,0.042945069184136236,0.2963718820861676,3.1931618741383616,0.04478458049886621,0.7749312707284641,11187,route_partitioned,0.75,30,6,0.35,14,180,174,0.8055555555555556,True,0.0,low_coverage,29,56,0.5178571428571429
1.0,3.205501678533966,0.04394002498958768,0.31678004535147375,3.177578336384661,0.045688066893424036,0.7526787498608823,11188,route_partitioned,0.75,30,6,0.35,14,180,174,0.7888888888888889,True,0.0,low_coverage,32,56,0.5714285714285714
1.0,3.229290314273211,0.04299142785565685,0.3037403740374036,3.20181004406293,0.04490858843537415,0.7486201905269653,11189,route_partitioned,0.75,30,6,0.35,14,180,173,0.8166666666666667,True,0.0,low_coverage,26,56,0.4642857142857143
0.9333333333333333,3.1865280627273105,0.044137931034482755,0.319310344827586,3.157738306804186,0.04602465986394557,0.8135089046106926,11190,route_partitioned,0.75,30,6,0.35,14,180,174,0.7944444444444444,True,0.021287356321839063,low_coverage,31,56,0.5535714285714286
0.9666666666666667,3.208317940954821,0.043384700819103145,0.301360544217687,3.1793302033067894,0.04526289682539682,0.7753472630661067,11191,route_partitioned,0.75,30,6,0.35,14,180,171,0.7833333333333333,True,0.010045351473922897,low_coverage,30,56,0.5357142857142857
0.9666666666666667,3.1813167464086636,0.04494276599737285,0.32990867579908656,3.149624985047013,0.04712301587301587,0.7771364593097362,11192,route_partitioned,0.75,30,6,0.35,14,180,171,0.7722222222222223,True,0.01099695585996955,low_coverage,32,56,0.5714285714285714
0.9666666666666667,3.1954886028855154,0.04439012293194459,0.32474226804123707,3.160112903630298,0.046750992063492064,0.7572724850901819,11193,route_partitioned,0.75,30,6,0.35,14,180,170,0.7833333333333333,True,0.010824742268041233,low_coverage,29,56,0.5178571428571429
1.0,3.2186507752507088,0.04312553863832232,0.3006779661016947,3.1776566162013355,0.04646754535147392,0.7787907878576386,11194,route_partitioned,0.75,30,6,0.35,14,180,173,0.8,True,0.0,low_coverage,29,56,0.5178571428571429
1.0,3.214150087337036,0.04405571752510527,0.32176870748299313,3.1848061075316063,0.04582979024943311,0.7469207040375369,11195,route_partitioned,0.75,30,6,0.35,14,180,168,0.7833333333333333,True,0.0,low_coverage,27,56,0.48214285714285715
1.0,3.2133308104404046,0.04379193895004606,0.31633554083885196,3.1825940189888713,0.04607780612244898,0.7547543106071338,11196,route_partitioned,0.75,30,6,0.35,14,180,174,0.8,True,0.0,low_coverage,30,56,0.5357142857142857
0.9333333333333333,3.1893751514545925,0.0436157033619548,0.3013071895424835,3.171399595174685,0.044820011337868476,0.7675975039855074,11197,route_partitioned,0.75,30,6,0.35,14,180,174,0.7888888888888889,True,0.020087145969498895,low_coverage,32,56,0.5714285714285714
1.0,3.2447556529727044,0.04243052114769605,0.2986577181208052,3.217935811112901,0.04418225623582766,0.7988065782850708,11198,route_partitioned,0.75,30,6,0.35,14,180,175,0.8222222222222222,True,0.0,low_coverage,27,56,0.48214285714285715
1.0,3.2291241061594347,0.04287424078030447,0.2995540691192864,3.19409098770616,0.045599489795918366,0.7599107342088867,11199,route_partitioned,0.75,30,6,0.35,14,180,175,0.8166666666666667,True,0.0,low_coverage,28,56,0.5
1.0,3.1671037253461307,0.045772993293177834,0.34466230936819153,3.1437531918808883,0.04738874716553288,0.6942281078194327,11200,route_partitioned,0.9,30,6,0.35,14,180,174,0.7833333333333333,True,0.0,low_coverage,33,56,0.5892857142857143
0.9666666666666667,3.197175953333442,0.04421650764532834,0.3169453734671126,3.170861673926551,0.045953798185941044,0.7546385311474877,11201,route_partitioned,0.9,30,6,0.35,14,180,170,0.7777777777777778,True,0.010564845782237084,low_coverage,30,56,0.5357142857142857
1.0,3.1808697059405735,0.045316130675126534,0.3343105320304016,3.157838101439226,0.046875,0.7142124979217854,11202,route_partitioned,0.9,30,6,0.35,14,180,164,0.7444444444444445,True,0.0,low_coverage,30,56,0.5357142857142857
0.9666666666666667,3.223989284318294,0.042594861804966425,0.297195253505933,3.1976316923247996,0.04474914965986394,0.7433876836443009,11203,route_partitioned,0.9,30,6,0.35,14,180,176,0.8166666666666667,True,0.009906508450197764,low_coverage,29,56,0.5178571428571429
1.0,3.186049093841765,0.04473333333333333,0.3251111111111109,3.1624899464606906,0.04625496031746031,0.7333841725405922,11204,route_partitioned,0.9,30,6,0.35,14,180,170,0.7666666666666667,True,0.0,low_coverage,32,56,0.5714285714285714
0.9333333333333333,3.168161926044636,0.04490047479912345,0.3261261261261261,3.13004318597442,0.04813279478458049,0.7510107502421776,11205,route_partitioned,0.9,30,6,0.35,14,180,171,0.7611111111111111,True,0.021741741741741736,low_coverage,34,56,0.6071428571428571
0.9333333333333333,3.179829570680673,0.04449366255865971,0.31810154525386314,3.1534183361522485,0.046467545351473925,0.7486034368749709,11206,route_partitioned,0.9,30,6,0.35,14,180,172,0.7722222222222223,True,0.02120676968359087,low_coverage,33,56,0.5892857142857143
1.0,3.194493899069509,0.04494612856099343,0.3353603603603603,3.1702055648489376,0.046378968253968256,0.7359518966754081,11207,route_partitioned,0.9,30,6,0.35,14,180,171,0.7944444444444444,True,0.0,low_coverage,28,56,0.5
0.9333333333333333,3.1472579042215654,0.04626990044296302,0.3474613686534216,3.1161347294188975,0.04869968820861678,0.6911936317113159,11208,route_partitioned,0.9,30,6,0.35,14,180,170,0.7611111111111111,True,0.023164091243561433,low_coverage,33,56,0.5892857142857143
0.9333333333333333,3.1326061686342657,0.046537201419356314,0.34624017957351283,3.109286203107866,0.04815051020408163,0.7433707018098584,11209,route_partitioned,0.9,30,6,0.35,14,180,170,0.7444444444444445,True,0.023082678638234183,low_coverage,36,56,0.6428571428571429
0.9,3.143078494947646,0.04585786011080332,0.3370614035087718,3.128192452321379,0.04680413832199546,0.7178000642620422,11210,route_partitioned,0.9,30,6,0.35,14,180,171,0.7555555555555555,True,0.03370614035087717,low_coverage,35,56,0.625
1.0,3.2059363373521435,0.04351716961498439,0.2935483870967741,3.1897642809788453,0.044536564625850324,0.7337764945089198,11211,route_partitioned,0.9,30,6,0.35,14,180,172,0.7944444444444444,True,0.0,low_coverage,29,56,0.5178571428571429
1.0,3.180564221759327,0.04531327417683888,0.33624161073825487,3.150108713479376,0.04740646258503402,0.7275964986403483,11212,route_partitioned,0.9,30,6,0.35,14,180,170,0.7777777777777778,True,0.0,low_coverage,30,56,0.5357142857142857
0.9666666666666667,3.1997833191584286,0.043836198700238256,0.31025641025641004,3.1666070635922243,0.04632582199546486,0.7330553410726921,11213,route_partitioned,0.9,30,6,0.35,14,180,170,0.7777777777777778,True,0.010341880341880333,low_coverage,30,56,0.5357142857142857
0.9,3.136944595271646,0.04651021622212241,0.35296167247386756,3.097336981519039,0.049585459183673464,0.7452793248471431,11214,route_partitioned,0.9,30,6,0.35,14,180,169,0.7388888888888889,True,0.035296167247386746,low_coverage,36,56,0.6428571428571429
1.0,3.190908264165996,0.04446970783986931,0.3234772978959024,3.160661602429249,0.046874999999999986,0.7437044723303279,11215,route_partitioned,0.9,30,6,0.35,14,180,171,0.7777777777777778,True,0.0,low_coverage,31,56,0.5535714285714286
0.9666666666666667,3.202270272655527,0.04423174228369034,0.3242424242424242,3.1804833448814653,0.0456703514739229,0.7389414469246899,11216,route_partitioned,0.9,30,6,0.35,14,180,173,0.8055555555555556,True,0.010808080808080805,low_coverage,28,56,0.5
0.9333333333333333,3.167889956605658,0.044778737774659,0.3169977924944811,3.1480393403191798,0.046060090702947844,0.7293298301314484,11217,route_partitioned,0.9,30,6,0.35,14,180,172,0.7722222222222223,True,0.021133186166298737,low_coverage,33,56,0.5892857142857143
0.9666666666666667,3.14212597915549,0.04661096455889008,0.35448504983388696,3.122512850559613,0.04786706349206349,0.7082941930174326,11218,route_partitioned,0.9,30,6,0.35,14,180,170,0.75,True,0.01181616832779623,low_coverage,35,56,0.625
0.9666666666666667,3.166288656617726,0.045257000947619516,0.3286028602860285,3.143323190773663,0.046910430839002266,0.707142704965047,11219,route_partitioned,0.9,30,6,0.35,14,180,170,0.7611111111111111,True,0.010953428676200947,low_coverage,33,56,0.5892857142857143
0.9666666666666667,3.224386127124841,0.042892855576509806,0.3050772626931566,3.192879148464739,0.04520975056689343,0.7406795365786718,11220,route_partitioned,0.9,30,6,0.35,14,180,172,0.8055555555555556,True,0.010169242089771885,low_coverage,27,56,0.48214285714285715
0.9333333333333333,3.146323767901947,0.04596289636419455,0.33222958057395124,3.129602917080256,0.04694586167800454,0.6911468728683957,11221,route_partitioned,0.9,30,6,0.35,14,180,171,0.7611111111111111,True,0.022148638704930078,low_coverage,34,56,0.6071428571428571
1.0,3.210662190834997,0.04386280212179633,0.3147414741474146,3.1860762100479896,0.045493197278911574,0.758461688146323,11222,route_partitioned,0.9,30,6,0.35,14,180,173,0.8,True,0.0,low_coverage,29,56,0.5178571428571429
0.9666666666666667,3.1676257795589042,0.045252469522223046,0.3290988056460369,3.148175379323771,0.04653840702947845,0.6733986782031022,11223,route_partitioned,0.9,30,6,0.35,14,180,169,0.7611111111111111,True,0.010969960188201226,low_coverage,32,56,0.5714285714285714
1.0,3.1833288874435888,0.04488536552407548,0.327069351230425,3.160482157432833,0.046308106575963716,0.7733587635357582,11224,route_partitioned,0.9,30,6,0.35,14,180,172,0.7777777777777778,True,0.0,low_coverage,32,56,0.5714285714285714
0.9333333333333333,3.1569815185839003,0.045267401236226815,0.3301639344262295,3.143098773218874,0.04607780612244898,0.7478441890844506,11225,route_partitioned,0.9,30,6,0.35,14,180,172,0.7611111111111111,True,0.022010928961748628,low_coverage,35,56,0.625
1.0,3.18912453165249,0.04475596074458931,0.3264026402640263,3.157075881464,0.047247023809523815,0.7022129589919289,11226,route_partitioned,0.9,30,6,0.35,14,180,169,0.7777777777777778,True,0.0,low_coverage,29,56,0.5178571428571429
1.0,3.1637942210123398,0.045617598039756735,0.3336655592469544,3.144706839157139,0.04678642290249433,0.7382314317144393,11227,route_partitioned,0.9,30,6,0.35,14,180,171,0.7666666666666667,True,0.0,low_coverage,33,56,0.5892857142857143
0.9333333333333333,3.1748654816658304,0.0446033068725056,0.3125827814569535,3.156311760822488,0.04575892857142857,0.7042569782031411,11228,route_partitioned,0.9,30,6,0.35,14,180,170,0.7722222222222223,True,0.02083885209713023,low_coverage,31,56,0.5535714285714286
0.9666666666666667,3.1418949093336157,0.046489197530864196,0.347685185185185,3.1198602926128602,0.047760770975056675,0.7640414803382086,11229,route_partitioned,0.9,30,6,0.35,14,180,168,0.7388888888888889,True,0.011589506172839497,low_coverage,35,56,0.625
1.0,3.175322891831256,0.04606722206262568,0.34994350282485875,3.130122003090514,0.049744897959183666,0.7446520921994789,11230,route_partitioned,0.98,30,6,0.35,14,180,168,0.7722222222222223,True,0.0,low_coverage,29,56,0.5178571428571429
0.9333333333333333,3.1288037276667295,0.046965869389948935,0.3550819672131147,3.1042091644679584,0.04884141156462585,0.7035686927794957,11231,route_partitioned,0.98,30,6,0.35,14,180,170,0.75,True,0.023672131147540975,low_coverage,35,56,0.625
0.9333333333333333,3.1236391488050628,0.047024908787892436,0.3534675615212526,3.0955784508594437,0.049231150793650785,0.6901408580966408,11232,route_partitioned,0.98,30,6,0.35,14,180,167,0.7277777777777777,True,0.023564504101416833,low_coverage,36,56,0.6428571428571429
0.9,3.1299110670948194,0.046349263546687086,0.3387024608501117,3.113073734936515,0.04740646258503401,0.727848380397353,11233,route_partitioned,0.98,30,6,0.35,14,180,168,0.7388888888888889,True,0.033870246085011164,low_coverage,35,56,0.625
0.9666666666666667,3.115330670122024,0.04802618551177067,0.3705346985210465,3.073003898104722,0.0516935941043084,0.6962846139329869,11234,route_partitioned,0.98,30,6,0.35,14,180,167,0.7277777777777777,True,0.012351156617368212,low_coverage,36,56,0.6428571428571429
0.9,3.1146238639428483,0.04710076937511727,0.352283105022831,3.0893557911884835,0.04892998866213152,0.7531384775801473,11235,route_partitioned,0.98,30,6,0.35,14,180,170,0.7388888888888889,True,0.03522831050228309,low_coverage,37,56,0.6607142857142857
0.9333333333333333,3.140335208891439,0.04607331014194471,0.3354515050167224,3.113891571720953,0.048079648526077094,0.7365731024272333,11236,route_partitioned,0.98,30,6,0.35,14,180,169,0.7444444444444445,True,0.02236343366778149,low_coverage,35,56,0.625
0.9,3.102397836218292,0.047710406476640245,0.3588744588744588,3.082986439346068,0.04931972789115646,0.7069393450318796,11237,route_partitioned,0.98,30,6,0.35,14,180,169,0.7277777777777777,True,0.03588744588744587,low_coverage,38,56,0.6785714285714286
0.9666666666666667,3.133668118395533,0.04733136253695242,0.36426229508196717,3.1109826223529704,0.049107142857142856,0.6589101150215739,11238,route_partitioned,0.98,30,6,0.35,14,180,168,0.7388888888888889,True,0.012142076502732236,low_coverage,35,56,0.625
0.7666666666666667,3.0423178644374627,0.049156842987046104,0.3715447154471543,3.018739879759206,0.05125070861678005,0.7165193286294519,11239,route_partitioned,0.98,30,6,0.35,14,180,166,0.6888888888888889,True,0.08669376693766931,low_coverage,42,56,0.75
1.0,3.1306774202383036,0.04753806377477736,0.3564971751412429,3.1006306407896598,0.049603174603174593,0.6705720148877311,11240,route_partitioned,0.98,30,6,0.35,14,180,164,0.7277777777777777,True,0.0,low_coverage,33,56,0.5892857142857143
0.8333333333333334,3.083291266240329,0.04816901075802128,0.36872852233676956,3.0541195710933287,0.050524376417233556,0.7015866636725664,11241,route_partitioned,0.98,30,6,0.35,14,180,169,0.7166666666666667,True,0.061454753722794915,low_coverage,40,56,0.7142857142857143
1.0,3.181435622672634,0.044674889631000504,0.3171489817792068,3.1649721945991227,0.04579435941043083,0.7109477527160942,11242,route_partitioned,0.98,30,6,0.35,14,180,172,0.7777777777777778,True,0.0,low_coverage,32,56,0.5714285714285714
1.0,3.1626812441033803,0.04585786011080332,0.3337719298245614,3.137077261632896,0.04768990929705216,0.6956268756468234,11243,route_partitioned,0.98,30,6,0.35,14,180,166,0.75,True,0.0,low_coverage,31,56,0.5535714285714286
0.9,3.136153924002767,0.04613818316442223,0.34444444444444433,3.1038134560028285,0.04875283446712018,0.7031573345862796,11244,route_partitioned,0.98,30,6,0.35,14,180,170,0.7388888888888889,True,0.03444444444444442,low_coverage,37,56,0.6607142857142857
0.9666666666666667,3.1494422173242684,0.04611111111111112,0.34133333333333327,3.130933095958367,0.04731788548752835,0.7307071585300174,11245,route_partitioned,0.98,30,6,0.35,14,180,169,0.75,True,0.011377777777777773,low_coverage,34,56,0.6071428571428571
0.9,3.160070742286884,0.044886666884510235,0.3246424642464245,3.1438690218881478,0.04590065192743764,0.7309862315217822,11246,route_partitioned,0.98,30,6,0.35,14,180,173,0.7666666666666667,True,0.03246424642464244,low_coverage,35,56,0.625
0.9333333333333333,3.1246765812117445,0.04699355291434587,0.35584988962472397,3.098366194930689,0.049124858276643986,0.7038884028804567,11247,route_partitioned,0.98,30,6,0.35,14,180,170,0.7444444444444445,True,0.023723325974981592,low_coverage,36,56,0.6428571428571429
0.9666666666666667,3.14948195271973,0.04631111111111112,0.3455555555555554,3.1248128227727,0.04793792517006802,0.7101024928242968,11248,route_partitioned,0.98,30,6,0.35,14,180,168,0.75,True,0.011518518518518511,low_coverage,33,56,0.5892857142857143
0.9666666666666667,3.1427739907358117,0.04642340248234727,0.3452538631346578,3.1169889351604443,0.04827451814058956,0.6744278592751886,11249,route_partitioned,0.98,30,6,0.35,14,180,168,0.7388888888888889,True,0.01150846210448859,low_coverage,35,56,0.625
0.9333333333333333,3.131275957888967,0.04623569276277305,0.3314507198228127,3.11929018354252,0.04685728458049886,0.7442197204926972,11250,route_partitioned,0.98,30,6,0.35,14,180,172,0.75,True,0.022096714654854174,low_coverage,37,56,0.6607142857142857
0.9666666666666667,3.159451946541195,0.04564675716752308,0.3332261521972131,3.1370303597415705,0.047388747165532874,0.6821585443599472,11251,route_partitioned,0.98,30,6,0.35,14,180,167,0.7444444444444445,True,0.011107538406573766,low_coverage,33,56,0.5892857142857143
0.9666666666666667,3.1613626141911175,0.045431841831425596,0.32795698924731176,3.147173019386165,0.04636125283446711,0.7019619360206476,11252,route_partitioned,0.98,30,6,0.35,14,180,171,0.7666666666666667,True,0.010931899641577056,low_coverage,33,56,0.5892857142857143
0.9666666666666667,3.1630322026411193,0.04520291363163372,0.324516129032258,3.1371627101886674,0.04735331632653061,0.6946323714406336,11253,route_partitioned,0.98,30,6,0.35,14,180,173,0.7722222222222223,True,0.010817204301075264,low_coverage,34,56,0.6071428571428571
0.9333333333333333,3.1506195760869593,0.04581627134358341,0.3387596899224805,3.1128934310290552,0.04907171201814058,0.7033481003676489,11254,route_partitioned,0.98,30,6,0.35,14,180,170,0.7555555555555555,True,0.022583979328165363,low_coverage,34,56,0.6071428571428571
0.8666666666666667,3.120116767180792,0.046739274668517586,0.3487752928647496,3.102076210458465,0.04822137188208616,0.6345311204902023,11255,route_partitioned,0.98,30,6,0.35,14,180,171,0.75,True,0.046503372381966605,low_coverage,36,56,0.6428571428571429
0.9333333333333333,3.1559402752133705,0.045502390246041836,0.3324503311258278,3.135677130110343,0.046857284580498856,0.7457451568468526,11256,route_partitioned,0.98,30,6,0.35,14,180,170,0.7555555555555555,True,0.022163355408388513,low_coverage,34,56,0.6071428571428571
0.9333333333333333,3.1351066709535833,0.046315741417092764,0.3387387387387386,3.1080046645400303,0.0483453798185941,0.7558994511457278,11257,route_partitioned,0.98,30,6,0.35,14,180,170,0.75,True,0.02258258258258257,low_coverage,35,56,0.625
0.9333333333333333,3.130520579957747,0.04675087342112336,0.34786885245901633,3.1218539759221495,0.04715844671201813,0.7105537139651176,11258,route_partitioned,0.98,30,6,0.35,14,180,170,0.75,True,0.023191256830601085,low_coverage,35,56,0.625
0.9333333333333333,3.1161001002298985,0.047361508151124165,0.3564784053156145,3.092607423439032,0.049124858276643986,0.6783901722990385,11259,route_partitioned,0.98,30,6,0.35,14,180,168,0.7333333333333333,True,0.02376522702104096,low_coverage,36,56,0.6428571428571429
1.0,3.373687530590005,0.03514385697362509,0.13001230012300113,3.3635805372005385,0.035661139455782316,0.9362567173517408,11260,extended_audit,0.0,30,6,0.35,14,180,173,0.9611111111111111,False,0.0,risk_weighted,0,56,0.0
1.0,3.3777785070421857,0.03483005793320147,0.11273408239700355,3.3487736907179286,0.03679492630385488,0.9358515494491829,11261,extended_audit,0.0,30,6,0.35,14,180,176,0.9666666666666667,False,0.0,risk_weighted,2,56,0.03571428571428571
1.0,3.368138444088774,0.035473208292701466,0.144365361803084,3.3539202780989363,0.0364406179138322,0.9174220567543009,11262,extended_audit,0.0,30,6,0.35,14,180,175,0.9722222222222222,False,0.0,risk_weighted,0,56,0.0
1.0,3.378723906133685,0.034790082644628094,0.11503030303030282,3.367171553139434,0.03553713151927437,0.9335389111475435,11263,extended_audit,0.0,30,6,0.35,14,180,178,0.9833333333333333,False,0.0,risk_weighted,1,56,0.017857142857142856
1.0,3.379733504989044,0.03486968449931413,0.11012345679012325,3.3738464138800386,0.035182823129251695,0.9456608858154089,11264,extended_audit,0.0,30,6,0.35,14,180,180,1.0,False,0.0,risk_weighted,0,56,0.0
1.0,3.3736292189587282,0.035147928994082846,0.13230769230769224,3.338938091860669,0.0375921201814059,0.9397334661626684,11265,extended_audit,0.0,30,6,0.35,14,180,172,0.9555555555555556,False,0.0,risk_weighted,0,56,0.0
1.0,3.381215093448359,0.03470077501311112,0.1119592875318065,3.3598054632303818,0.036050878684807254,0.9475943425110045,11266,extended_audit,0.0,30,6,0.35,14,180,177,0.9777777777777777,False,0.0,risk_weighted,1,56,0.017857142857142856
1.0,3.383159335684301,0.03449027110197301,0.10246002460024584,3.357185712635294,0.03617488662131519,0.9272166106864695,11267,extended_audit,0.0,30,6,0.35,14,180,174,0.9666666666666667,False,0.0,risk_weighted,0,56,0.0
1.0,3.372405931282404,0.035275465715418154,0.13499361430395895,3.363091616065706,0.03574971655328798,0.9451190885598071,11268,extended_audit,0.0,30,6,0.35,14,180,178,0.9833333333333333,False,0.0,risk_weighted,1,56,0.017857142857142856
1.0,3.377793014530031,0.03484549638395792,0.11684981684981666,3.3604091121331616,0.03596230158730159,0.9290389575429002,11269,extended_audit,0.0,30,6,0.35,14,180,178,0.9777777777777777,False,0.0,risk_weighted,2,56,0.03571428571428571
1.0,3.3812152587280337,0.034729051291341025,0.11007194244604301,3.364131107387825,0.03585600907029479,0.9197825728539026,11270,extended_audit,0.0,30,6,0.35,14,180,176,0.9666666666666667,False,0.0,risk_weighted,2,56,0.03571428571428571
1.0,3.3682020031685758,0.03545923427891291,0.14131455399061021,3.3394599342654687,0.03741496598639456,0.8972381226848372,11271,extended_audit,0.0,30,6,0.35,14,180,172,0.9444444444444444,False,0.0,risk_weighted,2,56,0.03571428571428571
1.0,3.3684948760509137,0.035363099496416,0.13720349563046175,3.361092228359271,0.03573200113378684,0.9285842860659361,11272,extended_audit,0.0,30,6,0.35,14,180,175,0.9722222222222222,False,0.0,risk_weighted,0,56,0.0
1.0,3.3747393002842534,0.035054545454545456,0.12496969696969695,3.3525871491965757,0.03660005668934241,0.9237826857851513,11273,extended_audit,0.0,30,6,0.35,14,180,175,0.9555555555555556,False,0.0,risk_weighted,3,56,0.05357142857142857
1.0,3.3694092803478086,0.03527485945068362,0.13199023199023197,3.356388580975787,0.03608630952380953,0.9299531942343489,11274,extended_audit,0.0,30,6,0.35,14,180,175,0.9555555555555556,False,0.0,risk_weighted,3,56,0.05357142857142857
1.0,3.3740609968080464,0.03505917159763314,0.12717948717948713,3.3495166995308536,0.0366000566893424,0.9411832562203108,11275,extended_audit,0.0,30,6,0.35,14,180,173,0.9555555555555556,False,0.0,risk_weighted,1,56,0.017857142857142856
1.0,3.372476098774168,0.03509404482903672,0.12558139534883717,3.3375626447557756,0.037379535147392284,0.9407195362293558,11276,extended_audit,0.0,30,6,0.35,14,180,168,0.9277777777777778,False,0.0,risk_weighted,1,56,0.017857142857142856
1.0,3.3848002058526983,0.034413265306122445,0.09714285714285698,3.3700587504367645,0.03537769274376418,0.9245565997753077,11277,extended_audit,0.0,30,6,0.35,14,180,175,0.9722222222222222,False,0.0,risk_weighted,0,56,0.0
1.0,3.383694915253638,0.03447315660503452,0.09850746268656696,3.368975576495119,0.03548398526077097,0.945898879805383,11278,extended_audit,0.0,30,6,0.35,14,180,180,0.9833333333333333,False,0.0,risk_weighted,3,56,0.05357142857142857
1.0,3.3814889709845652,0.03460230160695434,0.10890493381468103,3.352107482279945,0.0366532029478458,0.9111515315872158,11279,extended_audit,0.0,30,6,0.35,14,180,179,0.9666666666666667,False,0.0,risk_weighted,5,56,0.08928571428571429
1.0,3.3653874800203996,0.03581197660228086,0.1501872659176029,3.3673825999521436,0.03573200113378685,0.9486777675632868,11280,extended_audit,0.0,30,6,0.35,14,180,178,0.9888888888888889,False,0.0,risk_weighted,0,56,0.0
1.0,3.386736034291758,0.03431189727742555,0.09562043795620423,3.379409781033033,0.03475765306122449,0.935637422612709,11281,extended_audit,0.0,30,6,0.35,14,180,179,0.9944444444444445,False,0.0,risk_weighted,0,56,0.0
1.0,3.3810307281812992,0.034689405345776005,0.11106821106821085,3.347139067278941,0.03697208049886621,0.9456076022910366,11282,extended_audit,0.0,30,6,0.35,14,180,178,0.9777777777777777,False,0.0,risk_weighted,2,56,0.03571428571428571
1.0,3.3833707886981803,0.03452097750865052,0.10588235294117632,3.3652884279471675,0.03569657029478458,0.9375095371396122,11283,extended_audit,0.0,30,6,0.35,14,180,177,0.9833333333333333,False,0.0,risk_weighted,0,56,0.0
1.0,3.3834116958950937,0.03452134986225895,0.10631313131313114,3.3766098144327095,0.03497023809523809,0.9494679918087606,11284,extended_audit,0.0,30,6,0.35,14,180,179,0.9944444444444445,False,0.0,risk_weighted,0,56,0.0
1.0,3.379459299310667,0.034780808446767765,0.11822541966426847,3.3608488922876987,0.03603316326530612,0.9236802127332742,11285,extended_audit,0.0,30,6,0.35,14,180,178,0.9888888888888889,False,0.0,risk_weighted,0,56,0.0
1.0,3.372081474955533,0.03530907533063391,0.12949194547707554,3.3581119696531445,0.03617488662131518,0.9359838240879466,11286,extended_audit,0.0,30,6,0.35,14,180,177,0.9833333333333333,False,0.0,risk_weighted,0,56,0.0
1.0,3.376123090187531,0.03500769325036424,0.1253382533825338,3.362978553382437,0.03582057823129252,0.9343140545573,11287,extended_audit,0.0,30,6,0.35,14,180,176,0.9666666666666667,False,0.0,risk_weighted,2,56,0.03571428571428571
1.0,3.3839259001496944,0.034517503846625185,0.09483394833948333,3.3682763611836526,0.035501700680272114,0.9377965280429437,11288,extended_audit,0.0,30,6,0.35,14,180,178,0.9777777777777777,False,0.0,risk_weighted,2,56,0.03571428571428571
1.0,3.385268756217811,0.03436510575546849,0.09771863117870705,3.3722550090234673,0.035253684807256234,0.942607224927894,11289,extended_audit,0.0,30,6,0.35,14,180,176,0.9666666666666667,False,0.0,risk_weighted,2,56,0.03571428571428571
1.0,3.3679635816609874,0.035576694411414984,0.14597701149425268,3.353499694995487,0.0366000566893424,0.8955913722664558,11290,extended_audit,0.25,30,6,0.35,14,180,173,0.9555555555555556,False,0.0,risk_weighted,1,56,0.017857142857142856
1.0,3.349696622910402,0.036500694306685184,0.1730046948356807,3.322469720122492,0.03821215986394558,0.8923054656181036,11291,extended_audit,0.25,30,6,0.35,14,180,170,0.9222222222222223,False,0.0,risk_weighted,4,56,0.07142857142857142
1.0,3.3593992169947158,0.03598645737149892,0.15871345029239747,3.3308192582148584,0.03796414399092969,0.9050322061710406,11292,extended_audit,0.25,30,6,0.35,14,180,172,0.9388888888888889,False,0.0,risk_weighted,3,56,0.05357142857142857
1.0,3.375019041296732,0.03498994541798335,0.12485875706214689,3.3600913904608802,0.036050878684807254,0.9070357482631329,11293,extended_audit,0.25,30,6,0.35,14,180,176,0.9722222222222222,False,0.0,risk_weighted,1,56,0.017857142857142856
1.0,3.3664020126207834,0.03555697263849034,0.14742268041237105,3.351873945858307,0.0364937641723356,0.8805773093248197,11294,extended_audit,0.25,30,6,0.35,14,180,177,0.95,False,0.0,risk_weighted,6,56,0.10714285714285714
1.0,3.3692146551089097,0.03540515428627317,0.1333333333333333,3.3403307318746043,0.03739725056689343,0.8909193951000791,11295,extended_audit,0.25,30,6,0.35,14,180,172,0.9444444444444444,False,0.0,risk_weighted,2,56,0.03571428571428571
1.0,3.375440225322749,0.03500594530321046,0.12390804597701144,3.369175913035203,0.0353954081632653,0.9064295234712586,11296,extended_audit,0.25,30,6,0.35,14,180,178,0.9833333333333333,False,0.0,risk_weighted,1,56,0.017857142857142856
1.0,3.3665293574082273,0.035679577953630436,0.14693877551020407,3.3466689662270435,0.03709608843537415,0.8968895617134978,11297,extended_audit,0.25,30,6,0.35,14,180,178,0.9666666666666667,False,0.0,risk_weighted,4,56,0.07142857142857142
1.0,3.36985957100313,0.03535920370937205,0.13703703703703685,3.3537661416184363,0.036493764172335595,0.8843414096047852,11298,extended_audit,0.25,30,6,0.35,14,180,170,0.9388888888888889,False,0.0,risk_weighted,1,56,0.017857142857142856
1.0,3.3422499052081376,0.03713938191565995,0.18934707903780068,3.3263633599320386,0.03822987528344672,0.8981445623091316,11299,extended_audit,0.25,30,6,0.35,14,180,175,0.95,False,0.0,risk_weighted,4,56,0.07142857142857142
1.0,3.3773290666869524,0.03493333333333333,0.11977777777777776,3.3626938042199344,0.035944586167800455,0.8783988493974131,11300,extended_audit,0.25,30,6,0.35,14,180,175,0.95,False,0.0,risk_weighted,4,56,0.07142857142857142
1.0,3.3620167558066116,0.03584971085334615,0.15596432552954287,3.343593002729265,0.037096088435374146,0.8833858155893602,11301,extended_audit,0.25,30,6,0.35,14,180,175,0.9666666666666667,False,0.0,risk_weighted,1,56,0.017857142857142856
1.0,3.3765777307315235,0.03495800010059856,0.12269503546099281,3.3593820893815565,0.03608630952380952,0.9128760735992922,11302,extended_audit,0.25,30,6,0.35,14,180,173,0.9555555555555556,False,0.0,risk_weighted,1,56,0.017857142857142856
1.0,3.3641434877661895,0.035802590160006094,0.15302530253025282,3.355862723663909,0.036298894557823126,0.8911030113665775,11303,extended_audit,0.25,30,6,0.35,14,180,177,0.95,False,0.0,risk_weighted,6,56,0.10714285714285714
1.0,3.3673682268471885,0.0355729251208031,0.14475853945818606,3.3525175735592674,0.03651147959183673,0.9078343664884008,11304,extended_audit,0.25,30,6,0.35,14,180,175,0.9555555555555556,False,0.0,risk_weighted,3,56,0.05357142857142857
1.0,3.370328649261126,0.035402288565004866,0.14080267558528425,3.3446262501911015,0.03732638888888889,0.9006723935422429,11305,extended_audit,0.25,30,6,0.35,14,180,176,0.9777777777777777,False,0.0,risk_weighted,0,56,0.0
1.0,3.3643997555011897,0.03580919778388361,0.15413870246085004,3.3480972183399205,0.03697208049886621,0.879343625137437,11306,extended_audit,0.25,30,6,0.35,14,180,171,0.9277777777777778,False,0.0,risk_weighted,4,56,0.07142857142857142
1.0,3.358676086414501,0.03623649078194533,0.16456876456876457,3.334656522741437,0.037751558956916086,0.9002248791609281,11307,extended_audit,0.25,30,6,0.35,14,180,177,0.9611111111111111,False,0.0,risk_weighted,4,56,0.07142857142857142
1.0,3.3627638518476575,0.03574779508350535,0.14908675799086746,3.341877465746852,0.037166950113378686,0.8813488321746646,11308,extended_audit,0.25,30,6,0.35,14,180,173,0.9555555555555556,False,0.0,risk_weighted,1,56,0.017857142857142856
1.0,3.367744966222973,0.03546358505778017,0.1384699453551912,3.356820615245066,0.03617488662131519,0.8636274879959086,11309,extended_audit,0.25,30,6,0.35,14,180,170,0.9444444444444444,False,0.0,risk_weighted,0,56,0.0
1.0,3.3612267828322526,0.03594432683212468,0.15906040268456367,3.343631408793158,0.03711380385487528,0.8910816587882745,11310,extended_audit,0.25,30,6,0.35,14,180,172,0.9555555555555556,False,0.0,risk_weighted,0,56,0.0
1.0,3.380932470584136,0.034625445897740775,0.10873563218390792,3.3666601096189575,0.035590277777777776,0.9104162790214868,11311,extended_audit,0.25,30,6,0.35,14,180,176,0.9666666666666667,False,0.0,risk_weighted,2,56,0.03571428571428571
1.0,3.345417217263177,0.03703013430558306,0.1862343572241183,3.318191968658562,0.03883219954648526,0.8731469113697954,11312,extended_audit,0.25,30,6,0.35,14,180,169,0.9277777777777778,False,0.0,risk_weighted,2,56,0.03571428571428571
1.0,3.3523438663333422,0.03650169459500951,0.17468499427262296,3.341429182971143,0.03702522675736961,0.8838374787875042,11313,extended_audit,0.25,30,6,0.35,14,180,176,0.95,False,0.0,risk_weighted,5,56,0.08928571428571429
1.0,3.3746505690026134,0.0349737286545318,0.11917808219178072,3.3595039786447005,0.03601544784580498,0.9049178067772186,11314,extended_audit,0.25,30,6,0.35,14,180,177,0.9722222222222222,False,0.0,risk_weighted,2,56,0.03571428571428571
1.0,3.358757357596752,0.036140535340768,0.16577480490523966,3.3548698172049503,0.03631660997732426,0.8869134383559798,11315,extended_audit,0.25,30,6,0.35,14,180,174,0.9555555555555556,False,0.0,risk_weighted,2,56,0.03571428571428571
1.0,3.3573640077824543,0.0362490869247626,0.1668918918918918,3.3381372323342005,0.03748582766439909,0.8975055933349281,11316,extended_audit,0.25,30,6,0.35,14,180,175,0.9666666666666667,False,0.0,risk_weighted,1,56,0.017857142857142856
1.0,3.3750337634481062,0.034970781592403216,0.123198198198198,3.36361215409429,0.035749716553287986,0.8747095468440885,11317,extended_audit,0.25,30,6,0.35,14,180,176,0.9722222222222222,False,0.0,risk_weighted,1,56,0.017857142857142856
1.0,3.3632681479049555,0.03590713712718957,0.15467128027681643,3.354790079579738,0.0363874716553288,0.917705296489375,11318,extended_audit,0.25,30,6,0.35,14,180,176,0.9777777777777777,False,0.0,risk_weighted,0,56,0.0
1.0,3.3590473024706475,0.036066471877282694,0.16148648648648645,3.3471463821090977,0.03681264172335601,0.8987460749562182,11319,extended_audit,0.25,30,6,0.35,14,180,176,0.95,False,0.0,risk_weighted,5,56,0.08928571428571429
1.0,3.265344727209918,0.04068559556786703,0.263377192982456,3.2400208995167503,0.04248157596371883,0.7627756843942715,11320,extended_audit,0.5,30,6,0.35,14,180,158,0.8444444444444444,True,0.0,risk_weighted,6,56,0.10714285714285714
1.0,3.3491915432651216,0.03641219450743261,0.17026455026455012,3.3489013378015557,0.03635204081632652,0.8579381492754492,11321,extended_audit,0.5,30,6,0.35,14,180,171,0.95,False,0.0,risk_weighted,0,56,0.0
1.0,3.3124317014560978,0.038713213498730435,0.2286510590858415,3.2934051405341154,0.03991284013605442,0.8418506726947088,11322,extended_audit,0.5,30,6,0.35,14,180,165,0.9166666666666666,False,0.0,risk_weighted,0,56,0.0
1.0,3.348565213877921,0.03671384704459217,0.18252947481243287,3.3342384817631614,0.03759212018140589,0.836220013021075,11323,extended_audit,0.5,30,6,0.35,14,180,171,0.9444444444444444,False,0.0,risk_weighted,1,56,0.017857142857142856
1.0,3.3233155797957674,0.03768571458111476,0.1960342979635583,3.3111255671343667,0.03842474489795919,0.825965944567059,11324,extended_audit,0.5,30,6,0.35,14,180,164,0.9055555555555556,False,0.0,risk_weighted,1,56,0.017857142857142856
1.0,3.330487984209098,0.03755379702901569,0.200453514739229,3.3013170818872197,0.039540816326530615,0.8470427174694191,11325,extended_audit,0.5,30,6,0.35,14,180,168,0.9166666666666666,False,0.0,risk_weighted,3,56,0.05357142857142857
1.0,3.3386263549352786,0.03725238464068585,0.19489685124864264,3.316389271203908,0.03886763038548753,0.8500091371028357,11326,extended_audit,0.5,30,6,0.35,14,180,168,0.9333333333333333,False,0.0,risk_weighted,0,56,0.0
1.0,3.312990571007606,0.03891716851681441,0.23401592718998843,3.2788714114947144,0.04134778911564625,0.855346203720413,11327,extended_audit,0.5,30,6,0.35,14,180,163,0.9055555555555556,False,0.0,risk_weighted,0,56,0.0
1.0,3.328794802149055,0.037798926021269906,0.20762229806598387,3.301670928134384,0.03970025510204081,0.8589626581188314,11328,extended_audit,0.5,30,6,0.35,14,180,173,0.9055555555555556,False,0.0,risk_weighted,10,56,0.17857142857142858
1.0,3.326857081146369,0.037733333333333334,0.20533333333333315,3.3022519787229014,0.03939909297052154,0.8477057622954421,11329,extended_audit,0.5,30,6,0.35,14,180,166,0.9166666666666666,False,0.0,risk_weighted,1,56,0.017857142857142856
1.0,3.273892892549448,0.03994362479166899,0.24247491638795982,3.2497045391298083,0.04159580498866213,0.8133351050179404,11330,extended_audit,0.5,30,6,0.35,14,180,160,0.8333333333333334,True,0.0,risk_weighted,10,56,0.17857142857142858
1.0,3.3379981149275877,0.03687878211653113,0.17692307692307674,3.322984519734632,0.03782242063492063,0.8536618577176994,11331,extended_audit,0.5,30,6,0.35,14,180,164,0.9111111111111111,False,0.0,risk_weighted,0,56,0.0
1.0,3.3043877737410616,0.0392888888888889,0.24244444444444424,3.280863963283792,0.040904903628117904,0.822873692608809,11332,extended_audit,0.5,30,6,0.35,14,180,162,0.8888888888888888,True,0.0,risk_weighted,2,56,0.03571428571428571
1.0,3.277885158369507,0.04051610782380013,0.2651709401709401,3.2578866946780067,0.04191468253968254,0.7651315167799025,11333,extended_audit,0.5,30,6,0.35,14,180,162,0.8722222222222222,True,0.0,risk_weighted,5,56,0.08928571428571429
1.0,3.3277830205869154,0.03755395008444361,0.1990867579908675,3.3017513806135392,0.039363662131519275,0.8813211288206394,11334,extended_audit,0.5,30,6,0.35,14,180,167,0.9166666666666666,False,0.0,risk_weighted,2,56,0.03571428571428571
1.0,3.3154767300811288,0.038508948137326506,0.22274774774774775,3.2902663113466764,0.04012542517006803,0.8505955643136085,11335,extended_audit,0.5,30,6,0.35,14,180,163,0.9,False,0.0,risk_weighted,1,56,0.017857142857142856
1.0,3.32434340258377,0.03811173196527573,0.21639163916391624,3.302456195239377,0.03954081632653061,0.848420969171288,11336,extended_audit,0.5,30,6,0.35,14,180,173,0.9277777777777778,False,0.0,risk_weighted,6,56,0.10714285714285714
1.0,3.348990296491653,0.03671664744329105,0.18213507625272318,3.3318290366825383,0.03799957482993197,0.8384911199842638,11337,extended_audit,0.5,30,6,0.35,14,180,172,0.9388888888888889,False,0.0,risk_weighted,3,56,0.05357142857142857
1.0,3.3404620091995993,0.03719620798621086,0.19310734463276824,3.323056455834976,0.038265306122448974,0.8899080017241966,11338,extended_audit,0.5,30,6,0.35,14,180,172,0.9388888888888889,False,0.0,risk_weighted,3,56,0.05357142857142857
1.0,3.3448706792426046,0.03702822022160664,0.1892543859649123,3.3186010445745113,0.038938492063492064,0.8363754933086626,11339,extended_audit,0.5,30,6,0.35,14,180,164,0.8944444444444445,True,0.0,risk_weighted,3,56,0.05357142857142857
1.0,3.34163384101608,0.03699099268155376,0.18698630136986294,3.3300927172779233,0.037698412698412696,0.8808370872182737,11340,extended_audit,0.5,30,6,0.35,14,180,173,0.9388888888888889,False,0.0,risk_weighted,4,56,0.07142857142857142
1.0,3.3057788426718444,0.03928888888888889,0.24177777777777765,3.2796377230820495,0.04115291950113378,0.8177222453355076,11341,extended_audit,0.5,30,6,0.35,14,180,170,0.9,False,0.0,risk_weighted,8,56,0.14285714285714285
1.0,3.342068114331486,0.03712683420475628,0.1926406926406925,3.329638343341721,0.03794642857142856,0.841598610277673,11342,extended_audit,0.5,30,6,0.35,14,180,172,0.9333333333333333,False,0.0,risk_weighted,4,56,0.07142857142857142
1.0,3.3339624784934774,0.037458256221503075,0.19903536977491942,3.316259226085014,0.038690476190476185,0.8243572620378249,11343,extended_audit,0.5,30,6,0.35,14,180,170,0.9111111111111111,False,0.0,risk_weighted,6,56,0.10714285714285714
1.0,3.3175939644455523,0.0380420800662185,0.21081382385730207,3.300940430148059,0.03900935374149659,0.8267963024907569,11344,extended_audit,0.5,30,6,0.35,14,180,163,0.8777777777777778,True,0.0,risk_weighted,5,56,0.08928571428571429
1.0,3.351120538541856,0.036492352630938384,0.1747346072186835,3.34121801855201,0.03711380385487528,0.851963396621934,11345,extended_audit,0.5,30,6,0.35,14,180,168,0.9222222222222223,False,0.0,risk_weighted,2,56,0.03571428571428571
1.0,3.3304100194074855,0.03795259560855024,0.21192865105908565,3.3080299294873194,0.03939909297052154,0.866414736940385,11346,extended_audit,0.5,30,6,0.35,14,180,170,0.9333333333333333,False,0.0,risk_weighted,2,56,0.03571428571428571
1.0,3.333301208603978,0.0375946577778772,0.19788182831661083,3.31808995716846,0.03849560657596371,0.86460515630653,11347,extended_audit,0.5,30,6,0.35,14,180,167,0.9222222222222223,False,0.0,risk_weighted,1,56,0.017857142857142856
1.0,3.3139142377063657,0.03840464070635651,0.21763367463026162,3.2915127399513877,0.0397002551020408,0.8554566944201937,11348,extended_audit,0.5,30,6,0.35,14,180,169,0.8833333333333333,True,0.0,risk_weighted,10,56,0.17857142857142858
1.0,3.3044713186861383,0.0388360159642121,0.2282560706401764,3.284857278237818,0.0400545634920635,0.842749831539033,11349,extended_audit,0.5,30,6,0.35,14,180,168,0.8888888888888888,True,0.0,risk_weighted,8,56,0.14285714285714285
0.9666666666666667,3.298314211070752,0.038830939783320736,0.22613756613756597,3.279364637048357,0.040249433106575964,0.8050785885281355,11350,extended_audit,0.75,30,6,0.35,14,180,170,0.9,False,0.007537918871252197,risk_weighted,8,56,0.14285714285714285
1.0,3.257435192573845,0.04150113204323123,0.2732026143790849,3.239563771959049,0.042481575963718814,0.7611474863662465,11351,extended_audit,0.75,30,6,0.35,14,180,159,0.8333333333333334,True,0.0,risk_weighted,9,56,0.16071428571428573
1.0,3.286448257908306,0.04006369361736875,0.25591054313099026,3.2638774275502294,0.0417375283446712,0.7408598918948682,11352,extended_audit,0.75,30,6,0.35,14,180,158,0.8444444444444444,True,0.0,risk_weighted,6,56,0.10714285714285714
1.0,3.272462353227648,0.04058398497596792,0.2639522258414766,3.2564030563993906,0.041489512471655325,0.7843536068619569,11353,extended_audit,0.75,30,6,0.35,14,180,160,0.8555555555555555,True,0.0,risk_weighted,6,56,0.10714285714285714
1.0,3.2416204651981384,0.042390960405842656,0.2914802981895632,3.2215946773499096,0.043757086167800455,0.7380559937780703,11354,extended_audit,0.75,30,6,0.35,14,180,160,0.8222222222222222,True,0.0,risk_weighted,12,56,0.21428571428571427
1.0,3.2468789286813875,0.041986745381044445,0.2888531618435155,3.2290557368044017,0.043101615646258494,0.7412254836041198,11355,extended_audit,0.75,30,6,0.35,14,180,156,0.8222222222222222,True,0.0,risk_weighted,8,56,0.14285714285714285
1.0,3.248477398264927,0.041820730455513745,0.28316722037652253,3.2225888036919685,0.04354450113378685,0.8216993083019176,11356,extended_audit,0.75,30,6,0.35,14,180,157,0.8277777777777777,True,0.0,risk_weighted,8,56,0.14285714285714285
1.0,3.2697805364789367,0.04143568116632089,0.28114478114478114,3.23287110925758,0.04404053287981858,0.8090182331235476,11357,extended_audit,0.75,30,6,0.35,14,180,153,0.85,True,0.0,risk_weighted,0,56,0.0
1.0,3.289605801041511,0.03975591715976332,0.25085470085470085,3.2652919420261695,0.04164895124716553,0.77381640589919,11358,extended_audit,0.75,30,6,0.35,14,180,157,0.8666666666666667,True,0.0,risk_weighted,1,56,0.017857142857142856
1.0,3.2696517739199464,0.04100143458744041,0.2702947845804988,3.225960609703881,0.0443062641723356,0.8008284893965346,11359,extended_audit,0.75,30,6,0.35,14,180,155,0.85,True,0.0,risk_weighted,2,56,0.03571428571428571
0.9333333333333333,3.195867796441683,0.04353333333333334,0.3104444444444443,3.1756975988293914,0.04483772675736961,0.7726891068860561,11360,extended_audit,0.75,30,6,0.35,14,180,161,0.7944444444444444,True,0.020696296296296282,risk_weighted,18,56,0.32142857142857145
1.0,3.2609698963334757,0.04124697661918838,0.2735519125683059,3.230754716510507,0.04345592403628117,0.7627933134019819,11361,extended_audit,0.75,30,6,0.35,14,180,158,0.8333333333333334,True,0.0,risk_weighted,8,56,0.14285714285714285
1.0,3.2394518998973774,0.042302836104361856,0.29044516829533107,3.2173952205530543,0.04375708616780044,0.7280275825707766,11362,extended_audit,0.75,30,6,0.35,14,180,153,0.8111111111111111,True,0.0,risk_weighted,7,56,0.125
1.0,3.2621111534248968,0.04118074244948523,0.2686274509803921,3.2369698931395186,0.04288903061224489,0.7686250075932485,11363,extended_audit,0.75,30,6,0.35,14,180,166,0.85,True,0.0,risk_weighted,13,56,0.23214285714285715
1.0,3.266245499415056,0.04129617410793769,0.27713052858683906,3.2455338596754557,0.042694160997732426,0.7550754843712584,11364,extended_audit,0.75,30,6,0.35,14,180,150,0.8222222222222222,True,0.0,risk_weighted,2,56,0.03571428571428571
1.0,3.2670846467559786,0.04122165817144158,0.27770632368703096,3.2485293072706147,0.04239299886621315,0.7695116557014647,11365,extended_audit,0.75,30,6,0.35,14,180,156,0.8388888888888889,True,0.0,risk_weighted,5,56,0.08928571428571429
1.0,3.2982256378612864,0.03936520141825794,0.23943355119825704,3.2752215172919477,0.0409580498866213,0.8304185399828824,11366,extended_audit,0.75,30,6,0.35,14,180,160,0.8888888888888888,True,0.0,risk_weighted,0,56,0.0
1.0,3.257991569399853,0.04156393819855358,0.2784188034188033,3.2421840627939105,0.042534722222222224,0.7500063206956905,11367,extended_audit,0.75,30,6,0.35,14,180,163,0.8611111111111112,True,0.0,risk_weighted,8,56,0.14285714285714285
1.0,3.2691142504187116,0.040984989036937085,0.26969696969696955,3.2570844270051005,0.0416843820861678,0.7979457859669269,11368,extended_audit,0.75,30,6,0.35,14,180,161,0.8722222222222222,True,0.0,risk_weighted,4,56,0.07142857142857142
1.0,3.2317517123366404,0.042578701100276936,0.2947882736156351,3.2113250267190665,0.04398738662131519,0.7831328859780539,11369,extended_audit,0.75,30,6,0.35,14,180,158,0.8333333333333334,True,0.0,risk_weighted,8,56,0.14285714285714285
1.0,3.2500005443361384,0.04231278568072109,0.2941176470588234,3.237467214296086,0.04292446145124716,0.7853237765514609,11370,extended_audit,0.75,30,6,0.35,14,180,164,0.85,True,0.0,risk_weighted,11,56,0.19642857142857142
1.0,3.2637590851102263,0.04126666666666667,0.27444444444444427,3.2322555652964704,0.04342049319727891,0.7774806600148172,11371,extended_audit,0.75,30,6,0.35,14,180,161,0.8333333333333334,True,0.0,risk_weighted,11,56,0.19642857142857142
1.0,3.2884359535416037,0.03998133798531381,0.2526539278131634,3.277659124582019,0.04056831065759637,0.7773520889742289,11372,extended_audit,0.75,30,6,0.35,14,180,157,0.8666666666666667,True,0.0,risk_weighted,1,56,0.017857142857142856
0.9666666666666667,3.242062225213904,0.041955555555555565,0.2851111111111111,3.2086668775353977,0.04439484126984128,0.769116423168687,11373,extended_audit,0.75,30,6,0.35,14,180,162,0.8333333333333334,True,0.009503703703703702,risk_weighted,12,56,0.21428571428571427
1.0,3.2451281594422334,0.04198674538104445,0.2882100750267951,3.2211812771950643,0.04375708616780045,0.6974276221142522,11374,extended_audit,0.75,30,6,0.35,14,180,160,0.8222222222222222,True,0.0,risk_weighted,12,56,0.21428571428571427
0.9666666666666667,3.2180544076437605,0.04296018991964938,0.3009009009009007,3.190422261072309,0.04483772675736961,0.7920090114173122,11375,extended_audit,0.75,30,6,0.35,14,180,155,0.7888888888888889,True,0.010030030030030022,risk_weighted,13,56,0.23214285714285715
0.9666666666666667,3.237168920058081,0.041779965054124756,0.280278670953912,3.217677495399116,0.04315476190476191,0.7631868418941337,11376,extended_audit,0.75,30,6,0.35,14,180,168,0.8277777777777777,True,0.009342622365130398,risk_weighted,19,56,0.3392857142857143
1.0,3.2288655838019586,0.04270602340608389,0.2945711183496198,3.2023991499385267,0.0446782879818594,0.7427252773130535,11377,extended_audit,0.75,30,6,0.35,14,180,154,0.8166666666666667,True,0.0,risk_weighted,7,56,0.125
1.0,3.272088797033798,0.04102386862307683,0.27389428263214666,3.2502161912178056,0.04246386054421769,0.7807999848913885,11378,extended_audit,0.75,30,6,0.35,14,180,159,0.8555555555555555,True,0.0,risk_weighted,5,56,0.08928571428571429
0.9666666666666667,3.2449388188133237,0.041912632821723736,0.28636363636363615,3.219528983272655,0.04373937074829932,0.7627775095354824,11379,extended_audit,0.75,30,6,0.35,14,180,163,0.8444444444444444,True,0.009545454545454536,risk_weighted,11,56,0.19642857142857142
1.0,3.2067202833405295,0.04379744905183587,0.31628162816281624,3.186021805656752,0.04513888888888888,0.7513901348984661,11380,extended_audit,0.9,30,6,0.35,14,180,149,0.7944444444444444,True,0.0,risk_weighted,6,56,0.10714285714285714
0.9666666666666667,3.2037514987054863,0.04413858566682488,0.3208194905869324,3.170508041436809,0.04662698412698412,0.7345765850891053,11381,extended_audit,0.9,30,6,0.35,14,180,150,0.8,True,0.01069398301956441,risk_weighted,6,56,0.10714285714285714
1.0,3.20545065802329,0.04395421436004162,0.31182795698924726,3.1850373871387596,0.04529832766439909,0.7075815306987497,11382,extended_audit,0.9,30,6,0.35,14,180,152,0.7777777777777778,True,0.0,risk_weighted,12,56,0.21428571428571427
0.9333333333333333,3.168311943103627,0.04483199415631849,0.322072072072072,3.14137401491001,0.04675099206349206,0.7561904044054738,11383,extended_audit,0.9,30,6,0.35,14,180,163,0.7722222222222223,True,0.02147147147147146,risk_weighted,24,56,0.42857142857142855
1.0,3.221002680740345,0.04320927142219172,0.3083608360836083,3.1897810283249144,0.045528628117913826,0.762485225589799,11384,extended_audit,0.9,30,6,0.35,14,180,153,0.8111111111111111,True,0.0,risk_weighted,7,56,0.125
0.9333333333333333,3.1720361738060188,0.04473333333333334,0.31755555555555537,3.1506512742777684,0.04611323696145125,0.7581072924110982,11385,extended_audit,0.9,30,6,0.35,14,180,153,0.7611111111111111,True,0.021170370370370353,risk_weighted,16,56,0.2857142857142857
0.9333333333333333,3.141849397867663,0.046455140563561315,0.3492849284928492,3.118325060241404,0.04820365646258503,0.7122592548974045,11386,extended_audit,0.9,30,6,0.35,14,180,158,0.7666666666666667,True,0.023285661899523274,risk_weighted,20,56,0.35714285714285715
0.9666666666666667,3.1810090404040325,0.04453514739229025,0.3059259259259257,3.1690324691489598,0.045280612244897954,0.7026941868338769,11387,extended_audit,0.9,30,6,0.35,14,180,149,0.7722222222222223,True,0.01019753086419752,risk_weighted,10,56,0.17857142857142858
0.9666666666666667,3.2205005899976036,0.042918983009138593,0.30512820512820493,3.190166064769715,0.045245181405895694,0.7955940588248717,11388,extended_audit,0.9,30,6,0.35,14,180,155,0.7944444444444444,True,0.010170940170940163,risk_weighted,12,56,0.21428571428571427
0.9666666666666667,3.1787051375277353,0.04472638728694092,0.3206971677559911,3.1567876852572336,0.04625496031746032,0.6945161683248061,11389,extended_audit,0.9,30,6,0.35,14,180,146,0.7722222222222223,True,0.010689905591866368,risk_weighted,7,56,0.125
1.0,3.216095144334629,0.04323926592797784,0.3008771929824561,3.187002652551567,0.0454577664399093,0.7386452293535997,11390,extended_audit,0.9,30,6,0.35,14,180,151,0.7888888888888889,True,0.0,risk_weighted,9,56,0.16071428571428573
1.0,3.2115422913961313,0.04325775339791403,0.30325732899022784,3.1919787947231426,0.04455428004535147,0.7518977274841151,11391,extended_audit,0.9,30,6,0.35,14,180,159,0.8,True,0.0,risk_weighted,15,56,0.26785714285714285
1.0,3.2194849412203146,0.04305678092561731,0.2929592959295928,3.190727581896203,0.045156604308390025,0.7206406903193293,11392,extended_audit,0.9,30,6,0.35,14,180,146,0.7944444444444444,True,0.0,risk_weighted,3,56,0.05357142857142857
1.0,3.2254549824972116,0.04292263377824658,0.2970276008492567,3.206507415868809,0.04432397959183673,0.6988746712189458,11393,extended_audit,0.9,30,6,0.35,14,180,152,0.8055555555555556,True,0.0,risk_weighted,7,56,0.125
0.9333333333333333,3.2186438272908426,0.042669120459879445,0.2969989281886387,3.200832825837642,0.04396967120181406,0.7180718524042363,11394,extended_audit,0.9,30,6,0.35,14,180,164,0.8,True,0.019799928545909243,risk_weighted,20,56,0.35714285714285715
1.0,3.1733673009963015,0.045653547831083024,0.3418079096045197,3.1301267551260326,0.04898313492063491,0.7379457007739462,11395,extended_audit,0.9,30,6,0.35,14,180,152,0.7722222222222223,True,0.0,risk_weighted,13,56,0.23214285714285715
0.9666666666666667,3.1523794434312524,0.046072540678040445,0.3432671081677703,3.131328665678699,0.04745960884353741,0.7172003340118976,11396,extended_audit,0.9,30,6,0.35,14,180,142,0.7555555555555555,True,0.011442236938925673,risk_weighted,6,56,0.10714285714285714
1.0,3.210230995111248,0.043845221606648194,0.31820175438596476,3.1854438984659823,0.045528628117913826,0.7571483296396438,11397,extended_audit,0.9,30,6,0.35,14,180,158,0.7777777777777778,True,0.0,risk_weighted,18,56,0.32142857142857145
1.0,3.19181481247154,0.044447633028333024,0.3241417497231449,3.1698937070845994,0.045847505668934245,0.7451502984468248,11398,extended_audit,0.9,30,6,0.35,14,180,138,0.7666666666666667,True,0.0,risk_weighted,0,56,0.0
1.0,3.2042338937797523,0.04414968601819813,0.3154684095860565,3.182226827260971,0.0455640589569161,0.7459625830031965,11399,extended_audit,0.9,30,6,0.35,14,180,146,0.7888888888888889,True,0.0,risk_weighted,4,56,0.07142857142857142
0.9666666666666667,3.1706142519089777,0.045316828254847646,0.33333333333333326,3.155121338442563,0.04616638321995464,0.7208094811883364,11400,extended_audit,0.9,30,6,0.35,14,180,144,0.7666666666666667,True,0.011111111111111106,risk_weighted,6,56,0.10714285714285714
1.0,3.1987680008158246,0.044412525136455036,0.3221468926553672,3.1574047811406007,0.04749503968253969,0.7486641202536614,11401,extended_audit,0.9,30,6,0.35,14,180,150,0.7888888888888889,True,0.0,risk_weighted,8,56,0.14285714285714285
0.9666666666666667,3.141773980179796,0.04646735551537936,0.3465974625144175,3.1096475730406423,0.04866425736961451,0.7438797222406611,11402,extended_audit,0.9,30,6,0.35,14,180,142,0.7388888888888889,True,0.01155324875048058,risk_weighted,9,56,0.16071428571428573
0.9666666666666667,3.165258081422466,0.045335509981974643,0.3289562289562289,3.1399540085500313,0.04703443877551019,0.7305438876498842,11403,extended_audit,0.9,30,6,0.35,14,180,146,0.7388888888888889,True,0.010965207631874294,risk_weighted,13,56,0.23214285714285715
1.0,3.2225293127690278,0.04305568647165403,0.2948220064724918,3.2005321741787025,0.044536564625850344,0.7436944579688499,11404,extended_audit,0.9,30,6,0.35,14,180,153,0.8,True,0.0,risk_weighted,9,56,0.16071428571428573
1.0,3.175983409838316,0.04544691893826691,0.3381270903010032,3.144128998634311,0.047778486394557826,0.7010959488701188,11405,extended_audit,0.9,30,6,0.35,14,180,151,0.7777777777777778,True,0.0,risk_weighted,11,56,0.19642857142857142
0.9666666666666667,3.199749437195347,0.04414718772826881,0.32409909909909906,3.1603420327873044,0.04715844671201813,0.7400255470962717,11406,extended_audit,0.9,30,6,0.35,14,180,158,0.7833333333333333,True,0.0108033033033033,risk_weighted,17,56,0.30357142857142855
0.9666666666666667,3.1679666189745954,0.04551668161818103,0.33594771241830057,3.1391056142467226,0.04779620181405896,0.7038882514125281,11407,extended_audit,0.9,30,6,0.35,14,180,148,0.7722222222222223,True,0.011198257080610017,risk_weighted,9,56,0.16071428571428573
0.9333333333333333,3.1466088587193326,0.046234883095941946,0.34918032786885234,3.1256975393173496,0.047725340136054416,0.7353137417665052,11408,extended_audit,0.9,30,6,0.35,14,180,152,0.7555555555555555,True,0.02327868852459015,risk_weighted,16,56,0.2857142857142857
1.0,3.1803427773912802,0.04517493271818531,0.3339869281045751,3.1586980009492684,0.04660926870748299,0.705983427081518,11409,extended_audit,0.9,30,6,0.35,14,180,160,0.7722222222222223,True,0.0,risk_weighted,21,56,0.375
0.9,3.1253609059595044,0.04684860672220626,0.3526553672316384,3.1060242942871845,0.04804421768707483,0.6976083570798096,11410,extended_audit,0.98,30,6,0.35,14,180,155,0.7444444444444445,True,0.03526553672316383,risk_weighted,21,56,0.375
0.8666666666666667,3.1136356223795802,0.04681155691770786,0.3408026755852842,3.094223791205345,0.048185941043083894,0.6857533088486919,11411,extended_audit,0.98,30,6,0.35,14,180,156,0.7333333333333333,True,0.04544035674470455,risk_weighted,24,56,0.42857142857142855
0.9666666666666667,3.1397291818820827,0.04666456465924958,0.34832214765100655,3.1046404695375194,0.04951459750566893,0.6884905103805788,11412,extended_audit,0.98,30,6,0.35,14,180,148,0.7333333333333333,True,0.011610738255033549,risk_weighted,16,56,0.2857142857142857
0.9333333333333333,3.136596722489144,0.04602222222222223,0.3322222222222222,3.113668306454874,0.04767219387755102,0.7457933372366622,11413,extended_audit,0.98,30,6,0.35,14,180,154,0.7444444444444445,True,0.022148148148148143,risk_weighted,20,56,0.35714285714285715
0.9666666666666667,3.143864747069631,0.04613943808532778,0.33440860215053747,3.1307943773364912,0.04691043083900226,0.7243694524997649,11414,extended_audit,0.98,30,6,0.35,14,180,152,0.7611111111111111,True,0.011146953405017913,risk_weighted,15,56,0.26785714285714285
1.0,3.2096332124460205,0.04372460185253956,0.31324647122692717,3.183430894860702,0.04563492063492064,0.7021333589700421,11415,extended_audit,0.98,30,6,0.35,14,180,141,0.7833333333333333,True,0.0,risk_weighted,0,56,0.0
0.9666666666666667,3.2097715089000687,0.04332583102493074,0.30263157894736836,3.187080557908176,0.044820011337868476,0.7235680031597651,11416,extended_audit,0.98,30,6,0.35,14,180,157,0.7888888888888889,True,0.01008771929824561,risk_weighted,15,56,0.26785714285714285
0.9666666666666667,3.1808203259287646,0.044754155124653736,0.3252192982456139,3.1508149681108892,0.04706986961451247,0.7003756195539785,11417,extended_audit,0.98,30,6,0.35,14,180,152,0.7611111111111111,True,0.010840643274853795,risk_weighted,15,56,0.26785714285714285
0.9,3.1072642797825405,0.04792410386815982,0.36759906759906746,3.0762667293234314,0.050099206349206345,0.7428375472554539,11418,extended_audit,0.98,30,6,0.35,14,180,149,0.7277777777777777,True,0.03675990675990674,risk_weighted,18,56,0.32142857142857145
0.9666666666666667,3.1205098683954615,0.04732651482970079,0.3545654565456544,3.102206278711338,0.04855796485260771,0.668496829337421,11419,extended_audit,0.98,30,6,0.35,14,180,148,0.7277777777777777,True,0.01181884855152181,risk_weighted,17,56,0.30357142857142855
0.8,3.062142012835514,0.048756104567652975,0.37141242937853103,3.0322472384093233,0.05160501700680273,0.722695998857649,11420,extended_audit,0.98,30,6,0.35,14,180,164,0.7111111111111111,True,0.07428248587570618,risk_weighted,36,56,0.6428571428571429
0.9333333333333333,3.1206445700243157,0.04711468224981739,0.3554054054054052,3.107601904288631,0.04774305555555555,0.718926313811617,11421,extended_audit,0.98,30,6,0.35,14,180,148,0.7277777777777777,True,0.023693693693693677,risk_weighted,17,56,0.30357142857142855
0.9,3.100872732868436,0.04764819916335068,0.35903479236812563,3.080115373878195,0.04912485827664399,0.6825793536042797,11422,extended_audit,0.98,30,6,0.35,14,180,155,0.7222222222222222,True,0.03590347923681256,risk_weighted,25,56,0.44642857142857145
0.9333333333333333,3.1479295354066235,0.0459703658356857,0.34332210998877666,3.1116009984073987,0.04891227324263038,0.6984527013123806,11423,extended_audit,0.98,30,6,0.35,14,180,153,0.7555555555555555,True,0.02288814066591844,risk_weighted,17,56,0.30357142857142855
0.9333333333333333,3.124455028002423,0.04734020990045494,0.36420581655480966,3.0914017311552833,0.049886621315192746,0.6919234290459713,11424,extended_audit,0.98,30,6,0.35,14,180,151,0.7388888888888889,True,0.024280387770320638,risk_weighted,18,56,0.32142857142857145
0.9333333333333333,3.1758750904910276,0.04436208938204465,0.3128035320088298,3.153692711542654,0.04591836734693878,0.753010590854251,11425,extended_audit,0.98,30,6,0.35,14,180,157,0.7777777777777778,True,0.02085356880058865,risk_weighted,17,56,0.30357142857142855
0.9666666666666667,3.142862204284136,0.04652873961218836,0.34956140350877174,3.120137863333399,0.048239087301587304,0.6973848308770697,11426,extended_audit,0.98,30,6,0.35,14,180,153,0.7555555555555555,True,0.011652046783625723,risk_weighted,17,56,0.30357142857142855
0.9666666666666667,3.116981953636783,0.0475033593120129,0.35136612021857916,3.098514272318042,0.04871740362811791,0.7015304828972977,11427,extended_audit,0.98,30,6,0.35,14,180,144,0.7277777777777777,True,0.011712204007285969,risk_weighted,13,56,0.23214285714285715
0.9666666666666667,3.186136480408113,0.044149009538562746,0.3093376764386535,3.1665902237597963,0.04547548185941043,0.7408707908536863,11428,extended_audit,0.98,30,6,0.35,14,180,161,0.7833333333333333,True,0.010311255881288449,risk_weighted,20,56,0.35714285714285715
0.9333333333333333,3.1459502006538633,0.04587950138504155,0.32894736842105243,3.12804413605242,0.0470344387755102,0.6841804419294584,11429,extended_audit,0.98,30,6,0.35,14,180,151,0.75,True,0.02192982456140349,risk_weighted,16,56,0.2857142857142857
0.9666666666666667,3.160515302858061,0.045737743425688746,0.33790412486064647,3.131632711608632,0.04776077097505668,0.6942317830127528,11430,extended_audit,0.98,30,6,0.35,14,180,147,0.7388888888888889,True,0.011263470828688213,risk_weighted,14,56,0.25
0.9333333333333333,3.143469563850165,0.04642127513846081,0.3517754868270331,3.1094279110459757,0.04900085034013606,0.7220732761249126,11431,extended_audit,0.98,30,6,0.35,14,180,153,0.7388888888888889,True,0.0234516991218022,risk_weighted,20,56,0.35714285714285715
1.0,3.183567222675998,0.04504444444444445,0.3311111111111109,3.155090854540347,0.0470344387755102,0.6971961542224219,11432,extended_audit,0.98,30,6,0.35,14,180,147,0.7833333333333333,True,0.0,risk_weighted,6,56,0.10714285714285714
1.0,3.1969575151229996,0.04459823144944252,0.3250544662309367,3.1727062715626624,0.04623724489795919,0.7112790139332511,11433,extended_audit,0.98,30,6,0.35,14,180,149,0.7888888888888889,True,0.0,risk_weighted,7,56,0.125
0.9333333333333333,3.130351007660557,0.046678030805663004,0.3496272630457933,3.1107116281990934,0.048239087301587304,0.6415415856301274,11434,extended_audit,0.98,30,6,0.35,14,180,145,0.7388888888888889,True,0.02330848420305288,risk_weighted,12,56,0.21428571428571427
0.9666666666666667,3.133499214311527,0.04693333333333335,0.35044444444444434,3.112555084663885,0.04830994897959183,0.7199968931366477,11435,extended_audit,0.98,30,6,0.35,14,180,146,0.7333333333333333,True,0.011681481481481475,risk_weighted,14,56,0.25
0.9333333333333333,3.1020809298967573,0.04819236132367446,0.36329966329966323,3.07645522340659,0.05006377551020408,0.6756309606578795,11436,extended_audit,0.98,30,6,0.35,14,180,153,0.7166666666666667,True,0.024219977553310876,risk_weighted,24,56,0.42857142857142855
0.9333333333333333,3.1450052298275257,0.046073310141944726,0.34749163879598655,3.115418370418491,0.0484516723356009,0.7168894484878187,11437,extended_audit,0.98,30,6,0.35,14,180,152,0.75,True,0.023166109253065763,risk_weighted,17,56,0.30357142857142855
0.9666666666666667,3.1454518702770695,0.04600915365360647,0.3358144552319309,3.1253126318728643,0.04751275510204081,0.6702490676217155,11438,extended_audit,0.98,30,6,0.35,14,180,151,0.75,True,0.011193815174397694,risk_weighted,16,56,0.2857142857142857
1.0,3.1919786168112614,0.04446258990391605,0.32251950947603114,3.1720500235664706,0.04568806689342404,0.7291232609168596,11439,extended_audit,0.98,30,6,0.35,14,180,150,0.7833333333333333,True,0.0,risk_weighted,9,56,0.16071428571428573
0.8809523809523809,3.3866663791518885,0.036438976462044505,0.4022720199190788,3.3657623992142938,0.03757440476190475,0.7492551769508471,11440,homogeneous,0.0,42,5,0.4,14,210,141,0.6714285714285714,True,0.047889526180842724,none,0,0,
0.9047619047619048,3.4096750117151866,0.03646666666666667,0.41301587301587306,3.3752091498642347,0.03844246031746033,0.7730790173458271,11441,homogeneous,0.0,42,5,0.4,14,210,144,0.6857142857142857,True,0.03933484504913076,none,0,0,
0.9047619047619048,3.3924793578388552,0.03675510112157109,0.412751677852349,3.3594071777348664,0.03867276077097505,0.7379506815960384,11442,homogeneous,0.0,42,5,0.4,14,210,140,0.6666666666666666,True,0.039309683604985615,none,0,0,
0.9047619047619048,3.4079467840277875,0.036148924657025544,0.40569257018768434,3.3827221576257465,0.03757440476190475,0.7112175774752173,11443,homogeneous,0.0,42,5,0.4,14,210,144,0.6857142857142857,True,0.038637387636922316,none,0,0,
0.8809523809523809,3.3854175157604636,0.03692012229445591,0.42010757791488706,3.3563131274106497,0.03877905328798185,0.7531200247930583,11444,homogeneous,0.0,42,5,0.4,14,210,141,0.6714285714285714,True,0.05001280689462942,none,0,0,
0.9285714285714286,3.3913982255621526,0.036986346729064805,0.41346305964246177,3.3629748572176767,0.03860189909297053,0.7354693778023828,11445,homogeneous,0.0,42,5,0.4,14,210,141,0.6714285714285714,True,0.029533075688747256,none,0,0,
0.8809523809523809,3.410159539772569,0.03588260615224998,0.4027052681537733,3.382298455075398,0.03750354308390022,0.7627757808050494,11446,homogeneous,0.0,42,5,0.4,14,210,144,0.6857142857142857,True,0.04794110335163968,none,0,0,
0.8095238095238095,3.329046768289613,0.03863865619928951,0.44386628823714935,3.305859450172431,0.039983701814058956,0.7280621649371654,11447,homogeneous,0.0,42,5,0.4,14,210,135,0.6428571428571429,True,0.08454595966421892,none,0,0,
0.9047619047619048,3.4132955010076036,0.03581267217630854,0.3977072310405645,3.387634931422776,0.037096088435374146,0.7773571336921686,11448,homogeneous,0.0,42,5,0.4,14,210,145,0.6904761904761905,True,0.03787687914672042,none,0,0,
0.9047619047619048,3.3794913450322492,0.03714661789886895,0.4137006338371527,3.3474401666077376,0.03886763038548753,0.7859140645773421,11449,homogeneous,0.0,42,5,0.4,14,210,140,0.6666666666666666,True,0.039400060365443114,none,0,0,
0.8571428571428571,3.3605751005953146,0.03754221306083067,0.425260170293283,3.3381286264011734,0.038761337868480725,0.7443816170798478,11450,homogeneous,0.0,42,5,0.4,14,210,137,0.6523809523809524,True,0.06075145289904045,none,0,0,
0.9047619047619048,3.383681255896652,0.03695555555555556,0.4139682539682541,3.3466376545542653,0.03929280045351473,0.7610422913575935,11451,homogeneous,0.0,42,5,0.4,14,210,141,0.6714285714285714,True,0.039425547996976576,none,0,0,
0.9523809523809523,3.426980761828492,0.03597777777777778,0.402857142857143,3.401702991910075,0.037255527210884355,0.7661290084348563,11452,homogeneous,0.0,42,5,0.4,14,210,145,0.6904761904761905,True,0.019183673469387784,none,0,0,
0.8809523809523809,3.39325217803052,0.03666260086320135,0.4160143509458578,3.3535927790777342,0.03909793083900227,0.7626727003816005,11453,homogeneous,0.0,42,5,0.4,14,210,142,0.6761904761904762,True,0.049525517969744984,none,0,0,
0.8333333333333334,3.35243468967521,0.03757054555227089,0.4242779078844654,3.3362511065528806,0.03842474489795918,0.7462107038064228,11454,homogeneous,0.0,42,5,0.4,14,210,140,0.6666666666666666,True,0.07071298464741088,none,0,0,
0.8571428571428571,3.3688530867883055,0.03744444444444445,0.426984126984127,3.334903138800555,0.039576247165532874,0.7519328709302692,11455,homogeneous,0.0,42,5,0.4,14,210,139,0.6619047619047619,True,0.06099773242630388,none,0,0,
0.8809523809523809,3.4074710319051897,0.0356570814297232,0.3924277907884466,3.3885823477412718,0.036600056689342395,0.7324341702628735,11456,homogeneous,0.0,42,5,0.4,14,210,142,0.6761904761904762,True,0.046717594141481744,none,0,0,
0.9047619047619048,3.4180332678565395,0.03607945588036574,0.40907638223074483,3.376895199341312,0.03861961451247165,0.7479446228519268,11457,homogeneous,0.0,42,5,0.4,14,210,146,0.6952380952380952,True,0.03895965545054712,none,0,0,
0.9285714285714286,3.4263655687846564,0.03517169614984392,0.3832565284178189,3.4040993691532964,0.036458333333333336,0.7470663469968994,11458,homogeneous,0.0,42,5,0.4,14,210,150,0.7142857142857143,True,0.02737546631555848,none,0,0,
0.9047619047619048,3.406941329876419,0.036125429079149236,0.40333807941781363,3.3707068725256324,0.03861961451247165,0.7758392304828855,11459,homogeneous,0.0,42,5,0.4,14,210,145,0.6904761904761905,True,0.038413150420744155,none,0,0,
0.9047619047619048,3.3971497973052975,0.036714257035226315,0.41474390443462616,3.36023941079148,0.038796768707482984,0.7422288942239472,11460,homogeneous,0.0,42,5,0.4,14,210,144,0.6857142857142857,True,0.039499419469964395,none,0,0,
0.8333333333333334,3.356371234929793,0.03761255227201249,0.43027791321306696,3.3184141665221567,0.039983701814058956,0.7468068641140496,11461,homogeneous,0.0,42,5,0.4,14,210,138,0.6571428571428571,True,0.07171298553551114,none,0,0,
0.9285714285714286,3.3972582942668246,0.036666666666666674,0.41095238095238096,3.3719124277502126,0.037981859410430835,0.7548545299702939,11462,homogeneous,0.0,42,5,0.4,14,210,143,0.680952380952381,True,0.029353741496598626,none,0,0,
0.8809523809523809,3.382407300665912,0.037070854638422204,0.4205276705276706,3.3510207645102157,0.038796768707483,0.7652597389608428,11463,homogeneous,0.0,42,5,0.4,14,210,142,0.6761904761904762,True,0.05006281791996079,none,0,0,
0.8333333333333334,3.3641060133349523,0.037547610803324104,0.4296679197994988,3.3278686227033463,0.04001913265306123,0.70673467653875,11464,homogeneous,0.0,42,5,0.4,14,210,139,0.6619047619047619,True,0.07161131996658313,none,0,0,
0.9047619047619048,3.381250951618084,0.0371866180134859,0.41752577319587636,3.3327195888539594,0.040373441043083894,0.7787369116864863,11465,homogeneous,0.0,42,5,0.4,14,210,138,0.6571428571428571,True,0.03976435935198822,none,0,0,
0.8809523809523809,3.378802677384103,0.037322411957980466,0.42646582442500813,3.3351698504345926,0.040107709750566885,0.7633179825204918,11466,homogeneous,0.0,42,5,0.4,14,210,141,0.6714285714285714,True,0.05076974100297717,none,0,0,
0.8571428571428571,3.3896780116169714,0.036390767789650245,0.4096338205249097,3.368819610351263,0.037538973922902494,0.757575241893972,11467,homogeneous,0.0,42,5,0.4,14,210,142,0.6761904761904762,True,0.058519117217844266,none,0,0,
0.8333333333333334,3.3636425948878084,0.03729561731453538,0.42313838286992667,3.3341082949266285,0.039115646258503396,0.7697363194502377,11468,homogeneous,0.0,42,5,0.4,14,210,140,0.6666666666666666,True,0.07052306381165444,none,0,0,
0.9523809523809523,3.466558535951786,0.034466666666666666,0.37841269841269853,3.4372751014213936,0.03610402494331065,0.7989566226126424,11469,homogeneous,0.0,42,5,0.4,14,210,152,0.7238095238095238,True,0.018019652305366618,none,0,0,
0.7857142857142857,3.3212663933082442,0.03874903549382716,0.4449404761904763,3.2977833857909387,0.04010770975056689,0.7839236008965257,11470,homogeneous,0.25,42,5,0.4,14,210,135,0.6428571428571429,True,0.09534438775510207,none,0,0,
0.9047619047619048,3.415678725243077,0.035849710853346164,0.40269151138716364,3.382187960685214,0.03789328231292517,0.8025869201109165,11471,homogeneous,0.25,42,5,0.4,14,210,148,0.7047619047619048,True,0.038351572513063203,none,0,0,
0.9047619047619048,3.4296669049308477,0.03548089996052805,0.39498580889309376,3.396502022243323,0.03737953514739229,0.7823892794144865,11472,homogeneous,0.25,42,5,0.4,14,210,147,0.7,True,0.037617696085056544,none,0,0,
0.8571428571428571,3.353301782342249,0.03761916502301118,0.4191086691086692,3.332784679733335,0.03893849206349206,0.7102136591292232,11473,homogeneous,0.25,42,5,0.4,14,210,137,0.6523809523809524,True,0.05987266701552419,none,0,0,
0.8809523809523809,3.3928462448475907,0.03662120082452523,0.4126458530432042,3.3665775727318494,0.03803500566893424,0.7634946509600633,11474,homogeneous,0.25,42,5,0.4,14,210,145,0.6904761904761905,True,0.04912450631466718,none,0,0,
0.8571428571428571,3.393102147419481,0.03607586825579905,0.39962651727357623,3.370486425593283,0.03739725056689342,0.7588057145000676,11475,homogeneous,0.25,42,5,0.4,14,210,144,0.6857142857142857,True,0.05708950246765376,none,0,0,
0.9047619047619048,3.4146421445872885,0.0357457373553035,0.39576547231270376,3.392740846674169,0.03693664965986394,0.7464787893584385,11476,homogeneous,0.25,42,5,0.4,14,210,145,0.6904761904761905,True,0.037691949744067026,none,0,0,
0.9047619047619048,3.396215098222841,0.03666301231236296,0.4137291280148423,3.372454829134444,0.038070436507936505,0.7349029725544196,11477,homogeneous,0.25,42,5,0.4,14,210,145,0.6904761904761905,True,0.03940277409665165,none,0,0,
0.9285714285714286,3.409736335244691,0.03629241689750693,0.40664160401002514,3.3846560237811456,0.03766298185941043,0.7516424388777393,11478,homogeneous,0.25,42,5,0.4,14,210,143,0.680952380952381,True,0.029045828857858925,none,0,0,
0.9047619047619048,3.432490493235047,0.03549109274368958,0.3962308050255934,3.3998714781653203,0.0374858276643991,0.7378772577352093,11479,homogeneous,0.25,42,5,0.4,14,210,146,0.6952380952380952,True,0.03773626714529461,none,0,0,
0.8809523809523809,3.4141538552985398,0.035614390432098776,0.39302248677248697,3.3809691551708867,0.03741496598639455,0.797418009129895,11480,homogeneous,0.25,42,5,0.4,14,210,144,0.6857142857142857,True,0.04678839128243893,none,0,0,
0.7857142857142857,3.323875834655785,0.038243936669444326,0.43330179754020826,3.299419101677969,0.039806547619047616,0.7014068202058238,11481,homogeneous,0.25,42,5,0.4,14,210,137,0.6523809523809524,True,0.0928503851871875,none,0,0,
0.9047619047619048,3.4072244285904785,0.03629226788298758,0.40586565752128667,3.383564033284075,0.03752125850340136,0.7393537277597649,11482,homogeneous,0.25,42,5,0.4,14,210,143,0.680952380952381,True,0.038653872144884444,none,0,0,
0.8095238095238095,3.350852333746626,0.037618699780861936,0.4272844272844274,3.313195141020084,0.040143140589569165,0.7627023793207691,11483,homogeneous,0.25,42,5,0.4,14,210,138,0.6571428571428571,True,0.08138750995893855,none,0,0,
0.9047619047619048,3.4006320320815755,0.036379507759979134,0.4060445727112394,3.369674785067748,0.038070436507936505,0.7489061992314029,11484,homogeneous,0.25,42,5,0.4,14,210,143,0.680952380952381,True,0.0386709116867847,none,0,0,
0.8333333333333334,3.3909820905868235,0.03630467096076753,0.40891658676893594,3.368337593368483,0.03752125850340136,0.7819479942090047,11485,homogeneous,0.25,42,5,0.4,14,210,146,0.6952380952380952,True,0.06815276446148931,none,0,0,
0.7857142857142857,3.3332563297982927,0.03778851566898104,0.42416829745596885,3.308780318228604,0.03923965419501133,0.7556614073526632,11486,homogeneous,0.25,42,5,0.4,14,210,137,0.6523809523809524,True,0.09089320659770761,none,0,0,
0.9523809523809523,3.388642078289995,0.03756029182900851,0.4256446764752413,3.353057641210544,0.03961167800453515,0.7289698335897478,11487,homogeneous,0.25,42,5,0.4,14,210,139,0.6619047619047619,True,0.020268794117868656,none,0,0,
0.9047619047619048,3.4142998606977777,0.035702384372306814,0.39426957223567394,3.388926160179483,0.03690121882086168,0.8122805375851291,11488,homogeneous,0.25,42,5,0.4,14,210,146,0.6952380952380952,True,0.037549483070064185,none,0,0,
0.9285714285714286,3.3918242779190027,0.03669937417909294,0.4068185413700365,3.3575565771560676,0.038779053287981854,0.7586492243122304,11489,homogeneous,0.25,42,5,0.4,14,210,139,0.6619047619047619,True,0.029058467240716878,none,0,0,
0.8809523809523809,3.379937414016913,0.03707464597521,0.42010757791488706,3.3473761056875944,0.0390625,0.722907416350108,11490,homogeneous,0.25,42,5,0.4,14,210,139,0.6619047619047619,True,0.05001280689462942,none,0,0,
0.9285714285714286,3.402185304153386,0.03669441141498216,0.4136288998357964,3.365688655530604,0.03861961451247166,0.7589293463155706,11491,homogeneous,0.25,42,5,0.4,14,210,142,0.6761904761904762,True,0.02954492141684259,none,0,0,
0.8571428571428571,3.408155753206792,0.03591151194327353,0.40429042904290435,3.3720355533525894,0.03831845238095238,0.740410629401146,11492,homogeneous,0.25,42,5,0.4,14,210,146,0.6952380952380952,True,0.05775577557755778,none,0,0,
0.9761904761904762,3.3995404646899647,0.03728639821081201,0.42003900536323746,3.3563035861523303,0.03971797052154195,0.7867432114471266,11493,homogeneous,0.25,42,5,0.4,14,210,142,0.6761904761904762,True,0.010000928699124712,none,0,0,
0.8809523809523809,3.390443419230997,0.0366051182377713,0.40540978296080343,3.3635560443416495,0.03794642857142857,0.7773224879694091,11494,homogeneous,0.25,42,5,0.4,14,210,142,0.6761904761904762,True,0.04826306940009566,none,0,0,
0.8571428571428571,3.3513696750859236,0.03795271157815724,0.4319960861056753,3.3229636781112935,0.03954081632653061,0.7333770511871154,11495,homogeneous,0.25,42,5,0.4,14,210,136,0.6476190476190476,True,0.06171372658652506,none,0,0,
0.9761904761904762,3.4532695188994826,0.03484989036937089,0.3795609152752011,3.427745631332617,0.03628117913832199,0.7505685721040929,11496,homogeneous,0.25,42,5,0.4,14,210,147,0.7,True,0.00903716464940956,none,0,0,
0.8809523809523809,3.398428229419391,0.03643780522838264,0.40782889426957225,3.3633596644320085,0.03847789115646258,0.7730604077690423,11497,homogeneous,0.25,42,5,0.4,14,210,142,0.6761904761904762,True,0.04855105884161575,none,0,0,
0.9047619047619048,3.3925635262235962,0.03667396442614558,0.4107339305359108,3.3625088501340565,0.038407029478458046,0.7471908992514943,11498,homogeneous,0.25,42,5,0.4,14,210,143,0.680952380952381,True,0.039117517193896265,none,0,0,
0.8571428571428571,3.3605574037694876,0.037741602552073546,0.4287345075016309,3.32746754438392,0.03961167800453515,0.7746347932033456,11499,homogeneous,0.25,42,5,0.4,14,210,139,0.6619047619047619,True,0.06124778678594729,none,0,0,
0.8333333333333334,3.359359624861471,0.0375743162901308,0.4297208538587849,3.3197462509641915,0.04012542517006803,0.7757470240135665,11500,homogeneous,0.5,42,5,0.4,14,210,139,0.6619047619047619,True,0.07162014230979746,none,0,0,
0.9285714285714286,3.419797592559039,0.036133333333333344,0.402857142857143,3.3887375762288316,0.037751558956916106,0.760750814329281,11501,homogeneous,0.5,42,5,0.4,14,210,147,0.7,True,0.02877551020408163,none,0,0,
0.9285714285714286,3.4226632434757986,0.03561045676529732,0.3926553672316384,3.392104811573631,0.037273242630385485,0.7834835987161708,11502,homogeneous,0.5,42,5,0.4,14,210,145,0.6904761904761905,True,0.028046811945117017,none,0,0,
0.9285714285714286,3.445622325309334,0.03483870967741935,0.38187403993855606,3.4256682812092047,0.03587372448979592,0.7325577025087813,11503,homogeneous,0.5,42,5,0.4,14,210,148,0.7047619047619048,True,0.027276717138468277,none,0,0,
0.8809523809523809,3.3673631427403086,0.03728888888888889,0.41714285714285726,3.3477460796910012,0.03824759070294784,0.7261157319725196,11504,homogeneous,0.5,42,5,0.4,14,210,139,0.6619047619047619,True,0.04965986394557825,none,0,0,
0.9047619047619048,3.420929021536349,0.03599405956308313,0.4076479076479078,3.3947656559625043,0.037344104308390025,0.7745131842706577,11505,homogeneous,0.5,42,5,0.4,14,210,148,0.7047619047619048,True,0.038823610252181694,none,0,0,
0.8333333333333334,3.350827778586898,0.03782728827682996,0.4307789340901924,3.327208253515378,0.03920422335600907,0.7376596440515892,11506,homogeneous,0.5,42,5,0.4,14,210,136,0.6476190476190476,True,0.07179648901503205,none,0,0,
0.8095238095238095,3.3837266527375713,0.03606404311982089,0.39762680316426247,3.3640051545375322,0.03720238095238095,0.7277033181772753,11507,homogeneous,0.5,42,5,0.4,14,210,140,0.6666666666666666,True,0.07573843869795475,none,0,0,
0.9523809523809523,3.4266424111332046,0.03604711289859236,0.40427764326069426,3.382141651697019,0.03874362244897959,0.753582892450094,11508,homogeneous,0.5,42,5,0.4,14,210,143,0.680952380952381,True,0.019251316345747366,none,0,0,
0.8571428571428571,3.379047234106386,0.03673206127385112,0.4111631537861047,3.352751281681057,0.0382830215419501,0.7165987205344502,11509,homogeneous,0.5,42,5,0.4,14,210,142,0.6761904761904762,True,0.05873759339801497,none,0,0,
0.9047619047619048,3.4094237468872843,0.03613876584360336,0.40239672027751516,3.3768922535660226,0.038070436507936505,0.7252269995758275,11510,homogeneous,0.5,42,5,0.4,14,210,141,0.6714285714285714,True,0.03832349716928716,none,0,0,
0.7857142857142857,3.3337168324084447,0.03809043463006009,0.43598233995585,3.321026995764361,0.038672760770975055,0.7253835920491308,11511,homogeneous,0.5,42,5,0.4,14,210,137,0.6523809523809524,True,0.09342478713339644,none,0,0,
0.8571428571428571,3.38759133755491,0.03643447644065739,0.4099825976902389,3.3586574421783624,0.03821215986394557,0.7740346631848937,11512,homogeneous,0.5,42,5,0.4,14,210,144,0.6857142857142857,True,0.05856894252717701,none,0,0,
0.8333333333333334,3.357777929184854,0.037355555555555565,0.4206349206349207,3.332894153606338,0.03883219954648526,0.7457772427006759,11513,homogeneous,0.5,42,5,0.4,14,210,139,0.6619047619047619,True,0.0701058201058201,none,0,0,
0.9285714285714286,3.399472720401967,0.036476102057023965,0.40667303710781977,3.3719317074284305,0.037928713151927425,0.7705211313017083,11514,homogeneous,0.5,42,5,0.4,14,210,142,0.6761904761904762,True,0.02904807407912997,none,0,0,
0.9285714285714286,3.40903309258046,0.036334160913285486,0.40668590668590676,3.377221345573296,0.038141298185941044,0.7531566971217613,11515,homogeneous,0.5,42,5,0.4,14,210,142,0.6761904761904762,True,0.029048993334707614,none,0,0,
0.8809523809523809,3.3753853050245564,0.036888888888888895,0.40968253968253987,3.3475146932709574,0.03853103741496598,0.7326071442344961,11516,homogeneous,0.5,42,5,0.4,14,210,141,0.6714285714285714,True,0.048771730914588085,none,0,0,
0.8809523809523809,3.3972201096549157,0.036349713976847886,0.4103547459252157,3.3663378332559835,0.038070436507936505,0.7495515662939636,11517,homogeneous,0.5,42,5,0.4,14,210,144,0.6857142857142857,True,0.048851755467287594,none,0,0,
0.8333333333333334,3.3840112638734077,0.03649430977646799,0.40671217292377704,3.344125689841684,0.0391156462585034,0.7635028087525598,11518,homogeneous,0.5,42,5,0.4,14,210,142,0.6761904761904762,True,0.06778536215396283,none,0,0,
0.8809523809523809,3.4024344443663157,0.035882606152249974,0.39716816959341883,3.3809379835375353,0.03697208049886622,0.7811507316517368,11519,homogeneous,0.5,42,5,0.4,14,210,144,0.6857142857142857,True,0.04728192495159749,none,0,0,
0.8571428571428571,3.396513735672221,0.03590336586969584,0.3946608946608947,3.372814266044483,0.03711380385487528,0.778755290193145,11520,homogeneous,0.5,42,5,0.4,14,210,144,0.6857142857142857,True,0.05638012780869926,none,0,0,
0.8809523809523809,3.384176522640601,0.03692001385041551,0.4158834586466167,3.362416839314799,0.038141298185941044,0.7595684346185926,11521,homogeneous,0.5,42,5,0.4,14,210,140,0.6666666666666666,True,0.04950993555316866,none,0,0,
0.9523809523809523,3.4276183120252153,0.036140927977839334,0.40554511278195493,3.39042355438995,0.03849560657596372,0.7687972395032996,11522,homogeneous,0.5,42,5,0.4,14,210,144,0.6857142857142857,True,0.01931167203723597,none,0,0,
0.8333333333333334,3.3782565257803774,0.03680974823677443,0.41789273849074515,3.338481261922977,0.03957624716553288,0.7062196645588035,11523,homogeneous,0.5,42,5,0.4,14,210,141,0.6714285714285714,True,0.0696487897484575,none,0,0,
0.8571428571428571,3.3945102559614297,0.03604221808319446,0.3973754518308974,3.3698968697056544,0.03757440476190475,0.730129257302751,11524,homogeneous,0.5,42,5,0.4,14,210,144,0.6857142857142857,True,0.05676792169012822,none,0,0,
0.8571428571428571,3.375395676290278,0.03679016620498615,0.4100877192982457,3.352798882028185,0.038088151927437634,0.7586969101398174,11525,homogeneous,0.5,42,5,0.4,14,210,140,0.6666666666666666,True,0.05858395989974941,none,0,0,
0.9047619047619048,3.446886977448662,0.0348888888888889,0.3853968253968254,3.416319216739018,0.03663548752834467,0.7827486498337364,11526,homogeneous,0.5,42,5,0.4,14,210,152,0.7238095238095238,True,0.03670445956160242,none,0,0,
0.9523809523809523,3.467296742357341,0.034193548387096775,0.3680491551459295,3.4427109208736075,0.03562570861678005,0.7760754461244006,11527,homogeneous,0.5,42,5,0.4,14,210,150,0.7142857142857143,True,0.01752615024504428,none,0,0,
0.9523809523809523,3.441085101257884,0.03527976560032241,0.38731730315888746,3.406251218688191,0.03730867346938775,0.7797255258518346,11528,homogeneous,0.5,42,5,0.4,14,210,149,0.7095238095238096,True,0.018443681102804185,none,0,0,
0.9285714285714286,3.401788488442233,0.0364310669174953,0.40507416081186576,3.3749157650537085,0.0379641439909297,0.7294540251228744,11529,homogeneous,0.5,42,5,0.4,14,210,143,0.680952380952381,True,0.02893386862941897,none,0,0,
0.9285714285714286,3.421872317373891,0.035576555246533845,0.3888378502526413,3.408187501995799,0.03615717120181405,0.7540217524991027,11530,homogeneous,0.75,42,5,0.4,14,210,146,0.6952380952380952,True,0.027774132160902937,none,0,0,
0.8809523809523809,3.365264281987378,0.037288888888888885,0.4147619047619049,3.3375992859958057,0.03890306122448979,0.7126595559753911,11531,homogeneous,0.75,42,5,0.4,14,210,139,0.6619047619047619,True,0.049376417233560115,none,0,0,
0.8333333333333334,3.3418917590469053,0.03804653781197222,0.431833007175473,3.307799040278687,0.040089994331065755,0.7667613018645459,11532,homogeneous,0.75,42,5,0.4,14,210,136,0.6476190476190476,True,0.07197216786257882,none,0,0,
0.9047619047619048,3.4162256881010444,0.03572896120973044,0.3992673992673994,3.3961828919247985,0.036918934240362807,0.7441354006286872,11533,homogeneous,0.75,42,5,0.4,14,210,147,0.7,True,0.03802546659689518,none,0,0,
0.8333333333333334,3.3611578362106806,0.03748268698060942,0.4252819548872182,3.3411114996196054,0.038584183673469385,0.7396034139843087,11534,homogeneous,0.75,42,5,0.4,14,210,142,0.6761904761904762,True,0.07088032581453635,none,0,0,
0.9285714285714286,3.3976724859152645,0.03679022629459947,0.41010689990281834,3.370216415651151,0.0381235827664399,0.7730234290676082,11535,homogeneous,0.75,42,5,0.4,14,210,144,0.6857142857142857,True,0.02929334999305844,none,0,0,
0.9523809523809523,3.462553039470804,0.03486329444619612,0.38830297219558974,3.431368652991396,0.036405187074829926,0.7866074497033435,11536,homogeneous,0.75,42,5,0.4,14,210,150,0.7142857142857143,True,0.018490617723599532,none,0,0,
0.9047619047619048,3.393923432286239,0.03691600607185022,0.4182127396413111,3.371488563698082,0.038141298185941044,0.7213481604600972,11537,homogeneous,0.75,42,5,0.4,14,210,143,0.680952380952381,True,0.039829784727743914,none,0,0,
0.9285714285714286,3.433431881459519,0.035328292537058395,0.39091192032368505,3.404811494613201,0.03706065759637188,0.7754972924713601,11538,homogeneous,0.75,42,5,0.4,14,210,149,0.7095238095238096,True,0.027922280023120347,none,0,0,
0.8571428571428571,3.3879180160669633,0.03686541271000731,0.42245817245817263,3.349232176942807,0.0392750850340136,0.7755629562248748,11539,homogeneous,0.75,42,5,0.4,14,210,142,0.6761904761904762,True,0.06035116749402468,none,0,0,
0.8809523809523809,3.3565354795001765,0.03809806428049672,0.43548906048906066,3.3223271417476323,0.04014314058956916,0.7454919439790696,11540,homogeneous,0.75,42,5,0.4,14,210,137,0.6523809523809524,True,0.05184393577250723,none,0,0,
0.8809523809523809,3.3771020251036994,0.03726515369146797,0.4210653753026634,3.3235045902918476,0.04109977324263037,0.7625876028617221,11541,homogeneous,0.75,42,5,0.4,14,210,137,0.6523809523809524,True,0.050126830393174227,none,0,0,
0.9047619047619048,3.40813072137756,0.03618262356914171,0.4071270892462946,3.3772547031054985,0.03808815192743764,0.7368360169798215,11542,homogeneous,0.75,42,5,0.4,14,210,142,0.6761904761904762,True,0.0387740084996471,none,0,0,
0.9285714285714286,3.4460211016303197,0.03491111111111111,0.3815873015873017,3.4137920044503947,0.0367594954648526,0.7691105044667462,11543,homogeneous,0.75,42,5,0.4,14,210,145,0.6904761904761905,True,0.027256235827664396,none,0,0,
0.9523809523809523,3.420887716106308,0.03605450894954932,0.3997821350762527,3.3964290526271386,0.03741496598639456,0.7548584394934053,11544,homogeneous,0.75,42,5,0.4,14,210,145,0.6904761904761905,True,0.019037244527440628,none,0,0,
0.9523809523809523,3.387241044511529,0.037504565376187,0.4232625482625483,3.351298553683958,0.03943452380952381,0.7503848783352359,11545,homogeneous,0.75,42,5,0.4,14,210,140,0.6666666666666666,True,0.020155359441073748,none,0,0,
0.8095238095238095,3.356568488295804,0.03730969492946919,0.42442710872745004,3.3206443436406365,0.039647108843537414,0.730749225452494,11546,homogeneous,0.75,42,5,0.4,14,210,137,0.6523809523809524,True,0.08084325880522858,none,0,0,
0.9285714285714286,3.41993521149483,0.03627693191611606,0.4105730427764327,3.3811873561092916,0.038424744897959176,0.7804993690506082,11547,homogeneous,0.75,42,5,0.4,14,210,145,0.6904761904761905,True,0.029326645912602322,none,0,0,
0.9047619047619048,3.403754587053701,0.036587957629109304,0.412565695174391,3.3738841979196166,0.0382298752834467,0.7551400771212217,11548,homogeneous,0.75,42,5,0.4,14,210,142,0.6761904761904762,True,0.03929197096898962,none,0,0,
0.8571428571428571,3.4101435044338837,0.03560861136618712,0.3969055635722303,3.3852539763482685,0.03695436507936508,0.7797730295466697,11549,homogeneous,0.75,42,5,0.4,14,210,145,0.6904761904761905,True,0.05670079479603292,none,0,0,
0.9523809523809523,3.4384271852947323,0.03559563360227812,0.39716816959341883,3.399919262943852,0.03792871315192743,0.7587801891898608,11550,homogeneous,0.75,42,5,0.4,14,210,144,0.6857142857142857,True,0.018912769980639014,none,0,0,
0.9047619047619048,3.4033827735771047,0.03618527756960213,0.40269151138716364,3.3714114227879017,0.03799957482993197,0.7537412464755832,11551,homogeneous,0.75,42,5,0.4,14,210,142,0.6761904761904762,True,0.038351572513063203,none,0,0,
0.8095238095238095,3.3605680546196255,0.03747642647252314,0.4284137496058027,3.337482281428793,0.03877905328798187,0.7138207497187435,11552,homogeneous,0.75,42,5,0.4,14,210,141,0.6714285714285714,True,0.08160261897253385,none,0,0,
0.8333333333333334,3.3373093256778814,0.03800178805973445,0.4258028792912514,3.321467939429837,0.03881448412698413,0.700209828949571,11553,homogeneous,0.75,42,5,0.4,14,210,134,0.638095238095238,True,0.07096714654854189,none,0,0,
0.8809523809523809,3.4109481600803386,0.03547302604706695,0.3898135305902297,3.395503521353739,0.03624574829931973,0.7706060224491674,11554,homogeneous,0.75,42,5,0.4,14,210,148,0.7047619047619048,True,0.04640637268931307,none,0,0,
0.9047619047619048,3.3879561798062268,0.037213280119293014,0.4238410596026492,3.355006699287216,0.03909793083900226,0.7199023287966502,11555,homogeneous,0.75,42,5,0.4,14,210,142,0.6761904761904762,True,0.0403658152002523,none,0,0,
0.8095238095238095,3.3539802717620586,0.037153220272522304,0.414034260568914,3.337657500117212,0.038052721088435375,0.7300325081371347,11556,homogeneous,0.75,42,5,0.4,14,210,136,0.6476190476190476,True,0.07886366867979314,none,0,0,
1.0,3.459449692246559,0.035264511429233675,0.390998259769024,3.4261592393343845,0.03702522675736961,0.7721194019264955,11557,homogeneous,0.75,42,5,0.4,14,210,149,0.7095238095238096,True,0.0,none,0,0,
0.9523809523809523,3.431554118739373,0.03559054427437393,0.3956165247555976,3.4035022097252385,0.03709608843537415,0.7458106645300006,11558,homogeneous,0.75,42,5,0.4,14,210,148,0.7047619047619048,True,0.018838882131218954,none,0,0,
0.9523809523809523,3.420246200773188,0.036182664787047715,0.40585122938064133,3.3918855842792146,0.037786989795918366,0.7517892325916499,11559,homogeneous,0.75,42,5,0.4,14,210,141,0.6714285714285714,True,0.0193262490181258,none,0,0,
0.9285714285714286,3.426004442036792,0.03598526380421911,0.40460422579627897,3.394931872029091,0.037716128117913826,0.788746529871192,11560,homogeneous,0.9,42,5,0.4,14,210,146,0.6952380952380952,True,0.028900301842591344,none,0,0,
0.8809523809523809,3.370074376441113,0.03763125441505728,0.4263470093919921,3.3328737565696716,0.03977111678004534,0.7546306170412302,11561,homogeneous,0.9,42,5,0.4,14,210,138,0.6571428571428571,True,0.05075559635618954,none,0,0,
0.8333333333333334,3.375805126447946,0.036811807479224384,0.4135338345864663,3.3562772373071197,0.0378578514739229,0.7657178434847028,11562,homogeneous,0.9,42,5,0.4,14,210,141,0.6714285714285714,True,0.06892230576441104,none,0,0,
0.9047619047619048,3.3856951864209837,0.03722805279041485,0.4215404282518378,3.3564144057062766,0.03877905328798186,0.7452581715208625,11563,homogeneous,0.9,42,5,0.4,14,210,141,0.6714285714285714,True,0.040146707452555976,none,0,0,
0.8571428571428571,3.3896963262889193,0.0364537309426069,0.4103360407708234,3.3618131156729487,0.037981859410430835,0.7497073806353426,11564,homogeneous,0.9,42,5,0.4,14,210,141,0.6714285714285714,True,0.058619434395831935,none,0,0,
0.8571428571428571,3.360732046838169,0.03812128418549345,0.439408866995074,3.324968236913093,0.04014314058956916,0.7602480180330896,11565,homogeneous,0.9,42,5,0.4,14,210,137,0.6523809523809524,True,0.06277269528501059,none,0,0,
0.8571428571428571,3.3617171461026825,0.03748438150770512,0.42322643343051514,3.3353696890289957,0.03886763038548753,0.7647215801272759,11566,homogeneous,0.9,42,5,0.4,14,210,136,0.6476190476190476,True,0.06046091906150218,none,0,0,
0.8809523809523809,3.3730140198657406,0.037569573283858994,0.43042671614100203,3.353919093926552,0.038672760770975055,0.7028172994997847,11567,homogeneous,0.9,42,5,0.4,14,210,142,0.6761904761904762,True,0.05124127573107168,none,0,0,
0.8571428571428571,3.3735019459847715,0.037228052790414835,0.42233940556088223,3.340425187642695,0.039275085034013606,0.7677288452630404,11568,homogeneous,0.9,42,5,0.4,14,210,139,0.6619047619047619,True,0.06033420079441177,none,0,0,
0.9523809523809523,3.447518436001095,0.034918142367558275,0.3821157127346053,3.4243259719118586,0.03610402494331065,0.7714612449759523,11569,homogeneous,0.9,42,5,0.4,14,210,148,0.7047619047619048,True,0.018195986320695513,none,0,0,
0.8571428571428571,3.3849066275134803,0.03658900012141146,0.41172282866635035,3.3613184151390536,0.037893282312925165,0.7440540249598495,11570,homogeneous,0.9,42,5,0.4,14,210,141,0.6714285714285714,True,0.058817546952335785,none,0,0,
0.8333333333333334,3.3468167211219235,0.03770651334996253,0.4225991399904445,3.328792822653222,0.03863732993197278,0.757194547938898,11571,homogeneous,0.9,42,5,0.4,14,210,137,0.6523809523809524,True,0.0704331899984074,none,0,0,
0.8809523809523809,3.399475343481719,0.03661577311165106,0.415929889871258,3.3727367838785844,0.03819444444444445,0.7176241960571327,11572,homogeneous,0.9,42,5,0.4,14,210,143,0.680952380952381,True,0.04951546307991168,none,0,0,
0.9285714285714286,3.4215796067140953,0.03581630886426594,0.3972431077694236,3.3946911186637077,0.03730867346938775,0.7524437725999262,11573,homogeneous,0.9,42,5,0.4,14,210,142,0.6761904761904762,True,0.02837450769781596,none,0,0,
0.8571428571428571,3.380716045006199,0.036897166447738786,0.41846053489889123,3.3508328233261953,0.038495606575963716,0.7626728628491097,11574,homogeneous,0.9,42,5,0.4,14,210,138,0.6571428571428571,True,0.05978007641412734,none,0,0,
0.8571428571428571,3.385933982225195,0.036646062886320885,0.4119437939110071,3.369636749385053,0.037468112244897954,0.7544008351071643,11575,homogeneous,0.9,42,5,0.4,14,210,144,0.6857142857142857,True,0.058849113415858176,none,0,0,
0.8571428571428571,3.3721594630733507,0.037137966758254135,0.42074145094279336,3.3509951757602896,0.03815901360544218,0.758722467974185,11576,homogeneous,0.9,42,5,0.4,14,210,140,0.6666666666666666,True,0.06010592156325621,none,0,0,
0.9285714285714286,3.4268865812722464,0.0354006243496358,0.39016897081413227,3.411608101551607,0.03608630952380952,0.7657271757329668,11577,homogeneous,0.9,42,5,0.4,14,210,148,0.7047619047619048,True,0.027869212201009436,none,0,0,
0.9285714285714286,3.417675815832938,0.036097645429362876,0.4058583959899751,3.383613788580531,0.03821215986394558,0.734906710923489,11578,homogeneous,0.9,42,5,0.4,14,210,144,0.6857142857142857,True,0.028989885427855352,none,0,0,
0.8571428571428571,3.3742101334381776,0.036866666666666666,0.4131746031746033,3.348936875043192,0.03828302154195011,0.7450663744474505,11579,homogeneous,0.9,42,5,0.4,14,210,141,0.6714285714285714,True,0.059024943310657635,none,0,0,
0.9047619047619048,3.4222592288907747,0.035598705501618116,0.3947449529973803,3.39836583999998,0.03697208049886622,0.7519814705346887,11580,homogeneous,0.9,42,5,0.4,14,210,147,0.7,True,0.03759475742832193,none,0,0,
0.8809523809523809,3.4062145284458576,0.036299913817868436,0.41041162227602923,3.3708637114627424,0.038300736961451254,0.7790970441048676,11581,homogeneous,0.9,42,5,0.4,14,210,144,0.6857142857142857,True,0.04885852646143206,none,0,0,
0.9285714285714286,3.426580374122328,0.03583171929192378,0.403163950143816,3.3833123566088816,0.03856646825396824,0.7876060076453902,11582,homogeneous,0.9,42,5,0.4,14,210,147,0.7,True,0.02879742501027256,none,0,0,
0.8809523809523809,3.3947289025559333,0.03665738680706823,0.4166260360799612,3.359710060014166,0.038566468253968256,0.7443772287771157,11583,homogeneous,0.9,42,5,0.4,14,210,140,0.6666666666666666,True,0.049598337628566816,none,0,0,
0.8571428571428571,3.37981871056405,0.03724035769913625,0.4272355807009274,3.353780257881255,0.03881448412698412,0.713502999706821,11584,homogeneous,0.9,42,5,0.4,14,210,144,0.6857142857142857,True,0.06103365438584679,none,0,0,
0.8095238095238095,3.356251384120932,0.036941157133464825,0.40995115995116005,3.3414948458784246,0.0378047052154195,0.7400206996329298,11585,homogeneous,0.9,42,5,0.4,14,210,140,0.6666666666666666,True,0.07808593522879238,none,0,0,
0.8571428571428571,3.3600895523666683,0.03717970914127424,0.41212406015037595,3.341758100030652,0.03814129818594103,0.7175333996329475,11586,homogeneous,0.9,42,5,0.4,14,210,139,0.6619047619047619,True,0.058874865735768014,none,0,0,
0.8571428571428571,3.37878554926698,0.03697777777777779,0.41841269841269857,3.356195678074206,0.03815901360544218,0.7611363013001332,11587,homogeneous,0.9,42,5,0.4,14,210,138,0.6571428571428571,True,0.05977324263038553,none,0,0,
0.8095238095238095,3.3685025759120073,0.03671111111111111,0.4114285714285715,3.347127242422191,0.037875566893424036,0.7724628283944064,11588,homogeneous,0.9,42,5,0.4,14,210,142,0.6761904761904762,True,0.07836734693877552,none,0,0,
0.8571428571428571,3.4007199287385492,0.035861865407319955,0.40197897340754496,3.3839360470813213,0.03672406462585034,0.7228602145203015,11589,homogeneous,0.9,42,5,0.4,14,210,145,0.6904761904761905,True,0.0574255676296493,none,0,0,
0.9285714285714286,3.4101916819398994,0.035976865013233994,0.39234637749489254,3.388036732172311,0.037096088435374146,0.7584946357364902,11590,homogeneous,0.98,42,5,0.4,14,210,145,0.6904761904761905,True,0.02802474124963517,none,0,0,
0.9285714285714286,3.4191238527378354,0.035955555555555574,0.40095238095238095,3.391402393178949,0.03743268140589569,0.8021951834023455,11591,homogeneous,0.98,42,5,0.4,14,210,148,0.7047619047619048,True,0.028639455782312914,none,0,0,
0.9523809523809523,3.429906626406964,0.03573525460498164,0.39364578639026604,3.410644069431701,0.036848072562358274,0.7179510660778523,11592,homogeneous,0.98,42,5,0.4,14,210,147,0.7,True,0.018745037447155548,none,0,0,
0.9285714285714286,3.4262227393980753,0.03591947721591159,0.4063386944181646,3.3966803069608478,0.03753897392290248,0.7793912126096724,11593,homogeneous,0.98,42,5,0.4,14,210,145,0.6904761904761905,True,0.029024192458440318,none,0,0,
0.8809523809523809,3.435092730084812,0.034976387249114525,0.38821892393320967,3.409049452134211,0.036546910430839005,0.7551616734929887,11594,homogeneous,0.98,42,5,0.4,14,210,146,0.6952380952380952,True,0.04621653856347735,none,0,0,
0.8095238095238095,3.3507130129272733,0.03742222222222224,0.42285714285714304,3.3188179358195393,0.039540816326530615,0.7270575980806911,11595,homogeneous,0.98,42,5,0.4,14,210,134,0.638095238095238,True,0.08054421768707486,none,0,0,
0.8809523809523809,3.3838020593046005,0.036581979730667784,0.40492387431162946,3.358357376345527,0.037822420634920625,0.7723593605247516,11596,homogeneous,0.98,42,5,0.4,14,210,140,0.6666666666666666,True,0.04820522313233685,none,0,0,
0.9523809523809523,3.418065860781539,0.036178107606679034,0.4058441558441559,3.3975956572224497,0.037255527210884355,0.768889100902327,11597,homogeneous,0.98,42,5,0.4,14,210,147,0.7,True,0.019325912183055065,none,0,0,
0.8809523809523809,3.4120371611746876,0.03606404311982089,0.40615790290057396,3.3835795701857547,0.03773384353741496,0.7119476653318264,11598,homogeneous,0.98,42,5,0.4,14,210,144,0.6857142857142857,True,0.04835213129768739,none,0,0,
0.9047619047619048,3.4268618720079984,0.035355877888345426,0.3894557823129252,3.4068768233746423,0.036387471655328796,0.7650008495978833,11599,homogeneous,0.98,42,5,0.4,14,210,148,0.7047619047619048,True,0.03709102688694526,none,0,0,
0.8809523809523809,3.442164746140444,0.03463059313215401,0.3831029185867896,3.4201484307029597,0.03587372448979591,0.7915847951661262,11600,homogeneous,0.98,42,5,0.4,14,210,150,0.7142857142857143,True,0.04560749030795115,none,0,0,
0.8571428571428571,3.382539898948675,0.03666301231236297,0.4137291280148423,3.3613828194015065,0.03794642857142857,0.7524342955864087,11601,homogeneous,0.98,42,5,0.4,14,210,142,0.6761904761904762,True,0.05910416114497749,none,0,0,
0.8333333333333334,3.3814417753813326,0.036466666666666675,0.4106349206349207,3.354937694445455,0.03801729024943311,0.7721114073737789,11602,homogeneous,0.98,42,5,0.4,14,210,141,0.6714285714285714,True,0.06843915343915344,none,0,0,
0.8095238095238095,3.345333828596008,0.03747642647252314,0.4224219489120151,3.3237061442715152,0.03872590702947845,0.7297876121574086,11603,homogeneous,0.98,42,5,0.4,14,210,139,0.6619047619047619,True,0.0804613236022886,none,0,0,
0.9523809523809523,3.419210433233652,0.03623001979843626,0.4057174709348623,3.3790898994775915,0.038779053287981854,0.7697532914321444,11604,homogeneous,0.98,42,5,0.4,14,210,145,0.6904761904761905,True,0.0193198795683268,none,0,0,
0.9285714285714286,3.434824092721926,0.035130038156221226,0.3867865026805426,3.405498784376297,0.036777210884353734,0.785235936972195,11605,homogeneous,0.98,42,5,0.4,14,210,150,0.7142857142857143,True,0.02762760733432446,none,0,0,
0.9047619047619048,3.367036180003286,0.03791348881358926,0.431656383483626,3.3366901994775113,0.03964710884353741,0.7558303533952907,11606,homogeneous,0.98,42,5,0.4,14,210,140,0.6666666666666666,True,0.04111013176034533,none,0,0,
0.9285714285714286,3.4068298902660703,0.03648484302508895,0.4069990412272293,3.377198491006945,0.0380172902494331,0.7784627321406066,11607,homogeneous,0.98,42,5,0.4,14,210,143,0.680952380952381,True,0.02907136008765922,none,0,0,
0.8809523809523809,3.4132683253511997,0.036052730343404005,0.4093281148075669,3.360112236381296,0.03959396258503401,0.7615023428029994,11608,homogeneous,0.98,42,5,0.4,14,210,144,0.6857142857142857,True,0.04872953747709131,none,0,0,
0.8809523809523809,3.4054632034422117,0.03603940640977678,0.4057239057239057,3.3791293852347555,0.03741496598639456,0.7689983585236316,11609,homogeneous,0.98,42,5,0.4,14,210,145,0.6904761904761905,True,0.04830046496713164,none,0,0,
0.8809523809523809,3.385780786571791,0.036581564095673196,0.4077283372365341,3.3595734067722254,0.0381235827664399,0.7356266318216497,11610,homogeneous,0.98,42,5,0.4,14,210,141,0.6714285714285714,True,0.04853908776625407,none,0,0,
0.9047619047619048,3.3909623578675236,0.03687832307360926,0.4187109187109188,3.3483248163274077,0.039576247165532874,0.7601537337161579,11611,homogeneous,0.98,42,5,0.4,14,210,142,0.6761904761904762,True,0.039877230353420834,none,0,0,
0.8809523809523809,3.4012639349171563,0.03597138613973631,0.398989898989899,3.375508087359676,0.03737953514739228,0.7835761503920556,11612,homogeneous,0.98,42,5,0.4,14,210,145,0.6904761904761905,True,0.04749879749879751,none,0,0,
0.8095238095238095,3.3137825645016616,0.039088888888888895,0.44571428571428573,3.294786651766954,0.040072278911564625,0.7233989954053278,11613,homogeneous,0.98,42,5,0.4,14,210,131,0.6238095238095238,True,0.08489795918367347,none,0,0,
0.8571428571428571,3.3850463966022883,0.036412401629121086,0.4038126878658441,3.366857507102594,0.03725552721088434,0.7645008613816575,11614,homogeneous,0.98,42,5,0.4,14,210,143,0.680952380952381,True,0.05768752683797775,none,0,0,
0.8809523809523809,3.400693911436094,0.03612542907914924,0.40112323999367194,3.3720308126388,0.03782242063492064,0.763420099396355,11615,homogeneous,0.98,42,5,0.4,14,210,145,0.6904761904761905,True,0.04775276666591333,none,0,0,
0.9285714285714286,3.4441053851478585,0.03510096049461854,0.3899096616138418,3.4149217361524307,0.036989795918367346,0.7576088162685463,11616,homogeneous,0.98,42,5,0.4,14,210,148,0.7047619047619048,True,0.0278506901152744,none,0,0,
0.8809523809523809,3.3823717075169966,0.037044019228956546,0.4203267067344738,3.361673748568801,0.038194444444444434,0.7304922636398808,11617,homogeneous,0.98,42,5,0.4,14,210,141,0.6714285714285714,True,0.05003889365886594,none,0,0,
0.9047619047619048,3.4509685488408235,0.034452908587257615,0.3767230576441103,3.423742684942029,0.035962301587301584,0.7664641948838464,11618,homogeneous,0.98,42,5,0.4,14,210,148,0.7047619047619048,True,0.03587838644229622,none,0,0,
0.9047619047619048,3.4169307249425294,0.035926755775322575,0.4023888625217529,3.3967818676747568,0.03679492630385488,0.758332212122447,11619,homogeneous,0.98,42,5,0.4,14,210,147,0.7,True,0.03832274881159551,none,0,0,
0.9047619047619048,3.3913780684110604,0.0382673885880883,0.4411078717201167,3.2488002273399745,0.04900085034013606,0.8502096284020544,11620,prompt_diverse,0.0,42,5,0.4,14,210,140,0.6666666666666666,True,0.042010273497153965,none,0,0,
0.8809523809523809,3.397011852703788,0.03666120187687262,0.4172932330827068,3.34243046674612,0.03985969387755102,0.8364490610279635,11621,prompt_diverse,0.0,42,5,0.4,14,210,141,0.6714285714285714,True,0.04967776584317939,none,0,0,
0.9761904761904762,3.453122534383688,0.035920064760876814,0.404382470119522,3.3295315832780816,0.04372165532879818,0.8525607335532003,11622,prompt_diverse,0.0,42,5,0.4,14,210,143,0.680952380952381,True,0.00962815405046482,none,0,0,
0.8571428571428571,3.3495239057812474,0.03880070546737213,0.4487906273620561,3.248669410519338,0.0460955215419501,0.8364487540532158,11623,prompt_diverse,0.0,42,5,0.4,14,210,133,0.6333333333333333,True,0.06411294676600804,none,0,0,
0.8809523809523809,3.3519045856237204,0.039304236349863055,0.45456197746274096,3.2790369253161487,0.04370393990929705,0.8051185975090352,11624,prompt_diverse,0.0,42,5,0.4,14,210,133,0.6333333333333333,True,0.05411452112651679,none,0,0,
0.8571428571428571,3.3481618886516515,0.03868403979238755,0.44712885154061643,3.275576445616787,0.04345592403628117,0.7973762773458661,11625,prompt_diverse,0.0,42,5,0.4,14,210,134,0.638095238095238,True,0.06387555022008809,none,0,0,
0.8809523809523809,3.4029717803082695,0.03670781893004114,0.41887125220458565,3.334602840025108,0.040975765306122444,0.824726145002561,11626,prompt_diverse,0.0,42,5,0.4,14,210,144,0.6857142857142857,True,0.04986562526245068,none,0,0,
0.8809523809523809,3.399136342482832,0.03726472816269448,0.4294801890221738,3.2958310473503984,0.04536918934240363,0.8444375152538727,11627,prompt_diverse,0.0,42,5,0.4,14,210,143,0.680952380952381,True,0.05112859393121117,none,0,0,
0.8571428571428571,3.358399877374592,0.03887939453125,0.4533110119047621,3.231652210567268,0.04933744331065759,0.7982659433240444,11628,prompt_diverse,0.0,42,5,0.4,14,210,133,0.6333333333333333,True,0.0647587159863946,none,0,0,
0.9285714285714286,3.4351438547529716,0.03597978749002673,0.4081511608202,3.3859129132155332,0.038743622448979595,0.8318783020301543,11629,prompt_diverse,0.0,42,5,0.4,14,210,147,0.7,True,0.029153654344299985,none,0,0,
0.8809523809523809,3.413063940202331,0.03591946586615599,0.4035628639945188,3.3587073703347485,0.03918650793650793,0.8224204676977078,11630,prompt_diverse,0.0,42,5,0.4,14,210,146,0.6952380952380952,True,0.04804319809458558,none,0,0,
0.8809523809523809,3.3824183231997766,0.037174203608821565,0.4234186211798152,3.311621076424517,0.04152494331065758,0.8427820250971411,11631,prompt_diverse,0.0,42,5,0.4,14,210,141,0.6714285714285714,True,0.05040697871188277,none,0,0,
0.8809523809523809,3.4293683358072253,0.036035502958579886,0.4095238095238096,3.3294181438809627,0.04319019274376417,0.8292771262148411,11632,prompt_diverse,0.0,42,5,0.4,14,210,145,0.6904761904761905,True,0.0487528344671202,none,0,0,
0.9047619047619048,3.3442111107239456,0.03963091118800461,0.45723622782446327,3.236445657160911,0.047193877551020405,0.8242490077241508,11633,prompt_diverse,0.0,42,5,0.4,14,210,135,0.6428571428571429,True,0.04354630741185364,none,0,0,
0.9285714285714286,3.3706630266075246,0.038983742206165135,0.44929116684841874,3.278601933622094,0.04497945011337868,0.8152013080305123,11634,prompt_diverse,0.0,42,5,0.4,14,210,134,0.638095238095238,True,0.03209222620345847,none,0,0,
0.8571428571428571,3.3309597656817322,0.03943128497936571,0.45560329394915877,3.2558190572551737,0.0444125566893424,0.7788178494984491,11635,prompt_diverse,0.0,42,5,0.4,14,210,134,0.638095238095238,True,0.06508618484987985,none,0,0,
0.8571428571428571,3.3860005415702714,0.03727412826635506,0.4280815206741133,3.284696456167415,0.043491354875283446,0.8549966980803245,11636,prompt_diverse,0.0,42,5,0.4,14,210,139,0.6619047619047619,True,0.06115450295344478,none,0,0,
0.9523809523809523,3.372310469695518,0.0394312849793657,0.45452918009308996,3.303992579531362,0.0430484693877551,0.798700447964476,11637,prompt_diverse,0.0,42,5,0.4,14,210,136,0.6476190476190476,True,0.021644246671099546,none,0,0,
0.8809523809523809,3.382867094739338,0.03740760771588245,0.4285714285714286,3.2764654740774017,0.04501488095238094,0.8181868342161351,11638,prompt_diverse,0.0,42,5,0.4,14,210,134,0.638095238095238,True,0.05102040816326532,none,0,0,
0.9523809523809523,3.4279279140432055,0.03688068354320577,0.42105739634256745,3.30539361787036,0.0457766439909297,0.8042582269428628,11639,prompt_diverse,0.0,42,5,0.4,14,210,145,0.6904761904761905,True,0.020050352206788948,none,0,0,
1.0,3.448823952560331,0.03616042077580539,0.40685504971219255,3.3707736469354392,0.040763180272108845,0.8374808475757467,11640,prompt_diverse,0.0,42,5,0.4,14,210,147,0.7,True,0.0,none,0,0,
0.8095238095238095,3.325737875434881,0.03890030276816609,0.4494047619047621,3.26398911613233,0.04313704648526077,0.7840495840863144,11641,prompt_diverse,0.0,42,5,0.4,14,210,135,0.6428571428571429,True,0.08560090702947849,none,0,0,
0.8809523809523809,3.368576693682033,0.03799883722663645,0.4345467916896488,3.311456992922713,0.04090490362811791,0.8490424191134888,11642,prompt_diverse,0.0,42,5,0.4,14,210,137,0.6523809523809524,True,0.0517317609154344,none,0,0,
0.9523809523809523,3.423380311357719,0.036707195419913546,0.41616874886836874,3.331287153769967,0.04249929138321995,0.8392552618979406,11643,prompt_diverse,0.0,42,5,0.4,14,210,145,0.6904761904761905,True,0.019817559469922343,none,0,0,
0.9047619047619048,3.378419726970748,0.03843398583923365,0.44499514091350845,3.298307548971951,0.042818168934240355,0.8690294038906686,11644,prompt_diverse,0.0,42,5,0.4,14,210,137,0.6523809523809524,True,0.042380489610810326,none,0,0,
0.9285714285714286,3.399508403154251,0.03787957842011897,0.43620150763007914,3.3099883414224665,0.04329648526077096,0.8471569106612947,11645,prompt_diverse,0.0,42,5,0.4,14,210,141,0.6714285714285714,True,0.03115725054500564,none,0,0,
0.9047619047619048,3.4313977702276235,0.03556159146924199,0.40104694360013515,3.366303889835552,0.039877409297052156,0.8355720502160948,11646,prompt_diverse,0.0,42,5,0.4,14,210,149,0.7095238095238096,True,0.03819494700953668,none,0,0,
0.8095238095238095,3.3069648085725505,0.040145775941230484,0.4673520923520924,3.2349900607721462,0.045156604308390025,0.8069298408926834,11647,prompt_diverse,0.0,42,5,0.4,14,210,132,0.6285714285714286,True,0.08901944616230331,none,0,0,
0.8571428571428571,3.3980611290663907,0.0368957451548229,0.42288557213930367,3.335140205170289,0.0406391723356009,0.8334709446203769,11648,prompt_diverse,0.0,42,5,0.4,14,210,143,0.680952380952381,True,0.06041222459132912,none,0,0,
0.8571428571428571,3.379248728907357,0.038102775736333305,0.44217687074829937,3.2933384662538505,0.04368622448979592,0.8175828666359655,11649,prompt_diverse,0.0,42,5,0.4,14,210,140,0.6666666666666666,True,0.06316812439261421,none,0,0,
0.8095238095238095,3.3462639330829624,0.03774052767308074,0.4270623742454729,3.3007905042163133,0.0406923185941043,0.7740162252801611,11650,prompt_diverse,0.25,42,5,0.4,14,210,136,0.6476190476190476,True,0.08134521414199483,none,0,0,
0.8809523809523809,3.3894799001331934,0.03691451375761395,0.4197722567287785,3.3219038675500006,0.041489512471655325,0.7945110445348501,11651,prompt_diverse,0.25,42,5,0.4,14,210,139,0.6619047619047619,True,0.04997288770580697,none,0,0,
0.9047619047619048,3.421699435788308,0.03590713712718957,0.4049266765529742,3.3777613132720887,0.03840702947845804,0.8020450016227629,11652,prompt_diverse,0.25,42,5,0.4,14,210,147,0.7,True,0.03856444538599754,none,0,0,
0.9047619047619048,3.446697339863485,0.03458863263305819,0.375306823760432,3.4042884030754554,0.03714923469387754,0.8145606224279685,11653,prompt_diverse,0.25,42,5,0.4,14,210,151,0.719047619047619,True,0.03574350702480305,none,0,0,
0.9285714285714286,3.4295179149512767,0.035978975347517386,0.40558576371725175,3.3895168752169815,0.03812358276643991,0.787020539139034,11654,prompt_diverse,0.25,42,5,0.4,14,210,146,0.6952380952380952,True,0.0289704116940894,none,0,0,
0.9523809523809523,3.453728349778431,0.035102919554715395,0.3907867494824018,3.378933166983472,0.03968253968253968,0.7947965764575993,11655,prompt_diverse,0.25,42,5,0.4,14,210,147,0.7,True,0.018608892832495342,none,0,0,
0.8809523809523809,3.3735511026937473,0.03777851239669421,0.43454545454545457,3.3156513966748142,0.04136550453514738,0.8074652278102715,11656,prompt_diverse,0.25,42,5,0.4,14,210,139,0.6619047619047619,True,0.051731601731601747,none,0,0,
0.8571428571428571,3.373782679525074,0.03727206331341818,0.42552315043664524,3.33855747905935,0.039328231292517,0.804665147351665,11657,prompt_diverse,0.25,42,5,0.4,14,210,141,0.6714285714285714,True,0.06078902149094934,none,0,0,
0.8809523809523809,3.37916794029589,0.037498113776972986,0.4305977710233031,3.336383144999507,0.0398419784580499,0.8316071241273929,11658,prompt_diverse,0.25,42,5,0.4,14,210,141,0.6714285714285714,True,0.05126163940753609,none,0,0,
0.8571428571428571,3.3926929415470477,0.03665738680706823,0.41760117016089726,3.349878508295625,0.03931051587301587,0.7680152164952262,11659,prompt_diverse,0.25,42,5,0.4,14,210,141,0.6714285714285714,True,0.05965731002298534,none,0,0,
0.9047619047619048,3.418026156416143,0.035981781966010096,0.40492442710872756,3.382507123545406,0.037893282312925165,0.7983315452279377,11660,prompt_diverse,0.25,42,5,0.4,14,210,147,0.7,True,0.03856423115321215,none,0,0,
0.8333333333333334,3.4035148679103946,0.03583805923125394,0.40269151138716364,3.343396966008344,0.03978883219954649,0.8134590085278703,11661,prompt_diverse,0.25,42,5,0.4,14,210,143,0.680952380952381,True,0.06711525189786059,none,0,0,
0.8571428571428571,3.386594919397709,0.036801592017799645,0.4166224110462029,3.3155908807598786,0.041400935374149656,0.8176740594023331,11662,prompt_diverse,0.25,42,5,0.4,14,210,141,0.6714285714285714,True,0.05951748729231472,none,0,0,
0.9047619047619048,3.396743245285975,0.03688733110972921,0.4178302900107411,3.32961519707805,0.04072774943310657,0.8401816562739627,11663,prompt_diverse,0.25,42,5,0.4,14,210,138,0.6571428571428571,True,0.03979336095340391,none,0,0,
0.8571428571428571,3.396948147873157,0.036592726724007846,0.4186085781830464,3.341687907431511,0.040072278911564625,0.7969927205120823,11664,prompt_diverse,0.25,42,5,0.4,14,210,143,0.680952380952381,True,0.059801225454720934,none,0,0,
0.9285714285714286,3.406868575492347,0.036974286123890567,0.42229671652054335,3.341320651190493,0.04120606575963719,0.8067522133280582,11665,prompt_diverse,0.25,42,5,0.4,14,210,142,0.6761904761904762,True,0.030164051180038797,none,0,0,
0.8809523809523809,3.3908717203565244,0.036764985245880885,0.4164548381630233,3.3483738415809556,0.0391156462585034,0.8041533056294611,11666,prompt_diverse,0.25,42,5,0.4,14,210,144,0.6857142857142857,True,0.04957795692416945,none,0,0,
0.8809523809523809,3.385515994715248,0.03695460897469076,0.41812264474134997,3.339583731178989,0.0396471088435374,0.8068202598045368,11667,prompt_diverse,0.25,42,5,0.4,14,210,139,0.6619047619047619,True,0.049776505326351195,none,0,0,
0.8571428571428571,3.360357667907891,0.03770355518607268,0.4297369297369298,3.313161947567226,0.040692318594104306,0.7835644937615881,11668,prompt_diverse,0.25,42,5,0.4,14,210,140,0.6666666666666666,True,0.06139098996241856,none,0,0,
0.9285714285714286,3.4522277252435987,0.035188754923911346,0.3955346844620202,3.399231536381101,0.03831845238095238,0.798101277044673,11669,prompt_diverse,0.25,42,5,0.4,14,210,152,0.7238095238095238,True,0.02825247746157286,none,0,0,
0.7857142857142857,3.338927757701228,0.03803888419273035,0.4380777952206525,3.3006494006434197,0.04014314058956916,0.8329350891707477,11670,prompt_diverse,0.25,42,5,0.4,14,210,136,0.6476190476190476,True,0.09387381326156839,none,0,0,
0.8333333333333334,3.3558545873635106,0.03799044551669639,0.43886966551326423,3.324839605555911,0.03970025510204082,0.7750159822050936,11671,prompt_diverse,0.25,42,5,0.4,14,210,136,0.6476190476190476,True,0.07314494425221069,none,0,0,
0.9047619047619048,3.443350645779288,0.03501375751349182,0.3901980036000656,3.3920332881197486,0.03830073696145125,0.7743906598649627,11672,prompt_diverse,0.25,42,5,0.4,14,210,146,0.6952380952380952,True,0.037161714628577674,none,0,0,
0.8571428571428571,3.3704007154297253,0.037622036736972536,0.431119311193112,3.309856844995381,0.04118835034013605,0.8284427278824245,11673,prompt_diverse,0.25,42,5,0.4,14,210,138,0.6571428571428571,True,0.061588473027587444,none,0,0,
0.8333333333333334,3.380701886222603,0.03717024860374109,0.42679206914082357,3.317164322148745,0.04161352040816326,0.7779659760523595,11674,prompt_diverse,0.25,42,5,0.4,14,210,143,0.680952380952381,True,0.07113201152347058,none,0,0,
0.9523809523809523,3.4674661851338873,0.03428159799718945,0.37448862706594666,3.429760084678872,0.036298894557823126,0.8200370776786867,11675,prompt_diverse,0.25,42,5,0.4,14,210,153,0.7285714285714285,True,0.017832791765045097,none,0,0,
0.8809523809523809,3.3926450519741693,0.03690312213039485,0.42027417027417036,3.3354810470823804,0.04019628684807255,0.8473641020660546,11676,prompt_diverse,0.25,42,5,0.4,14,210,141,0.6714285714285714,True,0.050032639318353625,none,0,0,
0.8333333333333334,3.361073553738018,0.037591747669113273,0.43175720992622413,3.308687730591862,0.041365504535147396,0.790312467168432,11677,prompt_diverse,0.25,42,5,0.4,14,210,141,0.6714285714285714,True,0.07195953498770401,none,0,0,
0.9047619047619048,3.399207284819763,0.036941218120668286,0.4198734844491303,3.342844885393856,0.04012542517006803,0.8205467041767042,11678,prompt_diverse,0.25,42,5,0.4,14,210,140,0.6666666666666666,True,0.03998795089991717,none,0,0,
0.9047619047619048,3.430606203572329,0.03537514348325159,0.39575289575289574,3.352740117820692,0.04039115646258504,0.870367221404562,11679,prompt_diverse,0.25,42,5,0.4,14,210,143,0.680952380952381,True,0.03769075197646626,none,0,0,
0.8333333333333334,3.3623927189191813,0.037223140495867765,0.4198268398268399,3.3149891436867063,0.040072278911564625,0.8109407014573407,11680,prompt_diverse,0.5,42,5,0.4,14,210,136,0.6476190476190476,True,0.06997113997113996,none,0,0,
0.9285714285714286,3.4449350390864266,0.03513333333333334,0.3925396825396825,3.406303547680347,0.03748582766439909,0.7505246475999631,11681,prompt_diverse,0.5,42,5,0.4,14,210,149,0.7095238095238096,True,0.028038548752834454,none,0,0,
0.8809523809523809,3.3859458456786182,0.037238984791432346,0.4225774225774226,3.3441583063490063,0.03946995464852607,0.7903735028786935,11682,prompt_diverse,0.5,42,5,0.4,14,210,142,0.6761904761904762,True,0.050306836021121744,none,0,0,
0.9285714285714286,3.4250404204946787,0.036521869420269956,0.41654046777721687,3.3511432463480637,0.041861536281179126,0.7933133188130906,11683,prompt_diverse,0.5,42,5,0.4,14,210,148,0.7047619047619048,True,0.029752890555515478,none,0,0,
0.8809523809523809,3.3835225764396015,0.03713143591586881,0.417963224893918,3.35766592405676,0.03856646825396825,0.7568944933263527,11684,prompt_diverse,0.5,42,5,0.4,14,210,144,0.6857142857142857,True,0.04975752677308549,none,0,0,
0.8809523809523809,3.390042124082616,0.037145407657210874,0.4253856472166333,3.3413843701776034,0.04000141723356009,0.7928840738137622,11685,prompt_diverse,0.5,42,5,0.4,14,210,141,0.6714285714285714,True,0.05064114847817064,none,0,0,
0.9285714285714286,3.419113208620118,0.03631075248639519,0.40998043052837585,3.372836149108797,0.03913336167800453,0.7982266105843316,11686,prompt_diverse,0.5,42,5,0.4,14,210,144,0.6857142857142857,True,0.02928431646631255,none,0,0,
0.8809523809523809,3.4242248072249226,0.03546270579237613,0.3958660387231816,3.3632122174023453,0.03925736961451246,0.8281575842168735,11687,prompt_diverse,0.5,42,5,0.4,14,210,146,0.6952380952380952,True,0.04712690937180734,none,0,0,
0.8571428571428571,3.3730231304374216,0.037600074043222714,0.42921930677032716,3.3347381705069017,0.03991284013605442,0.7448899069733647,11688,prompt_diverse,0.5,42,5,0.4,14,210,141,0.6714285714285714,True,0.06131704382433247,none,0,0,
0.8333333333333334,3.3550200742435043,0.037632864119505886,0.42816787732041983,3.323788853093235,0.03948767006802721,0.7609035085067691,11689,prompt_diverse,0.5,42,5,0.4,14,210,138,0.6571428571428571,True,0.07136131288673662,none,0,0,
0.9285714285714286,3.4445464611399137,0.03462222222222223,0.36984126984126986,3.4199442772728785,0.035873724489795915,0.7898607798950938,11690,prompt_diverse,0.5,42,5,0.4,14,210,147,0.7,True,0.02641723356009069,none,0,0,
0.9047619047619048,3.4205774111392664,0.03558398270348183,0.3958133589006072,3.3757920033952016,0.038531037414965975,0.7590047843368817,11691,prompt_diverse,0.5,42,5,0.4,14,210,148,0.7047619047619048,True,0.0376965103714864,none,0,0,
0.8571428571428571,3.3876895238396623,0.03619079993686945,0.40210718433714954,3.3579359163381746,0.03773384353741496,0.7961000225000245,11692,prompt_diverse,0.5,42,5,0.4,14,210,139,0.6619047619047619,True,0.057443883476735666,none,0,0,
0.9047619047619048,3.37603523172589,0.03743968582751643,0.4232163453616742,3.3425668696257778,0.039204223356009066,0.7922353412203931,11693,prompt_diverse,0.5,42,5,0.4,14,210,139,0.6619047619047619,True,0.04030631860587373,none,0,0,
0.8571428571428571,3.392359879640643,0.0366650585500636,0.4159571113213498,3.3648571823504287,0.03826530612244898,0.7540831044351375,11694,prompt_diverse,0.5,42,5,0.4,14,210,142,0.6761904761904762,True,0.059422444474478565,none,0,0,
0.9285714285714286,3.399599415512205,0.036994474057411124,0.41608391608391626,3.3611761207337545,0.03888534580498867,0.803446364889368,11695,prompt_diverse,0.5,42,5,0.4,14,210,141,0.6714285714285714,True,0.02972027972027972,none,0,0,
0.9523809523809523,3.4373711150404835,0.035643178670360105,0.39943609022556403,3.4083630725124596,0.03727324263038549,0.7662537387305774,11696,prompt_diverse,0.5,42,5,0.4,14,210,148,0.7047619047619048,True,0.019020766201217357,none,0,0,
0.8809523809523809,3.3931604442108876,0.03677345764729221,0.41683433936955083,3.3576943346630284,0.03854875283446711,0.795665490391707,11697,prompt_diverse,0.5,42,5,0.4,14,210,142,0.6761904761904762,True,0.04962313563923225,none,0,0,
0.8571428571428571,3.3989031868311046,0.0364888888888889,0.4144444444444446,3.369255063649619,0.03819444444444445,0.7715455516930566,11698,prompt_diverse,0.5,42,5,0.4,14,210,145,0.6904761904761905,True,0.05920634920634925,none,0,0,
0.8571428571428571,3.3703036028923634,0.03733678908504084,0.42357642357642367,3.3275766799304827,0.03991284013605442,0.7927045606543124,11699,prompt_diverse,0.5,42,5,0.4,14,210,139,0.6619047619047619,True,0.06051091765377483,none,0,0,
0.9047619047619048,3.4380350859472455,0.034879902420716834,0.3812785388127855,3.3971611207862904,0.03727324263038548,0.7979072708958648,11700,prompt_diverse,0.5,42,5,0.4,14,210,144,0.6857142857142857,True,0.03631224179169386,none,0,0,
0.9523809523809523,3.4272330629860113,0.035816771176533105,0.39837997054491914,3.382791802097984,0.03840702947845805,0.7760083081126469,11701,prompt_diverse,0.5,42,5,0.4,14,210,147,0.7,True,0.018970474787853315,none,0,0,
0.8571428571428571,3.370203048606788,0.03720210170763744,0.41764514024788,3.343242144624937,0.038584183673469385,0.7821393053342711,11702,prompt_diverse,0.5,42,5,0.4,14,210,139,0.6619047619047619,True,0.05966359146398288,none,0,0,
0.8809523809523809,3.38162103808539,0.037142857142857144,0.4214285714285715,3.3335778318532467,0.040160856009070295,0.7888035133745234,11703,prompt_diverse,0.5,42,5,0.4,14,210,138,0.6571428571428571,True,0.0501700680272109,none,0,0,
0.8809523809523809,3.367627723753756,0.037487577974401644,0.42552315043664524,3.3317249306546644,0.03950538548752835,0.8040129905839036,11704,prompt_diverse,0.5,42,5,0.4,14,210,141,0.6714285714285714,True,0.05065751790912444,none,0,0,
0.8809523809523809,3.3934237264943046,0.03661079336975387,0.4120754103689259,3.36286121082878,0.03819444444444445,0.7555531343673549,11705,prompt_diverse,0.5,42,5,0.4,14,210,141,0.6714285714285714,True,0.04905659647249119,none,0,0,
0.9285714285714286,3.4343495995443245,0.035325577031337964,0.3930202217873451,3.3901599052919007,0.03798185941043084,0.7769639255877706,11706,prompt_diverse,0.5,42,5,0.4,14,210,146,0.6952380952380952,True,0.02807287298481035,none,0,0,
0.9285714285714286,3.4331900918311677,0.03576346068653392,0.40311418685121114,3.3862959085169346,0.03840702947845805,0.808415521627656,11707,prompt_diverse,0.5,42,5,0.4,14,210,146,0.6952380952380952,True,0.028793870489372212,none,0,0,
0.9047619047619048,3.427700995149409,0.03568240428486411,0.40006706908115364,3.3753158648045534,0.038779053287981854,0.8095872287670797,11708,prompt_diverse,0.5,42,5,0.4,14,210,146,0.6952380952380952,True,0.038101625626776534,none,0,0,
0.9285714285714286,3.4487470723670444,0.03471570651154063,0.38160469667318986,3.409565019592851,0.036954365079365066,0.8112194842537966,11709,prompt_diverse,0.5,42,5,0.4,14,210,148,0.7047619047619048,True,0.027257478333799264,none,0,0,
0.8809523809523809,3.4123017528930455,0.03581729388106865,0.40008071025020175,3.3807427037678908,0.03757440476190475,0.7906967672523858,11710,prompt_diverse,0.75,42,5,0.4,14,210,144,0.6857142857142857,True,0.04762865598216688,none,0,0,
0.9285714285714286,3.4272433968836857,0.03572585496783748,0.3977972141237449,3.384119133024807,0.03833616780045353,0.8020288052955175,11711,prompt_diverse,0.75,42,5,0.4,14,210,147,0.7,True,0.028414086723124624,none,0,0,
0.9047619047619048,3.412078451260555,0.036015055021467755,0.40286347096978337,3.382681725114173,0.0376452664399093,0.7478818207362129,11712,prompt_diverse,0.75,42,5,0.4,14,210,146,0.6952380952380952,True,0.03836794961616984,none,0,0,
0.9285714285714286,3.4064491901881024,0.036751278305332355,0.41666666666666674,3.3600328350071145,0.039735685941043083,0.7592248017281271,11713,prompt_diverse,0.75,42,5,0.4,14,210,142,0.6761904761904762,True,0.029761904761904753,none,0,0,
1.0,3.4829257184377647,0.03408500692520776,0.3701441102756893,3.445933171492,0.03642290249433106,0.7935713644274318,11714,prompt_diverse,0.75,42,5,0.4,14,210,154,0.7333333333333333,True,0.0,none,0,0,
0.9761904761904762,3.432615111066326,0.03614234809570086,0.4045999352121803,3.3824933790813043,0.03915107709750567,0.7537397530023332,11715,prompt_diverse,0.75,42,5,0.4,14,210,142,0.6761904761904762,True,0.009633331790766208,none,0,0,
0.9047619047619048,3.401897301221025,0.03668279766252739,0.4165057915057917,3.3721673093123465,0.038247590702947844,0.7476020369211858,11716,prompt_diverse,0.75,42,5,0.4,14,210,145,0.6904761904761905,True,0.03966721823864683,none,0,0,
0.9523809523809523,3.4342448730606074,0.035693668376738666,0.3945465975168947,3.397901117509797,0.0379109977324263,0.7705635815849635,11717,prompt_diverse,0.75,42,5,0.4,14,210,146,0.6952380952380952,True,0.018787933215090244,none,0,0,
0.9047619047619048,3.396970103717763,0.036884347177755364,0.4208451592557554,3.3664568935621157,0.03863732993197279,0.7583304364862569,11718,prompt_diverse,0.75,42,5,0.4,14,210,144,0.6857142857142857,True,0.040080491357690984,none,0,0,
0.8571428571428571,3.3602164459725246,0.037558525774014,0.42560525893859236,3.3387165411288935,0.03872590702947845,0.7576965662335525,11719,prompt_diverse,0.75,42,5,0.4,14,210,139,0.6619047619047619,True,0.06080075127694178,none,0,0,
0.9285714285714286,3.420223008901951,0.0361527735265109,0.40508257174923856,3.3879057839055506,0.0378047052154195,0.7745611688301489,11720,prompt_diverse,0.75,42,5,0.4,14,210,143,0.680952380952381,True,0.028934469410659885,none,0,0,
0.8571428571428571,3.3885751720957016,0.0365815640956732,0.4136612021857924,3.3672711906805466,0.0377515589569161,0.7485970086894276,11721,prompt_diverse,0.75,42,5,0.4,14,210,144,0.6857142857142857,True,0.05909445745511322,none,0,0,
0.8809523809523809,3.423783329093904,0.03530866105230627,0.39226388229710496,3.3852256678941135,0.03792871315192744,0.7788092320382666,11722,prompt_diverse,0.75,42,5,0.4,14,210,148,0.7047619047619048,True,0.04669808122584584,none,0,0,
0.9047619047619048,3.428487834130587,0.03528557392455892,0.38717709305944603,3.4116051590115064,0.03603316326530612,0.7959540069729347,11723,prompt_diverse,0.75,42,5,0.4,14,210,147,0.7,True,0.03687400886280438,none,0,0,
0.8571428571428571,3.3648355221528115,0.0375883969190577,0.42777245126238417,3.334626727092274,0.039328231292517,0.74389834902809,11724,prompt_diverse,0.75,42,5,0.4,14,210,140,0.6666666666666666,True,0.06111035018034062,none,0,0,
0.8571428571428571,3.358556996400772,0.03792130054756318,0.43506493506493515,3.3245815139774715,0.03994827097505668,0.7280396690199521,11725,prompt_diverse,0.75,42,5,0.4,14,210,140,0.6666666666666666,True,0.062152133580705045,none,0,0,
0.8809523809523809,3.3950245730550876,0.036331232745867754,0.4045993824150822,3.3595378228998505,0.03837159863945577,0.7922352303887736,11726,prompt_diverse,0.75,42,5,0.4,14,210,143,0.680952380952381,True,0.04816659314465265,none,0,0,
0.9047619047619048,3.410146148220002,0.03621176361701143,0.40540978296080343,3.373133039422298,0.03835388321995464,0.7927329445204415,11727,prompt_diverse,0.75,42,5,0.4,14,210,143,0.680952380952381,True,0.03861045552007652,none,0,0,
0.9047619047619048,3.4147014337621373,0.03629991381786843,0.4128329297820823,3.376309952459967,0.03860189909297052,0.7885826868409738,11728,prompt_diverse,0.75,42,5,0.4,14,210,148,0.7047619047619048,True,0.03931742188400784,none,0,0,
0.8571428571428571,3.368912279510058,0.037235208982062194,0.4210028382213813,3.3412925162044087,0.03888534580498866,0.7039802342764641,11729,prompt_diverse,0.75,42,5,0.4,14,210,139,0.6619047619047619,True,0.06014326260305449,none,0,0,
0.8809523809523809,3.3803446053468145,0.03722555826609119,0.42482061317677755,3.3424049914110627,0.03941680839002268,0.7639547397145553,11730,prompt_diverse,0.75,42,5,0.4,14,210,139,0.6619047619047619,True,0.05057388252104496,none,0,0,
0.9047619047619048,3.35790025630089,0.03821073372114842,0.43509458577951743,3.317255012216526,0.0406391723356009,0.769131655250534,11731,prompt_diverse,0.75,42,5,0.4,14,210,138,0.6571428571428571,True,0.04143757959804928,none,0,0,
0.7857142857142857,3.3359895006004257,0.038243420095972085,0.4402771141901578,3.306853818484332,0.04012542517006802,0.6820778792056168,11732,prompt_diverse,0.75,42,5,0.4,14,210,134,0.638095238095238,True,0.09434509589789096,none,0,0,
0.9047619047619048,3.404161601094214,0.036390767789650245,0.4096338205249097,3.374523142604902,0.03805272108843537,0.7458231779672242,11733,prompt_diverse,0.75,42,5,0.4,14,210,146,0.6952380952380952,True,0.03901274481189616,none,0,0,
0.9047619047619048,3.388532601548167,0.03718498904309715,0.42342342342342354,3.35030783231043,0.03946995464852607,0.7758768857148716,11734,prompt_diverse,0.75,42,5,0.4,14,210,142,0.6761904761904762,True,0.040326040326040334,none,0,0,
0.8095238095238095,3.347283314018846,0.03754335390297734,0.42441674656439776,3.3208296152552883,0.03920422335600907,0.734586628562438,11735,prompt_diverse,0.75,42,5,0.4,14,210,135,0.6428571428571429,True,0.08084128505988529,none,0,0,
0.8571428571428571,3.417017643372381,0.03535555555555556,0.39142857142857146,3.3868207877074146,0.037096088435374146,0.7579104617059419,11736,prompt_diverse,0.75,42,5,0.4,14,210,144,0.6857142857142857,True,0.0559183673469388,none,0,0,
0.8333333333333334,3.380777678749776,0.03649847317144104,0.41272495620321714,3.35162898985182,0.03826530612244898,0.7290428034611017,11737,prompt_diverse,0.75,42,5,0.4,14,210,144,0.6857142857142857,True,0.06878749270053618,none,0,0,
0.8571428571428571,3.417435957958938,0.03548089996052804,0.39277830337432995,3.38551782719836,0.03739725056689342,0.7632920867404529,11738,prompt_diverse,0.75,42,5,0.4,14,210,143,0.680952380952381,True,0.05611118619633287,none,0,0,
0.8571428571428571,3.3592054191414724,0.03744515865727987,0.419512586179253,3.3265809474639987,0.039416808390022665,0.7560168264406033,11739,prompt_diverse,0.75,42,5,0.4,14,210,139,0.6619047619047619,True,0.059930369454179025,none,0,0,
0.8571428571428571,3.3671847717245855,0.037334099396725086,0.422356739305892,3.3392030028137984,0.038849914965986394,0.7427622695120638,11740,prompt_diverse,0.9,42,5,0.4,14,210,138,0.6571428571428571,True,0.060336677043698876,none,0,0,
0.9047619047619048,3.3772066043239297,0.037563918414248776,0.42913640032284106,3.3339192122935164,0.04040887188208617,0.7367306849737324,11741,prompt_diverse,0.9,42,5,0.4,14,210,137,0.6523809523809524,True,0.040870133364080095,none,0,0,
0.9047619047619048,3.4262701126523383,0.035200489745944294,0.38488055154721823,3.3968887261957112,0.03684807256235827,0.7836958754571993,11742,prompt_diverse,0.9,42,5,0.4,14,210,146,0.6952380952380952,True,0.03665529062354459,none,0,0,
0.8571428571428571,3.404497085018436,0.035677425408144114,0.39416177429876065,3.372920604123701,0.03752125850340135,0.7881613445152392,11743,prompt_diverse,0.9,42,5,0.4,14,210,145,0.6904761904761905,True,0.056308824899822967,none,0,0,
0.8809523809523809,3.4072124316971912,0.03596684834016486,0.40284435922019823,3.3754921375384805,0.03789328231292517,0.7907909402561041,11744,prompt_diverse,0.9,42,5,0.4,14,210,143,0.680952380952381,True,0.04795766181192837,none,0,0,
0.9047619047619048,3.389319754937083,0.03661703601108033,0.40491854636591484,3.3704386484230824,0.03753897392290249,0.7286029205430378,11745,prompt_diverse,0.9,42,5,0.4,14,210,142,0.6761904761904762,True,0.03856367108246808,none,0,0,
0.9047619047619048,3.4428813699247667,0.03476331360946745,0.3804945054945055,3.4290114422798914,0.035377692743764164,0.7863291394757249,11746,prompt_diverse,0.9,42,5,0.4,14,210,151,0.719047619047619,True,0.036237571951857665,none,0,0,
0.9523809523809523,3.434188186682775,0.03551231312799075,0.39111214518380644,3.41116119642759,0.03672406462585034,0.751955793679337,11747,prompt_diverse,0.9,42,5,0.4,14,210,149,0.7095238095238096,True,0.018624387865895566,none,0,0,
0.9523809523809523,3.4378979348510983,0.035599896121883655,0.3983395989974938,3.4001246981795044,0.03794642857142857,0.7795235214302974,11748,prompt_diverse,0.9,42,5,0.4,14,210,148,0.7047619047619048,True,0.01896855233321401,none,0,0,
0.9047619047619048,3.3992954904588726,0.0364740661112604,0.4094457455113194,3.372303580380282,0.03805272108843537,0.7390864595787404,11749,prompt_diverse,0.9,42,5,0.4,14,210,144,0.6857142857142857,True,0.03899483290583994,none,0,0,
0.8571428571428571,3.3689667900991376,0.03716899983133749,0.4197588126159555,3.3523094323401366,0.03803500566893424,0.7389452461240101,11750,prompt_diverse,0.9,42,5,0.4,14,210,142,0.6761904761904762,True,0.059965544659422235,none,0,0,
0.8809523809523809,3.3940588436544297,0.03668605742165509,0.41487279843444225,3.35615997176071,0.0389030612244898,0.7538853091610774,11751,prompt_diverse,0.9,42,5,0.4,14,210,142,0.6761904761904762,True,0.049389618861243136,none,0,0,
0.8095238095238095,3.324357219783142,0.038515668981047094,0.4385192433137639,3.294693891487989,0.04040887188208617,0.7471514287944387,11752,prompt_diverse,0.9,42,5,0.4,14,210,135,0.6428571428571429,True,0.0835274749169074,none,0,0,
0.9285714285714286,3.4046289821801996,0.036414823326630284,0.4063761097659404,3.3740718437858286,0.038088151927437634,0.793056629353018,11753,prompt_diverse,0.9,42,5,0.4,14,210,141,0.6714285714285714,True,0.029026864983281445,none,0,0,
0.9285714285714286,3.4129038351042116,0.03634587762137317,0.40912025827280063,3.3743101838679572,0.03869047619047619,0.7274470633680528,11754,prompt_diverse,0.9,42,5,0.4,14,210,142,0.6761904761904762,True,0.029222875590914316,none,0,0,
0.8571428571428571,3.3833137429525095,0.03682222222222223,0.4144444444444446,3.35435055848264,0.038424744897959176,0.7545762039573338,11755,prompt_diverse,0.9,42,5,0.4,14,210,140,0.6666666666666666,True,0.05920634920634925,none,0,0,
0.8571428571428571,3.381719833644155,0.037263771270505286,0.4265672599005934,3.3593755244520933,0.03838931405895691,0.7531196679756627,11756,prompt_diverse,0.9,42,5,0.4,14,210,141,0.6714285714285714,True,0.060938179985799076,none,0,0,
0.8571428571428571,3.375458636742539,0.037035334673944265,0.41864406779661034,3.336236864956521,0.039576247165532874,0.7456472070444128,11757,prompt_diverse,0.9,42,5,0.4,14,210,140,0.6666666666666666,True,0.059806295399515784,none,0,0,
0.8809523809523809,3.4118953982329283,0.036006308654265615,0.40731008122312473,3.3930581209562845,0.03683035714285715,0.7943133438681143,11758,prompt_diverse,0.9,42,5,0.4,14,210,148,0.7047619047619048,True,0.04848929538370533,none,0,0,
0.8571428571428571,3.384335822407454,0.03642485460667278,0.40347923681257014,3.363545157865572,0.0374858276643991,0.7855958934384818,11759,prompt_diverse,0.9,42,5,0.4,14,210,140,0.6666666666666666,True,0.05763989097322433,none,0,0,
0.9285714285714286,3.394618927011061,0.03695013376606288,0.4170608640807316,3.362714096884674,0.03897392290249433,0.759858027644253,11760,prompt_diverse,0.9,42,5,0.4,14,210,143,0.680952380952381,True,0.029790061720052247,none,0,0,
0.9523809523809523,3.4363616016873255,0.03547297297297298,0.3906048906048907,3.404797771186145,0.037007511337868476,0.7755588686402182,11761,prompt_diverse,0.9,42,5,0.4,14,210,148,0.7047619047619048,True,0.018600232885947195,none,0,0,
0.9047619047619048,3.4225313774743036,0.03561408223595808,0.39679937548790023,3.398376562144127,0.03693664965986394,0.7698063566529815,11762,prompt_diverse,0.9,42,5,0.4,14,210,146,0.6952380952380952,True,0.03779041671313335,none,0,0,
0.9047619047619048,3.402418388681936,0.03618266478704771,0.400560224089636,3.382444651297376,0.037184665532879815,0.7639249391089032,11763,prompt_diverse,0.9,42,5,0.4,14,210,143,0.680952380952381,True,0.03814859277044152,none,0,0,
0.8809523809523809,3.3952657734464635,0.0361730717549046,0.39804839968774397,3.3787034229936164,0.03693664965986394,0.7622969981992537,11764,prompt_diverse,0.9,42,5,0.4,14,210,144,0.6857142857142857,True,0.047386714248540955,none,0,0,
0.8809523809523809,3.3821800823381833,0.03708129847744901,0.4205811138014528,3.34179079393768,0.03961167800453514,0.7554112297465808,11765,prompt_diverse,0.9,42,5,0.4,14,210,142,0.6761904761904762,True,0.05006918021445868,none,0,0,
0.8571428571428571,3.361615103540098,0.03789862712421634,0.4355459355459357,3.3351608321452515,0.03929280045351474,0.755526850721982,11766,prompt_diverse,0.9,42,5,0.4,14,210,141,0.6714285714285714,True,0.06222084793513369,none,0,0,
0.8571428571428571,3.3824805401508105,0.03712332118021177,0.42426458638062736,3.3559245257946735,0.03853103741496598,0.7980040803120377,11767,prompt_diverse,0.9,42,5,0.4,14,210,140,0.6666666666666666,True,0.06060922662580393,none,0,0,
0.8571428571428571,3.365908097989901,0.03742283950617284,0.4257605820105821,3.338411663954069,0.03881448412698413,0.7733142951164685,11768,prompt_diverse,0.9,42,5,0.4,14,210,141,0.6714285714285714,True,0.060822940287226034,none,0,0,
0.8571428571428571,3.385148386074811,0.03656713229954291,0.4126984126984128,3.356500723203029,0.038389314058956917,0.7279763470241298,11769,prompt_diverse,0.9,42,5,0.4,14,210,142,0.6761904761904762,True,0.05895691609977328,none,0,0,
0.8809523809523809,3.408155971769838,0.03577777777777779,0.396984126984127,3.3812864150025366,0.03729095804988662,0.7703748272553028,11770,prompt_diverse,0.98,42,5,0.4,14,210,148,0.7047619047619048,True,0.04726001511715799,none,0,0,
0.9285714285714286,3.3896316510703173,0.0373095567867036,0.42324561403508776,3.364550267911853,0.03861961451247165,0.7293687533895864,11771,prompt_diverse,0.98,42,5,0.4,14,210,142,0.6761904761904762,True,0.030231829573934825,none,0,0,
0.8571428571428571,3.3848793735633484,0.03664606288632088,0.41178766588602667,3.3652648022135345,0.03764526643990929,0.7409106875969097,11772,prompt_diverse,0.98,42,5,0.4,14,210,143,0.680952380952381,True,0.058826809412289544,none,0,0,
0.9285714285714286,3.4274139959967846,0.035648370823592575,0.39807294155120254,3.3943406518550465,0.037468112244897954,0.7793909093238672,11773,prompt_diverse,0.98,42,5,0.4,14,210,142,0.6761904761904762,True,0.028433781539371598,none,0,0,
0.9047619047619048,3.422795915886676,0.035469254155552195,0.390134893547863,3.3903563043745564,0.037202380952380945,0.7852778023666037,11774,prompt_diverse,0.98,42,5,0.4,14,210,144,0.6857142857142857,True,0.03715570414741552,none,0,0,
0.8809523809523809,3.411757542541808,0.03601505502146775,0.4044454991298847,3.3837549696278773,0.03769841269841269,0.769670225855197,11775,prompt_diverse,0.98,42,5,0.4,14,210,146,0.6952380952380952,True,0.04814827370593866,none,0,0,
0.8809523809523809,3.3824839116149477,0.03686666666666668,0.4144444444444446,3.360093024237393,0.03799957482993196,0.7710672168146787,11776,prompt_diverse,0.98,42,5,0.4,14,210,142,0.6761904761904762,True,0.04933862433862437,none,0,0,
0.9761904761904762,3.4574591472929046,0.035102884128858154,0.387600494743352,3.435342985493996,0.03617488662131519,0.7528875031928521,11777,prompt_diverse,0.98,42,5,0.4,14,210,150,0.7142857142857143,True,0.009228583208175057,none,0,0,
0.8809523809523809,3.3900429671324233,0.036713588049411085,0.41606133979015336,3.3596321397445066,0.03846017573696145,0.7543931086011311,11778,prompt_diverse,0.98,42,5,0.4,14,210,140,0.6666666666666666,True,0.04953111187978017,none,0,0,
0.7857142857142857,3.337041022627206,0.03795886145344502,0.4317250078839483,3.314081829351069,0.03932823129251701,0.7222382771129684,11779,prompt_diverse,0.98,42,5,0.4,14,210,137,0.6523809523809524,True,0.09251250168941749,none,0,0,
0.9047619047619048,3.3815080480696733,0.03726666666666668,0.4198412698412699,3.3552184637453215,0.03861961451247165,0.742243461130995,11780,prompt_diverse,0.98,42,5,0.4,14,210,141,0.6714285714285714,True,0.039984882842025705,none,0,0,
0.8809523809523809,3.3686054553361675,0.03748454716474066,0.4242779078844654,3.348079603954185,0.038619614512471645,0.756785409665422,11781,prompt_diverse,0.98,42,5,0.4,14,210,139,0.6619047619047619,True,0.05050927474815065,none,0,0,
0.9523809523809523,3.466289253076523,0.0342596076323569,0.37322404371584716,3.4349359898441287,0.03612174036281179,0.7882903125419377,11782,prompt_diverse,0.98,42,5,0.4,14,210,152,0.7238095238095238,True,0.017772573510278455,none,0,0,
0.9523809523809523,3.4336561037379183,0.035693202900995105,0.39579468150896724,3.4195482421631507,0.03619260204081633,0.7270580837893519,11783,prompt_diverse,0.98,42,5,0.4,14,210,145,0.6904761904761905,True,0.018847365786141317,none,0,0,
0.9285714285714286,3.4227097645386864,0.03624908692476261,0.4121621621621623,3.3780752520832893,0.03893849206349206,0.7542207252659651,11784,prompt_diverse,0.98,42,5,0.4,14,210,143,0.680952380952381,True,0.029440154440154437,none,0,0,
0.9285714285714286,3.4162338672239283,0.03598335067637877,0.4006144393241169,3.3962505254991244,0.037007511337868476,0.7560400520629674,11785,prompt_diverse,0.98,42,5,0.4,14,210,144,0.6857142857142857,True,0.028615317094579765,none,0,0,
0.9285714285714286,3.428113981478322,0.03540361964952599,0.3861985472154965,3.3978185503593195,0.03702522675736961,0.7754877279565942,11786,prompt_diverse,0.98,42,5,0.4,14,210,147,0.7,True,0.027585610515392597,none,0,0,
0.9047619047619048,3.3947481918236386,0.03627077562326869,0.39818295739348386,3.3714350305612464,0.0375921201814059,0.7384629756288951,11787,prompt_diverse,0.98,42,5,0.4,14,210,142,0.6761904761904762,True,0.03792218641842703,none,0,0,
0.8571428571428571,3.4059119301598852,0.03573785528126084,0.39584328714763495,3.374710247476741,0.0375921201814059,0.7863227832265705,11788,prompt_diverse,0.98,42,5,0.4,14,210,144,0.6857142857142857,True,0.05654904102109073,none,0,0,
0.8333333333333334,3.367372571074329,0.036918333400949334,0.41204124962086763,3.3568131864412587,0.03745039682539683,0.7332741290513497,11789,prompt_diverse,0.98,42,5,0.4,14,210,141,0.6714285714285714,True,0.06867354160347793,none,0,0,
0.9761904761904762,3.454350423734323,0.0352396824700671,0.3924629454430779,3.410955526202152,0.03798185941043084,0.7631679058749891,11790,prompt_diverse,0.98,42,5,0.4,14,210,148,0.7047619047619048,True,0.009344355843882818,none,0,0,
0.8809523809523809,3.4166611624437406,0.035349096886922185,0.3891440820701271,3.3945822303648696,0.036741780045351474,0.7293426009129291,11791,prompt_diverse,0.98,42,5,0.4,14,210,145,0.6904761904761905,True,0.0463266764369199,none,0,0,
0.8333333333333334,3.3626832534121283,0.03739043097151205,0.4276061776061777,3.332153859051678,0.03923965419501134,0.7365896336685026,11792,prompt_diverse,0.98,42,5,0.4,14,210,139,0.6619047619047619,True,0.07126769626769627,none,0,0,
0.8809523809523809,3.4257066838910184,0.035005202913631635,0.3798771121351767,3.403879310197701,0.03629889455782313,0.7523025874296962,11793,prompt_diverse,0.98,42,5,0.4,14,210,146,0.6952380952380952,True,0.045223465730378186,none,0,0,
0.8809523809523809,3.4300155147532547,0.035528083848427844,0.40070257611241233,3.4078548373393995,0.03667091836734693,0.7684609353332391,11794,prompt_diverse,0.98,42,5,0.4,14,210,148,0.7047619047619048,True,0.047702687632430046,none,0,0,
0.8095238095238095,3.370119652519487,0.03687446136167768,0.41670702179176766,3.335918787930611,0.03913336167800454,0.8000152072544293,11795,prompt_diverse,0.98,42,5,0.4,14,210,141,0.6714285714285714,True,0.07937276605557479,none,0,0,
0.8571428571428571,3.370757229825239,0.0370378492171396,0.4170608640807316,3.340915097975487,0.03890306122448979,0.7473412350585008,11796,prompt_diverse,0.98,42,5,0.4,14,210,141,0.6714285714285714,True,0.059580123440104535,none,0,0,
0.8809523809523809,3.3722449144147575,0.03755053507728894,0.4274220032840723,3.332548573223724,0.039806547619047616,0.7729873197405698,11797,prompt_diverse,0.98,42,5,0.4,14,210,139,0.6619047619047619,True,0.05088357181953243,none,0,0,
0.9285714285714286,3.404178334148952,0.03635555555555556,0.40253968253968253,3.378225679975215,0.037645266439909286,0.7456480415176415,11798,prompt_diverse,0.98,42,5,0.4,14,210,142,0.6761904761904762,True,0.028752834467120167,none,0,0,
0.9285714285714286,3.4228385579146132,0.035860531340713674,0.40159784844170243,3.390385080870997,0.03775155895691609,0.7638686315105829,11799,prompt_diverse,0.98,42,5,0.4,14,210,145,0.6904761904761905,True,0.028685560602978732,none,0,0,
1.0,3.691380730292994,0.025880324581623284,0.15429808286951152,3.634991334243789,0.028504109977324263,0.9873632503903456,11800,route_partitioned,0.0,42,5,0.4,14,210,208,0.9142857142857143,False,0.0,low_coverage,16,80,0.2
1.0,3.702633944453275,0.02538781959207125,0.14003228410008073,3.6370668018028685,0.02887613378684807,0.9880500620042404,11801,route_partitioned,0.0,42,5,0.4,14,210,209,0.9285714285714286,False,0.0,low_coverage,14,80,0.175
1.0,3.7041991603385607,0.025205674556323908,0.12585034013605445,3.6579115503422,0.0273171768707483,0.9920161932888574,11802,route_partitioned,0.0,42,5,0.4,14,210,209,0.9428571428571428,False,0.0,low_coverage,11,80,0.1375
1.0,3.7090056494113584,0.025060467616232193,0.12295081967213117,3.6539718171364926,0.027724631519274373,0.9851385325215801,11803,route_partitioned,0.0,42,5,0.4,14,210,208,0.9428571428571428,False,0.0,low_coverage,10,80,0.125
1.0,3.687653385540637,0.025892582333025542,0.1585213032581454,3.615476966921628,0.029584750566893425,0.9865796946127268,11804,route_partitioned,0.0,42,5,0.4,14,210,210,0.9047619047619048,False,0.0,low_coverage,20,80,0.25
1.0,3.6922635837700515,0.025681305921726662,0.15171192443919734,3.6330007210512716,0.02843324829931973,0.9835540968593631,11805,route_partitioned,0.0,42,5,0.4,14,210,207,0.9095238095238095,False,0.0,low_coverage,16,80,0.2
1.0,3.7043063059930867,0.02537394986681238,0.1408894136166865,3.6336152369672665,0.028911564625850338,0.982384274139017,11806,route_partitioned,0.0,42,5,0.4,14,210,206,0.9095238095238095,False,0.0,low_coverage,15,80,0.1875
1.0,3.6924264989848194,0.02591780513858436,0.15862708719851581,3.639966592469719,0.028256094104308384,0.9897537324884774,11807,route_partitioned,0.0,42,5,0.4,14,210,210,0.9238095238095239,False,0.0,low_coverage,16,80,0.2
1.0,3.6777112171981003,0.026258080509524988,0.1726970264088168,3.619488269212191,0.02896471088435374,0.9886980717415731,11808,route_partitioned,0.0,42,5,0.4,14,210,209,0.9,False,0.0,low_coverage,20,80,0.25
1.0,3.7055936350140333,0.025280091927607013,0.1359967715899919,3.6389808351532267,0.0286812641723356,0.9868130651251493,11809,route_partitioned,0.0,42,5,0.4,14,210,207,0.9238095238095239,False,0.0,low_coverage,13,80,0.1625
1.0,3.7059196094680784,0.025168193999362834,0.12770562770562788,3.6487852483165883,0.027830924036281176,0.988194994495724,11810,route_partitioned,0.0,42,5,0.4,14,210,206,0.9142857142857143,False,0.0,low_coverage,14,80,0.175
1.0,3.701757520050107,0.025439400249895876,0.143731778425656,3.666732171421193,0.026998299319727886,0.9838641368437996,11811,route_partitioned,0.0,42,5,0.4,14,210,208,0.9285714285714286,False,0.0,low_coverage,13,80,0.1625
1.0,3.697069115193984,0.025533306933420565,0.1455245998814465,3.6348464642957166,0.028628117913832195,0.9835576557150957,11812,route_partitioned,0.0,42,5,0.4,14,210,209,0.9095238095238095,False,0.0,low_coverage,18,80,0.225
1.0,3.6835537510418197,0.02629621860757804,0.17165730921189448,3.606280759535958,0.030027636054421766,0.9888531289632306,11813,route_partitioned,0.0,42,5,0.4,14,210,209,0.9095238095238095,False,0.0,low_coverage,18,80,0.225
1.0,3.694889214804409,0.02569581314815156,0.14295932965460878,3.6242729865780627,0.029124149659863943,0.989323112380843,11814,route_partitioned,0.0,42,5,0.4,14,210,207,0.9333333333333333,False,0.0,low_coverage,11,80,0.1375
1.0,3.71232010703299,0.025026874496103194,0.11514441842310696,3.6766381157772665,0.026608560090702945,0.9872742781535592,11815,route_partitioned,0.0,42,5,0.4,14,210,208,0.9428571428571428,False,0.0,low_coverage,10,80,0.125
1.0,3.7153223346550996,0.024778876170655564,0.1071428571428572,3.6680737369781977,0.027157738095238092,0.985612045792803,11816,route_partitioned,0.0,42,5,0.4,14,210,208,0.9476190476190476,False,0.0,low_coverage,9,80,0.1125
1.0,3.7025629293055395,0.025332189562507657,0.1375772066148635,3.6412768017724337,0.028397817460317457,0.9775990429166987,11817,route_partitioned,0.0,42,5,0.4,14,210,207,0.9142857142857143,False,0.0,low_coverage,15,80,0.1875
1.0,3.6985763497760322,0.025577283310866405,0.14534767882048216,3.649462455710614,0.02799036281179138,0.9868383036842724,11818,route_partitioned,0.0,42,5,0.4,14,210,208,0.9333333333333333,False,0.0,low_coverage,12,80,0.15
0.9761904761904762,3.657612271492814,0.026788279230106293,0.1876513317191284,3.6006125402832767,0.029460742630385485,0.9802936168012523,11819,route_partitioned,0.0,42,5,0.4,14,210,209,0.8857142857142857,True,0.004467888850455443,low_coverage,23,80,0.2875
1.0,3.6997008144286605,0.025588917678538162,0.1517734665882815,3.637100023080587,0.028805272108843535,0.9838276806259341,11820,route_partitioned,0.0,42,5,0.4,14,210,209,0.9333333333333333,False,0.0,low_coverage,13,80,0.1625
1.0,3.7076500498160043,0.02521732320463623,0.13211125158027825,3.6133442502755413,0.030151643990929705,0.9871592205846783,11821,route_partitioned,0.0,42,5,0.4,14,210,208,0.9047619047619048,False,0.0,low_coverage,18,80,0.225
1.0,3.6974291549939475,0.02565866908103214,0.1490374873353597,3.645232351048911,0.027919501133786846,0.9839070564044204,11822,route_partitioned,0.0,42,5,0.4,14,210,208,0.9095238095238095,False,0.0,low_coverage,17,80,0.2125
1.0,3.7035825367309454,0.02534866812082755,0.137630662020906,3.663872283860337,0.027157738095238096,0.9867814841094646,11823,route_partitioned,0.0,42,5,0.4,14,210,209,0.9523809523809523,False,0.0,low_coverage,9,80,0.1125
1.0,3.6971181466969396,0.025677551318576956,0.15384615384615397,3.6395874739344585,0.02827380952380952,0.9870857639042843,11824,route_partitioned,0.0,42,5,0.4,14,210,209,0.9142857142857143,False,0.0,low_coverage,17,80,0.2125
1.0,3.6982709172179273,0.02549254996116094,0.14105642256902762,3.6379464870557014,0.028397817460317457,0.9865057793866109,11825,route_partitioned,0.0,42,5,0.4,14,210,209,0.9142857142857143,False,0.0,low_coverage,17,80,0.2125
1.0,3.6919800181000024,0.025799835106276016,0.15897928678197748,3.6173799330975918,0.02919501133786848,0.9898337410880105,11826,route_partitioned,0.0,42,5,0.4,14,210,208,0.8857142857142857,True,0.0,low_coverage,22,80,0.275
1.0,3.703953006919717,0.025191831793337963,0.12507534659433395,3.643811097637957,0.02823837868480725,0.9866782271193048,11827,route_partitioned,0.0,42,5,0.4,14,210,209,0.9333333333333333,False,0.0,low_coverage,13,80,0.1625
1.0,3.689164624994149,0.02584284402466221,0.1567717996289426,3.6372108458447836,0.028344671201814057,0.9884375445956488,11828,route_partitioned,0.0,42,5,0.4,14,210,208,0.9142857142857143,False,0.0,low_coverage,16,80,0.2
1.0,3.7044612819236056,0.02531548168667282,0.13868003341687563,3.6511877437589386,0.02770691609977324,0.9910132887969545,11829,route_partitioned,0.0,42,5,0.4,14,210,210,0.9238095238095239,False,0.0,low_coverage,16,80,0.2
1.0,3.6678864083847906,0.02693758292213891,0.2038058466629895,3.6212408011096127,0.029017857142857144,0.9554156789396925,11830,route_partitioned,0.25,42,5,0.4,14,210,205,0.8809523809523809,True,0.0,low_coverage,20,80,0.25
1.0,3.6656024473999977,0.026837869854713304,0.197241258126867,3.6039086420401527,0.030133928571428572,0.9484815034396065,11831,route_partitioned,0.25,42,5,0.4,14,210,208,0.9047619047619048,False,0.0,low_coverage,18,80,0.225
1.0,3.680466504718736,0.026454081632653056,0.18775510204081636,3.649773300120748,0.027866354875283442,0.9492865240550442,11832,route_partitioned,0.25,42,5,0.4,14,210,206,0.919047619047619,False,0.0,low_coverage,13,80,0.1625
1.0,3.6736143641666827,0.02678314584626565,0.19649805447470836,3.621831372306046,0.029230442176870743,0.961941476054045,11833,route_partitioned,0.25,42,5,0.4,14,210,207,0.9,False,0.0,low_coverage,18,80,0.225
1.0,3.6255823513841112,0.028698793776586445,0.2582697201017812,3.5817986754216466,0.030488236961451247,0.9403038499980875,11834,route_partitioned,0.25,42,5,0.4,14,210,204,0.8428571428571429,True,0.0,low_coverage,27,80,0.3375
1.0,3.63299786752793,0.02826615410707219,0.24597207303974233,3.5752974405390336,0.03105513038548753,0.9461766479477086,11835,route_partitioned,0.25,42,5,0.4,14,210,203,0.8476190476190476,True,0.0,low_coverage,25,80,0.3125
1.0,3.653119874271464,0.027625378311521398,0.22703133297928835,3.606321866622136,0.029726473922902494,0.9433428152057286,11836,route_partitioned,0.25,42,5,0.4,14,210,203,0.861904761904762,True,0.0,low_coverage,22,80,0.275
1.0,3.6503235034996537,0.02747470179207416,0.2216254923021841,3.60550392132197,0.02954931972789115,0.9452843285782707,11837,route_partitioned,0.25,42,5,0.4,14,210,203,0.8571428571428571,True,0.0,low_coverage,23,80,0.2875
0.9761904761904762,3.619201036700283,0.028757600683859935,0.2575062153375407,3.538453337636539,0.033056972789115645,0.9512076533720587,11838,route_partitioned,0.25,42,5,0.4,14,210,202,0.8333333333333334,True,0.006131100365179548,low_coverage,27,80,0.3375
1.0,3.6430427726835526,0.02790153709066607,0.2366737739872069,3.595343707088631,0.030204790249433105,0.9476640548766125,11839,route_partitioned,0.25,42,5,0.4,14,210,203,0.8571428571428571,True,0.0,low_coverage,23,80,0.2875
1.0,3.6683522924569645,0.026918598942333324,0.2014446227929374,3.6326622404234428,0.028504109977324263,0.9575665316884531,11840,route_partitioned,0.25,42,5,0.4,14,210,208,0.9047619047619048,False,0.0,low_coverage,18,80,0.225
0.9761904761904762,3.6350649577663923,0.028148148148148148,0.24091710758377438,3.594936433719264,0.03008078231292517,0.9465458274286976,11841,route_partitioned,0.25,42,5,0.4,14,210,207,0.8761904761904762,True,0.005736121609137492,low_coverage,23,80,0.2875
1.0,3.652878337990309,0.0276442987167166,0.22610096670247049,3.5943809464395735,0.03052366780045351,0.9463747773052414,11842,route_partitioned,0.25,42,5,0.4,14,210,204,0.8666666666666667,True,0.0,low_coverage,22,80,0.275
1.0,3.633755331726735,0.028303587524788173,0.24824658545588796,3.5759020340415213,0.030948837868480725,0.9394564561246521,11843,route_partitioned,0.25,42,5,0.4,14,210,200,0.8333333333333334,True,0.0,low_coverage,25,80,0.3125
1.0,3.6631702055380226,0.027049689889979613,0.20559478544269427,3.6194862386797073,0.02898242630385487,0.9556271283084842,11844,route_partitioned,0.25,42,5,0.4,14,210,206,0.8857142857142857,True,0.0,low_coverage,20,80,0.25
1.0,3.634812795909509,0.028512000000000003,0.24876190476190474,3.576488559711849,0.031249999999999997,0.958034251597934,11845,route_partitioned,0.25,42,5,0.4,14,210,205,0.8666666666666667,True,0.0,low_coverage,23,80,0.2875
1.0,3.6511527252986107,0.027483849409668075,0.22014925373134342,3.599433134494481,0.030293367346938774,0.9403042254008668,11846,route_partitioned,0.25,42,5,0.4,14,210,206,0.8714285714285714,True,0.0,low_coverage,23,80,0.2875
1.0,3.659137968761451,0.027201597157998265,0.21483305966064603,3.6114673426491524,0.029407596371882085,0.9548777048793058,11847,route_partitioned,0.25,42,5,0.4,14,210,205,0.8809523809523809,True,0.0,low_coverage,20,80,0.25
1.0,3.6707046585433476,0.02687795351888016,0.20288656002941718,3.623082021818837,0.02910643424036281,0.9640778846842667,11848,route_partitioned,0.25,42,5,0.4,14,210,208,0.9047619047619048,False,0.0,low_coverage,18,80,0.225
1.0,3.6709234778225346,0.026806379665867103,0.19645086499019082,3.625643208299025,0.028858418367346934,0.9553147688684319,11849,route_partitioned,0.25,42,5,0.4,14,210,208,0.8952380952380953,True,0.0,low_coverage,20,80,0.25
1.0,3.6713673917729914,0.026934398363759483,0.20100902814657462,3.624406248911581,0.02921272675736961,0.9626750052250362,11850,route_partitioned,0.25,42,5,0.4,14,210,205,0.9047619047619048,False,0.0,low_coverage,15,80,0.1875
1.0,3.6627865433683118,0.02703287197231834,0.20833333333333348,3.6240754461006666,0.028805272108843535,0.9458061214586472,11851,route_partitioned,0.25,42,5,0.4,14,210,207,0.8904761904761904,True,0.0,low_coverage,20,80,0.25
1.0,3.6326136610102857,0.02826561065197429,0.24531024531024537,3.5897553287292685,0.03013392857142857,0.9484235091159028,11852,route_partitioned,0.25,42,5,0.4,14,210,207,0.861904761904762,True,0.0,low_coverage,26,80,0.325
1.0,3.6465119376021535,0.027956627249645812,0.2264134118066703,3.587741847768303,0.03103741496598639,0.9456950395899676,11853,route_partitioned,0.25,42,5,0.4,14,210,206,0.8904761904761904,True,0.0,low_coverage,19,80,0.2375
1.0,3.680906686907407,0.02633874062445491,0.18341182626896924,3.634769735915771,0.028698979591836732,0.9573689960281272,11854,route_partitioned,0.25,42,5,0.4,14,210,209,0.9142857142857143,False,0.0,low_coverage,17,80,0.2125
1.0,3.6613586296004312,0.027125458889342115,0.2115594329334789,3.601347776761724,0.030009920634920632,0.9482726278472198,11855,route_partitioned,0.25,42,5,0.4,14,210,200,0.8523809523809524,True,0.0,low_coverage,21,80,0.2625
1.0,3.6219303236905747,0.028640000000000002,0.2561904761904763,3.569613662293519,0.030913407029478455,0.9521238512296627,11856,route_partitioned,0.25,42,5,0.4,14,210,204,0.8380952380952381,True,0.0,low_coverage,28,80,0.35
1.0,3.6309628326159573,0.02829302144024057,0.24597139235922505,3.572426334113589,0.0313031462585034,0.9498155162617077,11857,route_partitioned,0.25,42,5,0.4,14,210,207,0.861904761904762,True,0.0,low_coverage,26,80,0.325
1.0,3.6343197596069197,0.028317258995023558,0.2438423645320198,3.5815670693561006,0.03064767573696145,0.9499573213155968,11858,route_partitioned,0.25,42,5,0.4,14,210,204,0.8571428571428571,True,0.0,low_coverage,24,80,0.3
1.0,3.657265991803071,0.02716064453125,0.2109375,3.605108259363144,0.02956703514739229,0.9551370444783069,11859,route_partitioned,0.25,42,5,0.4,14,210,204,0.8571428571428571,True,0.0,low_coverage,24,80,0.3
0.9761904761904762,3.588281407479351,0.02970640745883753,0.2825285043594903,3.5561364848426487,0.031125992063492067,0.8887400782556131,11860,route_partitioned,0.5,42,5,0.4,14,210,206,0.8333333333333334,True,0.006726869151416443,low_coverage,31,80,0.3875
1.0,3.566116454548316,0.031083022120080437,0.3167877320419694,3.533310746230944,0.032614087301587304,0.8674033429299718,11861,route_partitioned,0.5,42,5,0.4,14,210,199,0.7952380952380952,True,0.0,low_coverage,32,80,0.4
0.9761904761904762,3.524659901304894,0.032532740987551476,0.34515711046323294,3.4969482099359603,0.03373015873015873,0.8713109876727368,11862,route_partitioned,0.5,42,5,0.4,14,210,198,0.7714285714285715,True,0.008218026439600793,low_coverage,36,80,0.45
0.9761904761904762,3.58831145827138,0.030083234244946494,0.29359605911330067,3.5453916808826533,0.03220663265306123,0.8722146537772423,11863,route_partitioned,0.5,42,5,0.4,14,210,198,0.819047619047619,True,0.0069903823598405,low_coverage,26,80,0.325
1.0,3.613912833510897,0.029075266879870276,0.26845637583892623,3.586169970943563,0.03036422902494331,0.8840305796607674,11864,route_partitioned,0.5,42,5,0.4,14,210,204,0.8428571428571429,True,0.0,low_coverage,27,80,0.3375
1.0,3.629638881071344,0.02850353527705623,0.2539411669104503,3.586086319025007,0.030824829931972785,0.9085107895718926,11865,route_partitioned,0.5,42,5,0.4,14,210,204,0.8666666666666667,True,0.0,low_coverage,22,80,0.275
1.0,3.5565777586438387,0.03138316599691632,0.32263149162103866,3.522202513443994,0.03286210317460318,0.8704539022206653,11866,route_partitioned,0.5,42,5,0.4,14,210,199,0.7857142857142857,True,0.0,low_coverage,34,80,0.425
0.9761904761904762,3.5954682335274932,0.02971496464722944,0.28482041280676107,3.563942196899154,0.03126771541950114,0.8906042288151345,11867,route_partitioned,0.5,42,5,0.4,14,210,203,0.8333333333333334,True,0.006781438400160985,low_coverage,28,80,0.35
0.9761904761904762,3.550999318791233,0.031332717759310555,0.3220551378446117,3.506857018725637,0.03362386621315192,0.8967213887963682,11868,route_partitioned,0.5,42,5,0.4,14,210,200,0.7904761904761904,True,0.007667979472490764,low_coverage,34,80,0.425
0.9523809523809523,3.57709784237953,0.03036860879904875,0.29885057471264376,3.540511127828821,0.03220663265306122,0.8990565428619893,11869,route_partitioned,0.5,42,5,0.4,14,210,201,0.8333333333333334,True,0.014230979748221148,low_coverage,26,80,0.325
0.9761904761904762,3.571357664077671,0.030782677410471616,0.3073817762399078,3.5298818311465148,0.03282667233560091,0.8938042688443795,11870,route_partitioned,0.5,42,5,0.4,14,210,202,0.8238095238095238,True,0.007318613719997813,low_coverage,29,80,0.3625
1.0,3.580147868148569,0.030695408950617287,0.3063822751322751,3.543526754871086,0.03231292517006803,0.8910858963717708,11871,route_partitioned,0.5,42,5,0.4,14,210,199,0.8047619047619048,True,0.0,low_coverage,30,80,0.375
1.0,3.5881392062676682,0.030219293584157016,0.2975781377843234,3.5552247054622512,0.03187003968253969,0.885483856757891,11872,route_partitioned,0.5,42,5,0.4,14,210,201,0.819047619047619,True,0.0,low_coverage,29,80,0.3625
1.0,3.6051623365068934,0.02953748159145604,0.2808535178777394,3.559734095544537,0.031923185941043083,0.8977970678701213,11873,route_partitioned,0.5,42,5,0.4,14,210,201,0.8333333333333334,True,0.0,low_coverage,26,80,0.325
0.9523809523809523,3.5685934717622954,0.03060711231829385,0.30479567713610267,3.528692953266994,0.03264951814058957,0.9015554971814882,11874,route_partitioned,0.5,42,5,0.4,14,210,204,0.8238095238095238,True,0.014514079863623953,low_coverage,31,80,0.3875
1.0,3.6422945353479714,0.028218239819853632,0.2451076320939336,3.617201353207012,0.029336734693877552,0.9246754850261133,11875,route_partitioned,0.5,42,5,0.4,14,210,205,0.8952380952380953,True,0.0,low_coverage,17,80,0.2125
1.0,3.6102737086046264,0.029222158821886873,0.27202588352414137,3.5762079107944493,0.030718537414965986,0.8985263704339345,11876,route_partitioned,0.5,42,5,0.4,14,210,202,0.8380952380952381,True,0.0,low_coverage,26,80,0.325
0.9761904761904762,3.5939497996607983,0.02982747346712942,0.28807835190813913,3.54707670878524,0.032153486394557826,0.9075917788306488,11877,route_partitioned,0.5,42,5,0.4,14,210,203,0.8285714285714286,True,0.006859008378765225,low_coverage,29,80,0.3625
0.9761904761904762,3.549488790711696,0.03123032849012731,0.317204301075269,3.515617044205749,0.03259637188208617,0.8826037986828523,11878,route_partitioned,0.5,42,5,0.4,14,210,199,0.780952380952381,True,0.007552483358934984,low_coverage,35,80,0.4375
0.9761904761904762,3.5652473221280303,0.03138675116945828,0.31898007429922326,3.522234954928805,0.033570719954648526,0.8766980224763966,11879,route_partitioned,0.5,42,5,0.4,14,210,195,0.7714285714285715,True,0.007594763673791039,low_coverage,33,80,0.4125
0.9523809523809523,3.556160471922271,0.03071952160493828,0.3032407407407409,3.519493137913903,0.03247236394557823,0.8764825320557764,11880,route_partitioned,0.5,42,5,0.4,14,210,197,0.7761904761904762,True,0.014440035273368632,low_coverage,34,80,0.425
1.0,3.586671400438271,0.030133333333333335,0.29412698412698424,3.549002867295253,0.03210034013605442,0.8700977036771192,11881,route_partitioned,0.5,42,5,0.4,14,210,201,0.8238095238095238,True,0.0,low_coverage,28,80,0.35
0.9761904761904762,3.545875096969356,0.03152189055356442,0.3261311642094562,3.5170015550181,0.0328266723356009,0.8925414320427225,11882,route_partitioned,0.5,42,5,0.4,14,210,199,0.780952380952381,True,0.007765027719272776,low_coverage,35,80,0.4375
1.0,3.6032717059586097,0.029566326530612246,0.28061224489795933,3.556967068354825,0.03176374716553288,0.9048748411813811,11883,route_partitioned,0.5,42,5,0.4,14,210,195,0.7904761904761904,True,0.0,low_coverage,29,80,0.3625
1.0,3.546961430837264,0.03181877987807553,0.33096814884894354,3.521233734825961,0.03295068027210884,0.850840859787935,11884,route_partitioned,0.5,42,5,0.4,14,210,195,0.7761904761904762,True,0.0,low_coverage,32,80,0.4
1.0,3.606356429009409,0.02962563332707825,0.2824527071102414,3.5761332510545305,0.03093112244897959,0.8970627404098988,11885,route_partitioned,0.5,42,5,0.4,14,210,196,0.819047619047619,True,0.0,low_coverage,24,80,0.3
1.0,3.618098032792637,0.029272603214729142,0.2708233795190318,3.594250586428254,0.030399659863945577,0.9115853574126344,11886,route_partitioned,0.5,42,5,0.4,14,210,206,0.8714285714285714,True,0.0,low_coverage,23,80,0.2875
0.9523809523809523,3.5569194513280227,0.03094624082523309,0.31254191817572097,3.525652249851711,0.03231292517006803,0.8850686029400049,11887,route_partitioned,0.5,42,5,0.4,14,210,200,0.7904761904761904,True,0.014882948484558157,low_coverage,34,80,0.425
0.9761904761904762,3.576496587989086,0.03054043910677425,0.3041422048271365,3.5423749718201174,0.03224206349206349,0.8778508912989261,11888,route_partitioned,0.5,42,5,0.4,14,210,200,0.8142857142857143,True,0.007241481067312782,low_coverage,29,80,0.3625
0.9761904761904762,3.5225455633990546,0.03247742070993489,0.34368530020703947,3.4754210243447727,0.034863945578231297,0.8829565960913356,11889,route_partitioned,0.5,42,5,0.4,14,210,197,0.7619047619047619,True,0.008182983338262853,low_coverage,37,80,0.4625
0.9761904761904762,3.475411828009156,0.03461098073892687,0.3819945486612155,3.4396044448405845,0.03635204081632653,0.7924582078677291,11890,route_partitioned,0.75,42,5,0.4,14,210,187,0.7047619047619048,True,0.009095108301457523,low_coverage,39,80,0.4875
0.9285714285714286,3.460862192133152,0.03473989589551848,0.38441978733240867,3.439455391877395,0.03587372448979592,0.7943384792600958,11891,route_partitioned,0.75,42,5,0.4,14,210,192,0.7285714285714285,True,0.027458556238029178,low_coverage,39,80,0.4875
0.9523809523809523,3.478679569115725,0.03406611126041387,0.37072599531615924,3.4506643453278256,0.03548398526077098,0.758718915986301,11892,route_partitioned,0.75,42,5,0.4,14,210,188,0.7095238095238096,True,0.01765361882457903,low_coverage,39,80,0.4875
0.9047619047619048,3.4606269632256472,0.03421074385045052,0.37350679103256423,3.4298565225071798,0.035678854875283446,0.8281313343975535,11893,route_partitioned,0.75,42,5,0.4,14,210,193,0.7285714285714285,True,0.03557207533643469,low_coverage,40,80,0.5
0.9761904761904762,3.5200154370849357,0.03251315230532954,0.34472732987584487,3.4996753684652817,0.03339356575963719,0.8286305980760981,11894,route_partitioned,0.75,42,5,0.4,14,210,198,0.7714285714285715,True,0.008207793568472507,low_coverage,36,80,0.45
0.9523809523809523,3.498525990883711,0.033069692133862946,0.35600520071509845,3.4573627412275996,0.0352891156462585,0.8487676354736905,11895,route_partitioned,0.75,42,5,0.4,14,210,196,0.7476190476190476,True,0.0169526286054809,low_coverage,39,80,0.4875
0.9761904761904762,3.4924970738748904,0.03371927462169292,0.36252175288720156,3.4563263823354258,0.035714285714285705,0.7923434208722395,11896,route_partitioned,0.75,42,5,0.4,14,210,188,0.719047619047619,True,0.008631470306838142,low_coverage,37,80,0.4625
1.0,3.4972366352002906,0.0336361193227627,0.3633879781420766,3.4686190799206194,0.03512967687074829,0.8255779861959175,11897,route_partitioned,0.75,42,5,0.4,14,210,193,0.7476190476190476,True,0.0,low_coverage,36,80,0.45
0.9047619047619048,3.4849887288637578,0.0334327154664771,0.3574530789514503,3.4557264458111714,0.03511196145124716,0.7816847404807071,11898,route_partitioned,0.75,42,5,0.4,14,210,193,0.7428571428571429,True,0.034043150376328594,low_coverage,37,80,0.4625
0.9285714285714286,3.4998329633211727,0.03297876884958776,0.35434173669467794,3.4668272299962766,0.035076530612244895,0.786272143962222,11899,route_partitioned,0.75,42,5,0.4,14,210,196,0.7523809523809524,True,0.025310124049619843,low_coverage,38,80,0.475
1.0,3.5691425936723613,0.0310742451377761,0.3150716597318539,3.5485049674227094,0.032171201814058956,0.832253944990503,11900,route_partitioned,0.75,42,5,0.4,14,210,199,0.8047619047619048,True,0.0,low_coverage,30,80,0.375
0.9761904761904762,3.5219844976644756,0.03255186372069489,0.3457019171304887,3.50026648071678,0.03360615079365079,0.7959479141113008,11901,route_partitioned,0.75,42,5,0.4,14,210,197,0.7666666666666667,True,0.008230998026916406,low_coverage,36,80,0.45
0.9523809523809523,3.489712064248258,0.03329212577264176,0.35698672911787677,3.4619314253142424,0.03477536848072562,0.801870696318249,11902,route_partitioned,0.75,42,5,0.4,14,210,196,0.7428571428571429,True,0.016999368053232246,low_coverage,40,80,0.5
1.0,3.522463509719012,0.03275657414170928,0.34958172458172476,3.493201996453971,0.03403132086167801,0.8201086135402739,11903,route_partitioned,0.75,42,5,0.4,14,210,197,0.7619047619047619,True,0.0,low_coverage,37,80,0.4625
0.9523809523809523,3.489702757490986,0.03345842469219092,0.360544217687075,3.4645188735867825,0.03482851473922902,0.7987630848997588,11904,route_partitioned,0.75,42,5,0.4,14,210,193,0.7380952380952381,True,0.017168772270813114,low_coverage,38,80,0.475
0.9523809523809523,3.4582008147299974,0.03490833746227648,0.3847874720357942,3.431020540512324,0.03617488662131518,0.7979333113199046,11905,route_partitioned,0.75,42,5,0.4,14,210,187,0.7,True,0.01832321295408546,low_coverage,40,80,0.5
1.0,3.5343979230274787,0.03224549861495844,0.34006892230576447,3.505444296067655,0.03378330498866214,0.8119579739542345,11906,route_partitioned,0.75,42,5,0.4,14,210,195,0.7714285714285715,True,0.0,low_coverage,33,80,0.4125
0.9761904761904762,3.5157052465864087,0.032467532467532464,0.34431045145330863,3.4892792028471202,0.033925028344671204,0.799534333950386,11907,route_partitioned,0.75,42,5,0.4,14,210,201,0.7714285714285715,True,0.008197867891745453,low_coverage,39,80,0.4875
0.9761904761904762,3.5058160974331263,0.03299240815170626,0.35368536853685373,3.472004871413049,0.03484623015873016,0.809004890508816,11908,route_partitioned,0.75,42,5,0.4,14,210,196,0.7523809523809524,True,0.008421080203258432,low_coverage,38,80,0.475
0.9761904761904762,3.5199336785858897,0.032528616024973984,0.34546850998463907,3.50419713409455,0.03323412698412698,0.8040663735697412,11909,route_partitioned,0.75,42,5,0.4,14,210,196,0.7666666666666667,True,0.008225440713919988,low_coverage,35,80,0.4375
0.9047619047619048,3.4379653003955415,0.03514086277702613,0.38910858461031483,3.395992938946502,0.0375921201814059,0.7775233288042318,11910,route_partitioned,0.75,42,5,0.4,14,210,187,0.6952380952380952,True,0.0370579604390776,low_coverage,41,80,0.5125
0.9761904761904762,3.5430174553038603,0.03146722164412071,0.3208909370199693,3.5247743561890106,0.03229520975056689,0.8181220688828387,11911,route_partitioned,0.75,42,5,0.4,14,210,195,0.7619047619047619,True,0.007640260405237373,low_coverage,35,80,0.4375
0.9285714285714286,3.4658568950515454,0.03436068304872969,0.3803045027534824,3.422604547149808,0.03688350340136054,0.8131304921385437,11912,route_partitioned,0.75,42,5,0.4,14,210,192,0.7238095238095238,True,0.027164607339534443,low_coverage,40,80,0.5
0.9761904761904762,3.53626841448735,0.032155555555555555,0.33777777777777795,3.5042783693408235,0.03380102040816326,0.8405117981835465,11913,route_partitioned,0.75,42,5,0.4,14,210,197,0.780952380952381,True,0.008042328042328056,low_coverage,33,80,0.4125
0.9523809523809523,3.465814291643733,0.03466194130817399,0.3843302026693032,3.4255508039506233,0.0366000566893424,0.8028254348875156,11914,route_partitioned,0.75,42,5,0.4,14,210,189,0.7142857142857143,True,0.01830143822234779,low_coverage,39,80,0.4875
0.9523809523809523,3.5321535897441945,0.031684855369386186,0.327115559599636,3.5111614965993736,0.03282667233560091,0.809989427222262,11915,route_partitioned,0.75,42,5,0.4,14,210,200,0.7761904761904762,True,0.015576931409506493,low_coverage,37,80,0.4625
0.9285714285714286,3.488424167188793,0.03325570357943069,0.35397880082265476,3.448759080283242,0.035749716553287986,0.8098580738335562,11916,route_partitioned,0.75,42,5,0.4,14,210,196,0.7523809523809524,True,0.025284200058761044,low_coverage,38,80,0.475
0.9523809523809523,3.499683169082321,0.03276879419845953,0.3440396292745287,3.470512054366501,0.034208475056689336,0.8315993318089253,11917,route_partitioned,0.75,42,5,0.4,14,210,196,0.7476190476190476,True,0.01638283948926329,low_coverage,39,80,0.4875
0.9761904761904762,3.482385514097103,0.03433736934470922,0.37960765701629495,3.4463536271308874,0.03645833333333333,0.7751380624087911,11918,route_partitioned,0.75,42,5,0.4,14,210,192,0.7380952380952381,True,0.009038277548007033,low_coverage,37,80,0.4625
1.0,3.5651706432728663,0.030879001681776118,0.3027640078113265,3.5533253074333913,0.031356292517006806,0.816377278786431,11919,route_partitioned,0.75,42,5,0.4,14,210,198,0.8095238095238095,True,0.0,low_coverage,28,80,0.35
0.9523809523809523,3.4601326382342132,0.03434470221606648,0.3732769423558897,3.4327005162057653,0.03583829365079365,0.7567530559443255,11920,route_partitioned,0.9,42,5,0.4,14,210,193,0.719047619047619,True,0.017775092493137624,low_coverage,42,80,0.525
0.8809523809523809,3.4191137410199546,0.03542743159078611,0.39328369784395845,3.3965002059214227,0.03668863378684808,0.7363247561664886,11921,route_partitioned,0.9,42,5,0.4,14,210,192,0.7047619047619048,True,0.04681948783856649,low_coverage,44,80,0.55
0.9523809523809523,3.427341651890838,0.036097645429362876,0.4058583959899751,3.4051538509176966,0.03716695011337868,0.7626304809062069,11922,route_partitioned,0.9,42,5,0.4,14,210,187,0.6952380952380952,True,0.01932659028523693,low_coverage,41,80,0.5125
0.9047619047619048,3.397214040524887,0.03653822172340692,0.4087702421035755,3.3600987966876223,0.03893849206349206,0.7451285564082838,11923,route_partitioned,0.9,42,5,0.4,14,210,185,0.6714285714285714,True,0.03893049924795957,low_coverage,44,80,0.55
0.9523809523809523,3.4120764312748375,0.03687446136167768,0.41961259079903157,3.3800601370235066,0.038566468253968256,0.7633918350509189,11924,route_partitioned,0.9,42,5,0.4,14,210,187,0.6904761904761905,True,0.019981551942811048,low_coverage,42,80,0.525
0.9047619047619048,3.422546953382455,0.03566185803688701,0.39843379212149976,3.3990065457524197,0.036848072562358274,0.7528622010984947,11925,route_partitioned,0.9,42,5,0.4,14,210,192,0.7095238095238096,True,0.037946075440142835,low_coverage,43,80,0.5375
0.9285714285714286,3.4611321664967116,0.03432096438034792,0.37594390507011877,3.438157563613987,0.03553713151927437,0.7609027725460633,11926,route_partitioned,0.9,42,5,0.4,14,210,192,0.7142857142857143,True,0.026853136076437044,low_coverage,42,80,0.525
0.9761904761904762,3.493627391483993,0.03350730231130213,0.35745821507410924,3.4590538561114483,0.03541312358276644,0.7842417739762926,11927,route_partitioned,0.9,42,5,0.4,14,210,191,0.719047619047619,True,0.008510909882716897,low_coverage,40,80,0.5
0.9285714285714286,3.457267715554357,0.03440839133418292,0.376001885902876,3.41798403736613,0.036989795918367346,0.7691047204037206,11928,route_partitioned,0.9,42,5,0.4,14,210,193,0.719047619047619,True,0.02685727756449113,low_coverage,42,80,0.525
0.9523809523809523,3.4615555390983914,0.03420902591991579,0.36707663197729423,3.433010269785376,0.03571428571428571,0.7992618735486584,11929,route_partitioned,0.9,42,5,0.4,14,210,193,0.719047619047619,True,0.01747983961796641,low_coverage,42,80,0.525
0.9047619047619048,3.3999008080650857,0.03619500594530321,0.4011494252873564,3.3613619544854325,0.038389314058956917,0.7915700384660033,11930,route_partitioned,0.9,42,5,0.4,14,210,186,0.6761904761904762,True,0.03820470717022442,low_coverage,44,80,0.55
0.9285714285714286,3.4722630845487523,0.03386666666666668,0.36698412698412697,3.436661364956456,0.03599773242630385,0.7832209732530416,11931,route_partitioned,0.9,42,5,0.4,14,210,193,0.7238095238095238,True,0.02621315192743763,low_coverage,41,80,0.5125
0.9285714285714286,3.4074908521087184,0.03665738680706823,0.41581342434584756,3.360880860423956,0.03943452380952381,0.7546580459576115,11932,route_partitioned,0.9,42,5,0.4,14,210,185,0.6761904761904762,True,0.02970095888184624,low_coverage,43,80,0.5375
0.9761904761904762,3.4657208338252685,0.034956214265774756,0.3862348798040116,3.437792891089341,0.036582341269841265,0.7443490766298829,11933,route_partitioned,0.9,42,5,0.4,14,210,188,0.719047619047619,True,0.009196068566762191,low_coverage,37,80,0.4625
0.8809523809523809,3.395180609179732,0.03657492905724967,0.4153084052412912,3.3591458250106396,0.038885345804988654,0.7462480193054578,11934,route_partitioned,0.9,42,5,0.4,14,210,186,0.6714285714285714,True,0.04944147681443944,low_coverage,45,80,0.5625
0.9523809523809523,3.4499249752441616,0.03497030822886228,0.3830328247803976,3.428855374639051,0.03603316326530612,0.7582061746166494,11935,route_partitioned,0.9,42,5,0.4,14,210,189,0.7142857142857143,True,0.018239658322876096,low_coverage,39,80,0.4875
0.9047619047619048,3.420501897764851,0.03557775892585959,0.3942826321467099,3.405863642349307,0.03621031746031745,0.7320371683594832,11936,route_partitioned,0.9,42,5,0.4,14,210,189,0.6904761904761905,True,0.03755072687111523,low_coverage,44,80,0.55
0.9523809523809523,3.431474156568841,0.03572158022037087,0.4005464480874317,3.401419966269362,0.037379535147392284,0.7675193563841402,11937,route_partitioned,0.9,42,5,0.4,14,210,188,0.6952380952380952,True,0.019073640385115814,low_coverage,42,80,0.525
1.0,3.4967661344822267,0.03365218144044321,0.35855263157894735,3.4628378701834386,0.03550170068027211,0.8010902559794726,11938,route_partitioned,0.9,42,5,0.4,14,210,190,0.7333333333333333,True,0.0,low_coverage,36,80,0.45
0.9285714285714286,3.4765983369730336,0.033751021230994493,0.3648984023576858,3.451925197257416,0.035041099773242636,0.7828647796109275,11939,route_partitioned,0.9,42,5,0.4,14,210,189,0.719047619047619,True,0.026064171596977544,low_coverage,38,80,0.475
0.9523809523809523,3.4720635274200564,0.03400566584260841,0.3678455095393207,3.436386211260755,0.03633432539682539,0.7728687114715362,11940,route_partitioned,0.9,42,5,0.4,14,210,194,0.7333333333333333,True,0.017516452835205767,low_coverage,40,80,0.5
0.9761904761904762,3.4610816400758515,0.03480094038697144,0.38182249644043664,3.4190185487185345,0.037538973922902494,0.7467022331466943,11941,route_partitioned,0.9,42,5,0.4,14,210,188,0.7095238095238096,True,0.009091011820010406,low_coverage,39,80,0.4875
0.9285714285714286,3.439534608938057,0.0350879129369433,0.3895744344249328,3.405388794248108,0.03713151927437641,0.7692150673364838,11942,route_partitioned,0.9,42,5,0.4,14,210,191,0.7047619047619048,True,0.027826745316066614,low_coverage,43,80,0.5375
0.9285714285714286,3.4577813897223733,0.03438798476454293,0.3771929824561404,3.4307702204563597,0.035856009070294785,0.7655534461997963,11943,route_partitioned,0.9,42,5,0.4,14,210,190,0.7047619047619048,True,0.026942355889724302,low_coverage,42,80,0.525
0.9761904761904762,3.489101629397193,0.03392078430540377,0.3695517294865829,3.456912719421683,0.03590915532879819,0.7926295139580355,11944,route_partitioned,0.9,42,5,0.4,14,210,192,0.7428571428571429,True,0.008798850702061507,low_coverage,36,80,0.45
0.9285714285714286,3.436251417050863,0.03560000000000001,0.40126984126984144,3.4039735086638503,0.037397250566893414,0.7709054773678446,11945,route_partitioned,0.9,42,5,0.4,14,210,189,0.7,True,0.028662131519274377,low_coverage,42,80,0.525
0.9285714285714286,3.450983481591293,0.03479236812570145,0.3824755491422158,3.4142700946070943,0.03683035714285714,0.7651401836361428,11946,route_partitioned,0.9,42,5,0.4,14,210,189,0.7095238095238096,True,0.027319682081586832,low_coverage,40,80,0.5
0.9523809523809523,3.4895439102710304,0.03346344458576378,0.3648691264585304,3.456047185576045,0.035342261904761904,0.8103410766879056,11947,route_partitioned,0.9,42,5,0.4,14,210,196,0.7428571428571429,True,0.017374720307549087,low_coverage,40,80,0.5
0.9523809523809523,3.4471569916221787,0.03508790544196755,0.3887854816193579,3.4237806960077526,0.03628117913832199,0.7485094128435325,11948,route_partitioned,0.9,42,5,0.4,14,210,191,0.7095238095238096,True,0.018513594362826586,low_coverage,42,80,0.525
0.9285714285714286,3.4112897784755503,0.036511556510679354,0.4099653106275625,3.377426952087996,0.038584183673469385,0.7687651799618789,11949,route_partitioned,0.9,42,5,0.4,14,210,188,0.6952380952380952,True,0.029283236473397308,low_coverage,42,80,0.525
0.8571428571428571,3.402631029484667,0.03619136542562786,0.4095703427950985,3.379179357312679,0.03746811224489796,0.7330246527101996,11950,route_partitioned,0.98,42,5,0.4,14,210,190,0.6857142857142857,True,0.05851004897072838,low_coverage,46,80,0.575
0.8809523809523809,3.3869882996255365,0.03690627604052455,0.41753390097760956,3.359333240483879,0.038531037414965975,0.7361215668128828,11951,route_partitioned,0.98,42,5,0.4,14,210,186,0.6714285714285714,True,0.04970641678304877,low_coverage,45,80,0.5625
0.9047619047619048,3.3867841878571023,0.0370084215406011,0.4167853187786743,3.3605136687985255,0.038389314058956917,0.7534176398916577,11952,route_partitioned,0.98,42,5,0.4,14,210,185,0.6714285714285714,True,0.03969383988368327,low_coverage,44,80,0.55
0.9047619047619048,3.415222470498843,0.036263839369487696,0.4112850619699935,3.377865433779308,0.03828302154195012,0.754748300899974,11953,route_partitioned,0.98,42,5,0.4,14,210,190,0.6952380952380952,True,0.039170005901904136,low_coverage,44,80,0.55
0.9047619047619048,3.4051866055609623,0.036457890711311294,0.41156462585034026,3.3667960155716505,0.03858418367346938,0.7812135236594352,11954,route_partitioned,0.98,42,5,0.4,14,210,187,0.680952380952381,True,0.039196631033365736,low_coverage,44,80,0.55
0.8095238095238095,3.351787887120156,0.03733409939672507,0.4200968523002422,3.3323564345808965,0.03831845238095238,0.7875594805856928,11955,route_partitioned,0.98,42,5,0.4,14,210,188,0.6666666666666666,True,0.08001844805718898,low_coverage,48,80,0.6
0.9285714285714286,3.4315509295195077,0.03521035318559556,0.3858082706766919,3.409501964454334,0.036281179138321996,0.7884036635407902,11956,route_partitioned,0.98,42,5,0.4,14,210,190,0.7,True,0.027557733619763693,low_coverage,43,80,0.5375
0.8333333333333334,3.3725895343365964,0.03666501508941039,0.4103547459252157,3.3485832382685476,0.037981859410430835,0.7546411818584637,11957,route_partitioned,0.98,42,5,0.4,14,210,189,0.6761904761904762,True,0.0683924576542026,low_coverage,47,80,0.5875
0.8333333333333334,3.368833350664675,0.03689180799268045,0.4127769919849129,3.338588712254475,0.03886763038548753,0.7421601051342918,11958,route_partitioned,0.98,42,5,0.4,14,210,188,0.6714285714285714,True,0.06879616533081881,low_coverage,47,80,0.5875
0.9047619047619048,3.3709257908282106,0.0381063916039818,0.4359220198146374,3.3458865064538332,0.039275085034013606,0.7301113921283453,11959,route_partitioned,0.98,42,5,0.4,14,210,182,0.6571428571428571,True,0.041516382839489274,low_coverage,44,80,0.55
0.8095238095238095,3.3226060067047367,0.038714472321066624,0.4375199744327263,3.2939080787852486,0.04049744897959184,0.7207979092117157,11960,route_partitioned,0.98,42,5,0.4,14,210,182,0.638095238095238,True,0.08333713798718595,low_coverage,48,80,0.6
0.9523809523809523,3.4090595080992525,0.03622648129468006,0.3973509933774835,3.3767476812919246,0.03810586734693877,0.7465534846400108,11961,route_partitioned,0.98,42,5,0.4,14,210,182,0.6666666666666666,True,0.01892147587511828,low_coverage,42,80,0.525
0.8571428571428571,3.3869823016204896,0.03674524969768083,0.41761410446531566,3.3502420419496297,0.038779053287981854,0.7680504961552796,11962,route_partitioned,0.98,42,5,0.4,14,210,185,0.6619047619047619,True,0.0596591577807594,low_coverage,46,80,0.575
0.9285714285714286,3.424314905379075,0.03596156642543149,0.4030100334448161,3.397645718135497,0.03730867346938776,0.7305892341301146,11963,route_partitioned,0.98,42,5,0.4,14,210,189,0.7,True,0.028786430960343997,low_coverage,42,80,0.525
0.9047619047619048,3.404060916179538,0.036132030123377665,0.40189873417721533,3.3875482489080593,0.03707837301587301,0.7316323734700774,11964,route_partitioned,0.98,42,5,0.4,14,210,189,0.6904761904761905,True,0.03827606992163955,low_coverage,44,80,0.55
0.9761904761904762,3.4385991534590103,0.035469254155552195,0.3870469689582319,3.393999897247404,0.03810586734693877,0.7785513006923571,11965,route_partitioned,0.98,42,5,0.4,14,210,186,0.6904761904761905,True,0.009215404022815055,low_coverage,41,80,0.5125
0.9047619047619048,3.4030402872761667,0.03632745615252903,0.40508584386135404,3.369419736945716,0.03821215986394557,0.7792600636077235,11966,route_partitioned,0.98,42,5,0.4,14,210,187,0.680952380952381,True,0.03857960417727181,low_coverage,44,80,0.55
0.9047619047619048,3.427456213757862,0.035345118670282866,0.3945465975168947,3.400589399110849,0.03681264172335601,0.754088551634779,11967,route_partitioned,0.98,42,5,0.4,14,210,191,0.7,True,0.037575866430180446,low_coverage,44,80,0.55
0.8571428571428571,3.393069113736345,0.03637223548488807,0.4125918823905401,3.3554467618122557,0.03872590702947846,0.7514849311583346,11968,route_partitioned,0.98,42,5,0.4,14,210,190,0.6857142857142857,True,0.05894169748436289,low_coverage,46,80,0.575
0.8571428571428571,3.402122003397171,0.03589445308218028,0.40046185698359626,3.383218783984198,0.03679492630385487,0.7490702237266381,11969,route_partitioned,0.98,42,5,0.4,14,210,190,0.6857142857142857,True,0.057208836711942344,low_coverage,46,80,0.575
0.8571428571428571,3.377322529230908,0.03691285849186729,0.4162401116798511,3.3591385970428806,0.0378578514739229,0.720911223563519,11970,route_partitioned,0.98,42,5,0.4,14,210,183,0.6523809523809524,True,0.0594628730971216,low_coverage,46,80,0.575
0.8333333333333334,3.3662783239724408,0.03709672078674628,0.4191583610188263,3.3449613029737657,0.03835388321995465,0.7413583055367354,11971,route_partitioned,0.98,42,5,0.4,14,210,185,0.6571428571428571,True,0.06985972683647104,low_coverage,47,80,0.5875
0.9047619047619048,3.419116139680762,0.03584615887331307,0.4024045261669025,3.3950080157537665,0.03706065759637188,0.775585525638117,11972,route_partitioned,0.98,42,5,0.4,14,210,189,0.6952380952380952,True,0.038324240587324046,low_coverage,43,80,0.5375
0.9285714285714286,3.417979346336531,0.03607945588036575,0.4054010866091404,3.377727439857136,0.03856646825396825,0.7658393202631776,11973,route_partitioned,0.98,42,5,0.4,14,210,189,0.6952380952380952,True,0.028957220472081446,low_coverage,43,80,0.5375
0.8809523809523809,3.4067781311261367,0.03629991381786843,0.40960451977401147,3.3739380077927312,0.03808815192743764,0.7654663640672669,11974,route_partitioned,0.98,42,5,0.4,14,210,189,0.6952380952380952,True,0.04876244283023947,low_coverage,43,80,0.5375
0.8571428571428571,3.387256978716512,0.03651111111111112,0.4090476190476191,3.359974198504945,0.03810586734693877,0.739273047526592,11975,route_partitioned,0.98,42,5,0.4,14,210,186,0.6666666666666666,True,0.058435374149659894,low_coverage,46,80,0.575
0.9285714285714286,3.406920567527987,0.03642222222222223,0.40873015873015883,3.370527801931492,0.03856646825396825,0.7465580130173833,11976,route_partitioned,0.98,42,5,0.4,14,210,185,0.6761904761904762,True,0.029195011337868476,low_coverage,43,80,0.5375
0.8809523809523809,3.425974565469057,0.03549446989680225,0.39844509232264347,3.387773725994483,0.03769841269841269,0.7757903687624704,11977,route_partitioned,0.98,42,5,0.4,14,210,189,0.6904761904761905,True,0.04743393956221947,low_coverage,44,80,0.55
0.8809523809523809,3.3961527077075226,0.036724981485753136,0.414717106354737,3.349000653041658,0.039434523809523815,0.7837645307963063,11978,route_partitioned,0.98,42,5,0.4,14,210,185,0.6666666666666666,True,0.04937108408984965,low_coverage,45,80,0.5625
0.9047619047619048,3.3814481548817894,0.036826454922719985,0.40743360050290756,3.3619421079384932,0.037822420634920625,0.7711513831382134,11979,route_partitioned,0.98,42,5,0.4,14,210,184,0.6666666666666666,True,0.038803200047895954,low_coverage,44,80,0.55
1.0,3.705014036105278,0.025398584179747614,0.1404344193817879,3.6756708557460303,0.026909722222222224,0.9539033433527061,11980,extended_audit,0.0,42,5,0.4,14,210,203,0.9428571428571428,False,0.0,risk_weighted,5,80,0.0625
1.0,3.6949164493881845,0.025723306247088663,0.15912983898595412,3.683330835150464,0.026183390022675737,0.9548726049647328,11981,extended_audit,0.0,42,5,0.4,14,210,199,0.9333333333333333,False,0.0,risk_weighted,3,80,0.0375
1.0,3.711524865867771,0.02499970477438859,0.12362952053673704,3.696265230621926,0.025722789115646256,0.9431511368480142,11982,extended_audit,0.0,42,5,0.4,14,210,200,0.9428571428571428,False,0.0,risk_weighted,2,80,0.025
1.0,3.700981418961187,0.02550716895919581,0.14758586361373816,3.6855583601920734,0.026201105442176867,0.9511954522546993,11983,extended_audit,0.0,42,5,0.4,14,210,199,0.9333333333333333,False,0.0,risk_weighted,3,80,0.0375
1.0,3.717747997792515,0.024781341107871717,0.11013929381276322,3.7087023098145755,0.025209041950113375,0.9432142530693177,11984,extended_audit,0.0,42,5,0.4,14,210,204,0.9571428571428572,False,0.0,risk_weighted,3,80,0.0375
1.0,3.6809115059670914,0.026147959183673467,0.16768707482993195,3.6531427169770274,0.02744118480725623,0.9450551289936163,11985,extended_audit,0.0,42,5,0.4,14,210,190,0.8809523809523809,True,0.0,risk_weighted,5,80,0.0625
1.0,3.711613926291502,0.02504463400119024,0.12642521797451378,3.684340391493321,0.026413690476190476,0.9553836595501101,11986,extended_audit,0.0,42,5,0.4,14,210,201,0.9380952380952381,False,0.0,risk_weighted,4,80,0.05
1.0,3.702405009436052,0.02555573091818524,0.1444333831093414,3.6880929737552335,0.026130243764172334,0.951447888621849,11987,extended_audit,0.0,42,5,0.4,14,210,204,0.9571428571428572,False,0.0,risk_weighted,3,80,0.0375
1.0,3.6985121013209508,0.02561032554686845,0.1515076618882849,3.6773183121165087,0.02662627551020408,0.9441702053358547,11988,extended_audit,0.0,42,5,0.4,14,210,193,0.9142857142857143,False,0.0,risk_weighted,1,80,0.0125
1.0,3.7136392136335146,0.024948706430817414,0.12120457939273277,3.7019102056395323,0.02545705782312925,0.9519336645984994,11989,extended_audit,0.0,42,5,0.4,14,210,201,0.9476190476190476,False,0.0,risk_weighted,2,80,0.025
1.0,3.6887117573729435,0.026187099613673045,0.17249417249417265,3.657251909449101,0.02784863945578231,0.942089807299241,11990,extended_audit,0.0,42,5,0.4,14,210,198,0.9142857142857143,False,0.0,risk_weighted,6,80,0.075
1.0,3.7089351914416646,0.025160154530783907,0.1298701298701299,3.6817292612997514,0.026537698412698412,0.9529261593798113,11991,extended_audit,0.0,42,5,0.4,14,210,199,0.9380952380952381,False,0.0,risk_weighted,2,80,0.025
1.0,3.707722261464341,0.025224089004999773,0.1318312559923298,3.699251215461157,0.025616496598639453,0.9446697167766174,11992,extended_audit,0.0,42,5,0.4,14,210,201,0.9428571428571428,False,0.0,risk_weighted,3,80,0.0375
1.0,3.7075288507119315,0.025233507750990272,0.13519813519813528,3.68493698137705,0.02630739795918367,0.9390287420567609,11993,extended_audit,0.0,42,5,0.4,14,210,196,0.9142857142857143,False,0.0,risk_weighted,4,80,0.05
1.0,3.7006735718481916,0.025493460166468487,0.14893267651888342,3.6734604119959786,0.02685657596371882,0.9508844122120576,11994,extended_audit,0.0,42,5,0.4,14,210,204,0.9380952380952381,False,0.0,risk_weighted,7,80,0.0875
1.0,3.702691571507247,0.025342194009125175,0.13933601609657953,3.6842042751522546,0.026183390022675734,0.9501177323592027,11995,extended_audit,0.0,42,5,0.4,14,210,196,0.9285714285714286,False,0.0,risk_weighted,1,80,0.0125
1.0,3.683421503467029,0.026085606335075825,0.1699212058924291,3.659926549481581,0.027193168934240362,0.9511519090144329,11996,extended_audit,0.0,42,5,0.4,14,210,198,0.9238095238095239,False,0.0,risk_weighted,4,80,0.05
1.0,3.690202457676688,0.02601755401234568,0.17013888888888906,3.670766110796146,0.026874291383219954,0.9393371197381049,11997,extended_audit,0.0,42,5,0.4,14,210,193,0.919047619047619,False,0.0,risk_weighted,0,80,0.0
1.0,3.693794384816499,0.025803531009506563,0.16176967240797047,3.666583542848718,0.02719316893424036,0.9536696122040745,11998,extended_audit,0.0,42,5,0.4,14,210,201,0.9428571428571428,False,0.0,risk_weighted,3,80,0.0375
1.0,3.689566042440477,0.02577629691332315,0.15532879818594103,3.670821119041887,0.026714852607709748,0.9461474218636882,11999,extended_audit,0.0,42,5,0.4,14,210,197,0.9380952380952381,False,0.0,risk_weighted,0,80,0.0
1.0,3.6936310692839363,0.025783815505250406,0.1609456503449438,3.669623321838065,0.026892006802721084,0.9455970328367167,12000,extended_audit,0.0,42,5,0.4,14,210,196,0.9142857142857143,False,0.0,risk_weighted,4,80,0.05
1.0,3.6907999243959653,0.025981039931054294,0.16844229217110573,3.6749854967566953,0.02676799886621315,0.9343960522714817,12001,extended_audit,0.0,42,5,0.4,14,210,201,0.9380952380952381,False,0.0,risk_weighted,4,80,0.05
1.0,3.6945324726356623,0.025858732160471475,0.1599360592293455,3.6644807588887764,0.0273171768707483,0.9489482224995687,12002,extended_audit,0.0,42,5,0.4,14,210,201,0.9285714285714286,False,0.0,risk_weighted,6,80,0.075
1.0,3.70203358357461,0.02545356741160937,0.14485514485514495,3.6711754890857913,0.027069160997732423,0.9545687917802773,12003,extended_audit,0.0,42,5,0.4,14,210,200,0.9380952380952381,False,0.0,risk_weighted,3,80,0.0375
1.0,3.7114422216087095,0.025042796086567138,0.12850729517396187,3.6983854929907882,0.02565192743764172,0.9414083894943813,12004,extended_audit,0.0,42,5,0.4,14,210,201,0.9523809523809523,False,0.0,risk_weighted,1,80,0.0125
1.0,3.6939646701796462,0.025731272294887038,0.15730706075533663,3.6710017264625026,0.026856575963718817,0.9386156275813003,12005,extended_audit,0.0,42,5,0.4,14,210,196,0.9142857142857143,False,0.0,risk_weighted,4,80,0.05
1.0,3.707394528820383,0.02525950331243136,0.1332842415316644,3.691998356580522,0.025953089569160998,0.9486309168962822,12006,extended_audit,0.0,42,5,0.4,14,210,204,0.9476190476190476,False,0.0,risk_weighted,5,80,0.0625
1.0,3.699578725382346,0.025583526234567902,0.15459656084656093,3.6727298341675407,0.02694515306122449,0.938821949953705,12007,extended_audit,0.0,42,5,0.4,14,210,196,0.919047619047619,False,0.0,risk_weighted,3,80,0.0375
1.0,3.6986312003985855,0.025702932448065992,0.15822357311719015,3.6714738741563204,0.027051445578231293,0.9546472495314146,12008,extended_audit,0.0,42,5,0.4,14,210,203,0.9333333333333333,False,0.0,risk_weighted,7,80,0.0875
1.0,3.7147282602597222,0.024909787861004635,0.12005721016321735,3.7001006349638876,0.025545634920634917,0.9516273587385357,12009,extended_audit,0.0,42,5,0.4,14,210,202,0.9428571428571428,False,0.0,risk_weighted,4,80,0.05
1.0,3.6833474082443782,0.02642417511222176,0.18480725623582783,3.6649173482960706,0.02733489229024943,0.9324323869647416,12010,extended_audit,0.25,42,5,0.4,14,210,197,0.9142857142857143,False,0.0,risk_weighted,5,80,0.0625
1.0,3.668048734201942,0.026784599375650364,0.19938556067588342,3.6496683718953458,0.027742346938775506,0.8970062862324798,12011,extended_audit,0.25,42,5,0.4,14,210,196,0.9,False,0.0,risk_weighted,7,80,0.0875
1.0,3.686961388409662,0.02606420927467301,0.174384236453202,3.6621415971876936,0.027246315192743762,0.9377623964411969,12012,extended_audit,0.25,42,5,0.4,14,210,199,0.9238095238095239,False,0.0,risk_weighted,5,80,0.0625
1.0,3.67667547469253,0.026663412874407152,0.19381107491856686,3.6667456013980475,0.027051445578231293,0.9149578030491389,12013,extended_audit,0.25,42,5,0.4,14,210,196,0.919047619047619,False,0.0,risk_weighted,3,80,0.0375
1.0,3.6807576741417805,0.0264299886470944,0.18791686055529722,3.66259283447416,0.027405753968253965,0.9115537422536493,12014,extended_audit,0.25,42,5,0.4,14,210,200,0.9285714285714286,False,0.0,risk_weighted,5,80,0.0625
1.0,3.6720453632770167,0.02680985861083211,0.19277013130833742,3.6573215761804225,0.027423469387755098,0.9179915007309263,12015,extended_audit,0.25,42,5,0.4,14,210,195,0.9095238095238095,False,0.0,risk_weighted,4,80,0.05
1.0,3.6881485920572263,0.026165150155922936,0.17678182384064756,3.6653722700370692,0.0273171768707483,0.9094060117107264,12016,extended_audit,0.25,42,5,0.4,14,210,191,0.8904761904761904,True,0.0,risk_weighted,4,80,0.05
0.9761904761904762,3.6516560923712786,0.02728157403161038,0.21555980251632434,3.629841259323095,0.02832695578231292,0.8997989648444961,12017,extended_audit,0.25,42,5,0.4,14,210,188,0.8666666666666667,True,0.00513237625038868,risk_weighted,6,80,0.075
1.0,3.6965712892896616,0.025737964030928276,0.15826330532212896,3.679406771820804,0.02657312925170068,0.9210856101640634,12018,extended_audit,0.25,42,5,0.4,14,210,199,0.9380952380952381,False,0.0,risk_weighted,2,80,0.025
1.0,3.6798751440237485,0.02639043719164248,0.1869166271159628,3.658059048751369,0.02745890022675737,0.8923030648066249,12019,extended_audit,0.25,42,5,0.4,14,210,191,0.8809523809523809,True,0.0,risk_weighted,6,80,0.075
1.0,3.6728307301233727,0.026699132812166262,0.1965452847805791,3.6536020297585714,0.02760062358276644,0.8989047128024404,12020,extended_audit,0.25,42,5,0.4,14,210,192,0.8904761904761904,True,0.0,risk_weighted,5,80,0.0625
1.0,3.6801357478450463,0.026511111111111114,0.1914285714285715,3.6631102729781664,0.02724631519274376,0.9176000021013803,12021,extended_audit,0.25,42,5,0.4,14,210,198,0.9095238095238095,False,0.0,risk_weighted,7,80,0.0875
1.0,3.663414728425991,0.0272722386455254,0.21662763466042168,3.641017041469225,0.02845096371882086,0.9049960544511619,12022,extended_audit,0.25,42,5,0.4,14,210,190,0.8666666666666667,True,0.0,risk_weighted,8,80,0.1
1.0,3.6922860077505066,0.025879494349661192,0.16558791801510253,3.6674418485154523,0.02724631519274376,0.8974016584928891,12023,extended_audit,0.25,42,5,0.4,14,210,197,0.8857142857142857,True,0.0,risk_weighted,11,80,0.1375
1.0,3.671069874811694,0.026906745498521904,0.20148321623731458,3.650737967019742,0.02784863945578231,0.9035626045587094,12024,extended_audit,0.25,42,5,0.4,14,210,189,0.8809523809523809,True,0.0,risk_weighted,4,80,0.05
1.0,3.6610958631641934,0.027443519619500596,0.21806239737274224,3.627322251824492,0.029319019274376412,0.9109954432092704,12025,extended_audit,0.25,42,5,0.4,14,210,193,0.8904761904761904,True,0.0,risk_weighted,6,80,0.075
1.0,3.678792581786041,0.026522886060860257,0.1929283341243475,3.655621889792254,0.02770691609977324,0.9256852051417833,12026,extended_audit,0.25,42,5,0.4,14,210,194,0.9,False,0.0,risk_weighted,5,80,0.0625
1.0,3.665105124210171,0.027035743079817254,0.20835284933645593,3.642778796143412,0.028149801587301584,0.9086767745477923,12027,extended_audit,0.25,42,5,0.4,14,210,196,0.9095238095238095,False,0.0,risk_weighted,5,80,0.0625
1.0,3.6887943923258595,0.026132903266878164,0.17566309911586786,3.6705575166135183,0.02708687641723356,0.9039824692109585,12028,extended_audit,0.25,42,5,0.4,14,210,193,0.9,False,0.0,risk_weighted,4,80,0.05
1.0,3.6555866127928103,0.027659953289136056,0.2269224842040376,3.6347204485668336,0.028698979591836732,0.8652637110920071,12029,extended_audit,0.25,42,5,0.4,14,210,190,0.861904761904762,True,0.0,risk_weighted,9,80,0.1125
0.9761904761904762,3.635336048591271,0.02806612841214917,0.23793962029256166,3.6130930550137306,0.029265873015873013,0.8818739445247049,12030,extended_audit,0.25,42,5,0.4,14,210,198,0.8571428571428571,True,0.005665229054584808,risk_weighted,18,80,0.225
1.0,3.7007334736916437,0.025518276603513333,0.14831665150136497,3.6885150559141695,0.026112528344671197,0.9061774281973517,12031,extended_audit,0.25,42,5,0.4,14,210,198,0.9238095238095239,False,0.0,risk_weighted,4,80,0.05
1.0,3.694789461223797,0.0257531163434903,0.16008771929824572,3.6805474995189167,0.026431405895691606,0.9156143928141556,12032,extended_audit,0.25,42,5,0.4,14,210,194,0.9047619047619048,False,0.0,risk_weighted,4,80,0.05
1.0,3.6938938694512005,0.02583968144044321,0.1602443609022557,3.674982827756964,0.02687429138321995,0.9235281245001973,12033,extended_audit,0.25,42,5,0.4,14,210,196,0.919047619047619,False,0.0,risk_weighted,3,80,0.0375
1.0,3.6792291657939167,0.026485293455249765,0.18887823585810182,3.662700279601998,0.027264030612244892,0.918429616818018,12034,extended_audit,0.25,42,5,0.4,14,210,194,0.8857142857142857,True,0.0,risk_weighted,8,80,0.1
1.0,3.683971822766772,0.0263267429760666,0.17634408602150553,3.6720642829626646,0.026892006802721087,0.9074553563141384,12035,extended_audit,0.25,42,5,0.4,14,210,195,0.919047619047619,False,0.0,risk_weighted,2,80,0.025
1.0,3.6680236521179856,0.02671111111111111,0.19333333333333336,3.6451570732200227,0.027866354875283442,0.9196159088733844,12036,extended_audit,0.25,42,5,0.4,14,210,191,0.8952380952380953,True,0.0,risk_weighted,3,80,0.0375
1.0,3.6997031364010615,0.02538370720188902,0.13790970933828084,3.685846542940571,0.026023951247165528,0.9232923538809482,12037,extended_audit,0.25,42,5,0.4,14,210,197,0.919047619047619,False,0.0,risk_weighted,4,80,0.05
1.0,3.6569129614573446,0.02695544448716306,0.1999688764394647,3.6355936195103946,0.02811437074829932,0.9211676736399658,12038,extended_audit,0.25,42,5,0.4,14,210,189,0.8857142857142857,True,0.0,risk_weighted,3,80,0.0375
1.0,3.6630808596611013,0.027006172839506175,0.20800264550264558,3.6221777477293555,0.02915958049886621,0.9090751402230133,12039,extended_audit,0.25,42,5,0.4,14,210,187,0.8571428571428571,True,0.0,risk_weighted,7,80,0.0875
1.0,3.6303565485578777,0.028792344824640097,0.26050420168067245,3.603656750446766,0.030116213151927435,0.8613733417046853,12040,extended_audit,0.5,42,5,0.4,14,210,185,0.8428571428571429,True,0.0,risk_weighted,8,80,0.1
1.0,3.613038434199735,0.028980262817795515,0.26466084826213443,3.5984883344612686,0.029602465986394558,0.8668614170127494,12041,extended_audit,0.5,42,5,0.4,14,210,184,0.8380952380952381,True,0.0,risk_weighted,8,80,0.1
1.0,3.650638435666876,0.027745229776941688,0.23130366900858723,3.621954073857505,0.029248157596371883,0.8813473165192568,12042,extended_audit,0.5,42,5,0.4,14,210,185,0.8380952380952381,True,0.0,risk_weighted,9,80,0.1125
1.0,3.635182881137341,0.028471955230894103,0.2530345471521942,3.6139868464152243,0.029513888888888888,0.8956047351905455,12043,extended_audit,0.5,42,5,0.4,14,210,186,0.8666666666666667,True,0.0,risk_weighted,4,80,0.05
1.0,3.6505251981764375,0.027718082540239462,0.2314727215389467,3.6170584740590956,0.02949617346938776,0.870237995567645,12044,extended_audit,0.5,42,5,0.4,14,210,192,0.8523809523809524,True,0.0,risk_weighted,13,80,0.1625
1.0,3.6384453628951356,0.028340810767505206,0.2501506931886679,3.61659049272416,0.02953160430839002,0.8359522149495605,12045,extended_audit,0.5,42,5,0.4,14,210,190,0.8571428571428571,True,0.0,risk_weighted,10,80,0.125
1.0,3.660460262844893,0.027243311659810754,0.21291647649475132,3.6419996555041956,0.028202947845804988,0.8576031803517145,12046,extended_audit,0.5,42,5,0.4,14,210,182,0.8476190476190476,True,0.0,risk_weighted,4,80,0.05
1.0,3.6141387629670727,0.029014865205341397,0.26764928193499626,3.5939116576759913,0.030098497732426302,0.8505536982716837,12047,extended_audit,0.5,42,5,0.4,14,210,187,0.8523809523809524,True,0.0,risk_weighted,8,80,0.1
1.0,3.6396847848106972,0.028106399006886017,0.24174034434620761,3.613052299091492,0.029602465986394554,0.8619634050024856,12048,extended_audit,0.5,42,5,0.4,14,210,185,0.8476190476190476,True,0.0,risk_weighted,7,80,0.0875
1.0,3.6394761109378075,0.02855851413543721,0.25,3.611498114651793,0.030116213151927442,0.8546024370016214,12049,extended_audit,0.5,42,5,0.4,14,210,184,0.8476190476190476,True,0.0,risk_weighted,6,80,0.075
1.0,3.6533641459344324,0.027444235420585866,0.21959406713505092,3.626252325011741,0.028911564625850338,0.8762208589887094,12050,extended_audit,0.5,42,5,0.4,14,210,181,0.8476190476190476,True,0.0,risk_weighted,3,80,0.0375
1.0,3.632188013451168,0.028554687500000002,0.255654761904762,3.6127244539972185,0.029744189342403627,0.82270578275616,12051,extended_audit,0.5,42,5,0.4,14,210,186,0.8571428571428571,True,0.0,risk_weighted,6,80,0.075
1.0,3.631209351084433,0.028513674197384063,0.2543513957307062,3.583107783261247,0.0313031462585034,0.8718669098960125,12052,extended_audit,0.5,42,5,0.4,14,210,188,0.8333333333333334,True,0.0,risk_weighted,13,80,0.1625
1.0,3.6424025623217475,0.02803359162643515,0.23991507430997894,3.629975358031205,0.028628117913832195,0.8561523541852806,12053,extended_audit,0.5,42,5,0.4,14,210,183,0.8428571428571429,True,0.0,risk_weighted,6,80,0.075
1.0,3.6514669968221205,0.027901051939513474,0.23137973137973145,3.6329588513193887,0.0287875566893424,0.8742307674375568,12054,extended_audit,0.5,42,5,0.4,14,210,186,0.8571428571428571,True,0.0,risk_weighted,6,80,0.075
1.0,3.624735658380459,0.028925619834710738,0.264687693259122,3.5966624489464643,0.03036422902494331,0.8652555450205902,12055,extended_audit,0.5,42,5,0.4,14,210,185,0.8571428571428571,True,0.0,risk_weighted,5,80,0.0625
1.0,3.6011181788445374,0.029746539010336675,0.2848499135627849,3.5621925924532825,0.03188775510204082,0.8290293653584931,12056,extended_audit,0.5,42,5,0.4,14,210,185,0.8142857142857143,True,0.0,risk_weighted,14,80,0.175
1.0,3.637141010515063,0.028435239973701516,0.2509157509157509,3.6177519125440027,0.029478458049886618,0.8762163006526094,12057,extended_audit,0.5,42,5,0.4,14,210,193,0.8761904761904762,True,0.0,risk_weighted,9,80,0.1125
1.0,3.6469587530868437,0.02784599375650364,0.23241167434715826,3.6268584397510653,0.028893849206349204,0.8814171352982109,12058,extended_audit,0.5,42,5,0.4,14,210,187,0.8714285714285714,True,0.0,risk_weighted,4,80,0.05
1.0,3.6366732493808827,0.02864621201105133,0.25378244943462347,3.5973033079964996,0.030700821995464853,0.8734812408291863,12059,extended_audit,0.5,42,5,0.4,14,210,184,0.819047619047619,True,0.0,risk_weighted,12,80,0.15
1.0,3.668825326593216,0.026763210730915463,0.1963896669779024,3.6406875250712374,0.028380102040816323,0.8926755314734517,12060,extended_audit,0.5,42,5,0.4,14,210,197,0.8809523809523809,True,0.0,risk_weighted,12,80,0.15
1.0,3.622613324757813,0.029001762538054796,0.26657625075346614,3.603954812707191,0.029939058956916096,0.8496252059137742,12061,extended_audit,0.5,42,5,0.4,14,210,193,0.8571428571428571,True,0.0,risk_weighted,13,80,0.1625
1.0,3.6105137068960786,0.029129155124653736,0.2706766917293233,3.5790671316222107,0.030824829931972792,0.8619661111397136,12062,extended_audit,0.5,42,5,0.4,14,210,179,0.8333333333333334,True,0.0,risk_weighted,4,80,0.05
0.9761904761904762,3.6317375353325354,0.02804037814452812,0.23839662447257393,3.6092059270352683,0.02937216553287982,0.8350844722671219,12063,extended_audit,0.5,42,5,0.4,14,210,189,0.8476190476190476,True,0.005676110106489862,risk_weighted,11,80,0.1375
1.0,3.640091896150002,0.028216154813582698,0.2440097057931454,3.6227972718429124,0.029071003401360544,0.8616392190948517,12064,extended_audit,0.5,42,5,0.4,14,210,195,0.8666666666666667,True,0.0,risk_weighted,13,80,0.1625
1.0,3.630552659275417,0.028496877054569367,0.2532051282051282,3.6030179250196506,0.03011621315192744,0.8591425604884634,12065,extended_audit,0.5,42,5,0.4,14,210,184,0.8523809523809524,True,0.0,risk_weighted,5,80,0.0625
1.0,3.628782021277069,0.028511966701352753,0.25407066052227356,3.6144307969989677,0.029159580498866213,0.8829665023935847,12066,extended_audit,0.5,42,5,0.4,14,210,184,0.8523809523809524,True,0.0,risk_weighted,5,80,0.0625
0.9761904761904762,3.6164942013605827,0.028721790151619648,0.2580269892973477,3.5945559551806032,0.02985048185941043,0.8798711852764036,12067,extended_audit,0.5,42,5,0.4,14,210,188,0.8380952380952381,True,0.0061434997451749514,risk_weighted,12,80,0.15
1.0,3.6446035832503276,0.027934727610052286,0.23577612863327158,3.6259539785397257,0.02880527210884353,0.8804053890995123,12068,extended_audit,0.5,42,5,0.4,14,210,195,0.8761904761904762,True,0.0,risk_weighted,11,80,0.1375
1.0,3.6176301676864564,0.029162286029254147,0.2701201886505402,3.5929859459514595,0.030665391156462583,0.8548520119504485,12069,extended_audit,0.5,42,5,0.4,14,210,181,0.8333333333333334,True,0.0,risk_weighted,6,80,0.075
1.0,3.55598240298786,0.03148955281772805,0.3250418378213906,3.5279503280716846,0.03303925736961451,0.8020463484200384,12070,extended_audit,0.75,42,5,0.4,14,210,174,0.7619047619047619,True,0.0,risk_weighted,14,80,0.175
0.9761904761904762,3.533015901581721,0.032367643106691754,0.34418423106947715,3.504528858155033,0.033836451247165535,0.8211688087492828,12071,extended_audit,0.75,42,5,0.4,14,210,170,0.7714285714285715,True,0.00819486264451137,risk_weighted,8,80,0.1
1.0,3.578224619588434,0.03063724119417009,0.30347189042841216,3.544767172579591,0.03233064058956916,0.8479782134583616,12072,extended_audit,0.75,42,5,0.4,14,210,181,0.8,True,0.0,risk_weighted,13,80,0.1625
1.0,3.61342190619045,0.029240374609781475,0.27204301075268833,3.5896282051864596,0.03041737528344671,0.8212809141962459,12073,extended_audit,0.75,42,5,0.4,14,210,180,0.8,True,0.0,risk_weighted,12,80,0.15
1.0,3.5752522132260047,0.030675210632490804,0.3035339922132376,3.5578595000665336,0.031533446712018146,0.8070235638429337,12074,extended_audit,0.75,42,5,0.4,14,210,179,0.8095238095238095,True,0.0,risk_weighted,9,80,0.1125
0.9761904761904762,3.5774795472291157,0.030415652099619807,0.30112044817927175,3.5467547819728047,0.03206490929705215,0.8302601645449051,12075,extended_audit,0.75,42,5,0.4,14,210,188,0.819047619047619,True,0.007169534480458859,risk_weighted,16,80,0.2
0.9761904761904762,3.5562323729926026,0.031241817743844325,0.32046540298967496,3.5249827270730343,0.03307468820861678,0.7959348745960937,12076,extended_audit,0.75,42,5,0.4,14,210,185,0.7904761904761904,True,0.007630128642611317,risk_weighted,19,80,0.2375
0.9761904761904762,3.540667247211369,0.031771799628942485,0.33055040197897356,3.5194711898615645,0.03273809523809524,0.8150947405736494,12077,extended_audit,0.75,42,5,0.4,14,210,174,0.7761904761904762,True,0.007870247666166046,risk_weighted,11,80,0.1375
0.9761904761904762,3.5499362566758736,0.03170200525969757,0.32295482295482314,3.5194681426091696,0.033482142857142856,0.7899824493921367,12078,extended_audit,0.75,42,5,0.4,14,210,177,0.780952380952381,True,0.007689400546543416,risk_weighted,13,80,0.1625
0.9761904761904762,3.5286973489610913,0.032265594329913314,0.341321544904607,3.5061489027719146,0.03342899659863946,0.8285454018543031,12079,extended_audit,0.75,42,5,0.4,14,210,171,0.7571428571428571,True,0.008126703450109699,risk_weighted,12,80,0.15
0.9523809523809523,3.549758039839057,0.03105098855359001,0.3141321044546852,3.524950855439389,0.0324546485260771,0.8480537600913619,12080,extended_audit,0.75,42,5,0.4,14,210,180,0.7952380952380952,True,0.014958671640699311,risk_weighted,13,80,0.1625
1.0,3.578276370852957,0.030520753515310136,0.3015622652846628,3.5610094571891797,0.0313562925170068,0.8239738114798164,12081,extended_audit,0.75,42,5,0.4,14,210,177,0.8047619047619048,True,0.0,risk_weighted,8,80,0.1
0.9761904761904762,3.550400332068623,0.031237249848242093,0.3183866606579542,3.5284010633421476,0.03252551020408163,0.7990446998676255,12082,extended_audit,0.75,42,5,0.4,14,210,185,0.7857142857142857,True,0.007580634777570346,risk_weighted,20,80,0.25
0.9761904761904762,3.5424718297767654,0.03148984693653787,0.32434563229265234,3.5146092947350382,0.03289753401360544,0.7817189076788537,12083,extended_audit,0.75,42,5,0.4,14,210,174,0.7571428571428571,True,0.007722515054586969,risk_weighted,15,80,0.1875
1.0,3.5920276385225387,0.030222715318869168,0.2974664224664225,3.5632978556388797,0.03187003968253968,0.8267576941396358,12084,extended_audit,0.75,42,5,0.4,14,210,184,0.8095238095238095,True,0.0,risk_weighted,14,80,0.175
1.0,3.574489445767154,0.03061094132329674,0.3002686968204211,3.5629189287415017,0.03110827664399093,0.8148700122885107,12085,extended_audit,0.75,42,5,0.4,14,210,180,0.8,True,0.0,risk_weighted,12,80,0.15
0.9523809523809523,3.523284623263558,0.032110836139397136,0.33757961783439505,3.50144620116526,0.03330498866213152,0.7992528852489073,12086,extended_audit,0.75,42,5,0.4,14,210,179,0.7761904761904762,True,0.01607521989687597,risk_weighted,16,80,0.2
1.0,3.560764177574209,0.031305821229164324,0.3183477863989046,3.538250678282056,0.03241921768707483,0.7940575566546015,12087,extended_audit,0.75,42,5,0.4,14,210,183,0.7952380952380952,True,0.0,risk_weighted,16,80,0.2
1.0,3.5897171628612368,0.030443839128344818,0.30213984327908383,3.5628795846431554,0.031994047619047616,0.8335457625577215,12088,extended_audit,0.75,42,5,0.4,14,210,178,0.8285714285714286,True,0.0,risk_weighted,4,80,0.05
1.0,3.577810475551294,0.030665685595567864,0.3076441102756893,3.555346287014546,0.03167517006802721,0.8180144582265328,12089,extended_audit,0.75,42,5,0.4,14,210,179,0.7904761904761904,True,0.0,risk_weighted,13,80,0.1625
0.9761904761904762,3.5391280196424315,0.03165452653485953,0.3291858678955455,3.519786252166627,0.032631802721088426,0.8280642084720776,12090,extended_audit,0.75,42,5,0.4,14,210,176,0.7857142857142857,True,0.007837758759417758,risk_weighted,11,80,0.1375
1.0,3.5623206217609473,0.031423934472655186,0.323982398239824,3.522118641181163,0.03369472789115646,0.8110469056793735,12091,extended_audit,0.75,42,5,0.4,14,210,173,0.7619047619047619,True,0.0,risk_weighted,13,80,0.1625
0.9761904761904762,3.5351469222076597,0.031997984378936764,0.3308390022675738,3.514971277736483,0.03302154195011337,0.809238755194805,12092,extended_audit,0.75,42,5,0.4,14,210,180,0.7904761904761904,True,0.007877119101608909,risk_weighted,14,80,0.175
1.0,3.5477767525712447,0.03192507804370447,0.33348694316436256,3.511731276022883,0.03411989795918368,0.8076687754066915,12093,extended_audit,0.75,42,5,0.4,14,210,170,0.780952380952381,True,0.0,risk_weighted,6,80,0.075
0.9761904761904762,3.5405091156330863,0.032058734198426905,0.33695484666358455,3.5039374310093883,0.03426162131519274,0.8171797098723529,12094,extended_audit,0.75,42,5,0.4,14,210,174,0.7666666666666667,True,0.00802273444437107,risk_weighted,13,80,0.1625
1.0,3.584412331110845,0.030264675560636525,0.2979613570667885,3.5578245948935425,0.03171060090702948,0.8359281681830874,12095,extended_audit,0.75,42,5,0.4,14,210,182,0.819047619047619,True,0.0,risk_weighted,10,80,0.125
1.0,3.56218369297941,0.031101675019649073,0.31484862315533246,3.5408055583292817,0.03222434807256236,0.8106937588624906,12096,extended_audit,0.75,42,5,0.4,14,210,177,0.7857142857142857,True,0.0,risk_weighted,12,80,0.15
0.9761904761904762,3.5576079730769954,0.03142166084385918,0.32341920374707267,3.526984061467625,0.033145549886621314,0.8263256216766973,12097,extended_audit,0.75,42,5,0.4,14,210,181,0.7857142857142857,True,0.007700457232073167,risk_weighted,16,80,0.2
1.0,3.5443712286011,0.032232383643980934,0.3386660657954035,3.523110011186084,0.03337585034013605,0.7718254672192032,12098,extended_audit,0.75,42,5,0.4,14,210,173,0.7714285714285715,True,0.0,risk_weighted,11,80,0.1375
1.0,3.5936945451924136,0.029964076622574127,0.2893357990445371,3.5735568917700125,0.03087797619047619,0.8403689738171022,12099,extended_audit,0.75,42,5,0.4,14,210,187,0.8333333333333334,True,0.0,risk_weighted,12,80,0.15
0.9285714285714286,3.5139539733517595,0.03245417231004642,0.3432093094472517,3.4914127119724396,0.03362386621315193,0.8008127817916666,12100,extended_audit,0.9,42,5,0.4,14,210,181,0.7666666666666667,True,0.024514950674803682,risk_weighted,20,80,0.25
0.9523809523809523,3.4525670346573296,0.03488309594195109,0.3871194379391101,3.4197824852063117,0.03681264172335601,0.7511959460684411,12101,extended_audit,0.9,42,5,0.4,14,210,172,0.7095238095238096,True,0.018434258949481454,risk_weighted,23,80,0.2875
0.9523809523809523,3.452246676000203,0.03494936165310375,0.38781014023732485,3.4335712277041166,0.035856009070294785,0.7706813157601345,12102,extended_audit,0.9,42,5,0.4,14,210,170,0.719047619047619,True,0.01846714953511073,risk_weighted,19,80,0.2375
0.9761904761904762,3.504693521160619,0.03373307627792482,0.36641521294986656,3.46855833725294,0.03564342403628117,0.774219390202901,12103,extended_audit,0.9,42,5,0.4,14,210,162,0.7,True,0.008724171736901595,risk_weighted,15,80,0.1875
0.9523809523809523,3.4665595757164205,0.034333333333333334,0.3758730158730159,3.432563930685951,0.03621031746031746,0.796198827931755,12104,extended_audit,0.9,42,5,0.4,14,210,167,0.7285714285714285,True,0.017898715041572207,risk_weighted,14,80,0.175
0.9047619047619048,3.4556283314040845,0.03427679500520291,0.37296466973886333,3.4379758174187787,0.03520053854875284,0.7671372128972744,12105,extended_audit,0.9,42,5,0.4,14,210,173,0.7095238095238096,True,0.0355204447370346,risk_weighted,24,80,0.3
0.9285714285714286,3.485990504027581,0.033335124966406886,0.36182669789227173,3.450460490972261,0.03557256235827664,0.7797325776525295,12106,extended_audit,0.9,42,5,0.4,14,210,177,0.7380952380952381,True,0.025844764135162256,risk_weighted,22,80,0.275
0.9523809523809523,3.468854455157815,0.03425590083760851,0.37002986012887007,3.4426951389458695,0.03550170068027211,0.7785593291844911,12107,extended_audit,0.9,42,5,0.4,14,210,171,0.719047619047619,True,0.01762046952994621,risk_weighted,20,80,0.25
0.9047619047619048,3.448760666969983,0.03479364931449406,0.3850967007963595,3.4095968740580282,0.03695436507936508,0.7814980265733361,12108,extended_audit,0.9,42,5,0.4,14,210,174,0.6857142857142857,True,0.03667587626631995,risk_weighted,30,80,0.375
0.9761904761904762,3.490274669587046,0.03359225877573518,0.358968507530808,3.468054158890491,0.03477536848072562,0.7593851321186412,12109,extended_audit,0.9,42,5,0.4,14,210,161,0.7238095238095238,True,0.00854686922692401,risk_weighted,9,80,0.1125
0.9285714285714286,3.5050893775487064,0.03278377466689155,0.3501855287569575,3.486186731332062,0.033694727891156455,0.7898568198789223,12110,extended_audit,0.9,42,5,0.4,14,210,180,0.7619047619047619,True,0.025013252054068385,risk_weighted,20,80,0.25
0.9761904761904762,3.4814866957812973,0.03396322507400609,0.36691484411354125,3.4613216396811257,0.03486394557823129,0.7819570886724856,12111,extended_audit,0.9,42,5,0.4,14,210,173,0.7285714285714285,True,0.008736067716989086,risk_weighted,20,80,0.25
0.8809523809523809,3.407533652499058,0.0359194772159116,0.4031851151056449,3.372784548962684,0.03812358276643991,0.7506689420792734,12112,extended_audit,0.9,42,5,0.4,14,210,185,0.6952380952380952,True,0.04799822798876726,risk_weighted,39,80,0.4875
0.9523809523809523,3.473780547083992,0.03442569725914056,0.3821081830790569,3.4473998676352364,0.035926870748299325,0.7789929740065907,12113,extended_audit,0.9,42,5,0.4,14,210,171,0.7380952380952381,True,0.0181956277656694,risk_weighted,16,80,0.2
0.9523809523809523,3.493661465951553,0.033263477975016435,0.355921855921856,3.474622298896664,0.03420847505668934,0.7795544604424288,12114,extended_audit,0.9,42,5,0.4,14,210,173,0.7380952380952381,True,0.016948659805802686,risk_weighted,18,80,0.225
0.9523809523809523,3.4787937405621627,0.03417360924482666,0.37416081186573,3.449714635175508,0.03573200113378684,0.7654186486185899,12115,extended_audit,0.9,42,5,0.4,14,210,167,0.7333333333333333,True,0.017817181517415737,risk_weighted,13,80,0.1625
0.9523809523809523,3.5234883337656067,0.03213907785336356,0.33869992441421015,3.4996573156282853,0.03362386621315193,0.7744521687291721,12116,extended_audit,0.9,42,5,0.4,14,210,179,0.7761904761904762,True,0.01612856782924812,risk_weighted,16,80,0.2
0.9285714285714286,3.4275887460148686,0.03552052629330599,0.3960473078120137,3.4055635012740058,0.03670634920634921,0.7633783133551016,12117,extended_audit,0.9,42,5,0.4,14,210,171,0.7095238095238096,True,0.028289093415143823,risk_weighted,22,80,0.275
0.9523809523809523,3.471786242659455,0.03417488999957281,0.3761282290694057,3.4405345950072053,0.036121740362811794,0.7940052991846377,12118,extended_audit,0.9,42,5,0.4,14,210,161,0.719047619047619,True,0.0179108680509241,risk_weighted,10,80,0.125
0.9285714285714286,3.478196061589971,0.03364593885131087,0.3646864686468647,3.451919756124386,0.03505881519274377,0.7989494699115159,12119,extended_audit,0.9,42,5,0.4,14,210,169,0.719047619047619,True,0.02604903347477604,risk_weighted,18,80,0.225
0.9047619047619048,3.445751287935079,0.03475159126831561,0.38437597261126677,3.417629035084718,0.036387471655328796,0.7707449278919974,12120,extended_audit,0.9,42,5,0.4,14,210,170,0.6904761904761905,True,0.03660723548678731,risk_weighted,25,80,0.3125
0.9285714285714286,3.463632098570187,0.034087610857296426,0.37213114754098364,3.437217956361911,0.03557256235827664,0.8055599619303647,12121,extended_audit,0.9,42,5,0.4,14,210,175,0.719047619047619,True,0.02658079625292739,risk_weighted,24,80,0.3
0.9761904761904762,3.470851582331893,0.03460374544976098,0.38205613371176295,3.432145447890706,0.03679492630385488,0.7586129813570096,12122,extended_audit,0.9,42,5,0.4,14,210,167,0.7238095238095238,True,0.009096574612184842,risk_weighted,15,80,0.1875
1.0,3.513234986112467,0.03288098547464695,0.34550953932061423,3.4834688323004053,0.034562783446712014,0.7976410415842378,12123,extended_audit,0.9,42,5,0.4,14,210,162,0.7428571428571429,True,0.0,risk_weighted,6,80,0.075
0.9761904761904762,3.5138932372330394,0.03309318931765853,0.3574530789514503,3.485123644834935,0.03466907596371882,0.7783833727166062,12124,extended_audit,0.9,42,5,0.4,14,210,171,0.7523809523809524,True,0.008510787594082159,risk_weighted,13,80,0.1625
0.9761904761904762,3.516623360115305,0.0326151121605667,0.345856524427953,3.492599877439975,0.03381873582766439,0.8083131653045039,12125,extended_audit,0.9,42,5,0.4,14,210,175,0.7714285714285715,True,0.00823467915304651,risk_weighted,13,80,0.1625
0.9523809523809523,3.496999296066048,0.03330592105263158,0.3610588972431079,3.4668410793014632,0.03491709183673469,0.7868549055766422,12126,extended_audit,0.9,42,5,0.4,14,210,177,0.7476190476190476,True,0.017193280821100394,risk_weighted,20,80,0.25
0.9523809523809523,3.4638177766059934,0.034617979423174225,0.383426097711812,3.433567605989763,0.03645833333333333,0.7834118883963176,12127,extended_audit,0.9,42,5,0.4,14,210,167,0.7285714285714285,True,0.018258385605324404,risk_weighted,14,80,0.175
0.8571428571428571,3.4118492526210757,0.0352912030989595,0.38910194950463417,3.38957459120572,0.03642290249433107,0.7939897997109204,12128,extended_audit,0.9,42,5,0.4,14,210,186,0.7047619047619048,True,0.055585992786376326,risk_weighted,38,80,0.475
1.0,3.516107795305025,0.033331769562769745,0.3615459882583172,3.4521952719128888,0.03716695011337868,0.7963937983280588,12129,extended_audit,0.9,42,5,0.4,14,210,165,0.7238095238095238,True,0.0,risk_weighted,13,80,0.1625
0.9047619047619048,3.429666253834524,0.035213319458896976,0.3895545314900155,3.4070605297340975,0.03652919501133786,0.761931833704493,12130,extended_audit,0.98,42,5,0.4,14,210,172,0.7,True,0.03710043157047767,risk_weighted,25,80,0.3125
0.9285714285714286,3.426609061318493,0.03571545273339215,0.39878987898789897,3.400617853461737,0.03707837301587302,0.761459694620516,12131,extended_audit,0.98,42,5,0.4,14,210,168,0.6857142857142857,True,0.028484991356278484,risk_weighted,24,80,0.3
0.9523809523809523,3.4305891123739474,0.03567957795363043,0.39682539682539697,3.3909288433454545,0.0379109977324263,0.7975120301369278,12132,extended_audit,0.98,42,5,0.4,14,210,163,0.6761904761904762,True,0.018896447467876068,risk_weighted,21,80,0.2625
0.9761904761904762,3.4708173171184384,0.0345178324099723,0.37813283208020065,3.44421934173054,0.03582057823129251,0.7990673408676936,12133,extended_audit,0.98,42,5,0.4,14,210,174,0.719047619047619,True,0.009003162668576216,risk_weighted,23,80,0.2875
0.9285714285714286,3.4474466603026923,0.034705938524546676,0.3788583837443773,3.428013439393392,0.03564342403628117,0.7833474868958533,12134,extended_audit,0.98,42,5,0.4,14,210,168,0.7238095238095238,True,0.027061313124598366,risk_weighted,16,80,0.2
0.8809523809523809,3.374658719668771,0.03711905401773716,0.4178766588602656,3.3457700899683407,0.03892077664399092,0.7316170674512034,12135,extended_audit,0.98,42,5,0.4,14,210,170,0.6761904761904762,True,0.04974722129288877,risk_weighted,28,80,0.35
0.8571428571428571,3.378952001217939,0.03697295911828784,0.4139433551198257,3.3594098019577086,0.037981859410430835,0.7259174277954643,12136,extended_audit,0.98,42,5,0.4,14,210,175,0.6714285714285714,True,0.05913476501711798,risk_weighted,34,80,0.425
0.9285714285714286,3.418756407537395,0.03623580313683071,0.40919158361018826,3.3831529237852664,0.03830073696145125,0.7400534304006584,12137,extended_audit,0.98,42,5,0.4,14,210,164,0.6904761904761905,True,0.029227970257870578,risk_weighted,19,80,0.2375
0.9047619047619048,3.401934910568431,0.03655211218836565,0.4129072681704262,3.3835894291417095,0.03734410430839002,0.752978706240839,12138,extended_audit,0.98,42,5,0.4,14,210,170,0.6904761904761905,True,0.039324501730516784,risk_weighted,25,80,0.3125
0.8571428571428571,3.3516566043722933,0.037828535328780395,0.4240924092409242,3.3250694259215683,0.039452239229024945,0.7071866717437012,12139,extended_audit,0.98,42,5,0.4,14,210,174,0.6571428571428571,True,0.06058462989156062,risk_weighted,36,80,0.45
0.8809523809523809,3.397655672178116,0.036610793369753876,0.4153258573053795,3.3646129453293376,0.03837159863945578,0.7490430299021084,12140,extended_audit,0.98,42,5,0.4,14,210,169,0.6619047619047619,True,0.049443554441116616,risk_weighted,30,80,0.375
0.9761904761904762,3.4530856635262195,0.03510288412885816,0.388682745825603,3.4260948764646493,0.03661777210884354,0.7288152157745595,12141,extended_audit,0.98,42,5,0.4,14,210,164,0.6952380952380952,True,0.009254351091085796,risk_weighted,18,80,0.225
0.9285714285714286,3.440153370077442,0.03539237045580759,0.39760348583878,3.4093079782966758,0.03720238095238094,0.7158576003034142,12142,extended_audit,0.98,42,5,0.4,14,210,171,0.7047619047619048,True,0.028400248988484277,risk_weighted,23,80,0.2875
0.8333333333333334,3.3943363569666114,0.036038583592547205,0.402758514409,3.3757309813506287,0.03713151927437641,0.7364859942445712,12143,extended_audit,0.98,42,5,0.4,14,210,183,0.6857142857142857,True,0.06712641906816666,risk_weighted,39,80,0.4875
0.8809523809523809,3.387416411400852,0.03665507097236049,0.4109730848861284,3.359270010955098,0.038318452380952384,0.7453511344723082,12144,extended_audit,0.98,42,5,0.4,14,210,171,0.6714285714285714,True,0.048925367248348624,risk_weighted,30,80,0.375
0.9285714285714286,3.460597084206911,0.03436498566368696,0.3755411255411256,3.430665917571334,0.036139455782312924,0.7485324394140623,12145,extended_audit,0.98,42,5,0.4,14,210,183,0.7333333333333333,True,0.026824366110080388,risk_weighted,29,80,0.3625
0.9285714285714286,3.442142307776881,0.03473515668398523,0.37945937450887945,3.4192991786527003,0.03589143990929705,0.7701411494450449,12146,extended_audit,0.98,42,5,0.4,14,210,175,0.7047619047619048,True,0.02710424103634852,risk_weighted,27,80,0.3375
0.9285714285714286,3.4319462545297252,0.035715484166843774,0.4001433349259438,3.3981015329587576,0.037538973922902494,0.7610717153942175,12147,extended_audit,0.98,42,5,0.4,14,210,171,0.7,True,0.028581666780424543,risk_weighted,24,80,0.3
0.8571428571428571,3.3995197468510754,0.03607945588036574,0.4055608820709493,3.3727429316280797,0.03752125850340136,0.7581442304354199,12148,extended_audit,0.98,42,5,0.4,14,210,174,0.6714285714285714,True,0.05793726886727849,risk_weighted,33,80,0.4125
0.9285714285714286,3.4054892465067,0.0364779052162642,0.40774791764890783,3.3784174492580696,0.03789328231292517,0.7705328768157321,12149,extended_audit,0.98,42,5,0.4,14,210,169,0.6904761904761905,True,0.02912485126063626,risk_weighted,24,80,0.3
0.9047619047619048,3.446242914857961,0.034845090010044044,0.387201392184781,3.412154735537153,0.03677721088435374,0.767364290258493,12150,extended_audit,0.98,42,5,0.4,14,210,168,0.6952380952380952,True,0.03687632306521724,risk_weighted,22,80,0.275
0.9761904761904762,3.437446552523512,0.03548237476808905,0.39069264069264076,3.4147849785367104,0.0366532029478458,0.7547914052110148,12151,extended_audit,0.98,42,5,0.4,14,210,163,0.6952380952380952,True,0.00930220573077717,risk_weighted,17,80,0.2125
0.9047619047619048,3.406405911137559,0.036093076702097104,0.40024213075060544,3.3811756195722316,0.03727324263038548,0.7988980659964953,12152,extended_audit,0.98,42,5,0.4,14,210,167,0.6857142857142857,True,0.038118298166724324,risk_weighted,23,80,0.2875
0.8809523809523809,3.4191988324242883,0.03564837082359257,0.3972766364070712,3.388620710144269,0.03734410430839002,0.7428689485466146,12153,extended_audit,0.98,42,5,0.4,14,210,177,0.680952380952381,True,0.047294837667508485,risk_weighted,34,80,0.425
0.8333333333333334,3.363377654256004,0.03706666666666668,0.41873015873015884,3.337717694177129,0.038672760770975055,0.7590790710180665,12154,extended_audit,0.98,42,5,0.4,14,210,179,0.6571428571428571,True,0.06978835978835979,risk_weighted,41,80,0.5125
0.8809523809523809,3.381664488332884,0.03686105885514647,0.4125683060109291,3.35871939218251,0.03814129818594104,0.7338392985075285,12155,extended_audit,0.98,42,5,0.4,14,210,169,0.6619047619047619,True,0.049115274525110615,risk_weighted,30,80,0.375
0.9047619047619048,3.381496052898764,0.03712556466821631,0.4157994323557239,3.3550862542134494,0.03858418367346938,0.7669784294056384,12156,extended_audit,0.98,42,5,0.4,14,210,171,0.6714285714285714,True,0.03959994593864037,risk_weighted,30,80,0.375
0.8809523809523809,3.400028133152352,0.03620798621085895,0.4070217917675545,3.3659647157990036,0.03819444444444445,0.7919320685659955,12157,extended_audit,0.98,42,5,0.4,14,210,176,0.6857142857142857,True,0.04845497521042316,risk_weighted,32,80,0.4
0.9523809523809523,3.4154164948904784,0.03633416091328549,0.40700657367324045,3.375465724982531,0.03872590702947845,0.775813642794633,12158,extended_audit,0.98,42,5,0.4,14,210,164,0.6904761904761905,True,0.01938126541301147,risk_weighted,19,80,0.2375
0.8809523809523809,3.364383494851314,0.037535470121286864,0.4212390838688418,3.314193724127189,0.04101119614512471,0.7642101683016923,12159,extended_audit,0.98,42,5,0.4,14,210,162,0.6523809523809524,True,0.050147509984385934,risk_weighted,25,80,0.3125
