seed,condition,dependency,n_strata,items_per_stratum,hard_fraction,stopped_round,no_new_rounds,recall,false_completion,exposure_gini,exposure_entropy,exposure_hhi,exposure_max_mass,discovery_gini,discovery_entropy,discovery_hhi,discovery_max_mass,exposure_coverage_ratio,discovery_coverage_ratio,discovery_per_exposure,effective_rank_exposure,effective_rank_discovery,scout_strategy,scout_new_items,scout_cost,scout_novelty_per_cost
30000,homogeneous,0.0,18,8,0.25,14,1,0.8402777777777778,True,0.26223544973544977,2.71287276313008,0.06923185941043085,0.08630952380952381,0.2457689477557028,2.723141663947992,0.06828647866321653,0.07947019867549669,0.9444444444444444,0.9444444444444444,0.8988095238095238,0.722883892134198,0.667791600163712,none,0,0,
30001,homogeneous,0.0,18,8,0.25,14,0,0.8263888888888888,True,0.2840608465608465,2.6821779560930823,0.07119827097505668,0.09523809523809523,0.24261129816685378,2.6999486683509772,0.06902923737940574,0.08080808080808081,0.8888888888888888,0.8888888888888888,0.8839285714285714,0.7158701974894939,0.6248585086043897,none,0,0,
30002,homogeneous,0.0,18,8,0.25,14,0,0.8333333333333334,True,0.29960317460317465,2.692581273333434,0.0717297335600907,0.10119047619047619,0.24459876543209869,2.720729051601758,0.06845582561728396,0.08333333333333333,0.9444444444444444,0.9444444444444444,0.8571428571428571,0.7605972044596624,0.6642990657155924,none,0,0,
30003,homogeneous,0.0,18,8,0.25,14,0,0.8333333333333334,True,0.2843915343915344,2.6980937326200034,0.07112740929705216,0.11011904761904762,0.24346978557504872,2.7222367039346302,0.06834102800861803,0.08421052631578947,0.9444444444444444,0.9444444444444444,0.8482142857142857,0.8139773971525132,0.6865998082355477,none,0,0,
30004,homogeneous,0.0,18,8,0.25,14,1,0.8194444444444444,True,0.29861111111111116,2.686984096958147,0.07201318027210886,0.10416666666666667,0.26109215017064846,2.707876083001416,0.06964554042563105,0.08191126279863481,0.9444444444444444,0.9444444444444444,0.8720238095238095,0.721922130173977,0.6036284203184862,none,0,0,
30005,homogeneous,0.0,18,8,0.25,14,1,0.8402777777777778,True,0.27414021164021163,2.7104930578042574,0.07020620748299321,0.09226190476190477,0.24303293521534552,2.72587955776475,0.0684463495633906,0.0781758957654723,1.0,1.0,0.9136904761904762,0.6545269332612997,0.6250574948074008,none,0,0,
30006,homogeneous,0.0,18,8,0.25,14,0,0.8402777777777778,True,0.2701719576719577,2.7157621539989143,0.06963931405895693,0.09226190476190477,0.22860360360360366,2.734873545219291,0.06761322132943753,0.08108108108108109,1.0,1.0,0.8809523809523809,0.7497268117523119,0.6382047453250089,none,0,0,
30007,homogeneous,0.0,18,8,0.25,14,2,0.8125,True,0.2827380952380951,2.677685012808494,0.07160572562358278,0.09821428571428571,0.2513935340022295,2.692000661081947,0.06992091811053566,0.0802675585284281,0.9444444444444444,0.9444444444444444,0.8898809523809523,0.727359694385003,0.6143612743282824,none,0,0,
30008,homogeneous,0.0,18,8,0.25,14,0,0.8125,True,0.2761243386243386,2.6861941261106335,0.07087939342403628,0.08928571428571429,0.2623873873873874,2.6956671790581006,0.0700100438276114,0.08108108108108109,0.9444444444444444,0.9444444444444444,0.8809523809523809,0.7247180318196166,0.6052223184137691,none,0,0,
30009,homogeneous,0.0,18,8,0.25,14,0,0.8263888888888888,True,0.28075396825396814,2.6934000740879256,0.07087939342403626,0.08928571428571429,0.24247491638795982,2.710443982106585,0.06900370241943603,0.0802675585284281,1.0,1.0,0.8898809523809523,0.6966540363277943,0.5952260585610166,none,0,0,
30010,homogeneous,0.0,18,8,0.25,14,1,0.8125,True,0.29761904761904767,2.6925006384163503,0.07197774943310657,0.10119047619047619,0.257716049382716,2.717108641220577,0.06932388117283951,0.08333333333333333,1.0,1.0,0.8571428571428571,0.7412301456875924,0.6687759629855957,none,0,0,
30011,homogeneous,0.0,18,8,0.25,14,0,0.8333333333333334,True,0.28902116402116396,2.6928195291976182,0.07135770975056689,0.09523809523809523,0.2516116799393249,2.713776470813782,0.06894663886591575,0.08191126279863481,0.9444444444444444,0.9444444444444444,0.8720238095238095,0.7315873536656211,0.6588995987185202,none,0,0,
30012,homogeneous,0.0,18,8,0.25,14,0,0.8472222222222222,True,0.2513227513227514,2.733920115399781,0.06825751133786848,0.08333333333333333,0.23574561403508776,2.744489010606683,0.06734764542936289,0.07894736842105263,1.0,1.0,0.9047619047619048,0.7120722886801274,0.6467897527988073,none,0,0,
30013,homogeneous,0.0,18,8,0.25,14,0,0.9097222222222222,False,0.2585978835978835,2.767480077553147,0.06728316326530613,0.09523809523809523,0.22919020715630878,2.7888842368135767,0.0651422005170928,0.08135593220338982,1.0,1.0,0.8779761904761905,0.7499944016712449,0.6637358325248268,none,0,0,
30014,homogeneous,0.0,18,8,0.25,14,1,0.8402777777777778,True,0.2589285714285714,2.722833675474101,0.06921414399092969,0.09523809523809523,0.23521657250470818,2.7380814527007633,0.06776213731686297,0.08135593220338982,1.0,1.0,0.8779761904761905,0.697069326124968,0.6564237598721977,none,0,0,
30015,homogeneous,0.0,18,8,0.25,14,1,0.8055555555555556,True,0.32308201058201047,2.6766144445464275,0.07385558390022676,0.10416666666666667,0.2668615984405458,2.7108498726941743,0.069818405663281,0.08421052631578947,1.0,1.0,0.8482142857142857,0.7356916667640295,0.6178767020940171,none,0,0,
30016,homogeneous,0.0,18,8,0.25,14,1,0.7986111111111112,True,0.2936507936507937,2.6655262123898504,0.07236748866213152,0.08928571428571429,0.268995799923635,2.6795773134881666,0.07091319186122035,0.08247422680412371,0.9444444444444444,0.9444444444444444,0.8660714285714286,0.7406627201163481,0.6745332093898618,none,0,0,
30017,homogeneous,0.0,18,8,0.25,14,1,0.8125,True,0.2886904761904763,2.674076087575074,0.07187145691609977,0.10119047619047619,0.2621765601217656,2.688698380499958,0.07025239256896228,0.0821917808219178,0.9444444444444444,0.9444444444444444,0.8690476190476191,0.7406631659407784,0.6137293590956505,none,0,0,
30018,homogeneous,0.0,18,8,0.25,14,1,0.8333333333333334,True,0.26157407407407396,2.7158999801136297,0.06939129818594104,0.08928571428571429,0.23812196034418265,2.7289263177797287,0.06821299413892007,0.08080808080808081,1.0,1.0,0.8839285714285714,0.745400096104018,0.6648068314018976,none,0,0,
30019,homogeneous,0.0,18,8,0.25,14,2,0.8194444444444444,True,0.30588624338624326,2.683546814383279,0.07254464285714286,0.10119047619047619,0.2711962833914052,2.706414175305154,0.07008704731148854,0.08362369337979095,1.0,1.0,0.8541666666666666,0.7650784365843925,0.6343374945265947,none,0,0,
30020,homogeneous,0.0,18,8,0.25,14,2,0.8402777777777778,True,0.2579365079365079,2.729281926728074,0.06878897392290251,0.08630952380952381,0.23625140291806956,2.743570370216148,0.06753279143851534,0.08080808080808081,1.0,1.0,0.8839285714285714,0.7458817775753998,0.6446282199013492,none,0,0,
30021,homogeneous,0.0,18,8,0.25,14,2,0.8333333333333334,True,0.28935185185185186,2.698016075127918,0.07121598639455783,0.09226190476190477,0.24712643678160906,2.720995463805848,0.06882282996432819,0.07931034482758621,1.0,1.0,0.8630952380952381,0.7497922346149847,0.6763866285253778,none,0,0,
30022,homogeneous,0.0,18,8,0.25,14,1,0.8194444444444444,True,0.3025793650793651,2.6752725063471163,0.07247378117913833,0.10119047619047619,0.26250477281405105,2.6960575871332804,0.07001570600252714,0.08247422680412371,0.9444444444444444,0.9444444444444444,0.8660714285714286,0.7170733278516859,0.6430690825014088,none,0,0,
30023,homogeneous,0.0,18,8,0.25,14,1,0.8472222222222222,True,0.2843915343915344,2.7078884331535384,0.07075538548752835,0.10416666666666667,0.24463276836158188,2.7306080882033648,0.06824475725366275,0.08135593220338982,1.0,1.0,0.8779761904761905,0.7028928841874439,0.6122638961384915,none,0,0,
30024,homogeneous,0.0,18,8,0.25,14,0,0.8402777777777778,True,0.29133597883597884,2.7075722671147906,0.07098568594104308,0.09821428571428571,0.2541046200840016,2.7301539941433393,0.06852776892100944,0.08247422680412371,1.0,1.0,0.8660714285714286,0.738048535607171,0.6694802369134747,none,0,0,
30025,homogeneous,0.0,18,8,0.25,14,0,0.8333333333333334,True,0.3009259259259258,2.689403140174852,0.07180059523809523,0.10119047619047619,0.2524565381708239,2.7142083821754994,0.06881392012587348,0.08163265306122448,0.9444444444444444,0.9444444444444444,0.875,0.6669026361353759,0.6137213227644511,none,0,0,
30026,homogeneous,0.0,18,8,0.25,14,0,0.8333333333333334,True,0.27182539682539675,2.705426985022843,0.06994047619047619,0.09226190476190477,0.2424924924924925,2.720937610838916,0.0683436815193572,0.08108108108108109,0.9444444444444444,0.9444444444444444,0.8809523809523809,0.7571314185986472,0.6772476457135795,none,0,0,
30027,homogeneous,0.0,18,8,0.25,14,0,0.8125,True,0.29993386243386233,2.6695165303946706,0.07250921201814059,0.10119047619047619,0.25856873822975524,2.6888966725596077,0.07017523700086181,0.08135593220338982,0.9444444444444444,0.9444444444444444,0.8779761904761905,0.7131468008915406,0.6538979510831434,none,0,0,
30028,homogeneous,0.0,18,8,0.25,14,0,0.8611111111111112,True,0.2681878306878307,2.727335330869542,0.06930272108843538,0.09226190476190477,0.2378234398782344,2.7477586522238067,0.06732032276224431,0.0821917808219178,1.0,1.0,0.8690476190476191,0.7543358228147171,0.6720479880501392,none,0,0,
30029,homogeneous,0.0,18,8,0.25,14,0,0.8472222222222222,True,0.2486772486772486,2.727494001951685,0.06852324263038549,0.08928571428571429,0.24361861861861867,2.737353948218664,0.06781866325785245,0.08108108108108109,1.0,1.0,0.8809523809523809,0.7246374427093057,0.6563823763838845,none,0,0,
30030,homogeneous,0.25,18,8,0.25,14,0,0.8194444444444444,True,0.28009259259259256,2.693583607410879,0.07118055555555557,0.08928571428571429,0.2516805061289047,2.7136355000313435,0.06936335659376147,0.08185053380782918,1.0,1.0,0.8363095238095238,0.784284785485465,0.6682758074829689,none,0,0,
30031,homogeneous,0.25,18,8,0.25,14,1,0.8125,True,0.2671957671957672,2.6873146090295856,0.07070223922902495,0.08333333333333333,0.2449243263196752,2.6977564418091715,0.06972329223739253,0.07973421926910298,1.0,1.0,0.8958333333333334,0.7070211653365824,0.6008263758236234,none,0,0,
30032,homogeneous,0.25,18,8,0.25,14,0,0.8611111111111112,True,0.23809523809523814,2.7379373526426867,0.06774376417233559,0.08630952380952381,0.22313296903460844,2.74771493801551,0.0669174952969632,0.07868852459016394,1.0,1.0,0.9077380952380952,0.7102156458669219,0.6149160640990444,none,0,0,
30033,homogeneous,0.25,18,8,0.25,14,0,0.8541666666666666,True,0.27149470899470907,2.727406896365147,0.06932043650793651,0.09226190476190477,0.24341351660939292,2.746148049563941,0.06748857476883835,0.08247422680412371,1.0,1.0,0.8660714285714286,0.7939619517075812,0.6996689044775376,none,0,0,
30034,homogeneous,0.25,18,8,0.25,14,0,0.8402777777777778,True,0.26256613756613745,2.7258312905783133,0.0691078514739229,0.08630952380952381,0.23900074571215502,2.741345935851814,0.06767713166073601,0.08053691275167785,1.0,1.0,0.8869047619047619,0.7295343966913211,0.6052177123907374,none,0,0,
30035,homogeneous,0.25,18,8,0.25,14,1,0.8472222222222222,True,0.28174603174603163,2.717893232249568,0.07011763038548753,0.08630952380952381,0.24592339780053085,2.7410954691389358,0.06773520949574252,0.08191126279863481,1.0,1.0,0.8720238095238095,0.7376734870585931,0.6150207613709899,none,0,0,
30036,homogeneous,0.25,18,8,0.25,14,2,0.8055555555555556,True,0.2962962962962963,2.6652966095334962,0.07261550453514738,0.10119047619047619,0.25894538606403006,2.682669226727543,0.07047400172364263,0.08135593220338982,0.9444444444444444,0.9444444444444444,0.8779761904761905,0.7062715023183265,0.5934888724592483,none,0,0,
30037,homogeneous,0.25,18,8,0.25,14,0,0.8333333333333334,True,0.2946428571428572,2.694211438442762,0.07158801020408162,0.10119047619047619,0.2439117199391172,2.7195186688789725,0.0686573465941077,0.0821917808219178,1.0,1.0,0.8690476190476191,0.7324839783831921,0.6538076279774981,none,0,0,
30038,homogeneous,0.25,18,8,0.25,14,0,0.8263888888888888,True,0.3115079365079365,2.683028141459333,0.07277494331065759,0.09523809523809523,0.26989489489489493,2.7082853458217633,0.06989590942293646,0.08108108108108109,0.9444444444444444,0.9444444444444444,0.8809523809523809,0.6727179507618107,0.62726494487371,none,0,0,
30039,homogeneous,0.25,18,8,0.25,14,0,0.8333333333333334,True,0.2936507936507937,2.7132336697813124,0.07084396258503403,0.09821428571428571,0.24489795918367352,2.740731176025561,0.06774954879911149,0.08163265306122448,1.0,1.0,0.875,0.7159522775923151,0.6082371238710383,none,0,0,
30040,homogeneous,0.25,18,8,0.25,14,0,0.8541666666666666,True,0.2602513227513228,2.7281812394073137,0.06875354308390022,0.08928571428571429,0.2348993288590604,2.743052466830195,0.06729426602405297,0.08053691275167785,1.0,1.0,0.8869047619047619,0.7101720396167717,0.6598100954587731,none,0,0,
30041,homogeneous,0.25,18,8,0.25,14,0,0.8263888888888888,True,0.27116402116402116,2.6991239374177685,0.07038336167800455,0.09226190476190477,0.24298540965207627,2.713397895826575,0.06898389053271206,0.08080808080808081,1.0,1.0,0.8839285714285714,0.7233102239560076,0.6482218075769955,none,0,0,
30042,homogeneous,0.25,18,8,0.25,14,0,0.8402777777777778,True,0.28902116402116396,2.717111331876213,0.07103883219954649,0.10714285714285714,0.2439117199391172,2.7463038670423683,0.0675783449052355,0.0821917808219178,1.0,1.0,0.8690476190476191,0.7165902899663639,0.6744816445946754,none,0,0,
30043,homogeneous,0.25,18,8,0.25,14,0,0.8472222222222222,True,0.27744708994709,2.728883178120979,0.06962159863945579,0.10119047619047619,0.2404946474713916,2.7500098219861764,0.0672950629683999,0.07973421926910298,1.0,1.0,0.8958333333333334,0.6730642350213677,0.6096178864359978,none,0,0,
30044,homogeneous,0.25,18,8,0.25,14,0,0.8194444444444444,True,0.28935185185185186,2.6860281667294004,0.07137542517006804,0.09523809523809523,0.2557027225901398,2.702012544751268,0.06951449497829043,0.07947019867549669,0.9444444444444444,0.9444444444444444,0.8988095238095238,0.636103195807833,0.6030417879901754,none,0,0,
30045,homogeneous,0.25,18,8,0.25,14,1,0.8125,True,0.29265873015873023,2.678040618900394,0.07211947278911564,0.09523809523809523,0.2585034013605443,2.6945669451716303,0.07022536905918832,0.08163265306122448,1.0,1.0,0.875,0.7202812503038332,0.6517722803338549,none,0,0,
30046,homogeneous,0.25,18,8,0.25,14,1,0.8194444444444444,True,0.31779100529100535,2.6771230517381475,0.07399730725623582,0.11011904761904762,0.26953278366705935,2.7104157366876915,0.0700096143040867,0.08480565371024736,1.0,1.0,0.8422619047619048,0.7516572770063997,0.6544080188242821,none,0,0,
30047,homogeneous,0.25,18,8,0.25,14,0,0.8402777777777778,True,0.27347883597883604,2.7200719858523947,0.06967474489795919,0.08928571428571429,0.24990583804143118,2.736146990775743,0.06817581154840563,0.08135593220338982,1.0,1.0,0.8779761904761905,0.7553824773682657,0.6129034544051404,none,0,0,
30048,homogeneous,0.25,18,8,0.25,14,0,0.8333333333333334,True,0.26322751322751325,2.7202638644580954,0.06935586734693877,0.08928571428571429,0.2337807606263982,2.7363141805230495,0.06774469618485655,0.08053691275167785,1.0,1.0,0.8869047619047619,0.7255675872501804,0.625924030899565,none,0,0,
30049,homogeneous,0.25,18,8,0.25,14,2,0.8263888888888888,True,0.2658730158730158,2.708761212280014,0.06995819160997734,0.08928571428571429,0.24110744407774098,2.721906920320654,0.06869696870677167,0.07920792079207921,1.0,1.0,0.9017857142857143,0.694538636150702,0.5739109946038228,none,0,0,
30050,homogeneous,0.25,18,8,0.25,14,2,0.8402777777777778,True,0.26190476190476186,2.719458735245178,0.06939129818594104,0.09821428571428571,0.22851851851851857,2.7358089577920763,0.06764444444444445,0.08,1.0,1.0,0.8928571428571429,0.723968375408893,0.636857766254978,none,0,0,
30051,homogeneous,0.25,18,8,0.25,14,1,0.8263888888888888,True,0.2609126984126984,2.704230934494505,0.06988732993197277,0.08630952380952381,0.23274270948689546,2.7163524729995543,0.06872992571825919,0.07973421926910298,1.0,1.0,0.8958333333333334,0.714583129160073,0.6395114335339801,none,0,0,
30052,homogeneous,0.25,18,8,0.25,14,0,0.8333333333333334,True,0.2695105820105821,2.7006011681708006,0.07013534580498866,0.08630952380952381,0.25308641975308643,2.712391818032965,0.06905191080275257,0.08080808080808081,0.9444444444444444,0.9444444444444444,0.8839285714285714,0.7314980170661647,0.6291436072227977,none,0,0,
30053,homogeneous,0.25,18,8,0.25,14,0,0.8333333333333334,True,0.28835978835978837,2.7050010309389614,0.07105654761904762,0.10119047619047619,0.258148148148148,2.722264954481501,0.06920000000000001,0.08,1.0,1.0,0.8928571428571429,0.6713623977204434,0.5970223730571883,none,0,0,
30054,homogeneous,0.25,18,8,0.25,14,0,0.8263888888888888,True,0.27182539682539675,2.708799731701502,0.07009991496598639,0.08630952380952381,0.24244080145719482,2.7229816205100725,0.06865896264445043,0.07868852459016394,1.0,1.0,0.9077380952380952,0.6722644704307584,0.5704797441821073,none,0,0,
30055,homogeneous,0.25,18,8,0.25,14,3,0.8125,True,0.2840608465608465,2.674873760268048,0.07185374149659864,0.10416666666666667,0.24512012012012008,2.692440536465331,0.06969046749452154,0.08108108108108109,0.9444444444444444,0.9444444444444444,0.8809523809523809,0.6927441770092339,0.6300364792366181,none,0,0,
30056,homogeneous,0.25,18,8,0.25,14,0,0.8333333333333334,True,0.2668650793650793,2.7100746298923895,0.0702062074829932,0.10119047619047619,0.23867595818815324,2.730128417155638,0.06819313091090093,0.08362369337979095,1.0,1.0,0.8541666666666666,0.7803132594048767,0.7024346746235467,none,0,0,
30057,homogeneous,0.25,18,8,0.25,14,0,0.8333333333333334,True,0.2407407407407407,2.7143887895006995,0.06868268140589569,0.08035714285714286,0.22607260726072598,2.722860418708007,0.06797808493720658,0.07920792079207921,0.9444444444444444,0.9444444444444444,0.9017857142857143,0.7183642758008192,0.6125386717599767,none,0,0,
30058,homogeneous,0.25,18,8,0.25,14,0,0.8194444444444444,True,0.2738095238095237,2.6891006982648147,0.07052508503401361,0.08630952380952381,0.24347501864280385,2.7023152075458534,0.06907346515922706,0.08053691275167785,0.9444444444444444,0.9444444444444444,0.8869047619047619,0.7085191982624698,0.6091149809477012,none,0,0,
30059,homogeneous,0.25,18,8,0.25,14,0,0.8541666666666666,True,0.2523148148148149,2.7436872788662248,0.06793863378684808,0.08630952380952381,0.235593220338983,2.7580795390419595,0.06675093363975869,0.08135593220338982,1.0,1.0,0.8779761904761905,0.7559593306706449,0.662070839663952,none,0,0,
30060,homogeneous,0.5,18,8,0.25,14,2,0.8402777777777778,True,0.2681878306878307,2.723289802790566,0.06942672902494332,0.09226190476190477,0.2413419913419914,2.7375096278822193,0.06797099004891212,0.07792207792207792,1.0,1.0,0.9166666666666666,0.6229816566488833,0.5544820092012201,none,0,0,
30061,homogeneous,0.5,18,8,0.25,14,1,0.8055555555555556,True,0.28339947089947093,2.672755128249992,0.0714640022675737,0.09226190476190477,0.2504740235115661,2.6865026456960424,0.06990180433086,0.08191126279863481,0.8888888888888888,0.8888888888888888,0.8720238095238095,0.749840637096823,0.6546847066803232,none,0,0,
30062,homogeneous,0.5,18,8,0.25,14,0,0.8472222222222222,True,0.2777777777777777,2.713348316591402,0.07024163832199547,0.09821428571428571,0.24516496018202494,2.7329157184462702,0.0681545504315717,0.08191126279863481,1.0,1.0,0.8720238095238095,0.7455203149958103,0.6421852399386907,none,0,0,
30063,homogeneous,0.5,18,8,0.25,14,0,0.8402777777777778,True,0.28339947089947093,2.7126644455040445,0.07043650793650794,0.09523809523809523,0.24310216256524986,2.7343221962789963,0.06808251880545921,0.08053691275167785,1.0,1.0,0.8869047619047619,0.7334968591965528,0.6389091195674151,none,0,0,
30064,homogeneous,0.5,18,8,0.25,14,0,0.8263888888888888,True,0.2738095238095237,2.6982070933578646,0.07048965419501134,0.08630952380952381,0.24814814814814823,2.7113852022939393,0.0692,0.08,1.0,1.0,0.8928571428571429,0.7087389602664999,0.6280775417224408,none,0,0,
30065,homogeneous,0.5,18,8,0.25,14,2,0.8402777777777778,True,0.25595238095238093,2.7268807437318827,0.06870039682539683,0.08928571428571429,0.22905131044665916,2.740890461347342,0.0673612874030088,0.07973421926910298,1.0,1.0,0.8958333333333334,0.7208433730441087,0.6647132803155306,none,0,0,
30066,homogeneous,0.5,18,8,0.25,14,0,0.8263888888888888,True,0.28240740740740744,2.693353036698007,0.07089710884353742,0.08928571428571429,0.263250883392226,2.7089615909485922,0.06953514215435329,0.08480565371024736,0.9444444444444444,0.9444444444444444,0.8422619047619048,0.7738262370053661,0.6463172130866558,none,0,0,
30067,homogeneous,0.5,18,8,0.25,14,0,0.8402777777777778,True,0.28935185185185186,2.702604413567324,0.07089710884353741,0.09226190476190477,0.24341351660939292,2.7276739769747045,0.06805540794274985,0.08247422680412371,0.9444444444444444,0.9444444444444444,0.8660714285714286,0.7382988428750289,0.6431791457621878,none,0,0,
30068,homogeneous,0.5,18,8,0.25,14,1,0.8125,True,0.2919973544973544,2.6734684498987193,0.07213718820861678,0.09821428571428571,0.2653890824622531,2.686264847869669,0.07071835277835108,0.08362369337979095,0.9444444444444444,0.9444444444444444,0.8541666666666666,0.746859684291655,0.6332249036364236,none,0,0,
30069,homogeneous,0.5,18,8,0.25,14,0,0.8333333333333334,True,0.29927248677248675,2.6902927489642137,0.07187145691609978,0.10416666666666667,0.2553232675183894,2.7155124959548083,0.06901868421372118,0.08362369337979095,1.0,1.0,0.8541666666666666,0.7515252828008997,0.629715616374278,none,0,0,
30070,homogeneous,0.5,18,8,0.25,14,1,0.8333333333333334,True,0.2936507936507937,2.69315814173991,0.07142857142857142,0.10416666666666667,0.24771689497716887,2.7174026730696137,0.06854006380183898,0.0821917808219178,0.9444444444444444,0.9444444444444444,0.8690476190476191,0.7484294059505568,0.65007800080152,none,0,0,
30071,homogeneous,0.5,18,8,0.25,14,2,0.8333333333333334,True,0.2658730158730158,2.7182304974202895,0.0694267290249433,0.08333333333333333,0.23693892568064756,2.7334544124413207,0.0679136879961405,0.07947019867549669,1.0,1.0,0.8988095238095238,0.6827632885096429,0.6123921565151088,none,0,0,
30072,homogeneous,0.5,18,8,0.25,14,0,0.8194444444444444,True,0.3042328042328042,2.6799517451949626,0.07243835034013606,0.10119047619047619,0.26445966514459673,2.7023087937619223,0.06990054419215612,0.0821917808219178,0.9444444444444444,0.9444444444444444,0.8690476190476191,0.7354683892370967,0.668539103616876,none,0,0,
30073,homogeneous,0.5,18,8,0.25,14,0,0.8333333333333334,True,0.28009259259259256,2.7003261817358433,0.07086167800453515,0.10714285714285714,0.24440652256351902,2.720906797210576,0.06838751761814349,0.08191126279863481,0.9444444444444444,0.9444444444444444,0.8720238095238095,0.7459752800624665,0.6506236029953592,none,0,0,
30074,homogeneous,0.5,18,8,0.25,14,1,0.8194444444444444,True,0.3214285714285714,2.6717102874098377,0.07406816893424037,0.10416666666666667,0.28170396544954857,2.700646765423707,0.07098353082196057,0.08480565371024736,1.0,1.0,0.8422619047619048,0.7786802172949744,0.6808343901010793,none,0,0,
30075,homogeneous,0.5,18,8,0.25,14,0,0.8333333333333334,True,0.23743386243386233,2.7182052495909077,0.06852324263038549,0.07738095238095238,0.2265795206971677,2.7251293470852374,0.06800803109914991,0.0784313725490196,1.0,1.0,0.9107142857142857,0.7163086100525118,0.5954515712267495,none,0,0,
30076,homogeneous,0.5,18,8,0.25,14,1,0.8194444444444444,True,0.2658730158730158,2.694697432668169,0.07043650793650794,0.08630952380952381,0.24329501915708818,2.7078989636505932,0.06927467300832342,0.07931034482758621,1.0,1.0,0.8630952380952381,0.7643007688507611,0.6616151114619192,none,0,0,
30077,homogeneous,0.5,18,8,0.25,14,2,0.8125,True,0.29794973544973535,2.686036596184577,0.0720486111111111,0.11011904761904762,0.25957527493363663,2.708469174698649,0.06931938636443058,0.08191126279863481,0.9444444444444444,0.9444444444444444,0.8720238095238095,0.6929063839869826,0.6281812987057617,none,0,0,
30078,homogeneous,0.5,18,8,0.25,14,0,0.8541666666666666,True,0.27314814814814814,2.7266727243947937,0.06928500566893424,0.09523809523809523,0.24,2.7455562757448053,0.0672888888888889,0.08,1.0,1.0,0.8928571428571429,0.7165451122940286,0.6473533858257856,none,0,0,
30079,homogeneous,0.5,18,8,0.25,14,2,0.8194444444444444,True,0.2840608465608465,2.688928866999247,0.07107426303854875,0.09523809523809523,0.2523148148148149,2.7065209041430007,0.06922743055555557,0.08333333333333333,0.9444444444444444,0.9444444444444444,0.8571428571428571,0.7497126488738147,0.6988107198731771,none,0,0,
30080,homogeneous,0.5,18,8,0.25,14,0,0.8055555555555556,True,0.34424603174603163,2.652309370042307,0.07605229591836735,0.10714285714285714,0.2883040935672514,2.688334943300957,0.07176361957525393,0.08421052631578947,1.0,1.0,0.8482142857142857,0.6848071167982512,0.6399629427157086,none,0,0,
30081,homogeneous,0.5,18,8,0.25,14,3,0.8194444444444444,True,0.3101851851851851,2.682555181577883,0.07300524376417233,0.1130952380952381,0.2642642642642643,2.7095210211242526,0.06969046749452157,0.08108108108108109,0.9444444444444444,0.9444444444444444,0.8809523809523809,0.6755726492496822,0.6247263657125429,none,0,0,
30082,homogeneous,0.5,18,8,0.25,14,0,0.8263888888888888,True,0.2873677248677249,2.697520442271891,0.07151714852607709,0.11011904761904762,0.24990583804143118,2.7197611337518417,0.06891123240448148,0.08135593220338982,1.0,1.0,0.8779761904761905,0.6941777929355933,0.6034493600140723,none,0,0,
30083,homogeneous,0.5,18,8,0.25,14,0,0.8125,True,0.3032407407407407,2.670458527151735,0.07353670634920634,0.12202380952380952,0.2465753424657533,2.7005346307648783,0.06940795646462751,0.0821917808219178,0.9444444444444444,0.9444444444444444,0.8690476190476191,0.7343633273185444,0.6785635002207594,none,0,0,
30084,homogeneous,0.5,18,8,0.25,14,0,0.8472222222222222,True,0.2681878306878307,2.7176980562631283,0.06956845238095237,0.09226190476190477,0.2348148148148148,2.7342955890109892,0.06784444444444446,0.08,1.0,1.0,0.8928571428571429,0.7364497165406636,0.6409468961018111,none,0,0,
30085,homogeneous,0.5,18,8,0.25,14,0,0.8541666666666666,True,0.27347883597883604,2.720858365006731,0.06965702947845805,0.09523809523809523,0.2364864864864864,2.7412630837405914,0.0675219138056976,0.08108108108108109,1.0,1.0,0.8809523809523809,0.702751201830889,0.6263083516939947,none,0,0,
30086,homogeneous,0.5,18,8,0.25,14,3,0.8263888888888888,True,0.25429894179894186,2.69928834481384,0.06962159863945577,0.08333333333333333,0.24161073825503343,2.707608732655569,0.068938336110986,0.08053691275167785,0.9444444444444444,0.9444444444444444,0.8869047619047619,0.7312909642708337,0.6470811264433395,none,0,0,
30087,homogeneous,0.5,18,8,0.25,14,0,0.8402777777777778,True,0.2671957671957672,2.7120707618496245,0.06962159863945577,0.09821428571428571,0.23777777777777764,2.727389093931298,0.06795555555555556,0.08,0.9444444444444444,0.9444444444444444,0.8928571428571429,0.6935807585216875,0.6159490322667142,none,0,0,
30088,homogeneous,0.5,18,8,0.25,14,0,0.8611111111111112,True,0.26289682539682535,2.7395576259867402,0.06857638888888888,0.08928571428571429,0.24,2.7563867647461273,0.067,0.08,1.0,1.0,0.8928571428571429,0.7392352250962407,0.6420527989622957,none,0,0,
30089,homogeneous,0.5,18,8,0.25,14,2,0.8333333333333334,True,0.27182539682539675,2.707426868571897,0.0703125,0.09821428571428571,0.2545828656939768,2.720500142051256,0.06893854368601843,0.08080808080808081,1.0,1.0,0.8839285714285714,0.740642535412099,0.6695922917105439,none,0,0,
30090,homogeneous,0.75,18,8,0.25,14,0,0.8055555555555556,True,0.3197751322751323,2.6526718328793875,0.07415674603174605,0.10416666666666667,0.28477078477078477,2.6740240208968937,0.07171499828842486,0.08391608391608392,0.9444444444444444,0.9444444444444444,0.8511904761904762,0.7122151137899017,0.6228043787890448,none,0,0,
30091,homogeneous,0.75,18,8,0.25,14,1,0.8611111111111112,True,0.24007936507936511,2.7471719132111523,0.0674780328798186,0.08630952380952381,0.2242390905757241,2.7595623520759167,0.06640961125815552,0.07920792079207921,1.0,1.0,0.9017857142857143,0.7255021667552004,0.6511634107428618,none,0,0,
30092,homogeneous,0.75,18,8,0.25,14,0,0.8611111111111112,True,0.2761243386243386,2.7180194208719435,0.06965702947845805,0.09821428571428571,0.23606496862310822,2.738296414627318,0.06722883853379102,0.07973421926910298,0.9444444444444444,0.9444444444444444,0.8958333333333334,0.7159075788253397,0.6620051896287681,none,0,0,
30093,homogeneous,0.75,18,8,0.25,14,0,0.8125,True,0.29761904761904767,2.683832082091972,0.07194231859410431,0.09226190476190477,0.26298824421691314,2.7041280063009014,0.06973872730025976,0.08191126279863481,0.9444444444444444,0.9444444444444444,0.8720238095238095,0.7318314655637717,0.6298482443335057,none,0,0,
30094,homogeneous,0.75,18,8,0.25,14,0,0.8472222222222222,True,0.27248677248677255,2.708105661665719,0.06985189909297053,0.09226190476190477,0.2465626161278336,2.7226556100798556,0.06835494010134115,0.0802675585284281,0.9444444444444444,0.9444444444444444,0.8898809523809523,0.7268244454264394,0.6672972450881685,none,0,0,
30095,homogeneous,0.75,18,8,0.25,14,0,0.8333333333333334,True,0.26421957671957674,2.735145140188167,0.06873582766439909,0.08928571428571429,0.22090395480225977,2.756915443484614,0.06649813272048263,0.07796610169491526,1.0,1.0,0.8779761904761905,0.743563348429261,0.6423485507274858,none,0,0,
30096,homogeneous,0.75,18,8,0.25,14,2,0.7986111111111112,True,0.318121693121693,2.6379368813124886,0.07449333900226757,0.1130952380952381,0.26845093268450926,2.66225455413116,0.07118120304757845,0.08759124087591241,0.8333333333333334,0.8333333333333334,0.8154761904761905,0.7914155189169859,0.7235558836314405,none,0,0,
30097,homogeneous,0.75,18,8,0.25,14,0,0.8541666666666666,True,0.25330687830687837,2.728038429481026,0.06864725056689343,0.08928571428571429,0.22757475083056478,2.7420690990598238,0.0673171377799362,0.07973421926910298,1.0,1.0,0.8958333333333334,0.7083572211725548,0.6214938082051078,none,0,0,
30098,homogeneous,0.75,18,8,0.25,14,1,0.8055555555555556,True,0.28802910052910047,2.663854356807845,0.07194231859410431,0.09226190476190477,0.25540386803185444,2.677443592769544,0.07036773870400354,0.08191126279863481,0.8888888888888888,0.8888888888888888,0.8720238095238095,0.7381834609416855,0.6010202601295264,none,0,0,
30099,homogeneous,0.75,18,8,0.25,14,0,0.8263888888888888,True,0.2949735449735449,2.692913574405701,0.07160572562358276,0.09821428571428571,0.2664717348927874,2.7138135222870345,0.06954755309325945,0.08421052631578947,1.0,1.0,0.8482142857142857,0.7514788195993544,0.6481163892094147,none,0,0,
30100,homogeneous,0.75,18,8,0.25,14,0,0.8611111111111112,True,0.2675264550264551,2.7376996903560085,0.0687889739229025,0.09523809523809523,0.23495754891103715,2.756430906012916,0.06685356673767398,0.07973421926910298,1.0,1.0,0.8958333333333334,0.6843422298445563,0.5898696997568681,none,0,0,
30101,homogeneous,0.75,18,8,0.25,14,0,0.8333333333333334,True,0.26521164021164023,2.7127542344776945,0.06976332199546484,0.09821428571428571,0.23079791200596578,2.7295554455034585,0.06796991126525834,0.07718120805369127,1.0,1.0,0.8869047619047619,0.7311819839606163,0.6284583045045133,none,0,0,
30102,homogeneous,0.75,18,8,0.25,14,0,0.8333333333333334,True,0.3125,2.6913542201444853,0.072828089569161,0.09821428571428571,0.27071063996859057,2.723452590898428,0.06948519771753923,0.08480565371024736,1.0,1.0,0.8422619047619048,0.780240848622357,0.6505238787141845,none,0,0,
30103,homogeneous,0.75,18,8,0.25,14,1,0.8333333333333334,True,0.2705026455026456,2.7109759898550916,0.06988732993197279,0.08630952380952381,0.23682214637846033,2.729191058549132,0.06810795699425735,0.08191126279863481,1.0,1.0,0.8720238095238095,0.7440534129223734,0.6614461987266692,none,0,0,
30104,homogeneous,0.75,18,8,0.25,14,0,0.8541666666666666,True,0.26421957671957674,2.7200948283703337,0.06893069727891157,0.08630952380952381,0.23507057546145482,2.7339109994394284,0.06742777111693493,0.0781758957654723,0.9444444444444444,0.9444444444444444,0.9136904761904762,0.680856574006009,0.6025624924609895,none,0,0,
30105,homogeneous,0.75,18,8,0.25,14,2,0.8263888888888888,True,0.26190476190476186,2.7147572344702264,0.06985189909297053,0.10416666666666667,0.22994849153789554,2.7313684878612845,0.06800140344721724,0.07947019867549669,1.0,1.0,0.8988095238095238,0.6895045494171899,0.6391267607742362,none,0,0,
30106,homogeneous,0.75,18,8,0.25,14,1,0.8263888888888888,True,0.2691798941798942,2.6926539304482584,0.07048965419501133,0.09821428571428571,0.22868217054263562,2.7071830356640425,0.06879615015286807,0.07641196013289037,0.9444444444444444,0.9444444444444444,0.8958333333333334,0.7185965585642792,0.6333667057753061,none,0,0,
30107,homogeneous,0.75,18,8,0.25,14,1,0.8194444444444444,True,0.26488095238095233,2.699268357652565,0.07006448412698413,0.08630952380952381,0.22717271727172705,2.7126152041163794,0.06865339999346469,0.07920792079207921,1.0,1.0,0.9017857142857143,0.6959866003711301,0.5922149417281138,none,0,0,
30108,homogeneous,0.75,18,8,0.25,14,1,0.8402777777777778,True,0.27116402116402116,2.7105117496759203,0.0700999149659864,0.09821428571428571,0.2441421012849585,2.7279409553449234,0.06837428849090657,0.08163265306122448,1.0,1.0,0.875,0.7317267838090427,0.6241744938967434,none,0,0,
30109,homogeneous,0.75,18,8,0.25,14,1,0.8472222222222222,True,0.255621693121693,2.72679095937632,0.06875354308390022,0.08928571428571429,0.23200442967884816,2.740391079886679,0.06742751183761769,0.07973421926910298,1.0,1.0,0.8958333333333334,0.7489247050650895,0.6758580169905951,none,0,0,
30110,homogeneous,0.75,18,8,0.25,14,1,0.8541666666666666,True,0.2671957671957672,2.7227040286012416,0.06930272108843537,0.08928571428571429,0.23849607182940513,2.739451661967679,0.06762348513190264,0.08080808080808081,1.0,1.0,0.8839285714285714,0.7282772388360811,0.6293906276203234,none,0,0,
30111,homogeneous,0.75,18,8,0.25,14,0,0.8402777777777778,True,0.29034391534391535,2.6973162557132713,0.07103883219954649,0.09226190476190477,0.25540386803185444,2.717219025360301,0.0688767487099442,0.08191126279863481,0.9444444444444444,0.9444444444444444,0.8720238095238095,0.7449937855981489,0.6127623222986675,none,0,0,
30112,homogeneous,0.75,18,8,0.25,14,0,0.8333333333333334,True,0.287037037037037,2.686518698606984,0.07107426303854876,0.08928571428571429,0.25296296296296283,2.7028639987169343,0.06922222222222223,0.08,0.9444444444444444,0.9444444444444444,0.8928571428571429,0.6769815855935809,0.5998155975477101,none,0,0,
30113,homogeneous,0.75,18,8,0.25,14,2,0.8680555555555556,True,0.2496693121693121,2.741115825791846,0.06809807256235828,0.09523809523809523,0.22984020810107775,2.7547447147427016,0.06681133320656368,0.0802675585284281,1.0,1.0,0.8898809523809523,0.7268613224183484,0.6609284553938943,none,0,0,
30114,homogeneous,0.75,18,8,0.25,14,0,0.8541666666666666,True,0.2738095238095237,2.7204851535307144,0.06978103741496598,0.09821428571428571,0.23849607182940513,2.740356817157719,0.06762348513190264,0.08080808080808081,1.0,1.0,0.8839285714285714,0.7306111159369689,0.6408126217088677,none,0,0,
30115,homogeneous,0.75,18,8,0.25,14,0,0.8333333333333334,True,0.2919973544973544,2.694734896557452,0.0712514172335601,0.08928571428571429,0.2626090254076603,2.7122937843435952,0.06943586995771646,0.08191126279863481,0.9444444444444444,0.9444444444444444,0.8720238095238095,0.7493309173994653,0.671717849761118,none,0,0,
30116,homogeneous,0.75,18,8,0.25,14,1,0.8263888888888888,True,0.27149470899470907,2.713617692596355,0.06974560657596372,0.09523809523809523,0.23817381738173804,2.729800170562439,0.06797808493720658,0.07920792079207921,1.0,1.0,0.9017857142857143,0.6822452296269429,0.6178692350456264,none,0,0,
30117,homogeneous,0.75,18,8,0.25,14,1,0.8541666666666666,True,0.2509920634920635,2.733081113497003,0.06832837301587302,0.09226190476190477,0.23325974981604114,2.744954421519117,0.06723389325029604,0.07947019867549669,1.0,1.0,0.8988095238095238,0.7391206535732815,0.6546537952303394,none,0,0,
30118,homogeneous,0.75,18,8,0.25,14,0,0.8333333333333334,True,0.283068783068783,2.6990233309750216,0.07093253968253968,0.09523809523809523,0.23950204384986984,2.719328095338854,0.06857865124551181,0.0802675585284281,1.0,1.0,0.8898809523809523,0.6988846536232104,0.6188436289584321,none,0,0,
30119,homogeneous,0.75,18,8,0.25,14,0,0.8125,True,0.27910052910052907,2.6828247882361853,0.07128684807256237,0.08630952380952381,0.24555555555555553,2.6966045576183055,0.06986666666666667,0.08,1.0,1.0,0.8928571428571429,0.7077233470391832,0.6022090511705617,none,0,0,
30120,homogeneous,0.9,18,8,0.25,14,2,0.8333333333333334,True,0.2764550264550265,2.7040106926573904,0.07056051587301589,0.10119047619047619,0.2539407920030756,2.7203422539618316,0.06888088025765975,0.08304498269896193,1.0,1.0,0.8601190476190477,0.7807884841744243,0.7177633311617732,none,0,0,
30121,homogeneous,0.9,18,8,0.25,14,0,0.8333333333333334,True,0.2847222222222221,2.7087029195604644,0.07070223922902494,0.09226190476190477,0.25199089874857794,2.729758687399489,0.06862048480471526,0.08191126279863481,1.0,1.0,0.8720238095238095,0.7005226146264567,0.608547847916144,none,0,0,
30122,homogeneous,0.9,18,8,0.25,14,0,0.8402777777777778,True,0.26521164021164023,2.713702198383669,0.06947987528344671,0.09523809523809523,0.23851851851851857,2.7273962244839782,0.06806666666666668,0.08,1.0,1.0,0.8928571428571429,0.7258841259034825,0.6751762415280438,none,0,0,
30123,homogeneous,0.9,18,8,0.25,14,1,0.8541666666666666,True,0.24933862433862441,2.7435603784927824,0.06777919501133788,0.08630952380952381,0.22529858849077078,2.7564288722391836,0.06653651497628622,0.0781758957654723,1.0,1.0,0.9136904761904762,0.6887983729195222,0.6239306431209621,none,0,0,
30124,homogeneous,0.9,18,8,0.25,14,0,0.8263888888888888,True,0.2748015873015872,2.694487553667014,0.0706313775510204,0.08333333333333333,0.2516778523489933,2.7077283685412312,0.06936624476374939,0.08053691275167785,1.0,1.0,0.8869047619047619,0.6861515069105638,0.6070674672221732,none,0,0,
30125,homogeneous,0.9,18,8,0.25,14,0,0.8541666666666666,True,0.2589285714285714,2.733152151753075,0.06845238095238095,0.08630952380952381,0.2287581699346406,2.747479921248359,0.06694006578666326,0.0784313725490196,1.0,1.0,0.9107142857142857,0.6981761553865607,0.6379017458266308,none,0,0,
30126,homogeneous,0.9,18,8,0.25,14,0,0.8541666666666666,True,0.24305555555555558,2.7475370351493393,0.06753117913832199,0.09226190476190477,0.21505376344086025,2.7601260720878287,0.06622268470343391,0.07741935483870968,1.0,1.0,0.9226190476190477,0.678814091982682,0.5925312973522352,none,0,0,
30127,homogeneous,0.9,18,8,0.25,14,0,0.8402777777777778,True,0.2609126984126984,2.715695658571144,0.06955073696145125,0.08928571428571429,0.22989150766928534,2.7318305058122028,0.06800893332879863,0.07744107744107744,1.0,1.0,0.8839285714285714,0.736791015709758,0.6487709515572483,none,0,0,
30128,homogeneous,0.9,18,8,0.25,14,1,0.8263888888888888,True,0.2949735449735449,2.6878374954212494,0.07190688775510204,0.10119047619047619,0.25555555555555554,2.707527230954012,0.06966666666666668,0.08,1.0,1.0,0.8928571428571429,0.6633458776219334,0.6113226966501768,none,0,0,
30129,homogeneous,0.9,18,8,0.25,14,0,0.8194444444444444,True,0.2863756613756614,2.681938812801914,0.07144628684807255,0.08928571428571429,0.2547380156075807,2.6965645930164537,0.06983143365286743,0.0802675585284281,0.9444444444444444,0.9444444444444444,0.8898809523809523,0.6907134333575885,0.615115627353775,none,0,0,
30130,homogeneous,0.9,18,8,0.25,14,0,0.8194444444444444,True,0.2771164021164021,2.700648243476292,0.07057823129251702,0.08630952380952381,0.25547866205305647,2.7167387743703935,0.06916823313897104,0.08304498269896193,1.0,1.0,0.8601190476190477,0.7596420230586626,0.6163309898707677,none,0,0,
30131,homogeneous,0.9,18,8,0.25,14,0,0.8194444444444444,True,0.27744708994709,2.685359091180011,0.07096797052154195,0.09226190476190477,0.2478070175438596,2.697861668381135,0.0695983379501385,0.07894736842105263,0.9444444444444444,0.9444444444444444,0.9047619047619048,0.6809021322605177,0.5566908505803517,none,0,0,
30132,homogeneous,0.9,18,8,0.25,14,0,0.8333333333333334,True,0.2662037037037037,2.7102871864030336,0.06990504535147393,0.08333333333333333,0.24613935969868161,2.725793200728246,0.06852054007469119,0.08135593220338982,1.0,1.0,0.8779761904761905,0.7281179250613067,0.6385470671749741,none,0,0,
30133,homogeneous,0.9,18,8,0.25,14,3,0.8472222222222222,True,0.2668650793650793,2.720833392927938,0.06946215986394559,0.08928571428571429,0.23822975517890765,2.737491207468941,0.06785406492387246,0.08135593220338982,1.0,1.0,0.8779761904761905,0.7490294489753596,0.6658493932817533,none,0,0,
30134,homogeneous,0.9,18,8,0.25,14,0,0.8194444444444444,True,0.27083333333333326,2.703611927208337,0.07024163832199547,0.08928571428571429,0.2467265245043022,2.7179613433587706,0.0688025031459375,0.08080808080808081,1.0,1.0,0.8839285714285714,0.7218626076162268,0.6524928591345639,none,0,0,
30135,homogeneous,0.9,18,8,0.25,14,2,0.8402777777777778,True,0.27149470899470907,2.7219377116491685,0.06969246031746032,0.08630952380952381,0.2454477889260498,2.7396210041861337,0.06799700227066811,0.0802675585284281,1.0,1.0,0.8898809523809523,0.6889446246628154,0.6161901336483775,none,0,0,
30136,homogeneous,0.9,18,8,0.25,14,0,0.8055555555555556,True,0.2857142857142856,2.672578074452016,0.07144628684807257,0.09226190476190477,0.2560793116348672,2.6860881101252625,0.06989082746658504,0.08080808080808081,0.8888888888888888,0.8888888888888888,0.8839285714285714,0.7098242331572004,0.5937028748384648,none,0,0,
30137,homogeneous,0.9,18,8,0.25,14,1,0.8402777777777778,True,0.29034391534391535,2.7145421383990653,0.07050736961451247,0.10119047619047619,0.24296296296296305,2.739773651002421,0.06751111111111112,0.08,1.0,1.0,0.8928571428571429,0.6858938970115505,0.623359301416461,none,0,0,
30138,homogeneous,0.9,18,8,0.25,14,2,0.8194444444444444,True,0.2867063492063491,2.6943882774475627,0.07133999433106578,0.10119047619047619,0.24640967498110355,2.7134173187360116,0.06920727474663335,0.08163265306122448,1.0,1.0,0.875,0.7335929419866719,0.6150594890735764,none,0,0,
30139,homogeneous,0.9,18,8,0.25,14,0,0.8263888888888888,True,0.2939814814814814,2.691686460638292,0.07133999433106576,0.09523809523809523,0.2661633759194735,2.7108075437635732,0.06935861792664716,0.08362369337979095,0.9444444444444444,0.9444444444444444,0.8541666666666666,0.7744005131227976,0.6549467927528545,none,0,0,
30140,homogeneous,0.9,18,8,0.25,14,0,0.8125,True,0.29761904761904767,2.6719929171520613,0.07233205782312925,0.09523809523809523,0.26374668183541905,2.689601563644475,0.07034444198534635,0.08191126279863481,0.9444444444444444,0.9444444444444444,0.8720238095238095,0.6988620408221475,0.641156039559284,none,0,0,
30141,homogeneous,0.9,18,8,0.25,14,0,0.8472222222222222,True,0.28769841269841256,2.713292006114185,0.07056051587301587,0.09226190476190477,0.24549549549549554,2.7372096639393844,0.0679327976625274,0.08108108108108109,1.0,1.0,0.8809523809523809,0.7177581996837841,0.6430759291244447,none,0,0,
30142,homogeneous,0.9,18,8,0.25,14,0,0.8333333333333334,True,0.2764550264550265,2.7022477667293217,0.07038336167800453,0.08928571428571429,0.2545828656939768,2.7156818158620966,0.0690972576494462,0.08080808080808081,1.0,1.0,0.8839285714285714,0.7298015093220219,0.6520070655997635,none,0,0,
30143,homogeneous,0.9,18,8,0.25,14,1,0.8333333333333334,True,0.29133597883597884,2.697794305493844,0.07128684807256236,0.09226190476190477,0.25555555555555554,2.7174873271351543,0.06925089179548156,0.08275862068965517,1.0,1.0,0.8630952380952381,0.7521178549925072,0.6774473962343136,none,0,0,
30144,homogeneous,0.9,18,8,0.25,14,0,0.7986111111111112,True,0.31746031746031744,2.6555189005274364,0.07373157596371882,0.10119047619047619,0.2732426303854876,2.6780737558354617,0.07098893979360452,0.08163265306122448,0.8888888888888888,0.8888888888888888,0.875,0.7085642428815518,0.6431181002161734,none,0,0,
30145,homogeneous,0.9,18,8,0.25,14,0,0.8263888888888888,True,0.28141534391534395,2.6955337127108727,0.07102111678004536,0.09226190476190477,0.2550246492226014,2.7117981549373096,0.06945916667637363,0.08191126279863481,1.0,1.0,0.8720238095238095,0.7438896771506895,0.5964633912510598,none,0,0,
30146,homogeneous,0.9,18,8,0.25,14,0,0.8263888888888888,True,0.2599206349206349,2.7223073786120198,0.06873582766439909,0.08630952380952381,0.23157315731573158,2.736544705742905,0.06725920116764153,0.07920792079207921,0.9444444444444444,0.9444444444444444,0.9017857142857143,0.6955471308018613,0.6056169593268114,none,0,0,
30147,homogeneous,0.9,18,8,0.25,14,0,0.8472222222222222,True,0.28108465608465605,2.714826528807145,0.07015306122448979,0.08928571428571429,0.24901114706939942,2.729701724900021,0.06852672259402394,0.07766990291262135,1.0,1.0,0.9196428571428571,0.6733169226359167,0.584569680763186,none,0,0,
30148,homogeneous,0.9,18,8,0.25,14,0,0.8194444444444444,True,0.2936507936507937,2.696192732069493,0.07169430272108845,0.10119047619047619,0.245544178991278,2.7217684168720284,0.06869037496068679,0.08191126279863481,1.0,1.0,0.8720238095238095,0.7121267660613833,0.6296297919975765,none,0,0,
30149,homogeneous,0.9,18,8,0.25,14,1,0.8611111111111112,True,0.27248677248677255,2.7269508989108155,0.06926729024943311,0.08928571428571429,0.24286786786786774,2.7461132345966766,0.0673164718772827,0.08108108108108109,1.0,1.0,0.8809523809523809,0.7464564559529138,0.6794779865861007,none,0,0,
30150,homogeneous,0.98,18,8,0.25,14,0,0.8333333333333334,True,0.3039021164021163,2.6914525004707013,0.07201318027210885,0.10416666666666667,0.24404761904761907,2.7245372360737954,0.06813775510204081,0.08571428571428572,0.9444444444444444,0.9444444444444444,0.8333333333333334,0.8044340134035536,0.7389443838222979,none,0,0,
30151,homogeneous,0.98,18,8,0.25,14,3,0.8194444444444444,True,0.27248677248677255,2.7028660821643373,0.07029478458049887,0.09226190476190477,0.24298540965207627,2.7186506510784745,0.06868913602920337,0.08080808080808081,1.0,1.0,0.8839285714285714,0.7007572588488443,0.6216858014663081,none,0,0,
30152,homogeneous,0.98,18,8,0.25,14,0,0.8125,True,0.28835978835978837,2.6755821984114645,0.07153486394557823,0.09523809523809523,0.2432432432432432,2.6933421622088103,0.0693708911614317,0.08108108108108109,0.8888888888888888,0.8888888888888888,0.8809523809523809,0.7108243451182145,0.6255095245848151,none,0,0,
30153,homogeneous,0.98,18,8,0.25,14,0,0.8194444444444444,True,0.27414021164021163,2.693977934599642,0.07054280045351474,0.08630952380952381,0.24061561561561562,2.7093307567836473,0.06893718042366691,0.08108108108108109,0.9444444444444444,0.9444444444444444,0.8809523809523809,0.73383328837276,0.6440994342239991,none,0,0,
30154,homogeneous,0.98,18,8,0.25,14,3,0.8263888888888888,True,0.24768518518518512,2.6952557608357504,0.06960388321995464,0.08333333333333333,0.23446327683615809,2.703871734991483,0.0688882505027291,0.08135593220338982,0.9444444444444444,0.9444444444444444,0.8779761904761905,0.7494419859806465,0.651092239849785,none,0,0,
30155,homogeneous,0.98,18,8,0.25,14,0,0.8333333333333334,True,0.26355820105820094,2.708808757974672,0.06979875283446713,0.08928571428571429,0.23866959064327475,2.7213321825867225,0.0685595567867036,0.07894736842105263,1.0,1.0,0.9047619047619048,0.7034506610569666,0.6385240805871031,none,0,0,
30156,homogeneous,0.98,18,8,0.25,14,0,0.8263888888888888,True,0.28207671957671954,2.7074130166349586,0.07056051587301587,0.09523809523809523,0.24565381708238854,2.72763836289496,0.06842056550511362,0.08163265306122448,1.0,1.0,0.875,0.7251133173104388,0.6618820086121401,none,0,0,
30157,homogeneous,0.98,18,8,0.25,14,0,0.8055555555555556,True,0.28075396825396814,2.6665324674182074,0.07157029478458049,0.09226190476190477,0.25938697318007664,2.6769589416693873,0.07046373365041617,0.08275862068965517,0.8888888888888888,0.8888888888888888,0.8630952380952381,0.7512841435537198,0.6347404072075118,none,0,0,
30158,homogeneous,0.98,18,8,0.25,14,0,0.8541666666666666,True,0.29067460317460325,2.7237987748802053,0.07048965419501134,0.10119047619047619,0.23157693776250476,2.757499387944163,0.06656747086123214,0.08247422680412371,1.0,1.0,0.8660714285714286,0.7396765225459484,0.6441422507934529,none,0,0,
30159,homogeneous,0.98,18,8,0.25,14,0,0.8055555555555556,True,0.3015873015873016,2.6574336987108045,0.07296981292517007,0.10119047619047619,0.27110325873576757,2.6741199249213063,0.0709086141667395,0.08480565371024736,0.8888888888888888,0.8888888888888888,0.8422619047619048,0.8001908224758908,0.6949481453606817,none,0,0,
30160,homogeneous,0.98,18,8,0.25,14,0,0.8263888888888888,True,0.2949735449735449,2.7001154169450823,0.07149943310657597,0.09821428571428571,0.2529591447117221,2.725300421838027,0.06876394941013922,0.08247422680412371,1.0,1.0,0.8660714285714286,0.7422876193660861,0.6562005517438659,none,0,0,
30161,homogeneous,0.98,18,8,0.25,14,1,0.8263888888888888,True,0.27281746031746024,2.704178718553989,0.07033021541950114,0.09821428571428571,0.23817381738173804,2.720072956083797,0.06854447821019727,0.07920792079207921,1.0,1.0,0.9017857142857143,0.6999424912190709,0.6398345515641987,none,0,0,
30162,homogeneous,0.98,18,8,0.25,14,0,0.8611111111111112,True,0.2675264550264551,2.732426991754223,0.06926729024943311,0.10119047619047619,0.23204837490551777,2.7550066139916516,0.06687028552917766,0.08163265306122448,1.0,1.0,0.875,0.7573705817197598,0.6582513492766244,none,0,0,
30163,homogeneous,0.98,18,8,0.25,14,1,0.8333333333333334,True,0.28009259259259256,2.7006474329607406,0.07070223922902494,0.09523809523809523,0.2537746806039489,2.7188432612006257,0.06897012225473176,0.08362369337979095,1.0,1.0,0.8541666666666666,0.7823348784434799,0.6857330029761376,none,0,0,
30164,homogeneous,0.98,18,8,0.25,14,0,0.8194444444444444,True,0.29828042328042326,2.7002835098925435,0.07142857142857142,0.10119047619047619,0.2485970819304153,2.7267781182927746,0.06821299413892007,0.08080808080808081,0.9444444444444444,0.9444444444444444,0.8839285714285714,0.66765971086723,0.6259577630902181,none,0,0,
30165,homogeneous,0.98,18,8,0.25,14,0,0.8055555555555556,True,0.29100529100529093,2.6621412006902747,0.07226119614512472,0.08630952380952381,0.28039655817433595,2.667542390557342,0.07177272160437144,0.08080808080808081,0.8888888888888888,0.8888888888888888,0.8839285714285714,0.726061472723521,0.6390623876294292,none,0,0,
30166,homogeneous,0.98,18,8,0.25,14,0,0.8541666666666666,True,0.30059523809523814,2.7093409643479025,0.07162344104308391,0.10714285714285714,0.24708624708624716,2.743120770501277,0.06763166903027043,0.08391608391608392,1.0,1.0,0.8511904761904762,0.7732964542804104,0.70443947695479,none,0,0,
30167,homogeneous,0.98,18,8,0.25,14,0,0.8402777777777778,True,0.2946428571428572,2.7023356726013015,0.07142857142857144,0.09523809523809523,0.25426621160409546,2.7256280801389456,0.06890004542860137,0.08191126279863481,1.0,1.0,0.8720238095238095,0.7281396400116732,0.6106719477254691,none,0,0,
30168,homogeneous,0.98,18,8,0.25,14,0,0.8263888888888888,True,0.3131613756613756,2.6849232442532034,0.07281037414965986,0.10119047619047619,0.26388888888888884,2.714911398637939,0.06925154320987655,0.08333333333333333,0.9444444444444444,0.9444444444444444,0.8571428571428571,0.7114448295056445,0.6449228381316094,none,0,0,
30169,homogeneous,0.98,18,8,0.25,14,2,0.8333333333333334,True,0.26058201058201047,2.709184191912732,0.06947987528344672,0.09523809523809523,0.23710965867828615,2.720662046235625,0.06824298346789698,0.0784313725490196,0.9444444444444444,0.9444444444444444,0.9107142857142857,0.6817774457093688,0.5959764212738584,none,0,0,
30170,homogeneous,0.98,18,8,0.25,14,1,0.8263888888888888,True,0.2949735449735449,2.700625267751274,0.0714108560090703,0.09821428571428571,0.25639557082856057,2.7239160150173976,0.06885842160579114,0.08247422680412371,1.0,1.0,0.8660714285714286,0.7277453096271734,0.6662745844068976,none,0,0,
30171,homogeneous,0.98,18,8,0.25,14,0,0.7986111111111112,True,0.3039021164021163,2.657412419536752,0.0729343820861678,0.09523809523809523,0.26832955404383974,2.6742994468954153,0.07096580128650098,0.08163265306122448,0.8888888888888888,0.8888888888888888,0.875,0.706845131338485,0.5929559141475872,none,0,0,
30172,homogeneous,0.98,18,8,0.25,14,0,0.8472222222222222,True,0.27876984126984117,2.7226195455215305,0.06951530612244898,0.08928571428571429,0.24220755408874228,2.74208562679701,0.06734633859425546,0.07920792079207921,0.9444444444444444,0.9444444444444444,0.9017857142857143,0.6881338323124747,0.6030100278922969,none,0,0,
30173,homogeneous,0.98,18,8,0.25,14,0,0.8611111111111112,True,0.255621693121693,2.743822317515939,0.06811578798185941,0.09226190476190477,0.22643931059772648,2.760070734265492,0.06647496432811599,0.07920792079207921,1.0,1.0,0.9017857142857143,0.6913128626793642,0.6040589978882375,none,0,0,
30174,homogeneous,0.98,18,8,0.25,14,2,0.8263888888888888,True,0.2668650793650793,2.707424173033365,0.06994047619047619,0.08630952380952381,0.24629629629629624,2.720003604114581,0.0688,0.08,1.0,1.0,0.8928571428571429,0.6960937255722128,0.6090018804855094,none,0,0,
30175,homogeneous,0.98,18,8,0.25,14,2,0.7847222222222222,True,0.32605820105820094,2.6396863019479113,0.07482993197278912,0.10416666666666667,0.27931564782775853,2.663811210986588,0.0716825708504448,0.08304498269896193,0.8888888888888888,0.8888888888888888,0.8601190476190477,0.724202713176903,0.6627837894374086,none,0,0,
30176,homogeneous,0.98,18,8,0.25,14,0,0.8263888888888888,True,0.287037037037037,2.7065428070227533,0.07087939342403628,0.10119047619047619,0.255331088664422,2.727615962185499,0.0686211157591629,0.08080808080808081,1.0,1.0,0.8839285714285714,0.698590056075734,0.6030986074963871,none,0,0,
30177,homogeneous,0.98,18,8,0.25,14,0,0.8194444444444444,True,0.2678571428571428,2.7003736556199938,0.07024163832199547,0.08928571428571429,0.23624772313296893,2.713232515272431,0.06887395861327601,0.07868852459016394,1.0,1.0,0.9077380952380952,0.6910652339058355,0.5877789875711555,none,0,0,
30178,homogeneous,0.98,18,8,0.25,14,1,0.8055555555555556,True,0.279431216931217,2.6669392690215252,0.0715171485260771,0.08928571428571429,0.25894538606403006,2.676127890620566,0.07051996552714737,0.08135593220338982,0.8888888888888888,0.8888888888888888,0.8779761904761905,0.7345178900803911,0.6402517200136492,none,0,0,
30179,homogeneous,0.98,18,8,0.25,14,0,0.8472222222222222,True,0.29067460317460325,2.7102044520619946,0.07096797052154194,0.09821428571428571,0.25048058439061904,2.7363736257792057,0.06821039020126675,0.08304498269896193,1.0,1.0,0.8601190476190477,0.7440431004342537,0.659422890280843,none,0,0,
30180,prompt_diverse,0.0,18,8,0.25,14,0,0.8333333333333334,True,0.3478835978835979,2.6667742063421778,0.07658375850340136,0.12797619047619047,0.26759628154050463,2.733283873519002,0.0688401771400454,0.09561752988047809,1.0,1.0,0.7470238095238095,0.8809954205870967,0.799948947789137,none,0,0,
30181,prompt_diverse,0.0,18,8,0.25,14,1,0.8194444444444444,True,0.32407407407407396,2.669283747180744,0.07413903061224489,0.11607142857142858,0.2732843137254901,2.7056345605395746,0.06985294117647059,0.08823529411764706,0.9444444444444444,0.9444444444444444,0.8095238095238095,0.8485495388212424,0.7279036399346804,none,0,0,
30182,prompt_diverse,0.0,18,8,0.25,14,0,0.8125,True,0.3548280423280423,2.6578217307998675,0.07699121315192743,0.12202380952380952,0.2908249158249159,2.7104321312934236,0.07079315886134067,0.09090909090909091,1.0,1.0,0.7857142857142857,0.8338313525946783,0.7074324920272757,none,0,0,
30183,prompt_diverse,0.0,18,8,0.25,14,1,0.8611111111111112,True,0.29265873015873023,2.72797591511614,0.07056051587301587,0.10416666666666667,0.2333333333333334,2.769210291889283,0.06628257887517147,0.08518518518518518,1.0,1.0,0.8035714285714286,0.8870016513836044,0.7373403879625321,none,0,0,
30184,prompt_diverse,0.0,18,8,0.25,14,1,0.8263888888888888,True,0.3296957671957672,2.663366102504633,0.0760700113378685,0.13690476190476192,0.2676383607942543,2.7122177947161745,0.06972776821986727,0.09125475285171103,1.0,1.0,0.7827380952380952,0.8496389317408424,0.7328446619860273,none,0,0,
30185,prompt_diverse,0.0,18,8,0.25,14,0,0.8680555555555556,True,0.2857142857142856,2.717199186394292,0.07033021541950113,0.10714285714285714,0.23723196881091613,2.7466951633932157,0.06683902739304401,0.08421052631578947,1.0,1.0,0.8482142857142857,0.8022118837169882,0.7498476789663456,none,0,0,
30186,prompt_diverse,0.0,18,8,0.25,14,0,0.8194444444444444,True,0.35284391534391535,2.6622590270550757,0.07693806689342404,0.12797619047619047,0.27567340067340074,2.722968283593454,0.0692722681359045,0.09090909090909091,0.9444444444444444,0.9444444444444444,0.7857142857142857,0.8392788663099934,0.7313840263603987,none,0,0,
30187,prompt_diverse,0.0,18,8,0.25,14,0,0.8472222222222222,True,0.3634259259259258,2.6622124120844752,0.0787450396825397,0.125,0.27002583979328154,2.7418035833618246,0.06901628507902169,0.09302325581395349,1.0,1.0,0.7678571428571429,0.8164467586025079,0.7443335287362469,none,0,0,
30188,prompt_diverse,0.0,18,8,0.25,14,1,0.7916666666666666,True,0.39814814814814814,2.584777901422537,0.0860969387755102,0.1636904761904762,0.2908745247148288,2.674945875012959,0.0718963697610201,0.09125475285171103,0.9444444444444444,0.9444444444444444,0.7827380952380952,0.749020426270525,0.707909631891698,none,0,0,
30189,prompt_diverse,0.0,18,8,0.25,14,1,0.8194444444444444,True,0.34457671957671954,2.662146147616208,0.07637117346938775,0.11904761904761904,0.2703412073490814,2.7186452116014954,0.06999813999628,0.09055118110236221,1.0,1.0,0.7559523809523809,0.906878853912284,0.7694418823487769,none,0,0,
30190,prompt_diverse,0.0,18,8,0.25,14,0,0.7847222222222222,True,0.41567460317460325,2.578266352930233,0.08815192743764173,0.17261904761904762,0.3227513227513228,2.674050054304913,0.07401108591584782,0.09523809523809523,1.0,1.0,0.75,0.8231954133924791,0.740950080410734,none,0,0,
30191,prompt_diverse,0.0,18,8,0.25,14,0,0.8263888888888888,True,0.35052910052910047,2.6508553185350334,0.07739866780045351,0.12202380952380952,0.26984126984126977,2.708694853834881,0.06964780371982586,0.09022556390977443,0.9444444444444444,0.9444444444444444,0.7916666666666666,0.8125522556581822,0.7238086638932296,none,0,0,
30192,prompt_diverse,0.0,18,8,0.25,14,0,0.8541666666666666,True,0.3045634920634921,2.7092423118571425,0.07180059523809523,0.10714285714285714,0.263047138047138,2.7443505467363045,0.06826790633608816,0.08712121212121213,1.0,1.0,0.7857142857142857,0.8639429402968847,0.7545164201171292,none,0,0,
30193,prompt_diverse,0.0,18,8,0.25,14,2,0.8263888888888888,True,0.3009259259259258,2.6884596522914577,0.07201318027210885,0.10119047619047619,0.25974842767295603,2.7171871333435016,0.06893556425774297,0.09056603773584905,0.9444444444444444,0.9444444444444444,0.7886904761904762,0.8590240610086549,0.7711869535129399,none,0,0,
30194,prompt_diverse,0.0,18,8,0.25,14,0,0.8680555555555556,True,0.3032407407407407,2.7141094667892367,0.07123370181405896,0.10119047619047619,0.24626865671641784,2.7546176624677305,0.06685787480507908,0.08955223880597014,1.0,1.0,0.7976190476190477,0.8616104081500348,0.7775631399954889,none,0,0,
30195,prompt_diverse,0.0,18,8,0.25,14,1,0.8819444444444444,True,0.3131613756613756,2.720846746621134,0.07236748866213152,0.1130952380952381,0.2534468775344687,2.769421446020731,0.06699877457509724,0.08759124087591241,1.0,1.0,0.8154761904761905,0.8219309432627875,0.719275185466643,none,0,0,
30196,prompt_diverse,0.0,18,8,0.25,14,2,0.7847222222222222,True,0.4014550264550265,2.5931871836978937,0.08397108843537414,0.14285714285714285,0.30451821115721533,2.6784465288685433,0.07239889120366384,0.0995850622406639,0.9444444444444444,0.9444444444444444,0.7172619047619048,0.8964567411440015,0.7637879030300719,none,0,0,
30197,prompt_diverse,0.0,18,8,0.25,14,0,0.8333333333333334,True,0.3191137566137565,2.6872126703518457,0.07431618480725623,0.12797619047619047,0.25555555555555554,2.737392304224656,0.06855029585798816,0.09230769230769231,1.0,1.0,0.7738095238095238,0.8679206830189593,0.7505881618721878,none,0,0,
30198,prompt_diverse,0.0,18,8,0.25,14,1,0.8055555555555556,True,0.38988095238095233,2.6190011719140274,0.08170351473922903,0.125,0.310586176727909,2.6922413387240773,0.0726021452042904,0.09448818897637795,1.0,1.0,0.7559523809523809,0.8109834268660577,0.7633741516990614,none,0,0,
30199,prompt_diverse,0.0,18,8,0.25,14,0,0.7986111111111112,True,0.3829365079365079,2.6257480169741636,0.08065830498866211,0.13095238095238096,0.30143641740599914,2.692722444118149,0.07215660194595845,0.09125475285171103,1.0,1.0,0.7827380952380952,0.7923107665459391,0.6663594177892482,none,0,0,
30200,prompt_diverse,0.0,18,8,0.25,14,0,0.875,True,0.29166666666666674,2.730327355414663,0.07029478458049886,0.10714285714285714,0.2323775388291518,2.768247883483928,0.06599349956963554,0.08243727598566308,1.0,1.0,0.8303571428571429,0.8449292135179564,0.7631156803228832,none,0,0,
30201,prompt_diverse,0.0,18,8,0.25,14,0,0.8194444444444444,True,0.36044973544973535,2.648457344188216,0.07752267573696145,0.1130952380952381,0.29319727891156466,2.709156566062726,0.07075385256143274,0.09795918367346938,0.9444444444444444,0.9444444444444444,0.7291666666666666,0.8782270155794935,0.7786455618031999,none,0,0,
30202,prompt_diverse,0.0,18,8,0.25,14,0,0.8541666666666666,True,0.3829365079365079,2.6144522233605327,0.0850517290249433,0.17559523809523808,0.27414965986394546,2.7174037702832345,0.06915451895043731,0.09795918367346938,0.8888888888888888,0.8888888888888888,0.7291666666666666,0.8726999102473156,0.7937742831319251,none,0,0,
30203,prompt_diverse,0.0,18,8,0.25,14,0,0.8194444444444444,True,0.33994708994709,2.6594047011086,0.07575113378684808,0.12202380952380952,0.27867023650156186,2.708149305316588,0.06998274221383527,0.09236947791164658,0.9444444444444444,0.9444444444444444,0.7410714285714286,0.8801311248738474,0.7761926961371134,none,0,0,
30204,prompt_diverse,0.0,18,8,0.25,14,0,0.8194444444444444,True,0.3634259259259258,2.636378699892057,0.07931193310657597,0.13690476190476192,0.30261437908496736,2.691387778134993,0.07195693963860053,0.09411764705882353,0.9444444444444444,0.9444444444444444,0.7589285714285714,0.8903770503478222,0.7738314089408472,none,0,0,
30205,prompt_diverse,0.0,18,8,0.25,14,2,0.8125,True,0.37037037037037024,2.633309094319505,0.07920564058956917,0.11607142857142858,0.2997364953886692,2.694413754527059,0.07169304316580481,0.09486166007905138,0.9444444444444444,0.9444444444444444,0.7529761904761905,0.8864030387807548,0.776266030089703,none,0,0,
30206,prompt_diverse,0.0,18,8,0.25,14,0,0.8055555555555556,True,0.3862433862433863,2.6039827670564604,0.08343962585034012,0.15178571428571427,0.2906533142584644,2.6885514857065296,0.07137725874486545,0.0944206008583691,0.9444444444444444,0.9444444444444444,0.6934523809523809,0.928806536439672,0.8099967242447074,none,0,0,
30207,prompt_diverse,0.0,18,8,0.25,14,0,0.8055555555555556,True,0.3578042328042328,2.6395932232771764,0.07757582199546485,0.11607142857142858,0.2975882859603789,2.6858082056418344,0.07181058830599123,0.09302325581395349,0.9444444444444444,0.9444444444444444,0.7678571428571429,0.8492245845398961,0.7239107709652982,none,0,0,
30208,prompt_diverse,0.0,18,8,0.25,14,0,0.8263888888888888,True,0.34589947089947093,2.656233686503315,0.0767609126984127,0.12797619047619047,0.28065843621399167,2.7053779990319864,0.07026063100137174,0.08888888888888889,0.9444444444444444,0.9444444444444444,0.8035714285714286,0.798886422188419,0.7341452591660897,none,0,0,
30209,prompt_diverse,0.0,18,8,0.25,14,0,0.8402777777777778,True,0.2886904761904763,2.718018807474803,0.07047193877551021,0.09821428571428571,0.243355119825708,2.753682573043722,0.06709727028066129,0.09411764705882353,1.0,1.0,0.7589285714285714,0.9182563738975755,0.7947645359825328,none,0,0,
30210,prompt_diverse,0.25,18,8,0.25,14,0,0.8541666666666666,True,0.3310185185185186,2.6976333877498275,0.07442247732426303,0.12202380952380952,0.25134242048740196,2.7579355348433325,0.067149431323503,0.08550185873605948,1.0,1.0,0.8005952380952381,0.7981668380273225,0.7298602884246924,none,0,0,
30211,prompt_diverse,0.25,18,8,0.25,14,0,0.8263888888888888,True,0.2837301587301586,2.6948920987665446,0.07080853174603174,0.09226190476190477,0.2574277574277575,2.7137102737525374,0.06908720095533283,0.08791208791208792,0.9444444444444444,0.9444444444444444,0.8125,0.8540356038465428,0.7298670505240207,none,0,0,
30212,prompt_diverse,0.25,18,8,0.25,14,0,0.8125,True,0.3862433862433863,2.605820893993065,0.08804563492063491,0.19047619047619047,0.28682170542635665,2.710687835989188,0.0704885523706508,0.09302325581395349,0.9444444444444444,0.9444444444444444,0.7678571428571429,0.7921527984095055,0.7094030986053794,none,0,0,
30213,prompt_diverse,0.25,18,8,0.25,14,0,0.8541666666666666,True,0.29067460317460325,2.7215583471138243,0.07050736961451247,0.09821428571428571,0.2344771241830066,2.760000156239923,0.06650086505190311,0.08823529411764706,1.0,1.0,0.8095238095238095,0.8376840661399956,0.7227356130709975,none,0,0,
30214,prompt_diverse,0.25,18,8,0.25,14,0,0.8263888888888888,True,0.3032407407407407,2.6840505994040047,0.07268636621315193,0.10714285714285714,0.2605576055760557,2.7120555680049083,0.06956604621396767,0.08856088560885608,1.0,1.0,0.8065476190476191,0.8587483034915784,0.7153718149545322,none,0,0,
30215,prompt_diverse,0.25,18,8,0.25,14,1,0.8472222222222222,True,0.30787037037037024,2.7056606988406346,0.07252692743764172,0.12202380952380952,0.2510137875101379,2.746610892611644,0.0675848473546806,0.08394160583941605,1.0,1.0,0.8154761904761905,0.8412985979036182,0.6989095206142103,none,0,0,
30216,prompt_diverse,0.25,18,8,0.25,14,2,0.7986111111111112,True,0.34325396825396814,2.6422103365469725,0.07628259637188209,0.10416666666666667,0.3129770992366412,2.673197503786712,0.0732474797505973,0.0916030534351145,0.9444444444444444,0.9444444444444444,0.7797619047619048,0.831300296663616,0.7267013059423545,none,0,0,
30217,prompt_diverse,0.25,18,8,0.25,14,0,0.8819444444444444,True,0.2496693121693121,2.7608957112266563,0.06715915532879818,0.09523809523809523,0.21444444444444444,2.780595619114337,0.06508888888888889,0.08,1.0,1.0,0.8928571428571429,0.7288153766265478,0.6577730206281671,none,0,0,
30218,prompt_diverse,0.25,18,8,0.25,14,0,0.8055555555555556,True,0.3296957671957672,2.650242356560285,0.07498937074829931,0.10119047619047619,0.2888493475682088,2.6763144099597533,0.0720228973797191,0.08540925266903915,1.0,1.0,0.8363095238095238,0.7738729541095318,0.6553700850961827,none,0,0,
30219,prompt_diverse,0.25,18,8,0.25,14,1,0.8194444444444444,True,0.3121693121693121,2.6741897966263926,0.07293438208616779,0.09821428571428571,0.25912106135986734,2.705329526638,0.06953107596346625,0.08955223880597014,0.9444444444444444,0.9444444444444444,0.7976190476190477,0.8586936651432296,0.7608473660001863,none,0,0,
30220,prompt_diverse,0.25,18,8,0.25,14,2,0.8541666666666666,True,0.2956349206349207,2.7163662118613283,0.07112740929705216,0.10714285714285714,0.2367582636399841,2.7538380059829928,0.066867075191737,0.08602150537634409,1.0,1.0,0.8303571428571429,0.8332573767942929,0.733744453655438,none,0,0,
30221,prompt_diverse,0.25,18,8,0.25,14,0,0.8125,True,0.3895502645502644,2.604745022104733,0.09063208616780047,0.19940476190476192,0.2663709336713138,2.731429432391492,0.06906273041391375,0.09125475285171103,1.0,1.0,0.7827380952380952,0.7862048090317478,0.7361218203464569,none,0,0,
30222,prompt_diverse,0.25,18,8,0.25,14,1,0.8333333333333334,True,0.2956349206349207,2.6988681547543854,0.07164115646258504,0.10119047619047619,0.26987099459009567,2.7266739789213905,0.06916915653186326,0.08614232209737828,1.0,1.0,0.7946428571428571,0.8859314224684476,0.7415873134409239,none,0,0,
30223,prompt_diverse,0.25,18,8,0.25,14,1,0.8263888888888888,True,0.2771164021164021,2.702700189127711,0.070578231292517,0.08630952380952381,0.2492980344965905,2.7228383586217144,0.06880058387311186,0.08303249097472924,1.0,1.0,0.8244047619047619,0.822957490151741,0.6943841120458583,none,0,0,
30224,prompt_diverse,0.25,18,8,0.25,14,0,0.8680555555555556,True,0.27976190476190466,2.730573821272393,0.06965702947845806,0.08928571428571429,0.24468085106382986,2.7583946266569,0.06699864191942055,0.0851063829787234,1.0,1.0,0.8392857142857143,0.8067546458036734,0.6804934406894093,none,0,0,
30225,prompt_diverse,0.25,18,8,0.25,14,0,0.8263888888888888,True,0.30687830687830675,2.6993002957824577,0.07188917233560092,0.09821428571428571,0.265079365079365,2.731592660086689,0.06841836734693878,0.08571428571428572,0.9444444444444444,0.9444444444444444,0.8333333333333334,0.779480249999684,0.705082449867194,none,0,0,
30226,prompt_diverse,0.25,18,8,0.25,14,0,0.8055555555555556,True,0.37996031746031744,2.6048071094897995,0.08244756235827663,0.13988095238095238,0.28349673202614367,2.678403967198088,0.07120458477508651,0.08823529411764706,0.8888888888888888,0.8888888888888888,0.8095238095238095,0.7563260487008625,0.6644201633891633,none,0,0,
30227,prompt_diverse,0.25,18,8,0.25,14,1,0.8194444444444444,True,0.30026455026455023,2.6919314887932235,0.07217261904761904,0.10119047619047619,0.256632064590542,2.718260797301885,0.06909639491864322,0.08304498269896193,1.0,1.0,0.8601190476190477,0.7641803990069899,0.6744892681486911,none,0,0,
30228,prompt_diverse,0.25,18,8,0.25,14,0,0.8194444444444444,True,0.2662037037037037,2.702618587995719,0.0700999149659864,0.08630952380952381,0.23379629629629628,2.718788513030089,0.06862461419753087,0.0798611111111111,1.0,1.0,0.8571428571428571,0.7990917547761215,0.6686551053487272,none,0,0,
30229,prompt_diverse,0.25,18,8,0.25,14,0,0.7986111111111112,True,0.3283730158730158,2.636429922719079,0.07552083333333334,0.11011904761904762,0.2876447876447876,2.663733231572378,0.07198759708412218,0.09266409266409266,0.8888888888888888,0.8888888888888888,0.7708333333333334,0.8683290920039362,0.7271241116164161,none,0,0,
30230,prompt_diverse,0.25,18,8,0.25,14,1,0.8541666666666666,True,0.29001322751322745,2.7140009005340184,0.07075538548752835,0.10119047619047619,0.25812274368231036,2.7394883467499738,0.06835746588643146,0.08664259927797834,1.0,1.0,0.8244047619047619,0.8334048388970413,0.7306238815846727,none,0,0,
30231,prompt_diverse,0.25,18,8,0.25,14,0,0.8402777777777778,True,0.3141534391534391,2.695608071144609,0.07311153628117915,0.1130952380952381,0.2517047733654232,2.738332754207552,0.06807074248328533,0.08303249097472924,1.0,1.0,0.8244047619047619,0.848894354295516,0.6729386542445214,none,0,0,
30232,prompt_diverse,0.25,18,8,0.25,14,0,0.8125,True,0.36276455026455023,2.648760163393137,0.07883361678004536,0.13392857142857142,0.2765386204047915,2.7150026823181195,0.06999626870828209,0.08921933085501858,1.0,1.0,0.8005952380952381,0.7579753819456668,0.6576662161422692,none,0,0,
30233,prompt_diverse,0.25,18,8,0.25,14,0,0.8194444444444444,True,0.3293650793650793,2.6805292985359923,0.07442247732426305,0.1130952380952381,0.2699004975124377,2.7252708808578148,0.06941969258186678,0.08955223880597014,1.0,1.0,0.7976190476190477,0.8348730859928924,0.7152972126075451,none,0,0,
30234,prompt_diverse,0.25,18,8,0.25,14,0,0.8194444444444444,True,0.3654100529100528,2.6468612231767947,0.07897534013605441,0.13095238095238096,0.2794871794871794,2.716451164150568,0.06988165680473375,0.09230769230769231,0.9444444444444444,0.9444444444444444,0.7738095238095238,0.8275771336086389,0.7458904756992837,none,0,0,
30235,prompt_diverse,0.25,18,8,0.25,14,0,0.8333333333333334,True,0.3197751322751323,2.6942097834570355,0.07314696712018141,0.10119047619047619,0.2572775727757277,2.738131853206322,0.06831333995996784,0.08487084870848709,1.0,1.0,0.8065476190476191,0.8216266294440872,0.7103933974677967,none,0,0,
30236,prompt_diverse,0.25,18,8,0.25,14,1,0.8333333333333334,True,0.3217592592592593,2.6890648839124913,0.07387329931972789,0.11904761904761904,0.2553011026293468,2.7374760876442643,0.06829438843890216,0.08778625954198473,1.0,1.0,0.7797619047619048,0.8008177227162204,0.6855042884579131,none,0,0,
30237,prompt_diverse,0.25,18,8,0.25,14,0,0.8333333333333334,True,0.36210317460317465,2.646649808924259,0.08076459750566893,0.15476190476190477,0.2683760683760683,2.727652060517364,0.06928994082840237,0.09230769230769231,1.0,1.0,0.7738095238095238,0.8206881310051886,0.7555530690601805,none,0,0,
30238,prompt_diverse,0.25,18,8,0.25,14,0,0.8402777777777778,True,0.3402777777777777,2.6648571142271504,0.08005598072562357,0.16666666666666666,0.26117042309213123,2.7376547939729106,0.06860348779777359,0.08540925266903915,1.0,1.0,0.8363095238095238,0.7216306759272517,0.6783058174964035,none,0,0,
30239,prompt_diverse,0.25,18,8,0.25,14,0,0.8402777777777778,True,0.32506613756613745,2.6838078658178848,0.07412131519274377,0.11607142857142858,0.27078189300411526,2.72544014349263,0.06941015089163237,0.08888888888888889,1.0,1.0,0.8035714285714286,0.8541289424873627,0.7324862869286778,none,0,0,
30240,prompt_diverse,0.5,18,8,0.25,14,2,0.8125,True,0.3128306878306879,2.6746075794502997,0.07325325963718822,0.10416666666666667,0.2703442879499218,2.699684753585427,0.07047212854592341,0.08098591549295775,1.0,1.0,0.8452380952380952,0.7768609614577798,0.6454656261821275,none,0,0,
30241,prompt_diverse,0.5,18,8,0.25,14,0,0.8402777777777778,True,0.27116402116402116,2.7181022607884913,0.06988732993197279,0.09821428571428571,0.24382716049382713,2.736921811127274,0.06804591049382716,0.08333333333333333,1.0,1.0,0.8571428571428571,0.8053915526335264,0.6719260865037064,none,0,0,
30242,prompt_diverse,0.5,18,8,0.25,14,0,0.8541666666666666,True,0.2612433862433863,2.7386136861647197,0.06829294217687076,0.09226190476190477,0.2282282282282282,2.757678183192444,0.06628926223520819,0.08108108108108109,1.0,1.0,0.8809523809523809,0.7459309185991061,0.6353284144902213,none,0,0,
30243,prompt_diverse,0.5,18,8,0.25,14,0,0.8611111111111112,True,0.27248677248677255,2.7238868455213145,0.06926729024943311,0.09226190476190477,0.23070987654320985,2.746834771208003,0.06688850308641976,0.0763888888888889,1.0,1.0,0.8571428571428571,0.7605817990633365,0.6711768082335955,none,0,0,
30244,prompt_diverse,0.5,18,8,0.25,14,2,0.8194444444444444,True,0.2764550264550265,2.690145115834836,0.07093253968253968,0.09226190476190477,0.23894655901576312,2.7065611586938707,0.06924007135929888,0.07958477508650519,1.0,1.0,0.8601190476190477,0.7846004569643744,0.6571928336842338,none,0,0,
30245,prompt_diverse,0.5,18,8,0.25,14,0,0.8194444444444444,True,0.31779100529100535,2.687643780202527,0.07312925170068027,0.10119047619047619,0.25775422065174713,2.724410131815851,0.06888586447577069,0.08480565371024736,1.0,1.0,0.8422619047619048,0.7699404844072527,0.6533797979147996,none,0,0,
30246,prompt_diverse,0.5,18,8,0.25,14,0,0.875,True,0.25429894179894186,2.75772582546148,0.06749574829931973,0.08928571428571429,0.23426573426573416,2.777286281707315,0.06579783852511126,0.08041958041958042,1.0,1.0,0.8511904761904762,0.8162204638922991,0.7355804616171385,none,0,0,
30247,prompt_diverse,0.5,18,8,0.25,14,0,0.8680555555555556,True,0.29034391534391535,2.7258691672878905,0.0703656462585034,0.10416666666666667,0.23672316384180792,2.7577321447330267,0.06654409652398736,0.08135593220338982,1.0,1.0,0.8779761904761905,0.743489209562879,0.6628392219071744,none,0,0,
30248,prompt_diverse,0.5,18,8,0.25,14,1,0.8055555555555556,True,0.32572751322751325,2.650677139139068,0.0746173469387755,0.10119047619047619,0.27659574468085113,2.6785785683818486,0.0711986318595644,0.0851063829787234,0.9444444444444444,0.9444444444444444,0.8392857142857143,0.7442187649806914,0.6632531072214066,none,0,0,
30249,prompt_diverse,0.5,18,8,0.25,14,0,0.8541666666666666,True,0.29166666666666674,2.70421322876068,0.07118055555555555,0.11011904761904762,0.23708920187793425,2.7353003325987997,0.06737254512993453,0.08450704225352113,0.9444444444444444,0.9444444444444444,0.8452380952380952,0.832328489235043,0.7201103796794687,none,0,0,
30250,prompt_diverse,0.5,18,8,0.25,14,0,0.8402777777777778,True,0.31613756613756605,2.701920676734627,0.07321782879818593,0.11904761904761904,0.25676767676767676,2.745972582372627,0.06803305785123968,0.08727272727272728,1.0,1.0,0.8184523809523809,0.7988951158304743,0.7065894419956833,none,0,0,
30251,prompt_diverse,0.5,18,8,0.25,14,0,0.8125,True,0.33664021164021163,2.666899214544267,0.07536139455782313,0.12202380952380952,0.27936507936507926,2.7083816817920976,0.07015306122448978,0.08571428571428572,0.9444444444444444,0.9444444444444444,0.8333333333333334,0.7239792163097017,0.647308416430522,none,0,0,
30252,prompt_diverse,0.5,18,8,0.25,14,0,0.8125,True,0.32605820105820094,2.6617138218930214,0.0744047619047619,0.1130952380952381,0.2758077226162332,2.6927380143787687,0.07056989085056084,0.0851063829787234,0.9444444444444444,0.9444444444444444,0.8392857142857143,0.7636238233666369,0.6686723787846324,none,0,0,
30253,prompt_diverse,0.5,18,8,0.25,14,0,0.8194444444444444,True,0.31547619047619047,2.6815728897021445,0.073093820861678,0.09821428571428571,0.27453365774533656,2.7117284566317523,0.0699824178166125,0.08759124087591241,1.0,1.0,0.8154761904761905,0.786397749317279,0.6815512751480606,none,0,0,
30254,prompt_diverse,0.5,18,8,0.25,14,0,0.8263888888888888,True,0.28769841269841256,2.697108695045687,0.07098568594104308,0.10119047619047619,0.2440125638005497,2.7207922736559236,0.0683364756708162,0.08480565371024736,0.9444444444444444,0.9444444444444444,0.8422619047619048,0.7715392929253149,0.6693630669995737,none,0,0,
30255,prompt_diverse,0.5,18,8,0.25,14,1,0.8263888888888888,True,0.3022486772486772,2.7006108386643857,0.07196003401360546,0.11011904761904762,0.24798711755233493,2.735715890543882,0.06807918504515859,0.08333333333333333,1.0,1.0,0.8214285714285714,0.8496030017202466,0.7063355776616368,none,0,0,
30256,prompt_diverse,0.5,18,8,0.25,14,0,0.8263888888888888,True,0.2867063492063491,2.694995698050431,0.07082624716553287,0.09523809523809523,0.25009480470231327,2.714461203408513,0.06866707824202961,0.08191126279863481,0.9444444444444444,0.9444444444444444,0.8720238095238095,0.7428976880148969,0.6502738958348374,none,0,0,
30257,prompt_diverse,0.5,18,8,0.25,14,1,0.8541666666666666,True,0.3032407407407407,2.6947717427515014,0.07181831065759638,0.09226190476190477,0.26364350215940324,2.723019248700694,0.06883592003895665,0.08480565371024736,0.9444444444444444,0.9444444444444444,0.8422619047619048,0.8035603936076746,0.7130701432947859,none,0,0,
30258,prompt_diverse,0.5,18,8,0.25,14,0,0.8333333333333334,True,0.29133597883597884,2.7055465114875283,0.07109197845804989,0.10416666666666667,0.2543859649122806,2.7296868509535677,0.06848876577408435,0.08421052631578947,1.0,1.0,0.8482142857142857,0.7954555018341951,0.6970435260352353,none,0,0,
30259,prompt_diverse,0.5,18,8,0.25,14,1,0.8333333333333334,True,0.275462962962963,2.707193486858894,0.07048965419501133,0.08630952380952381,0.262465645857872,2.7238084609072097,0.06926044775187605,0.08480565371024736,1.0,1.0,0.8422619047619048,0.8047888567497362,0.6906055017107381,none,0,0,
30260,prompt_diverse,0.5,18,8,0.25,14,1,0.8125,True,0.3101851851851851,2.665593994648973,0.07335955215419501,0.10119047619047619,0.26960784313725483,2.6907018743056406,0.07050173010380623,0.08823529411764706,0.9444444444444444,0.9444444444444444,0.8095238095238095,0.8573771989031762,0.6874415953764935,none,0,0,
30261,prompt_diverse,0.5,18,8,0.25,14,1,0.8333333333333334,True,0.3194444444444444,2.680037175904858,0.07325325963718822,0.11011904761904762,0.26111111111111107,2.7154536384287034,0.06900510204081634,0.08571428571428572,0.9444444444444444,0.9444444444444444,0.8333333333333334,0.796327983827548,0.6732999716057827,none,0,0,
30262,prompt_diverse,0.5,18,8,0.25,14,0,0.8055555555555556,True,0.3115079365079365,2.6611290337783617,0.07353670634920635,0.1130952380952381,0.2651245551601422,2.68865841032391,0.07012322538974937,0.08540925266903915,0.8888888888888888,0.8888888888888888,0.8363095238095238,0.7693359438252104,0.636266721502104,none,0,0,
30263,prompt_diverse,0.5,18,8,0.25,14,0,0.8263888888888888,True,0.31845238095238093,2.6780109267229153,0.07422760770975058,0.12797619047619047,0.2513036502206176,2.7218980005945808,0.06851386046996573,0.08664259927797834,0.9444444444444444,0.9444444444444444,0.8244047619047619,0.772026137537289,0.7009442392407625,none,0,0,
30264,prompt_diverse,0.5,18,8,0.25,14,1,0.8472222222222222,True,0.2946428571428572,2.713907695044637,0.07114512471655329,0.10416666666666667,0.2440125638005497,2.746889986111533,0.06751239246338449,0.08480565371024736,1.0,1.0,0.8422619047619048,0.7884387192735386,0.6741315539626801,none,0,0,
30265,prompt_diverse,0.5,18,8,0.25,14,2,0.8263888888888888,True,0.30026455026455023,2.6832662001527434,0.072828089569161,0.11011904761904762,0.25291375291375284,2.7134491438450503,0.06895202699398505,0.08391608391608392,0.9444444444444444,0.9444444444444444,0.8511904761904762,0.7557697660914536,0.7013683742583013,none,0,0,
30266,prompt_diverse,0.5,18,8,0.25,14,1,0.8402777777777778,True,0.33465608465608465,2.6778535957742005,0.0755031179138322,0.125,0.26127214170692437,2.7303609650465575,0.06857802982566688,0.08695652173913043,1.0,1.0,0.8214285714285714,0.7899260249727694,0.7217689216238937,none,0,0,
30267,prompt_diverse,0.5,18,8,0.25,14,0,0.8472222222222222,True,0.2691798941798942,2.7274656115776295,0.0691609977324263,0.09226190476190477,0.24691358024691357,2.7445750669053575,0.06763599537037038,0.08333333333333333,1.0,1.0,0.8571428571428571,0.7786274159408159,0.6893552524229136,none,0,0,
30268,prompt_diverse,0.5,18,8,0.25,14,0,0.8680555555555556,True,0.29728835978835977,2.7265809109819354,0.07091482426303855,0.10416666666666667,0.24126423243031025,2.764570264315389,0.06671328147435979,0.08480565371024736,1.0,1.0,0.8422619047619048,0.777276994146692,0.7041619080157527,none,0,0,
30269,prompt_diverse,0.5,18,8,0.25,14,0,0.8333333333333334,True,0.29960317460317465,2.686993623306036,0.07238520408163265,0.11904761904761904,0.24761359297441765,2.717083835872155,0.06838606062753155,0.08247422680412371,0.9444444444444444,0.9444444444444444,0.8660714285714286,0.7361375246617778,0.65140986209059,none,0,0,
30270,prompt_diverse,0.75,18,8,0.25,14,0,0.8194444444444444,True,0.28769841269841256,2.69322454436613,0.07116284013605442,0.08928571428571429,0.2559322033898306,2.7114933898419102,0.0692789428325194,0.08135593220338982,0.9444444444444444,0.9444444444444444,0.8779761904761905,0.729483170580283,0.6261311872741774,none,0,0,
30271,prompt_diverse,0.75,18,8,0.25,14,0,0.8472222222222222,True,0.28207671957671954,2.7151563017636082,0.07041879251700679,0.09226190476190477,0.2500935278713057,2.7360450458065797,0.0683263612556542,0.08080808080808081,1.0,1.0,0.8839285714285714,0.6980954852343696,0.6104498094481928,none,0,0,
30272,prompt_diverse,0.75,18,8,0.25,14,1,0.8194444444444444,True,0.27976190476190466,2.683986726806151,0.07130456349206349,0.10119047619047619,0.2468727005150846,2.6993961045359582,0.06944870838998289,0.07947019867549669,0.9444444444444444,0.9444444444444444,0.8988095238095238,0.6834880615121128,0.6269221859744518,none,0,0,
30273,prompt_diverse,0.75,18,8,0.25,14,0,0.8194444444444444,True,0.2929894179894179,2.692673947734005,0.07162344104308391,0.09821428571428571,0.2613026819923372,2.712836513082121,0.06951248513674198,0.08275862068965517,1.0,1.0,0.8630952380952381,0.7662717260993136,0.6637911256863762,none,0,0,
30274,prompt_diverse,0.75,18,8,0.25,14,1,0.8333333333333334,True,0.2936507936507937,2.704692187216914,0.07110969387755103,0.09226190476190477,0.25616230565036013,2.7277804959610097,0.06862048480471525,0.08191126279863481,1.0,1.0,0.8720238095238095,0.70345198269943,0.6156765160809824,none,0,0,
30275,prompt_diverse,0.75,18,8,0.25,14,1,0.8472222222222222,True,0.28141534391534395,2.7090602973862032,0.07121598639455784,0.11607142857142858,0.2378234398782344,2.7382380785712552,0.06736723587915179,0.0821917808219178,0.9444444444444444,0.9444444444444444,0.8690476190476191,0.7223133878542191,0.6455465279147805,none,0,0,
30276,prompt_diverse,0.75,18,8,0.25,14,1,0.8472222222222222,True,0.259589947089947,2.7180222872742212,0.06910785147392291,0.08630952380952381,0.23303504847128997,2.731734340414318,0.0677897392009369,0.08053691275167785,1.0,1.0,0.8869047619047619,0.7103804559177153,0.6350080250340241,none,0,0,
30277,prompt_diverse,0.75,18,8,0.25,14,2,0.8194444444444444,True,0.31679894179894186,2.6812606461689716,0.07380243764172335,0.11904761904761904,0.274928774928775,2.7147739485623967,0.0699727622804546,0.08791208791208792,1.0,1.0,0.8125,0.7873462162767652,0.7226675287182437,none,0,0,
30278,prompt_diverse,0.75,18,8,0.25,14,1,0.8263888888888888,True,0.2665343915343914,2.699720097116329,0.07024163832199547,0.08630952380952381,0.2407407407407407,2.711688429384508,0.06908908712653443,0.07590759075907591,1.0,1.0,0.9017857142857143,0.6950899396782443,0.5886273274642022,none,0,0,
30279,prompt_diverse,0.75,18,8,0.25,14,1,0.8125,True,0.2691798941798942,2.6889318060866647,0.07050736961451248,0.08928571428571429,0.2425287356321839,2.70195700834841,0.06925089179548158,0.08275862068965517,0.9444444444444444,0.9444444444444444,0.8630952380952381,0.7828292744350095,0.6983122259205076,none,0,0,
30280,prompt_diverse,0.75,18,8,0.25,14,0,0.8263888888888888,True,0.25595238095238093,2.7055726530805044,0.06932043650793651,0.08333333333333333,0.23987365291713125,2.715746467910094,0.06839968233017528,0.0802675585284281,0.9444444444444444,0.9444444444444444,0.8898809523809523,0.7597671346834959,0.6524003688494618,none,0,0,
30281,prompt_diverse,0.75,18,8,0.25,14,0,0.8402777777777778,True,0.2966269841269842,2.7041996512558444,0.07133999433106575,0.09821428571428571,0.24980842911877388,2.731335312036835,0.06837098692033294,0.08275862068965517,1.0,1.0,0.8630952380952381,0.7525868833371806,0.6934451099873788,none,0,0,
30282,prompt_diverse,0.75,18,8,0.25,14,0,0.8611111111111112,True,0.28769841269841256,2.718132153990335,0.070578231292517,0.10416666666666667,0.24251042851725435,2.744782863227389,0.06750224230917076,0.08191126279863481,1.0,1.0,0.8720238095238095,0.7559044198828383,0.6824278921883705,none,0,0,
30283,prompt_diverse,0.75,18,8,0.25,14,0,0.8333333333333334,True,0.3227513227513228,2.684606647457472,0.07343041383219956,0.10119047619047619,0.27543859649122804,2.717199618539467,0.06969529085872576,0.08421052631578947,1.0,1.0,0.8482142857142857,0.7292152849242642,0.6732799602318348,none,0,0,
30284,prompt_diverse,0.75,18,8,0.25,14,2,0.8541666666666666,True,0.24702380952380953,2.741614834165721,0.067796910430839,0.08333333333333333,0.21839080459770122,2.7596913134285566,0.06618311533888228,0.07931034482758621,1.0,1.0,0.8630952380952381,0.7978816565325327,0.6922322456698272,none,0,0,
30285,prompt_diverse,0.75,18,8,0.25,14,0,0.8194444444444444,True,0.2929894179894179,2.6886132557346833,0.07169430272108844,0.09226190476190477,0.26146076146076136,2.709367060258277,0.06966110812264659,0.08391608391608392,1.0,1.0,0.8511904761904762,0.7785721584562069,0.6504825775158591,none,0,0,
30286,prompt_diverse,0.75,18,8,0.25,14,0,0.8333333333333334,True,0.28902116402116396,2.7086029457624874,0.07086167800453515,0.10119047619047619,0.24471357170319097,2.733996346622058,0.0680906598340537,0.08304498269896193,1.0,1.0,0.8601190476190477,0.760362691221434,0.6869993673532507,none,0,0,
30287,prompt_diverse,0.75,18,8,0.25,14,1,0.8194444444444444,True,0.2949735449735449,2.6824903945410297,0.07201318027210885,0.09226190476190477,0.2595129375951293,2.70191421676767,0.06985363107524864,0.0821917808219178,1.0,1.0,0.8690476190476191,0.7317607177312956,0.6459273764912533,none,0,0,
30288,prompt_diverse,0.75,18,8,0.25,14,0,0.8472222222222222,True,0.26388888888888884,2.725994275267947,0.06914328231292517,0.09226190476190477,0.238718240424725,2.742843158316998,0.06757213246514229,0.08191126279863481,1.0,1.0,0.8720238095238095,0.76618598880126,0.6633325780019144,none,0,0,
30289,prompt_diverse,0.75,18,8,0.25,14,1,0.8472222222222222,True,0.3025793650793651,2.7071834039095237,0.0715171485260771,0.11011904761904762,0.2611304684475415,2.7361740895421844,0.06816884993140623,0.08362369337979095,0.9444444444444444,0.9444444444444444,0.8541666666666666,0.7479265645601768,0.6660598184808114,none,0,0,
30290,prompt_diverse,0.75,18,8,0.25,14,0,0.8472222222222222,True,0.2873677248677249,2.7023943285221237,0.0717828798185941,0.12202380952380952,0.24310216256524986,2.7297840756379728,0.06812756182153956,0.08053691275167785,1.0,1.0,0.8869047619047619,0.739616246547652,0.6519391803276625,none,0,0,
30291,prompt_diverse,0.75,18,8,0.25,14,0,0.8333333333333334,True,0.27744708994709,2.6916771747198456,0.07034793083900227,0.08928571428571429,0.2445589919816724,2.7081409740812443,0.06855138696992241,0.08247422680412371,0.8888888888888888,0.8888888888888888,0.8660714285714286,0.7664378207196649,0.6425321867553108,none,0,0,
30292,prompt_diverse,0.75,18,8,0.25,14,0,0.8472222222222222,True,0.27314814814814814,2.7249558036861496,0.06946215986394559,0.09226190476190477,0.24592339780053085,2.74279673416685,0.06766531933977099,0.08191126279863481,1.0,1.0,0.8720238095238095,0.7594001953923555,0.6672950220773712,none,0,0,
30293,prompt_diverse,0.75,18,8,0.25,14,0,0.8333333333333334,True,0.31779100529100535,2.677714283384823,0.07369614512471655,0.1130952380952381,0.2574671445639187,2.715553100606825,0.06887116044244036,0.08602150537634409,0.9444444444444444,0.9444444444444444,0.8303571428571429,0.7858219137740154,0.7020437706705235,none,0,0,
30294,prompt_diverse,0.75,18,8,0.25,14,0,0.8402777777777778,True,0.2956349206349207,2.705163088074491,0.07169430272108844,0.11011904761904762,0.24310216256524986,2.734191993545045,0.06810504031349938,0.08053691275167785,1.0,1.0,0.8869047619047619,0.7025763411320248,0.6381672558907358,none,0,0,
30295,prompt_diverse,0.75,18,8,0.25,14,0,0.8125,True,0.29001322751322745,2.6845308962497665,0.0717828798185941,0.09821428571428571,0.25228310502283113,2.703554293856631,0.0697832613998874,0.0821917808219178,1.0,1.0,0.8690476190476191,0.7206469657824646,0.6110326604963066,none,0,0,
30296,prompt_diverse,0.75,18,8,0.25,14,0,0.8263888888888888,True,0.29861111111111116,2.6832568741769567,0.07204861111111109,0.09523809523809523,0.2579228713249331,2.705439950381804,0.06951972697535456,0.08247422680412371,0.9444444444444444,0.9444444444444444,0.8660714285714286,0.7406185434349982,0.6552714275814595,none,0,0,
30297,prompt_diverse,0.75,18,8,0.25,14,1,0.8125,True,0.2943121693121693,2.687591866262506,0.07169430272108844,0.10416666666666667,0.25823754789272035,2.7088134068767977,0.06927467300832343,0.08275862068965517,0.9444444444444444,0.9444444444444444,0.8630952380952381,0.7417509043393736,0.6204739762005206,none,0,0,
30298,prompt_diverse,0.75,18,8,0.25,14,1,0.8472222222222222,True,0.2420634920634921,2.7386032466681023,0.06785005668934241,0.08630952380952381,0.21723883351790318,2.7510022237198264,0.0667431926799925,0.07641196013289037,1.0,1.0,0.8958333333333334,0.7384383638741348,0.6644322814043254,none,0,0,
30299,prompt_diverse,0.75,18,8,0.25,14,0,0.8333333333333334,True,0.2929894179894179,2.7017998047097693,0.07125141723356009,0.09226190476190477,0.2586206896551724,2.7239980776560615,0.06896551724137931,0.08275862068965517,1.0,1.0,0.8630952380952381,0.7617337189202821,0.6715270996482648,none,0,0,
30300,prompt_diverse,0.9,18,8,0.25,14,3,0.8333333333333334,True,0.2827380952380951,2.700461689108821,0.07086167800453515,0.09226190476190477,0.2584204413472706,2.7187227438535686,0.06918865107018417,0.08362369337979095,1.0,1.0,0.8541666666666666,0.7529960465626564,0.6657300102636662,none,0,0,
30301,prompt_diverse,0.9,18,8,0.25,14,1,0.7986111111111112,True,0.30919312169312163,2.6722243372383825,0.07312925170068027,0.09821428571428571,0.263014763014763,2.6978908013703835,0.07037018925130813,0.08391608391608392,1.0,1.0,0.8511904761904762,0.7377351441931236,0.5995755428364193,none,0,0,
30302,prompt_diverse,0.9,18,8,0.25,14,2,0.8125,True,0.29100529100529093,2.6669152205941185,0.07199546485260772,0.10119047619047619,0.2596371882086168,2.68168735137814,0.07020223055208479,0.08163265306122448,0.8888888888888888,0.8888888888888888,0.875,0.7108607570072824,0.6322509433046836,none,0,0,
30303,prompt_diverse,0.9,18,8,0.25,14,0,0.8680555555555556,True,0.2665343915343914,2.7320503942459613,0.06900155895691609,0.09821428571428571,0.22839506172839497,2.75285860963328,0.06673922162137651,0.08080808080808081,1.0,1.0,0.8839285714285714,0.7478721536025802,0.6619528096561683,none,0,0,
30304,prompt_diverse,0.9,18,8,0.25,14,0,0.8263888888888888,True,0.275462962962963,2.716397663634008,0.06976332199546485,0.09226190476190477,0.24373363262252146,2.734242280620136,0.06791823963541135,0.08080808080808081,1.0,1.0,0.8839285714285714,0.716632379037141,0.6253591207339927,none,0,0,
30305,prompt_diverse,0.9,18,8,0.25,14,0,0.8402777777777778,True,0.2658730158730158,2.7298191979085176,0.06909013605442177,0.08928571428571429,0.2416378316032295,2.748808214080812,0.0673962237042181,0.08304498269896193,1.0,1.0,0.8601190476190477,0.7949334283458619,0.7210304677087916,none,0,0,
30306,prompt_diverse,0.9,18,8,0.25,14,1,0.8472222222222222,True,0.29001322751322745,2.71310167176112,0.07121598639455783,0.1130952380952381,0.2493453049008605,2.7395299080018853,0.06807695359883911,0.08080808080808081,1.0,1.0,0.8839285714285714,0.6705945451052063,0.6323913086025638,none,0,0,
30307,prompt_diverse,0.9,18,8,0.25,14,0,0.8472222222222222,True,0.25297619047619047,2.733846279837042,0.06843466553287983,0.08928571428571429,0.2261503928170594,2.749800854622308,0.06696595585484474,0.07744107744107744,1.0,1.0,0.8839285714285714,0.7299617023924663,0.6050839121795913,none,0,0,
30308,prompt_diverse,0.9,18,8,0.25,14,0,0.8472222222222222,True,0.27414021164021163,2.720735243793727,0.06971017573696145,0.09226190476190477,0.2386064030131827,2.7408025507851974,0.06762424590634876,0.08135593220338982,1.0,1.0,0.8779761904761905,0.7349131267188306,0.6356424512689918,none,0,0,
30309,prompt_diverse,0.9,18,8,0.25,14,0,0.8194444444444444,True,0.26488095238095233,2.6955553806513057,0.07033021541950113,0.08630952380952381,0.24885844748858443,2.7066224212401915,0.06943141302308124,0.0821917808219178,1.0,1.0,0.8690476190476191,0.7635439335502806,0.6431789471626125,none,0,0,
30310,prompt_diverse,0.9,18,8,0.25,14,0,0.8263888888888888,True,0.3125,2.6843195897184056,0.07346584467120182,0.11904761904761904,0.25893886966551327,2.7173416187637454,0.0693119095796267,0.08304498269896193,1.0,1.0,0.8601190476190477,0.7134542084084723,0.6554398025795877,none,0,0,
30311,prompt_diverse,0.9,18,8,0.25,14,1,0.8263888888888888,True,0.2860449735449735,2.6911018897531864,0.07133999433106576,0.10119047619047619,0.25828460038986356,2.7096305671807333,0.06922745460141581,0.08421052631578947,0.9444444444444444,0.9444444444444444,0.8482142857142857,0.7985230230233807,0.7094260236496371,none,0,0,
30312,prompt_diverse,0.9,18,8,0.25,14,0,0.8472222222222222,True,0.2602513227513228,2.7375780257851807,0.06850552721088433,0.08928571428571429,0.22999999999999998,2.7547335801406914,0.0668,0.08,1.0,1.0,0.8928571428571429,0.7222103147901784,0.6120575096533848,none,0,0,
30313,prompt_diverse,0.9,18,8,0.25,14,1,0.8333333333333334,True,0.30059523809523814,2.698499120658346,0.07165887188208615,0.09821428571428571,0.2568493150684932,2.7242862735160696,0.06879808594483017,0.0821917808219178,1.0,1.0,0.8690476190476191,0.7280377858587537,0.6646139667959599,none,0,0,
30314,prompt_diverse,0.9,18,8,0.25,14,1,0.8125,True,0.27876984126984117,2.6838405704072055,0.07121598639455783,0.08630952380952381,0.2520786092214664,2.6972990745350973,0.069901429959739,0.08163265306122448,1.0,1.0,0.875,0.732630117345194,0.6605842072871598,none,0,0,
30315,prompt_diverse,0.9,18,8,0.25,14,0,0.8333333333333334,True,0.28505291005291,2.693108064336775,0.07098568594104308,0.08928571428571429,0.2559322033898306,2.7101177819745073,0.06923297902901465,0.08135593220338982,0.9444444444444444,0.9444444444444444,0.8779761904761905,0.7278071576738557,0.6113992081752843,none,0,0,
30316,prompt_diverse,0.9,18,8,0.25,14,0,0.8263888888888888,True,0.29960317460317465,2.7025098956134146,0.0717828798185941,0.10714285714285714,0.2588168373151307,2.7282060797143948,0.06876026511665832,0.08191126279863481,1.0,1.0,0.8720238095238095,0.713688285946826,0.6045242716565454,none,0,0,
30317,prompt_diverse,0.9,18,8,0.25,14,0,0.8680555555555556,True,0.2840608465608465,2.7290155689838946,0.07036564625850342,0.1130952380952381,0.23862788963460102,2.7573137434072525,0.06697896491149047,0.08053691275167785,1.0,1.0,0.8869047619047619,0.6993249928020564,0.6170944885255372,none,0,0,
30318,prompt_diverse,0.9,18,8,0.25,14,1,0.8541666666666666,True,0.2678571428571428,2.728505503686972,0.06917871315192743,0.09226190476190477,0.22868217054263562,2.7481580827148635,0.06705224004150065,0.07973421926910298,1.0,1.0,0.8958333333333334,0.6718674060030793,0.5980562897304281,none,0,0,
30319,prompt_diverse,0.9,18,8,0.25,14,1,0.8402777777777778,True,0.27976190476190466,2.70808985974608,0.07047193877551021,0.08928571428571429,0.2474747474747474,2.726559798850502,0.0685304220657756,0.08080808080808081,1.0,1.0,0.8839285714285714,0.7092812427779478,0.6363843903991176,none,0,0,
30320,prompt_diverse,0.9,18,8,0.25,14,0,0.8333333333333334,True,0.2873677248677249,2.7024593073856256,0.07100340136054421,0.10416666666666667,0.25065031586770714,2.7219970013770816,0.06873524904643125,0.0802675585284281,1.0,1.0,0.8898809523809523,0.7121973019862461,0.6533376315543586,none,0,0,
30321,prompt_diverse,0.9,18,8,0.25,14,0,0.8333333333333334,True,0.29001322751322745,2.695483651868528,0.07158801020408163,0.10416666666666667,0.2520507084265473,2.716000143166461,0.06927615873158867,0.08053691275167785,1.0,1.0,0.8869047619047619,0.7056015269535183,0.6060091860463195,none,0,0,
30322,prompt_diverse,0.9,18,8,0.25,14,0,0.8402777777777778,True,0.259589947089947,2.7231092194146216,0.0691078514739229,0.08928571428571429,0.23200442967884816,2.737456204273024,0.06773655919912583,0.07973421926910298,1.0,1.0,0.8958333333333334,0.7066864112389458,0.6270269919158761,none,0,0,
30323,prompt_diverse,0.9,18,8,0.25,14,1,0.8055555555555556,True,0.28505291005291,2.6916482299575106,0.07135770975056689,0.09821428571428571,0.2571872571872571,2.710527505665399,0.06951440168223387,0.08391608391608392,1.0,1.0,0.8511904761904762,0.7692930587355797,0.6632020072616404,none,0,0,
30324,prompt_diverse,0.9,18,8,0.25,14,0,0.8541666666666666,True,0.25,2.740433472371453,0.06806264172335601,0.08333333333333333,0.23501336387934324,2.755512313375454,0.06687450549710089,0.08247422680412371,1.0,1.0,0.8660714285714286,0.7469700995744729,0.6652038888001414,none,0,0,
30325,prompt_diverse,0.9,18,8,0.25,14,0,0.8611111111111112,True,0.2691798941798942,2.714281040538337,0.06939129818594104,0.08630952380952381,0.2440740740740741,2.729162788948209,0.06788888888888889,0.08,0.9444444444444444,0.9444444444444444,0.8928571428571429,0.7142593695253062,0.6593703268965423,none,0,0,
30326,prompt_diverse,0.9,18,8,0.25,14,0,0.8402777777777778,True,0.30059523809523814,2.697956052697933,0.07192460317460317,0.10119047619047619,0.24849849849849837,2.72814182079967,0.0681154127100073,0.08108108108108109,0.9444444444444444,0.9444444444444444,0.8809523809523809,0.6762808694286071,0.6217670255735731,none,0,0,
30327,prompt_diverse,0.9,18,8,0.25,14,0,0.8472222222222222,True,0.2767857142857142,2.718521668704379,0.07002905328798185,0.09821428571428571,0.23492605233219566,2.7410941955704407,0.06757213246514228,0.08191126279863481,1.0,1.0,0.8720238095238095,0.7543559514484511,0.6523421082111451,none,0,0,
30328,prompt_diverse,0.9,18,8,0.25,14,0,0.8333333333333334,True,0.2860449735449735,2.70400351932064,0.07109197845804989,0.10416666666666667,0.2411148522259634,2.726677629991052,0.06846240179573512,0.08080808080808081,1.0,1.0,0.8839285714285714,0.7048048156531691,0.6071826279266834,none,0,0,
30329,prompt_diverse,0.9,18,8,0.25,14,2,0.8194444444444444,True,0.2665343915343914,2.695140341033169,0.07040107709750566,0.08928571428571429,0.23536036036036023,2.7087524286127023,0.06907414170927684,0.0777027027027027,1.0,1.0,0.8809523809523809,0.7516558211348398,0.6318641403224998,none,0,0,
30330,prompt_diverse,0.98,18,8,0.25,14,0,0.8194444444444444,True,0.29927248677248675,2.6808118767281206,0.07233205782312926,0.10119047619047619,0.2796803652968036,2.6919177192799366,0.07123756802401951,0.0821917808219178,1.0,1.0,0.8690476190476191,0.753688302723535,0.6774513116248072,none,0,0,
30331,prompt_diverse,0.98,18,8,0.25,14,1,0.8541666666666666,True,0.2658730158730158,2.7347013256108084,0.06878897392290248,0.08928571428571429,0.22856077554064136,2.754666806411531,0.0667537498310887,0.08053691275167785,1.0,1.0,0.8869047619047619,0.7453987426671568,0.6499965158142007,none,0,0,
30332,prompt_diverse,0.98,18,8,0.25,14,0,0.875,True,0.26488095238095233,2.7474688427527796,0.06832837301587301,0.09226190476190477,0.2296416938110748,2.7656014607318395,0.06640919267047928,0.0781758957654723,1.0,1.0,0.9136904761904762,0.6685408631859889,0.6279738643820931,none,0,0,
30333,prompt_diverse,0.98,18,8,0.25,14,0,0.8680555555555556,True,0.2691798941798942,2.733563670686527,0.0691609977324263,0.09821428571428571,0.23242630385487528,2.755680080795004,0.0668008700078671,0.08163265306122448,1.0,1.0,0.875,0.743228479028601,0.6934666336035318,none,0,0,
30334,prompt_diverse,0.98,18,8,0.25,14,0,0.8472222222222222,True,0.2658730158730158,2.7088889607067177,0.06944444444444445,0.08630952380952381,0.23911411411411398,2.723268111340139,0.06800127830533235,0.08108108108108109,0.9444444444444444,0.9444444444444444,0.8809523809523809,0.7225290408081534,0.6045739039220753,none,0,0,
30335,prompt_diverse,0.98,18,8,0.25,14,0,0.8402777777777778,True,0.27182539682539675,2.7228448502309464,0.06962159863945577,0.10119047619047619,0.23296296296296304,2.7436209065438506,0.06728888888888888,0.08,1.0,1.0,0.8928571428571429,0.7008439826348593,0.6233338278124457,none,0,0,
30336,prompt_diverse,0.98,18,8,0.25,14,0,0.8541666666666666,True,0.2867063492063491,2.726156403287894,0.07041879251700679,0.09821428571428571,0.23942269671807037,2.7583411561745796,0.06708375020579779,0.08540925266903915,1.0,1.0,0.8363095238095238,0.8144940110602433,0.7214429346838712,none,0,0,
30337,prompt_diverse,0.98,18,8,0.25,14,2,0.8125,True,0.28240740740740744,2.6811369108794376,0.07121598639455783,0.08928571428571429,0.25982042648709314,2.6935423523566357,0.06993617431327868,0.08080808080808081,0.9444444444444444,0.9444444444444444,0.8839285714285714,0.7026566585069199,0.6173135359619392,none,0,0,
30338,prompt_diverse,0.98,18,8,0.25,14,1,0.875,True,0.26289682539682535,2.74306235980165,0.06847009637188207,0.10119047619047619,0.22259013980868292,2.764473083303895,0.0660497346607605,0.07947019867549669,1.0,1.0,0.8988095238095238,0.6838257181417428,0.6162233843346888,none,0,0,
30339,prompt_diverse,0.98,18,8,0.25,14,1,0.8055555555555556,True,0.2959656084656084,2.6581867885857804,0.0727217970521542,0.10416666666666667,0.26374668183541905,2.6742514609254173,0.07076378292117556,0.08191126279863481,0.8888888888888888,0.8888888888888888,0.8720238095238095,0.7138161378254355,0.6146476297113094,none,0,0,
30340,prompt_diverse,0.98,18,8,0.25,14,2,0.8263888888888888,True,0.2943121693121693,2.688330328482225,0.07169430272108843,0.10714285714285714,0.2531718569780854,2.7111480867173374,0.06900061062487278,0.08304498269896193,0.9444444444444444,0.9444444444444444,0.8601190476190477,0.7461596829925569,0.667505298166855,none,0,0,
30341,prompt_diverse,0.98,18,8,0.25,14,0,0.8333333333333334,True,0.2860449735449735,2.7016862281944434,0.07089710884353742,0.09523809523809523,0.23849607182940513,2.7245125882706485,0.06823566756226689,0.08080808080808081,1.0,1.0,0.8839285714285714,0.7028674509693477,0.6198834544026416,none,0,0,
30342,prompt_diverse,0.98,18,8,0.25,14,0,0.8680555555555556,True,0.2665343915343914,2.7313976627427956,0.06894841269841269,0.09523809523809523,0.2345264727815064,2.750192072903769,0.06700148641953066,0.08053691275167785,1.0,1.0,0.8869047619047619,0.7229033633061306,0.6536901378079111,none,0,0,
30343,prompt_diverse,0.98,18,8,0.25,14,1,0.8541666666666666,True,0.25760582010582,2.744096249620105,0.06815121882086167,0.08928571428571429,0.22426607209215899,2.762460579399587,0.06634153980380532,0.0802675585284281,1.0,1.0,0.8898809523809523,0.7612500945515276,0.6714465751788525,none,0,0,
30344,prompt_diverse,0.98,18,8,0.25,14,1,0.8472222222222222,True,0.287037037037037,2.7145102645089256,0.07064909297052155,0.10119047619047619,0.2533783783783783,2.7348814500907523,0.06848064280496714,0.08108108108108109,1.0,1.0,0.8809523809523809,0.7608664543685079,0.6283940476592141,none,0,0,
30345,prompt_diverse,0.98,18,8,0.25,13,3,0.8055555555555556,True,0.292022792022792,2.6698534216227707,0.07213593030900724,0.09294871794871795,0.2607750098853301,2.6840873171942063,0.07045250186801079,0.08540925266903915,0.9444444444444444,0.9444444444444444,0.9006410256410257,0.7105531677132358,0.6410127530640399,none,0,0,
30346,prompt_diverse,0.98,18,8,0.25,14,0,0.8402777777777778,True,0.27744708994709,2.7174908447074184,0.06988732993197279,0.09226190476190477,0.23737373737373746,2.738221378897893,0.06766883197859629,0.08080808080808081,1.0,1.0,0.8839285714285714,0.7294563314138451,0.6079737096888792,none,0,0,
30347,prompt_diverse,0.98,18,8,0.25,14,2,0.8402777777777778,True,0.27248677248677255,2.709025939547855,0.06994047619047619,0.10119047619047619,0.23596986817325805,2.727965416944401,0.06783108302212008,0.08135593220338982,0.9444444444444444,0.9444444444444444,0.8779761904761905,0.7562072164722683,0.6955011654842269,none,0,0,
30348,prompt_diverse,0.98,18,8,0.25,14,0,0.8194444444444444,True,0.2843915343915344,2.6865428890283822,0.07139314058956917,0.09821428571428571,0.25969868173257993,2.699500599711633,0.07006032749209998,0.08135593220338982,1.0,1.0,0.8779761904761905,0.7280799576523603,0.6285144671803761,none,0,0,
30349,prompt_diverse,0.98,18,8,0.25,14,0,0.8472222222222222,True,0.2843915343915344,2.709542150040191,0.07056051587301586,0.09523809523809523,0.2492492492492493,2.729820216619861,0.06845781592403213,0.08108108108108109,1.0,1.0,0.8809523809523809,0.7023896198747899,0.5783313279106248,none,0,0,
30350,prompt_diverse,0.98,18,8,0.25,14,0,0.8541666666666666,True,0.26984126984126977,2.723660803856267,0.06946215986394558,0.09523809523809523,0.24061561561561562,2.741600259507476,0.06768170197224252,0.08108108108108109,1.0,1.0,0.8809523809523809,0.73047257621488,0.6537660243028007,none,0,0,
30351,prompt_diverse,0.98,18,8,0.25,14,0,0.8680555555555556,True,0.25760582010582,2.7488478129313236,0.06786777210884354,0.09226190476190477,0.22149600580973128,2.7668656009599766,0.0659361783929258,0.0784313725490196,1.0,1.0,0.9107142857142857,0.7029820416361622,0.6525344675698986,none,0,0,
30352,prompt_diverse,0.98,18,8,0.25,14,2,0.8125,True,0.2837301587301586,2.681482634664455,0.07160572562358276,0.09523809523809523,0.24723176785032464,2.6987657305383754,0.06973228941557139,0.08247422680412371,1.0,1.0,0.8660714285714286,0.7407570883382241,0.6812419061699292,none,0,0,
30353,prompt_diverse,0.98,18,8,0.25,14,2,0.8194444444444444,True,0.2681878306878307,2.6982333885566736,0.06997590702947845,0.08630952380952381,0.2450761798587886,2.710109296275287,0.06877999127526538,0.0802675585284281,0.9444444444444444,0.9444444444444444,0.8898809523809523,0.7316848047788264,0.6482948031347372,none,0,0,
30354,prompt_diverse,0.98,18,8,0.25,14,1,0.8263888888888888,True,0.29067460317460325,2.6899886931769137,0.07185374149659864,0.11011904761904762,0.25367231638418075,2.711076655384143,0.06932490663602413,0.08135593220338982,1.0,1.0,0.8779761904761905,0.7530041313230647,0.6464165905833272,none,0,0,
30355,prompt_diverse,0.98,18,8,0.25,14,0,0.8194444444444444,True,0.29960317460317465,2.6816537528888533,0.07249149659863946,0.1130952380952381,0.2528344671201814,2.7068560375584534,0.06929982877504744,0.08163265306122448,0.9444444444444444,0.9444444444444444,0.875,0.7316388913672845,0.6395888074600934,none,0,0,
30356,prompt_diverse,0.98,18,8,0.25,14,3,0.8333333333333334,True,0.25496031746031744,2.7094281105748874,0.06923185941043083,0.08928571428571429,0.22351421188630494,2.7220742453269877,0.06789108287987991,0.07641196013289037,0.9444444444444444,0.9444444444444444,0.8958333333333334,0.7258076358855937,0.617937051001899,none,0,0,
30357,prompt_diverse,0.98,18,8,0.25,14,0,0.8402777777777778,True,0.24503968253968256,2.7214929602633453,0.06877125850340136,0.08035714285714286,0.2287581699346406,2.73055906437885,0.06802939040539963,0.0784313725490196,1.0,1.0,0.9107142857142857,0.7032181960423417,0.6313724688255397,none,0,0,
30358,prompt_diverse,0.98,18,8,0.25,14,0,0.8541666666666666,True,0.2671957671957672,2.726751589762036,0.06928500566893424,0.10119047619047619,0.22203641768859161,2.748427995909335,0.06683370432098075,0.0802675585284281,1.0,1.0,0.8898809523809523,0.7299374088815184,0.6492007844327291,none,0,0,
30359,prompt_diverse,0.98,18,8,0.25,14,0,0.8055555555555556,True,0.2923280423280423,2.6669434320470753,0.07226119614512472,0.09226190476190477,0.26450511945392496,2.6811415929182867,0.07069389276520402,0.08191126279863481,0.9444444444444444,0.9444444444444444,0.8720238095238095,0.7501644303268251,0.6881940308678485,none,0,0,
30360,route_partitioned,0.0,18,8,0.25,14,1,0.9930555555555556,False,0.14847883597883604,2.8532457276206724,0.05952380952380952,0.08928571428571429,0.08166363084395867,2.8796743266819362,0.056764907880199465,0.07103825136612021,1.0,1.0,0.5446428571428571,0.9955021210655599,0.9815689073749406,none,0,0,
30361,route_partitioned,0.0,18,8,0.25,14,2,1.0,False,0.1517857142857142,2.852654285197737,0.0599312641723356,0.09523809523809523,0.08560090702947853,2.8781837847640683,0.0569033735943357,0.07142857142857142,1.0,1.0,0.5833333333333334,0.9909603084295786,0.9696768756695211,none,0,0,
30362,route_partitioned,0.0,18,8,0.25,13,3,1.0,False,0.15135327635327633,2.8538003067532847,0.059705785667324124,0.08653846153846154,0.06357388316151202,2.883834353846237,0.05627590604740142,0.06701030927835051,1.0,1.0,0.6217948717948718,0.9915616137820225,0.9702287168808083,none,0,0,
30363,route_partitioned,0.0,18,8,0.25,14,0,1.0,False,0.14947089947089953,2.8514945844500508,0.059576955782312924,0.08035714285714286,0.06944444444444442,2.882559143333071,0.05641540642722117,0.06521739130434782,1.0,1.0,0.5476190476190477,0.9953509147646327,0.9814551936292829,none,0,0,
30364,route_partitioned,0.0,18,8,0.25,14,0,0.9930555555555556,False,0.17228835978835977,2.842713691420953,0.06058673469387755,0.08035714285714286,0.07675016056518946,2.878916428914963,0.05690133315513382,0.07514450867052024,1.0,1.0,0.5148809523809523,0.9970987919246141,0.9882604918209147,none,0,0,
30365,route_partitioned,0.0,18,8,0.25,14,2,1.0,False,0.15707671957671954,2.850712011435385,0.05977182539682539,0.08035714285714286,0.0642946317103621,2.8836398434161965,0.056306021966923366,0.06741573033707865,1.0,1.0,0.5297619047619048,0.9969243831130141,0.9874981415831571,none,0,0,
30366,route_partitioned,0.0,18,8,0.25,14,2,1.0,False,0.12003968253968256,2.867626916897918,0.058071145124716554,0.08035714285714286,0.08183990442054956,2.8795886781172166,0.05676956873627008,0.07526881720430108,1.0,1.0,0.5535714285714286,0.9951204241616537,0.9802124433383065,none,0,0,
30367,route_partitioned,0.0,18,8,0.25,14,1,0.9930555555555556,False,0.1431878306878307,2.8550242691649736,0.05918721655328798,0.07738095238095238,0.0785024154589371,2.880194679819108,0.05671077504725898,0.07608695652173914,1.0,1.0,0.5476190476190477,0.9941265107007209,0.9777116938871716,none,0,0,
30368,route_partitioned,0.0,18,8,0.25,14,2,0.9930555555555556,False,0.13690476190476186,2.860570902050843,0.058832908163265314,0.08333333333333333,0.07991681521093286,2.8785838745214667,0.056936143441333756,0.08021390374331551,1.0,1.0,0.5565476190476191,0.9950626505572172,0.9795977692522252,none,0,0,
30369,route_partitioned,0.0,18,8,0.25,14,2,1.0,False,0.14682539682539675,2.854189524552253,0.05934665532879818,0.08035714285714286,0.08632478632478624,2.8761360422357027,0.0572518080210388,0.08717948717948718,1.0,1.0,0.5803571428571429,0.9922022707639244,0.9723245842604126,none,0,0,
30370,route_partitioned,0.0,18,8,0.25,14,1,0.9791666666666666,False,0.17989417989417977,2.8303046377406993,0.06145479024943311,0.08035714285714286,0.1095417451349654,2.8708981063605505,0.057678189536850846,0.07344632768361582,1.0,1.0,0.5267857142857143,0.9964878014672215,0.982895621771133,none,0,0,
30371,route_partitioned,0.0,18,8,0.25,14,1,1.0,False,0.18518518518518512,2.8371590637945374,0.06152565192743764,0.08928571428571429,0.07744107744107742,2.8808411109103615,0.056626874808692995,0.0707070707070707,1.0,1.0,0.5892857142857143,0.9912484490960999,0.9693746440538478,none,0,0,
30372,route_partitioned,0.0,18,8,0.25,14,0,0.9583333333333334,False,0.16005291005291,2.8305418981002544,0.0609764739229025,0.08035714285714286,0.10736579275905123,2.866939222299,0.057884105542229516,0.07303370786516854,1.0,1.0,0.5297619047619048,0.9955519205151938,0.9810755101966504,none,0,0,
30373,route_partitioned,0.0,18,8,0.25,14,1,0.9791666666666666,False,0.1782407407407407,2.837272488377427,0.06115362811791384,0.09226190476190477,0.06666666666666665,2.882743057455151,0.056401384083044986,0.07058823529411765,1.0,1.0,0.5059523809523809,0.9974866656076634,0.9898606363720218,none,0,0,
30374,route_partitioned,0.0,18,8,0.25,14,1,1.0,False,0.15310846560846558,2.852796929600897,0.0596123866213152,0.08333333333333333,0.10439560439560447,2.8705375221459906,0.05790363482671175,0.08241758241758242,1.0,1.0,0.5416666666666666,0.9959392538690311,0.9819829511413638,none,0,0,
30375,route_partitioned,0.0,18,8,0.25,14,1,0.9652777777777778,False,0.16765873015873023,2.829256025547978,0.061259920634920646,0.09226190476190477,0.11949099937926744,2.8572086427715786,0.05883087294404044,0.08379888268156424,1.0,1.0,0.5327380952380952,0.9951040568796764,0.9801124694962656,none,0,0,
30376,route_partitioned,0.0,18,8,0.25,14,2,0.9861111111111112,False,0.18088624338624326,2.8358410732898465,0.06150793650793651,0.09523809523809523,0.09557945041815996,2.8755179763913876,0.057174239796508264,0.06989247311827956,1.0,1.0,0.5535714285714286,0.9948087345318889,0.9771544851658064,none,0,0,
30377,route_partitioned,0.0,18,8,0.25,14,1,1.0,False,0.14947089947089953,2.854641139016562,0.059470663265306124,0.08630952380952381,0.08169934640522869,2.8795915977347994,0.056764562898567295,0.06951871657754011,1.0,1.0,0.5565476190476191,0.9948931164073506,0.9784858073315865,none,0,0,
30378,route_partitioned,0.0,18,8,0.25,14,1,0.9861111111111112,False,0.2060185185185186,2.8184900163913533,0.06304917800453515,0.09821428571428571,0.13261648745519716,2.862244934326853,0.058677303734535786,0.07526881720430108,1.0,1.0,0.5535714285714286,0.993868920507738,0.9775797346257513,none,0,0,
30379,route_partitioned,0.0,18,8,0.25,14,1,1.0,False,0.14715608465608465,2.853397360310648,0.05938208616780045,0.08035714285714286,0.08791208791208782,2.878031872813468,0.05693756792657891,0.07142857142857142,1.0,1.0,0.5416666666666666,0.9956654013317464,0.9840134672876865,none,0,0,
30380,route_partitioned,0.0,18,8,0.25,14,1,0.9930555555555556,False,0.16302910052910047,2.846541297575958,0.06021471088435375,0.08035714285714286,0.08136924803591472,2.8794827167952217,0.05677992041628406,0.07575757575757576,1.0,1.0,0.5892857142857143,0.9905487774562317,0.9690301850690645,none,0,0,
30381,route_partitioned,0.0,18,8,0.25,14,0,0.9930555555555556,False,0.18948412698412698,2.82994220360625,0.06175595238095238,0.08333333333333333,0.09118357487922713,2.8771382689668954,0.05700614366729678,0.07065217391304347,1.0,1.0,0.5476190476190477,0.9947844806530163,0.9804686800694798,none,0,0,
30382,route_partitioned,0.0,18,8,0.25,14,0,1.0,False,0.18287037037037024,2.8381173203562944,0.061330782312925165,0.08928571428571429,0.07387057387057383,2.8817229642254802,0.056514913657770796,0.06593406593406594,1.0,1.0,0.5416666666666666,0.9956743766244429,0.9838417197251147,none,0,0,
30383,route_partitioned,0.0,18,8,0.25,14,0,1.0,False,0.16468253968253976,2.8456653059916808,0.06021471088435374,0.08333333333333333,0.07870370370370372,2.8805380849436744,0.056640625,0.06770833333333333,1.0,1.0,0.5714285714285714,0.9936265935805583,0.9751537472354559,none,0,0,
30384,route_partitioned,0.0,18,8,0.25,14,0,0.9861111111111112,False,0.16732804232804233,2.8401880866691442,0.060569019274376405,0.08333333333333333,0.09938271604938276,2.8735594676820564,0.05740740740740741,0.07777777777777778,1.0,1.0,0.5357142857142857,0.9953836657226538,0.9822943483744854,none,0,0,
30385,route_partitioned,0.0,18,8,0.25,14,0,0.9930555555555556,False,0.15410052910052907,2.851966503862035,0.05961238662131519,0.08035714285714286,0.0791962174940899,2.8794706876863487,0.05681303757356269,0.07446808510638298,1.0,1.0,0.5595238095238095,0.9955226690536919,0.9770404163811643,none,0,0,
30386,route_partitioned,0.0,18,8,0.25,14,0,0.9791666666666666,False,0.17493386243386233,2.831628974423194,0.061206774376417236,0.07738095238095238,0.08456790123456792,2.874966499056025,0.057098765432098755,0.06666666666666667,1.0,1.0,0.5357142857142857,0.9955202112257693,0.9789168152155718,none,0,0,
30387,route_partitioned,0.0,18,8,0.25,14,1,0.9930555555555556,False,0.18518518518518512,2.834651577775384,0.061490221088435375,0.09226190476190477,0.0935672514619883,2.875818151846397,0.05722991689750693,0.07894736842105263,1.0,1.0,0.5654761904761905,0.9937497502003841,0.9768447190782319,none,0,0,
30388,route_partitioned,0.0,18,8,0.25,14,2,1.0,False,0.17427248677248675,2.8434043465578847,0.06090561224489796,0.08928571428571429,0.1125356125356125,2.870194207985396,0.05783037475345168,0.07692307692307693,1.0,1.0,0.5803571428571429,0.9914460772484022,0.9730925959943065,none,0,0,
30389,route_partitioned,0.0,18,8,0.25,14,2,0.9861111111111112,False,0.1445105820105821,2.850357767674514,0.05954152494331066,0.08333333333333333,0.09893048128342241,2.87362372235372,0.05733649804112215,0.06951871657754011,1.0,1.0,0.5565476190476191,0.9941594150622602,0.977369550476463,none,0,0,
30390,route_partitioned,0.25,18,8,0.25,14,3,1.0,False,0.13822751322751325,2.8606258635608763,0.05892148526077097,0.08333333333333333,0.10038986354775825,2.8743435586142985,0.057325330871037236,0.07456140350877193,1.0,1.0,0.6785714285714286,0.9735850557879416,0.9366230077822176,none,0,0,
30391,route_partitioned,0.25,18,8,0.25,14,0,0.9722222222222222,False,0.21560846560846558,2.8119857917208013,0.06350977891156462,0.08928571428571429,0.16338490389123295,2.844904599250249,0.06030016557175666,0.08016877637130802,1.0,1.0,0.7053571428571429,0.9604223031344173,0.9017011962051105,none,0,0,
30392,route_partitioned,0.25,18,8,0.25,14,0,0.9652777777777778,False,0.1878306878306879,2.8271082110265136,0.061826814058956917,0.08035714285714286,0.14114114114114118,2.8583225808774295,0.05896436977518059,0.07657657657657657,1.0,1.0,0.6607142857142857,0.9717874292754539,0.9233757818186955,none,0,0,
30393,route_partitioned,0.25,18,8,0.25,14,0,0.9722222222222222,False,0.17261904761904767,2.8375121976111046,0.06083475056689343,0.08035714285714286,0.10623781676413246,2.8690923479777277,0.05771006463527239,0.07017543859649122,1.0,1.0,0.6785714285714286,0.9722323565075666,0.9187104242858918,none,0,0,
30394,route_partitioned,0.25,18,8,0.25,14,0,0.9513888888888888,False,0.20965608465608465,2.809596822484964,0.06336805555555555,0.08333333333333333,0.17334287076776356,2.836575337428298,0.06131997273849214,0.0944206008583691,1.0,1.0,0.6934523809523809,0.9659961715588145,0.8957903266623096,none,0,0,
30395,route_partitioned,0.25,18,8,0.25,14,1,0.9791666666666666,False,0.1603835978835979,2.8464488589380306,0.06012613378684807,0.08333333333333333,0.11870845204178537,2.868544733038998,0.058002775951493904,0.0811965811965812,1.0,1.0,0.6964285714285714,0.96959989440034,0.916173233315197,none,0,0,
30396,route_partitioned,0.25,18,8,0.25,14,0,0.9583333333333334,False,0.23082010582010581,2.8026009690038767,0.06524589002267574,0.11011904761904762,0.13591269841269837,2.860089087736558,0.058753188775510196,0.07589285714285714,1.0,1.0,0.6666666666666666,0.975471083843963,0.9194049256441538,none,0,0,
30397,route_partitioned,0.25,18,8,0.25,14,1,1.0,False,0.1884920634920635,2.8323593646686294,0.061685090702947844,0.08630952380952381,0.12996941896024472,2.8639995107672647,0.05845467553236261,0.0779816513761468,1.0,1.0,0.6488095238095238,0.9816314783889376,0.9458605169694579,none,0,0,
30398,route_partitioned,0.25,18,8,0.25,14,0,0.9652777777777778,False,0.2053571428571428,2.812429409343019,0.06313775510204081,0.08333333333333333,0.15382716049382705,2.849763846673648,0.059713580246913575,0.08,1.0,1.0,0.6696428571428571,0.9717264669536756,0.9140606901304368,none,0,0,
30399,route_partitioned,0.25,18,8,0.25,14,0,0.9444444444444444,False,0.2139550264550265,2.800831153788822,0.0639172335600907,0.08928571428571429,0.16320987654320995,2.838537859494603,0.060582716049382715,0.08444444444444445,1.0,1.0,0.6696428571428571,0.9669337883661183,0.9083294472481561,none,0,0,
30400,route_partitioned,0.25,18,8,0.25,14,1,0.9861111111111112,False,0.1861772486772486,2.8277322811453804,0.06203939909297053,0.09523809523809523,0.132996632996633,2.861301256714053,0.05863833136560409,0.07792207792207792,1.0,1.0,0.6875,0.9682261096117579,0.9207623686040295,none,0,0,
30401,route_partitioned,0.25,18,8,0.25,14,1,0.9375,False,0.23115079365079372,2.79772084225025,0.06498015873015872,0.09523809523809523,0.16666666666666674,2.843010878556295,0.06047265560242407,0.0815450643776824,1.0,1.0,0.6934523809523809,0.953558237788636,0.8771119357490936,none,0,0,
30402,route_partitioned,0.25,18,8,0.25,14,0,0.9722222222222222,False,0.20337301587301582,2.8152034750387673,0.06301374716553289,0.09523809523809523,0.15536723163841804,2.84822763356766,0.059896581442114336,0.0847457627118644,1.0,1.0,0.7023809523809523,0.9617090841748147,0.911693785737301,none,0,0,
30403,route_partitioned,0.25,18,8,0.25,14,0,0.9861111111111112,False,0.19047619047619047,2.8286362954215827,0.06182681405895692,0.08035714285714286,0.16756272401433692,2.8457995450364053,0.060516389177939646,0.09274193548387097,1.0,1.0,0.7380952380952381,0.9542801671876714,0.8989636338811038,none,0,0,
30404,route_partitioned,0.25,18,8,0.25,14,0,0.9722222222222222,False,0.17129629629629628,2.836617729885482,0.060976473922902494,0.08928571428571429,0.13218390804597702,2.860926007217963,0.05874702734839478,0.08620689655172414,1.0,1.0,0.6904761904761905,0.9713904895031513,0.9119831941845393,none,0,0,
30405,route_partitioned,0.25,18,8,0.25,14,0,0.9930555555555556,False,0.16468253968253976,2.8424670599377455,0.060427295918367346,0.08035714285714286,0.11237950279046172,2.869910948729947,0.0578595108525677,0.0776255707762557,1.0,1.0,0.6517857142857143,0.9807038493623392,0.9426902564087621,none,0,0,
30406,route_partitioned,0.25,18,8,0.25,14,0,0.9305555555555556,False,0.22420634920634908,2.792924999393602,0.06478528911564627,0.08333333333333333,0.16925064599483197,2.8395524345439584,0.06068144943212547,0.08372093023255814,1.0,1.0,0.6398809523809523,0.9764881177031871,0.9223235858755131,none,0,0,
30407,route_partitioned,0.25,18,8,0.25,14,0,0.9305555555555556,False,0.21626984126984117,2.79427135988266,0.06420068027210885,0.09226190476190477,0.17317317317317316,2.8281482249136536,0.061236912588263935,0.08108108108108109,1.0,1.0,0.6607142857142857,0.9707990367741126,0.9063246567132347,none,0,0,
30408,route_partitioned,0.25,18,8,0.25,14,0,0.9583333333333334,False,0.17989417989417977,2.8238411391803533,0.06177366780045351,0.0744047619047619,0.14121390112579535,2.8529963374145013,0.05928700343495896,0.07048458149779736,1.0,1.0,0.6755952380952381,0.9690266824415704,0.9079023593603067,none,0,0,
30409,route_partitioned,0.25,18,8,0.25,14,1,0.9722222222222222,False,0.17890211640211628,2.8286706732305196,0.06149022108843537,0.0744047619047619,0.15217391304347827,2.84933950526474,0.059735349716446125,0.07391304347826087,1.0,1.0,0.6845238095238095,0.964079553342947,0.9223753605425274,none,0,0,
30410,route_partitioned,0.25,18,8,0.25,14,0,0.9722222222222222,False,0.1957671957671958,2.8181504427815525,0.06251771541950113,0.08630952380952381,0.14426154549611336,2.8514469619659653,0.05942522311978188,0.07818930041152264,1.0,1.0,0.7232142857142857,0.9559403936103711,0.8887424895693695,none,0,0,
30411,route_partitioned,0.25,18,8,0.25,14,0,0.9930555555555556,False,0.1779100529100528,2.8347645392622387,0.061224489795918366,0.08928571428571429,0.10331384015594547,2.8696108237797717,0.05767159125884887,0.06578947368421052,1.0,1.0,0.6785714285714286,0.9733876066595885,0.9289267199709689,none,0,0,
30412,route_partitioned,0.25,18,8,0.25,14,1,0.9652777777777778,False,0.18253968253968256,2.8299184878542096,0.061472505668934245,0.08035714285714286,0.15020576131687235,2.8530280736830975,0.059542181069958844,0.08333333333333333,1.0,1.0,0.6428571428571429,0.9785545247867494,0.9322283947145286,none,0,0,
30413,route_partitioned,0.25,18,8,0.25,14,0,0.9652777777777778,False,0.20171957671957674,2.8153643384572478,0.06296060090702948,0.08928571428571429,0.13742690058479523,2.858230796397899,0.05890273930440135,0.07456140350877193,1.0,1.0,0.6785714285714286,0.9703698942472774,0.907584063398832,none,0,0,
30414,route_partitioned,0.25,18,8,0.25,14,0,0.9513888888888888,False,0.19411375661375652,2.8185602961149026,0.0624468537414966,0.08333333333333333,0.147907647907648,2.8503323500710893,0.05968778696051424,0.08658008658008658,1.0,1.0,0.6875,0.9668084693246377,0.9068777252802178,none,0,0,
30415,route_partitioned,0.25,18,8,0.25,14,0,0.9791666666666666,False,0.1779100529100528,2.833438031400859,0.061206774376417236,0.08333333333333333,0.14983164983164987,2.853842557577027,0.0594254230617867,0.08225108225108226,1.0,1.0,0.6875,0.9721318190796238,0.921177062050537,none,0,0,
30416,route_partitioned,0.25,18,8,0.25,14,1,0.9305555555555556,False,0.22585978835978837,2.794024707650822,0.06467899659863945,0.09523809523809523,0.14632237871674492,2.8424292555176383,0.06001895567457956,0.07981220657276995,1.0,1.0,0.6339285714285714,0.9757549968788296,0.9199517470685202,none,0,0,
30417,route_partitioned,0.25,18,8,0.25,14,0,0.9722222222222222,False,0.2040343915343914,2.816847780105747,0.06352749433106576,0.11011904761904762,0.13636363636363624,2.859704672875395,0.05882573415040947,0.07792207792207792,1.0,1.0,0.6875,0.9720518039680631,0.9084076527097472,none,0,0,
30418,route_partitioned,0.25,18,8,0.25,14,0,0.9513888888888888,False,0.22023809523809512,2.80434577607698,0.06411210317460317,0.09226190476190477,0.17423167848699772,2.8378431620499907,0.060932548664554095,0.0851063829787234,1.0,1.0,0.6994047619047619,0.9575090748275655,0.8962657524484788,none,0,0,
30419,route_partitioned,0.25,18,8,0.25,14,1,0.9652777777777778,False,0.20667989417989419,2.8122148082407605,0.06336805555555555,0.09226190476190477,0.16264454499748604,2.848105438210929,0.060174853094735976,0.09049773755656108,1.0,1.0,0.6577380952380952,0.9699783533330245,0.9105622531204745,none,0,0,
30420,route_partitioned,0.5,18,8,0.25,14,0,0.9305555555555556,False,0.18154761904761907,2.821322151697018,0.06202168367346939,0.08035714285714286,0.14591439688715946,2.847298466067025,0.0597283834728762,0.07782101167315175,1.0,1.0,0.7648809523809523,0.9294828989295718,0.84462611328058,none,0,0,
30421,route_partitioned,0.5,18,8,0.25,14,0,0.9583333333333334,False,0.21924603174603163,2.8120521626355752,0.06379322562358276,0.09523809523809523,0.1773267732677326,2.8396400042517524,0.06096049890388203,0.08487084870848709,1.0,1.0,0.8065476190476191,0.9101774199499494,0.8156282884109217,none,0,0,
30422,route_partitioned,0.5,18,8,0.25,14,2,0.9652777777777778,False,0.18220899470899465,2.8348613115840156,0.061419359410430835,0.08630952380952381,0.14192872117400412,2.856591461567982,0.0590815236739053,0.07547169811320754,1.0,1.0,0.7886904761904762,0.9174729081025847,0.8574664703733202,none,0,0,
30423,route_partitioned,0.5,18,8,0.25,14,0,0.9513888888888888,False,0.23511904761904767,2.7894019169076563,0.06531675170068027,0.09523809523809523,0.21572327044025164,2.8095962758288646,0.06360982556069775,0.08679245283018867,1.0,1.0,0.7886904761904762,0.9168200750257508,0.839297985582708,none,0,0,
30424,route_partitioned,0.5,18,8,0.25,14,0,0.9097222222222222,False,0.25429894179894186,2.7659321336897067,0.06717687074829931,0.09821428571428571,0.20783532536520588,2.8038036126067722,0.06366565610069681,0.08366533864541832,1.0,1.0,0.7470238095238095,0.9251991762529896,0.8343024484033325,none,0,0,
30425,route_partitioned,0.5,18,8,0.25,14,0,0.9444444444444444,False,0.2139550264550265,2.800470989745411,0.06393494897959184,0.08035714285714286,0.17798742138364787,2.8279176199055995,0.06144535421858313,0.07924528301886792,1.0,1.0,0.7886904761904762,0.9101379293419836,0.8241234919954361,none,0,0,
30426,route_partitioned,0.5,18,8,0.25,14,0,0.9513888888888888,False,0.20006613756613745,2.813288235574131,0.06297831632653061,0.08035714285714286,0.1657952069716775,2.8419490497452893,0.06051518646674356,0.08627450980392157,1.0,1.0,0.7589285714285714,0.9363978432379564,0.8454576995649662,none,0,0,
30427,route_partitioned,0.5,18,8,0.25,14,0,0.9236111111111112,False,0.21660052910052907,2.793048986431428,0.06437783446712018,0.08928571428571429,0.19273504273504272,2.8147798604831764,0.06257396449704142,0.08461538461538462,1.0,1.0,0.7738095238095238,0.9043768237188367,0.8376508283459496,none,0,0,
30428,route_partitioned,0.5,18,8,0.25,14,0,0.9652777777777778,False,0.21064814814814814,2.812133621372719,0.06350977891156462,0.09523809523809523,0.1654182272159801,2.8422091162892498,0.06047216260573159,0.08239700374531835,1.0,1.0,0.7946428571428571,0.9231268187800149,0.8532593529529066,none,0,0,
30429,route_partitioned,0.5,18,8,0.25,14,0,0.9513888888888888,False,0.2328042328042328,2.800022266585468,0.06485615079365079,0.09821428571428571,0.17007237122179641,2.837561808896502,0.06084760940091895,0.08045977011494253,1.0,1.0,0.7767857142857143,0.9187902023271127,0.8433810493580108,none,0,0,
30430,route_partitioned,0.5,18,8,0.25,14,0,0.9305555555555556,False,0.25264550264550256,2.7764660981029454,0.06730087868480726,0.11011904761904762,0.18150975402883796,2.8242146530714134,0.06182623390245324,0.08396946564885496,1.0,1.0,0.7797619047619048,0.9186342437453822,0.8202412379902247,none,0,0,
30431,route_partitioned,0.5,18,8,0.25,14,0,0.9444444444444444,False,0.22718253968253976,2.7985373919953394,0.06455498866213152,0.09226190476190477,0.17325428194993409,2.833770758964732,0.061163273914605756,0.08300395256916997,1.0,1.0,0.7529761904761905,0.9330150934173101,0.853223059612911,none,0,0,
30432,route_partitioned,0.5,18,8,0.25,14,0,0.9305555555555556,False,0.22453703703703698,2.7873878105301486,0.06524589002267572,0.09821428571428571,0.21277997364953882,2.810466192577359,0.06356918558327734,0.09090909090909091,1.0,1.0,0.7529761904761905,0.9275555426099387,0.8522216580673122,none,0,0,
30433,route_partitioned,0.5,18,8,0.25,14,0,0.8680555555555556,True,0.2873677248677249,2.727749506913932,0.0701530612244898,0.09523809523809523,0.2502258355916893,2.7639373500527404,0.06695749884328112,0.08943089430894309,1.0,1.0,0.7321428571428571,0.9194483039327385,0.817818340281307,none,0,0,
30434,route_partitioned,0.5,18,8,0.25,14,0,0.9444444444444444,False,0.26157407407407396,2.771691365808702,0.06731859410430839,0.10119047619047619,0.19859038142620222,2.813602325228221,0.06282022722209846,0.08208955223880597,1.0,1.0,0.7976190476190477,0.9041857534914476,0.8336579151403768,none,0,0,
30435,route_partitioned,0.5,18,8,0.25,14,0,0.9791666666666666,False,0.17228835978835977,2.8352182901088994,0.060923327664399105,0.07738095238095238,0.144122383252818,2.8518269958782896,0.0593625288804873,0.07608695652173914,1.0,1.0,0.8214285714285714,0.9038264435441005,0.8305520555739867,none,0,0,
30436,route_partitioned,0.5,18,8,0.25,14,0,0.9305555555555556,False,0.2235449735449735,2.7916823884959725,0.06464356575963719,0.08928571428571429,0.16877104377104368,2.822818542194641,0.061553030303030304,0.07575757575757576,1.0,1.0,0.7857142857142857,0.9086365752114531,0.7910013801416488,none,0,0,
30437,route_partitioned,0.5,18,8,0.25,14,0,0.9583333333333334,False,0.20800264550264558,2.8045005503631484,0.0636515022675737,0.08630952380952381,0.16053921568627438,2.832135694217667,0.06101319204152249,0.07352941176470588,1.0,1.0,0.8095238095238095,0.9059193341695342,0.8235288672495211,none,0,0,
30438,route_partitioned,0.5,18,8,0.25,14,0,0.9583333333333334,False,0.22453703703703698,2.798845221749424,0.06450184240362812,0.09226190476190477,0.15952699687639438,2.841105552429864,0.060402251576587476,0.07630522088353414,1.0,1.0,0.7410714285714286,0.9399505936910754,0.861058004683155,none,0,0,
30439,route_partitioned,0.5,18,8,0.25,14,0,0.9305555555555556,False,0.2136243386243386,2.801180986656504,0.06398809523809523,0.08333333333333333,0.18552685526855273,2.8252166020256557,0.0618864122220558,0.07749077490774908,1.0,1.0,0.8065476190476191,0.8962533302972933,0.7875946079583637,none,0,0,
30440,route_partitioned,0.5,18,8,0.25,14,1,0.9444444444444444,False,0.2136243386243386,2.800024968073208,0.06391723356009071,0.08333333333333333,0.18725868725868722,2.8198156031076045,0.06217856024805832,0.08108108108108109,1.0,1.0,0.7708333333333334,0.9162684720672694,0.8541991007026203,none,0,0,
30441,route_partitioned,0.5,18,8,0.25,14,0,0.9652777777777778,False,0.19246031746031744,2.8240116753812905,0.06228741496598639,0.09523809523809523,0.15336765336765334,2.8481571936144507,0.05982319881933782,0.07335907335907337,1.0,1.0,0.7708333333333334,0.9377640332024719,0.8783657193952211,none,0,0,
30442,route_partitioned,0.5,18,8,0.25,14,0,0.9791666666666666,False,0.19411375661375652,2.8282520237654523,0.06198625283446712,0.08035714285714286,0.14093137254901955,2.853094365487653,0.059337153979238756,0.07352941176470588,1.0,1.0,0.8095238095238095,0.911958536512249,0.847462292169145,none,0,0,
30443,route_partitioned,0.5,18,8,0.25,14,0,0.9097222222222222,False,0.2668650793650793,2.7629422080599806,0.06786777210884354,0.09523809523809523,0.21299871299871298,2.8042513398608264,0.06375873943441511,0.0888030888030888,1.0,1.0,0.7708333333333334,0.9114319830467928,0.8107997295364925,none,0,0,
30444,route_partitioned,0.5,18,8,0.25,14,1,0.9722222222222222,False,0.2030423280423279,2.816417149427168,0.0628188775510204,0.08928571428571429,0.17037037037037028,2.83575145638681,0.06087791495198902,0.08518518518518518,1.0,1.0,0.8035714285714286,0.9096639565294732,0.8247919197533915,none,0,0,
30445,route_partitioned,0.5,18,8,0.25,14,0,0.9513888888888888,False,0.17658730158730163,2.8257080693544356,0.061596513605442174,0.08035714285714286,0.16540404040404044,2.839181867204545,0.06060606060606061,0.07575757575757576,1.0,1.0,0.7857142857142857,0.9270923412877937,0.8508355116459841,none,0,0,
30446,route_partitioned,0.5,18,8,0.25,14,1,0.9375,False,0.21858465608465605,2.805021904961839,0.06411210317460317,0.09226190476190477,0.17914653784218992,2.8322364652322163,0.06141041797941609,0.08333333333333333,1.0,1.0,0.8214285714285714,0.8902000507429432,0.7793688878124154,none,0,0,
30447,route_partitioned,0.5,18,8,0.25,14,1,0.8958333333333334,True,0.2331349206349207,2.767869735213763,0.06602536848072563,0.08630952380952381,0.20470085470085464,2.7924773337111235,0.06393491124260356,0.08461538461538462,1.0,1.0,0.7738095238095238,0.9113998626140921,0.8110845893362466,none,0,0,
30448,route_partitioned,0.5,18,8,0.25,14,1,0.9583333333333334,False,0.2056878306878307,2.8113412656825507,0.06308460884353742,0.08928571428571429,0.17726887192536056,2.832092536200894,0.0611852456150574,0.08396946564885496,1.0,1.0,0.7797619047619048,0.9211628229462762,0.8636309548839484,none,0,0,
30449,route_partitioned,0.5,18,8,0.25,14,0,0.9375,False,0.21792328042328046,2.7962859800703748,0.06430697278911564,0.08630952380952381,0.1806584362139918,2.820734465163077,0.06200274348422497,0.07777777777777778,1.0,1.0,0.8035714285714286,0.897906886742812,0.8125469258948574,none,0,0,
30450,route_partitioned,0.75,18,8,0.25,14,1,0.9027777777777778,False,0.24272486772486768,2.776102609105831,0.06629109977324263,0.08333333333333333,0.21622701838529168,2.8015509817153026,0.06407535841830132,0.07913669064748201,1.0,1.0,0.8273809523809523,0.8564264061796697,0.7335555161207375,none,0,0,
30451,route_partitioned,0.75,18,8,0.25,14,1,0.875,True,0.2655423280423279,2.739415432630583,0.06861181972789115,0.09226190476190477,0.23539518900343648,2.7585697037568497,0.066732797203623,0.08247422680412371,1.0,1.0,0.8660714285714286,0.7779099951493323,0.6757610814647349,none,0,0,
30452,route_partitioned,0.75,18,8,0.25,14,1,0.8541666666666666,True,0.2771164021164021,2.7250738063857702,0.06965702947845806,0.08928571428571429,0.24952271859488362,2.7444944656013894,0.06781922745362005,0.08247422680412371,1.0,1.0,0.8660714285714286,0.796702368384009,0.687513794319821,none,0,0,
30453,route_partitioned,0.75,18,8,0.25,14,1,0.9097222222222222,False,0.24735449735449744,2.7675829721760907,0.06689342403628118,0.09523809523809523,0.19753086419753085,2.7948268485526877,0.06399498456790123,0.08333333333333333,1.0,1.0,0.8571428571428571,0.8279372376756685,0.7671150926421101,none,0,0,
30454,route_partitioned,0.75,18,8,0.25,14,0,0.8680555555555556,True,0.25429894179894186,2.7414587799567594,0.0682752267573696,0.09821428571428571,0.22031963470319638,2.7619422540539187,0.06617095139801088,0.0821917808219178,1.0,1.0,0.8690476190476191,0.7814250934042004,0.7078775720959807,none,0,0,
30455,route_partitioned,0.75,18,8,0.25,14,1,0.9305555555555556,False,0.21064814814814814,2.8054631351175336,0.06361607142857144,0.08333333333333333,0.16974240676662822,2.82780953285251,0.0614336514170089,0.07958477508650519,1.0,1.0,0.8601190476190477,0.8552156616757799,0.7870678611238584,none,0,0,
30456,route_partitioned,0.75,18,8,0.25,14,0,0.9027777777777778,False,0.2232142857142856,2.7812321565800735,0.06521045918367346,0.08630952380952381,0.1973833902161546,2.798343032458696,0.06356509685610781,0.07849829351535836,1.0,1.0,0.8720238095238095,0.8220814705663421,0.7329456767536474,none,0,0,
30457,route_partitioned,0.75,18,8,0.25,14,0,0.8402777777777778,True,0.25330687830687837,2.733864101769999,0.0686295351473923,0.09821428571428571,0.23371647509578541,2.7507179037599627,0.06711058263971463,0.08275862068965517,1.0,1.0,0.8630952380952381,0.7873950203381975,0.6554191055800499,none,0,0,
30458,route_partitioned,0.75,18,8,0.25,14,0,0.8958333333333334,True,0.2873677248677249,2.73994466157468,0.07077310090702948,0.12797619047619047,0.23712737127371275,2.7784487501130557,0.06569219002294553,0.08362369337979095,1.0,1.0,0.8541666666666666,0.785532167904695,0.7321137473689334,none,0,0,
30459,route_partitioned,0.75,18,8,0.25,14,0,0.8888888888888888,True,0.25429894179894186,2.755960711607891,0.06742488662131518,0.09523809523809523,0.22019195275009218,2.775145208997835,0.06537455436474213,0.07973421926910298,1.0,1.0,0.8958333333333334,0.7723450758806881,0.68241633905873,none,0,0,
30460,route_partitioned,0.75,18,8,0.25,14,1,0.8611111111111112,True,0.27744708994709,2.7381013306962356,0.06944444444444443,0.10714285714285714,0.2261345852895149,2.768382959450772,0.06603352509422733,0.07746478873239436,1.0,1.0,0.8452380952380952,0.8121594109054274,0.7081696256941338,none,0,0,
30461,route_partitioned,0.75,18,8,0.25,14,0,0.9097222222222222,False,0.2238756613756614,2.7814382997999973,0.06522817460317461,0.08333333333333333,0.1903153153153152,2.799534729524806,0.06350438276113951,0.0777027027027027,1.0,1.0,0.8809523809523809,0.7900715026300218,0.742750926463815,none,0,0,
30462,route_partitioned,0.75,18,8,0.25,14,0,0.8819444444444444,True,0.2503306878306879,2.759073948007785,0.06717687074829932,0.08333333333333333,0.2339484813533257,2.7752313497601184,0.06581578285700601,0.08304498269896193,1.0,1.0,0.8601190476190477,0.7962360536139088,0.7051690166343368,none,0,0,
30463,route_partitioned,0.75,18,8,0.25,14,0,0.9166666666666666,False,0.2761243386243386,2.7515590593972257,0.06862953514739228,0.09523809523809523,0.23474178403755874,2.78182027914521,0.06543840507835746,0.08450704225352113,1.0,1.0,0.8452380952380952,0.8251502188982508,0.7614059176372251,none,0,0,
30464,route_partitioned,0.75,18,8,0.25,14,0,0.8819444444444444,True,0.2509920634920635,2.752202375718971,0.0674248866213152,0.08630952380952381,0.21861964353431929,2.7716841277000115,0.06556861466062504,0.08191126279863481,1.0,1.0,0.8720238095238095,0.7858787146757457,0.6916152209364506,none,0,0,
30465,route_partitioned,0.75,18,8,0.25,14,1,0.8888888888888888,True,0.25363756613756605,2.7555907013787997,0.06749574829931973,0.09523809523809523,0.2276234567901234,2.775418602833284,0.06563464506172839,0.08333333333333333,1.0,1.0,0.8571428571428571,0.8126097385563288,0.6961412590248531,none,0,0,
30466,route_partitioned,0.75,18,8,0.25,14,0,0.9097222222222222,False,0.2506613756613756,2.770651617433577,0.06694657029478458,0.09226190476190477,0.19415807560137455,2.8013231404808394,0.06359159669819676,0.08247422680412371,1.0,1.0,0.8660714285714286,0.8135090187688926,0.7373438877268632,none,0,0,
30467,route_partitioned,0.75,18,8,0.25,14,1,0.8958333333333334,True,0.2523148148148149,2.7656381408781874,0.06719458616780045,0.10416666666666667,0.20383010997345474,2.792615649134978,0.06414751482253725,0.08191126279863481,1.0,1.0,0.8720238095238095,0.7767868763884852,0.716269333415926,none,0,0,
30468,route_partitioned,0.75,18,8,0.25,14,0,0.8888888888888888,True,0.2681878306878307,2.7534251974816586,0.06823979591836735,0.09821428571428571,0.22163742690058474,2.7838213756885586,0.06511542012927055,0.08070175438596491,1.0,1.0,0.8482142857142857,0.8073889490282083,0.6938533102118232,none,0,0,
30469,route_partitioned,0.75,18,8,0.25,14,0,0.8888888888888888,True,0.23511904761904767,2.7721535464336213,0.06606079931972789,0.08333333333333333,0.21412803532008828,2.786161126838478,0.06477786062014823,0.07947019867549669,1.0,1.0,0.8988095238095238,0.7620716733404377,0.679603260365056,none,0,0,
30470,route_partitioned,0.75,18,8,0.25,14,0,0.875,True,0.24272486772486768,2.749177407995399,0.06728316326530613,0.08333333333333333,0.2222222222222221,2.763484536343461,0.066033061573803,0.08053691275167785,1.0,1.0,0.8869047619047619,0.7702501075184335,0.6898620831996412,none,0,0,
30471,route_partitioned,0.75,18,8,0.25,14,0,0.8888888888888888,True,0.23842592592592582,2.773469916567218,0.06614937641723356,0.09523809523809523,0.2051433058500196,2.797442733071997,0.06386644857595924,0.08480565371024736,1.0,1.0,0.8422619047619048,0.8495662465764883,0.737768136282222,none,0,0,
30472,route_partitioned,0.75,18,8,0.25,14,1,0.8472222222222222,True,0.27248677248677255,2.727668761250777,0.0692141439909297,0.09226190476190477,0.25243664717348935,2.7446477794875164,0.06767620806401968,0.08421052631578947,1.0,1.0,0.8482142857142857,0.7962836655765361,0.7013123163433232,none,0,0,
30473,route_partitioned,0.75,18,8,0.25,14,1,0.8888888888888888,True,0.23115079365079372,2.774524454459855,0.06590136054421769,0.08333333333333333,0.19824561403508767,2.796766429271549,0.06385964912280702,0.08070175438596491,1.0,1.0,0.8482142857142857,0.8419207554965206,0.7233531413372346,none,0,0,
30474,route_partitioned,0.75,18,8,0.25,14,0,0.8819444444444444,True,0.26984126984126977,2.7473849504324024,0.06852324263038548,0.10119047619047619,0.23004963726613203,2.7737744132447215,0.06564636695362597,0.08247422680412371,1.0,1.0,0.8660714285714286,0.7768823767194123,0.7340752859957251,none,0,0,
30475,route_partitioned,0.75,18,8,0.25,14,0,0.8611111111111112,True,0.27149470899470907,2.728717781388767,0.06944444444444445,0.10416666666666667,0.2334104938271604,2.751881624103614,0.06693672839506172,0.08333333333333333,1.0,1.0,0.8571428571428571,0.8056896836602109,0.7270407678325754,none,0,0,
30476,route_partitioned,0.75,18,8,0.25,14,0,0.8819444444444444,True,0.23611111111111116,2.7596122826548335,0.06660997732426305,0.08035714285714286,0.2226001511715796,2.773202279215575,0.0655282521171734,0.08163265306122448,1.0,1.0,0.875,0.8033828345277324,0.6982904465772456,none,0,0,
30477,route_partitioned,0.75,18,8,0.25,14,0,0.9166666666666666,False,0.2685185185185186,2.7638524307461685,0.06788548752834467,0.08928571428571429,0.21640593662254304,2.80157103063111,0.06400448331139463,0.08664259927797834,1.0,1.0,0.8244047619047619,0.8500124833322924,0.7611773920818606,none,0,0,
30478,route_partitioned,0.75,18,8,0.25,14,1,0.8819444444444444,True,0.22883597883597884,2.764159015235128,0.06623795351473924,0.08630952380952381,0.21734892787524362,2.7788804297567378,0.06516466605109264,0.08421052631578947,1.0,1.0,0.8482142857142857,0.821684506277022,0.7392529303408847,none,0,0,
30479,route_partitioned,0.75,18,8,0.25,14,0,0.8819444444444444,True,0.27083333333333326,2.7422046055461053,0.0688952664399093,0.08630952380952381,0.23696969696969705,2.773429891856973,0.0660495867768595,0.08363636363636363,1.0,1.0,0.8184523809523809,0.8503825466129039,0.7509482148376186,none,0,0,
30480,route_partitioned,0.9,18,8,0.25,14,0,0.8541666666666666,True,0.26488095238095233,2.7337700929609685,0.06877125850340136,0.08630952380952381,0.23634651600753287,2.752189331547954,0.06700373455903477,0.08135593220338982,1.0,1.0,0.8779761904761905,0.7607684229398287,0.6592262377686651,none,0,0,
30481,route_partitioned,0.9,18,8,0.25,14,1,0.8611111111111112,True,0.27347883597883604,2.7285572858592095,0.06940901360544217,0.08928571428571429,0.24335952113729897,2.7483555174927066,0.06744209774512805,0.08080808080808081,1.0,1.0,0.8839285714285714,0.7401103967066249,0.6385751946307218,none,0,0,
30482,route_partitioned,0.9,18,8,0.25,14,1,0.8680555555555556,True,0.2404100529100528,2.756702214213748,0.06705286281179137,0.09226190476190477,0.21527777777777768,2.7713462038448373,0.06561634349030471,0.07894736842105263,1.0,1.0,0.9047619047619048,0.7408962539445789,0.6738940643106329,none,0,0,
30483,route_partitioned,0.9,18,8,0.25,14,1,0.8333333333333334,True,0.27248677248677255,2.7100267730370584,0.07002905328798187,0.08928571428571429,0.2440740740740741,2.7255022270771305,0.06846666666666666,0.08,1.0,1.0,0.8928571428571429,0.6824307010795887,0.6081161132294334,none,0,0,
30484,route_partitioned,0.9,18,8,0.25,14,1,0.8680555555555556,True,0.26322751322751325,2.734112618089972,0.06903698979591837,0.10119047619047619,0.22693032015065917,2.7558515763506652,0.06672795173800632,0.08135593220338982,1.0,1.0,0.8779761904761905,0.7374387872017096,0.6483105320214259,none,0,0,
30485,route_partitioned,0.9,18,8,0.25,14,0,0.875,True,0.25760582010582,2.7424841556009936,0.06820436507936509,0.08630952380952381,0.22641165755919856,2.7592282619166753,0.06650900295619458,0.07868852459016394,1.0,1.0,0.9077380952380952,0.691470109016073,0.6319661521780475,none,0,0,
30486,route_partitioned,0.9,18,8,0.25,14,1,0.8541666666666666,True,0.27248677248677255,2.732123192812948,0.06919642857142856,0.09226190476190477,0.23228933631618198,2.753658661772158,0.06688887887932976,0.08053691275167785,1.0,1.0,0.8869047619047619,0.7508769760042574,0.6756014516461701,none,0,0,
30487,route_partitioned,0.9,18,8,0.25,14,0,0.8541666666666666,True,0.2585978835978835,2.7301901912832096,0.06859410430839002,0.08928571428571429,0.22930648769574935,2.745738742212836,0.06706905094365119,0.07718120805369127,1.0,1.0,0.8869047619047619,0.7189888335802962,0.6154339498801502,none,0,0,
30488,route_partitioned,0.9,18,8,0.25,14,1,0.8541666666666666,True,0.23875661375661372,2.7345920563412407,0.06785005668934241,0.08630952380952381,0.22592592592592586,2.744772329545218,0.06702222222222222,0.08,1.0,1.0,0.8928571428571429,0.7374859439259298,0.6672990799809239,none,0,0,
30489,route_partitioned,0.9,18,8,0.25,14,0,0.8611111111111112,True,0.2645502645502644,2.7311456479308087,0.06880668934240362,0.09523809523809523,0.21990740740740744,2.7545525427876596,0.06638213734567902,0.0763888888888889,1.0,1.0,0.8571428571428571,0.8052474901957908,0.7169980810591942,none,0,0,
30490,route_partitioned,0.9,18,8,0.25,14,0,0.8541666666666666,True,0.2662037037037037,2.731201875857095,0.06885983560090703,0.09226190476190477,0.23521657250470818,2.748766582761276,0.06707268026429188,0.07796610169491526,1.0,1.0,0.8779761904761905,0.7589666806374207,0.6491861089758254,none,0,0,
30491,route_partitioned,0.9,18,8,0.25,14,0,0.8472222222222222,True,0.26421957671957674,2.7278824004718074,0.06924957482993198,0.08035714285714286,0.24298540965207627,2.7452139297370906,0.06766883197859629,0.08080808080808081,1.0,1.0,0.8839285714285714,0.7327956321313561,0.6205766300834809,none,0,0,
30492,route_partitioned,0.9,18,8,0.25,14,0,0.8819444444444444,True,0.24305555555555558,2.75251740681042,0.06723001700680273,0.08630952380952381,0.21727172717271714,2.7662723445790953,0.0659303554117788,0.07920792079207921,1.0,1.0,0.9017857142857143,0.7254243820655842,0.6415798646094434,none,0,0,
30493,route_partitioned,0.9,18,8,0.25,14,0,0.8402777777777778,True,0.27116402116402116,2.715677144351984,0.06974560657596372,0.08333333333333333,0.240611691831204,2.7353657365224073,0.0679260401364591,0.08362369337979095,1.0,1.0,0.8541666666666666,0.7850421596567042,0.6652028105617328,none,0,0,
30494,route_partitioned,0.9,18,8,0.25,14,0,0.8541666666666666,True,0.27414021164021163,2.7223262385181033,0.06949759070294785,0.10119047619047619,0.23414008067473402,2.7425599753109564,0.0671284950277206,0.07920792079207921,1.0,1.0,0.9017857142857143,0.6745748282656288,0.6091229570794068,none,0,0,
30495,route_partitioned,0.9,18,8,0.25,14,0,0.8680555555555556,True,0.2579365079365079,2.756948576803908,0.06756660997732426,0.08928571428571429,0.22093023255813948,2.7780509724657643,0.06535247955320582,0.07973421926910298,1.0,1.0,0.8958333333333334,0.6976128343380462,0.612587871958576,none,0,0,
30496,route_partitioned,0.9,18,8,0.25,14,1,0.875,True,0.2761243386243386,2.7429058377194995,0.06937358276643991,0.11011904761904762,0.2286910197869101,2.77342338883133,0.06577218990429723,0.0821917808219178,1.0,1.0,0.8690476190476191,0.7461336562155377,0.6958061132154015,none,0,0,
30497,route_partitioned,0.9,18,8,0.25,14,0,0.8402777777777778,True,0.25363756613756605,2.718126972969249,0.06907242063492065,0.08928571428571429,0.23596986817325805,2.7301234385165203,0.06808388394139615,0.08135593220338982,1.0,1.0,0.8779761904761905,0.7473642578492532,0.6129491680689501,none,0,0,
30498,route_partitioned,0.9,18,8,0.25,14,0,0.8611111111111112,True,0.2523148148148149,2.736249115763689,0.06809807256235828,0.08630952380952381,0.22371364653243853,2.751597377377284,0.06661862078284762,0.08053691275167785,1.0,1.0,0.8869047619047619,0.7499596039675412,0.6893708045265527,none,0,0,
30499,route_partitioned,0.9,18,8,0.25,14,1,0.8611111111111112,True,0.24305555555555558,2.75296532886104,0.06717687074829932,0.08630952380952381,0.21723883351790318,2.7688492325480647,0.06563945210317766,0.07973421926910298,1.0,1.0,0.8958333333333334,0.7237530575430678,0.6387812882037215,none,0,0,
30500,route_partitioned,0.9,18,8,0.25,14,0,0.8472222222222222,True,0.28505291005291,2.7156646586053013,0.07057823129251702,0.10119047619047619,0.25048058439061904,2.7392336458577877,0.06811460590749632,0.08304498269896193,1.0,1.0,0.8601190476190477,0.75525862440715,0.663271827304315,none,0,0,
30501,route_partitioned,0.9,18,8,0.25,14,0,0.8888888888888888,True,0.22817460317460325,2.768792309083939,0.0660607993197279,0.08630952380952381,0.2081481481481482,2.7825011500185814,0.06482222222222223,0.08,1.0,1.0,0.8928571428571429,0.7572852751830964,0.6769442572460003,none,0,0,
30502,route_partitioned,0.9,18,8,0.25,14,0,0.8819444444444444,True,0.2668650793650793,2.745721906011141,0.06864725056689343,0.10416666666666667,0.22885855138414857,2.7704796476443323,0.06598795559645423,0.08191126279863481,1.0,1.0,0.8720238095238095,0.7853444645251924,0.6829199683645383,none,0,0,
30503,route_partitioned,0.9,18,8,0.25,14,2,0.8958333333333334,True,0.2331349206349207,2.7793615209238394,0.06574192176870748,0.08928571428571429,0.1949028236156949,2.798494975967153,0.0637519197464301,0.07590759075907591,1.0,1.0,0.9017857142857143,0.755545958778968,0.6557611109046361,none,0,0,
30504,route_partitioned,0.9,18,8,0.25,14,0,0.8194444444444444,True,0.31646825396825395,2.6784902921197644,0.07334183673469388,0.10119047619047619,0.27585544021530173,2.7046764111914166,0.07046132110487183,0.08304498269896193,1.0,1.0,0.8601190476190477,0.7208665567191481,0.629766428296287,none,0,0,
30505,route_partitioned,0.9,18,8,0.25,14,0,0.8402777777777778,True,0.2572751322751323,2.719962350208351,0.06905470521541951,0.08928571428571429,0.23658352229780788,2.733614052289512,0.06781896432042205,0.08163265306122448,1.0,1.0,0.875,0.7535328525395499,0.6677406023357705,none,0,0,
30506,route_partitioned,0.9,18,8,0.25,14,0,0.8125,True,0.2886904761904763,2.674554825276341,0.07176516439909297,0.09523809523809523,0.25969868173257993,2.688939889538425,0.07017523700086183,0.08135593220338982,0.9444444444444444,0.9444444444444444,0.8779761904761905,0.7187646738787307,0.6334522647463029,none,0,0,
30507,route_partitioned,0.9,18,8,0.25,14,0,0.8472222222222222,True,0.28835978835978837,2.7107791334067244,0.07086167800453516,0.09523809523809523,0.2549569771791993,2.733087827485472,0.0685304220657756,0.08080808080808081,1.0,1.0,0.8839285714285714,0.7130876527934163,0.6464717543708058,none,0,0,
30508,route_partitioned,0.9,18,8,0.25,14,0,0.9166666666666666,False,0.23412698412698418,2.783682786109554,0.06552933673469387,0.08333333333333333,0.20419918246005198,2.8032047158167948,0.0636346349593405,0.0802675585284281,1.0,1.0,0.8898809523809523,0.7628268812824303,0.6964980539631064,none,0,0,
30509,route_partitioned,0.9,18,8,0.25,14,0,0.8472222222222222,True,0.29861111111111116,2.7129790946447057,0.07141085600907031,0.10416666666666667,0.2534246575342465,2.742676960912765,0.06809438919121787,0.0821917808219178,1.0,1.0,0.8690476190476191,0.6911971409266352,0.6006360500171876,none,0,0,
30510,route_partitioned,0.98,18,8,0.25,14,0,0.8333333333333334,True,0.27447089947089953,2.709724269188867,0.0703656462585034,0.10416666666666667,0.23010510510510507,2.731055961719188,0.06793279766252738,0.0777027027027027,1.0,1.0,0.8809523809523809,0.7412974140278639,0.6267895831302351,none,0,0,
30511,route_partitioned,0.98,18,8,0.25,14,0,0.8472222222222222,True,0.2665343915343914,2.725949805511681,0.06923185941043085,0.10119047619047619,0.23493100944081324,2.7424717705007615,0.0673672519116579,0.0784313725490196,1.0,1.0,0.9107142857142857,0.6652392474003358,0.5832824728869038,none,0,0,
30512,route_partitioned,0.98,18,8,0.25,14,1,0.875,True,0.26355820105820094,2.7410211001970217,0.06839923469387756,0.08928571428571429,0.24235645041014164,2.7538672766206806,0.06718165848385209,0.08053691275167785,1.0,1.0,0.8869047619047619,0.7395012969661036,0.6766647305666194,none,0,0,
30513,route_partitioned,0.98,18,8,0.25,14,1,0.8611111111111112,True,0.25628306878306883,2.7362256735098844,0.06852324263038549,0.10416666666666667,0.2188888888888889,2.756011742406767,0.06624444444444445,0.08,1.0,1.0,0.8928571428571429,0.7244195684261635,0.6489277259745496,none,0,0,
30514,route_partitioned,0.98,18,8,0.25,14,1,0.8333333333333334,True,0.2695105820105821,2.708034864360848,0.06963931405895692,0.08928571428571429,0.24286786786786774,2.7225219877467173,0.06816106647187728,0.08108108108108109,0.9444444444444444,0.9444444444444444,0.8809523809523809,0.761081322957741,0.688903682122468,none,0,0,
30515,route_partitioned,0.98,18,8,0.25,14,2,0.8680555555555556,True,0.25330687830687837,2.74002074090069,0.06834608843537414,0.09821428571428571,0.22203516647961097,2.758493406640618,0.06648981396456144,0.08080808080808081,1.0,1.0,0.8839285714285714,0.7439786184268239,0.6495501416562652,none,0,0,
30516,route_partitioned,0.98,18,8,0.25,14,1,0.8055555555555556,True,0.26984126984126977,2.6751951681007604,0.07109197845804989,0.08630952380952381,0.24098848011891483,2.685461811202695,0.07003277368262101,0.07692307692307693,0.9444444444444444,0.9444444444444444,0.8898809523809523,0.7081095051702775,0.6178477758697974,none,0,0,
30517,route_partitioned,0.98,18,8,0.25,14,1,0.8472222222222222,True,0.27116402116402116,2.7221807768210344,0.06951530612244898,0.09523809523809523,0.23536036036036023,2.741529627009836,0.06749908692476261,0.08108108108108109,1.0,1.0,0.8809523809523809,0.7365631815575524,0.6588200190471206,none,0,0,
30518,route_partitioned,0.98,18,8,0.25,14,1,0.8472222222222222,True,0.27876984126984117,2.713476413329688,0.07020620748299321,0.09523809523809523,0.23851851851851857,2.733810181461375,0.06791111111111112,0.08,1.0,1.0,0.8928571428571429,0.7167946655022126,0.6494907759495475,none,0,0,
30519,route_partitioned,0.98,18,8,0.25,14,1,0.8541666666666666,True,0.28207671957671954,2.7184797480432543,0.0702593537414966,0.09523809523809523,0.243531202435312,2.7415356114463316,0.06776599737286546,0.0821917808219178,1.0,1.0,0.8690476190476191,0.7486917270998737,0.6767306229217022,none,0,0,
30520,route_partitioned,0.98,18,8,0.25,14,1,0.8472222222222222,True,0.27447089947089953,2.7221624947972964,0.06935586734693877,0.09523809523809523,0.2339484813533257,2.745105032192918,0.06689335616192335,0.07958477508650519,0.9444444444444444,0.9444444444444444,0.8601190476190477,0.7409268818550004,0.6206751357103849,none,0,0,
30521,route_partitioned,0.98,18,8,0.25,14,0,0.8333333333333334,True,0.29993386243386233,2.693725783653251,0.07199546485260772,0.09226190476190477,0.2719907407407407,2.713567018632091,0.07002314814814815,0.08333333333333333,1.0,1.0,0.8571428571428571,0.7528502322445475,0.6948351000310944,none,0,0,
30522,route_partitioned,0.98,18,8,0.25,14,1,0.8333333333333334,True,0.29001322751322745,2.701050408121853,0.07075538548752834,0.09226190476190477,0.25480225988700567,2.7218635997707525,0.06847457627118644,0.08135593220338982,0.9444444444444444,0.9444444444444444,0.8779761904761905,0.7182691758172735,0.6406122390513649,none,0,0,
30523,route_partitioned,0.98,18,8,0.25,14,0,0.8472222222222222,True,0.2496693121693121,2.730597912910069,0.06857638888888888,0.09523809523809523,0.224559510967278,2.7426616058583995,0.06731182120002932,0.07766990291262135,1.0,1.0,0.9196428571428571,0.6886065494062246,0.6387782632038032,none,0,0,
30524,route_partitioned,0.98,18,8,0.25,14,0,0.8541666666666666,True,0.2506613756613756,2.729156317152109,0.06910785147392291,0.11011904761904762,0.21407407407407408,2.749526259043782,0.06666666666666668,0.08,1.0,1.0,0.8928571428571429,0.7255191777489909,0.6452240556487636,none,0,0,
30525,route_partitioned,0.98,18,8,0.25,14,1,0.8472222222222222,True,0.25,2.7304432477393217,0.06854095804988662,0.09226190476190477,0.2205387205387206,2.7459335280120474,0.06707932297157886,0.07744107744107744,1.0,1.0,0.8839285714285714,0.751666668294713,0.6783247931281037,none,0,0,
30526,route_partitioned,0.98,18,8,0.25,14,2,0.8402777777777778,True,0.27248677248677255,2.714238867160278,0.06986961451247165,0.09523809523809523,0.24560419004863454,2.72975156606777,0.06825834098561372,0.08080808080808081,1.0,1.0,0.8839285714285714,0.7312617425038979,0.6617667951833527,none,0,0,
30527,route_partitioned,0.98,18,8,0.25,14,3,0.8472222222222222,True,0.25496031746031744,2.7221319040186454,0.06891298185941043,0.08630952380952381,0.22353161242050135,2.737059176793986,0.06751011801516851,0.07744107744107744,1.0,1.0,0.8839285714285714,0.7381698024856563,0.6408509262221176,none,0,0,
30528,route_partitioned,0.98,18,8,0.25,14,0,0.8125,True,0.3022486772486772,2.6629223523148022,0.07305839002267574,0.1130952380952381,0.26771196283391396,2.6825316379197686,0.07049982396289867,0.08362369337979095,0.8888888888888888,0.8888888888888888,0.8541666666666666,0.7413677886670443,0.6433770307402495,none,0,0,
30529,route_partitioned,0.98,18,8,0.25,14,1,0.8402777777777778,True,0.24834656084656093,2.7195149055972854,0.0688952664399093,0.08928571428571429,0.22294843863471314,2.730320321532468,0.06785851595540177,0.07516339869281045,1.0,1.0,0.9107142857142857,0.6837359634761636,0.5895153011248838,none,0,0,
30530,route_partitioned,0.98,18,8,0.25,14,0,0.8263888888888888,True,0.30919312169312163,2.693136983789786,0.07256235827664399,0.10714285714285714,0.25832398054620276,2.721850608296213,0.0690972576494462,0.08080808080808081,1.0,1.0,0.8839285714285714,0.623284960512078,0.5985447844580619,none,0,0,
30531,route_partitioned,0.98,18,8,0.25,14,0,0.8402777777777778,True,0.27744708994709,2.7077972256093727,0.0703125,0.08630952380952381,0.2574009996155324,2.7228062608716814,0.06900061062487278,0.08304498269896193,1.0,1.0,0.8601190476190477,0.7744989016542717,0.715306727258,none,0,0,
30532,route_partitioned,0.98,18,8,0.25,14,2,0.8472222222222222,True,0.26190476190476186,2.713487219912719,0.06926729024943311,0.09226190476190477,0.23828881145954317,2.7287363792706394,0.06785319719797497,0.08362369337979095,0.9444444444444444,0.9444444444444444,0.8541666666666666,0.7926359500661005,0.7098047135064706,none,0,0,
30533,route_partitioned,0.98,18,8,0.25,14,0,0.8402777777777778,True,0.2777777777777777,2.7172312347898506,0.07020620748299321,0.10714285714285714,0.23842592592592582,2.740464193366945,0.06768422067901235,0.08333333333333333,1.0,1.0,0.8571428571428571,0.7870973290392026,0.7152581371571579,none,0,0,
30534,route_partitioned,0.98,18,8,0.25,14,0,0.8263888888888888,True,0.29100529100529093,2.690873009144575,0.0715171485260771,0.09821428571428571,0.2586336336336337,2.709232404993253,0.06955350620891161,0.08108108108108109,1.0,1.0,0.8809523809523809,0.7291973183862511,0.6172154019039453,none,0,0,
30535,route_partitioned,0.98,18,8,0.25,14,1,0.8125,True,0.29927248677248675,2.6793688779720837,0.07188917233560091,0.09226190476190477,0.2549569771791993,2.7013843112983116,0.06923329818952714,0.08080808080808081,0.8888888888888888,0.8888888888888888,0.8839285714285714,0.6811080377556467,0.5864414471287921,none,0,0,
30536,route_partitioned,0.98,18,8,0.25,14,1,0.8194444444444444,True,0.29265873015873023,2.6907931703886745,0.07181831065759638,0.09821428571428571,0.27143922445935864,2.7057157489168975,0.07035719111751723,0.08053691275167785,1.0,1.0,0.8869047619047619,0.6764322804801607,0.6132098059333504,none,0,0,
30537,route_partitioned,0.98,18,8,0.25,14,0,0.8194444444444444,True,0.26058201058201047,2.6976100607795113,0.06986961451247166,0.08333333333333333,0.23937360178970923,2.7068617072930694,0.06900590063510653,0.08053691275167785,0.9444444444444444,0.9444444444444444,0.8869047619047619,0.7314735410916362,0.6300350607473207,none,0,0,
30538,route_partitioned,0.98,18,8,0.25,14,1,0.8125,True,0.28174603174603163,2.687319360622838,0.07110969387755103,0.08928571428571429,0.26051051051051055,2.7008258332588757,0.06980460189919649,0.08108108108108109,0.9444444444444444,0.9444444444444444,0.8809523809523809,0.7181957940691849,0.6126480273700233,none,0,0,
30539,route_partitioned,0.98,18,8,0.25,14,0,0.8541666666666666,True,0.2655423280423279,2.7357666156673375,0.06875354308390022,0.09821428571428571,0.22549019607843124,2.7552776883263004,0.06651287966166859,0.0784313725490196,1.0,1.0,0.9107142857142857,0.6571144101539149,0.5920789074858206,none,0,0,
30540,low_exposure_challenger,0.0,18,8,0.25,14,0,1.0,False,0.16600529100529093,2.8464884891804076,0.060338718820861684,0.08630952380952381,0.08788947677836556,2.8782344335892054,0.056913300299543675,0.07407407407407407,1.0,1.0,0.5625,0.9936973062376119,0.9754005664823305,low_exposure,0,32,0.0
30541,low_exposure_challenger,0.0,18,8,0.25,14,1,1.0,False,0.1878306878306879,2.8344631130013624,0.06207482993197279,0.09821428571428571,0.0981205085682697,2.8750137236456026,0.05730056186728051,0.07462686567164178,1.0,1.0,0.5982142857142857,0.9887722941694751,0.9623408941483819,low_exposure,1,32,0.03125
30542,low_exposure_challenger,0.0,18,8,0.25,14,0,1.0,False,0.16534391534391535,2.84627938295641,0.06044501133786848,0.08928571428571429,0.09438470728793313,2.8746803046043468,0.05740548040235865,0.08602150537634409,1.0,1.0,0.5535714285714286,0.9942504864484322,0.9780407319463524,low_exposure,0,32,0.0
30543,low_exposure_challenger,0.0,18,8,0.25,14,0,1.0,False,0.15674603174603163,2.8500916804294922,0.0597718253968254,0.08035714285714286,0.09279279279279273,2.8755477576799855,0.057238860482103734,0.08108108108108109,1.0,1.0,0.5505952380952381,0.9949938902219514,0.9808388703469352,low_exposure,0,32,0.0
30544,low_exposure_challenger,0.0,18,8,0.25,14,0,1.0,False,0.15013227513227512,2.8530143114856314,0.059736394557823126,0.09523809523809523,0.06750298685782563,2.883015758137264,0.0563648976760319,0.06451612903225806,1.0,1.0,0.5535714285714286,0.9935164555717719,0.9797179223731867,low_exposure,0,32,0.0
30545,low_exposure_challenger,0.0,18,8,0.25,14,2,1.0,False,0.13789682539682535,2.8608707140817433,0.05881519274376417,0.08035714285714286,0.08950617283950613,2.877721702694507,0.05697530864197531,0.07222222222222222,1.0,1.0,0.5357142857142857,0.9956503049134122,0.9837432231685717,low_exposure,0,32,0.0
30546,low_exposure_challenger,0.0,18,8,0.25,14,1,1.0,False,0.16865079365079372,2.8446186730235072,0.06049815759637189,0.08928571428571429,0.09278650378126807,2.8767151381087084,0.057098215509443266,0.07329842931937172,1.0,1.0,0.5684523809523809,0.993604833747495,0.9756959974105085,low_exposure,0,32,0.0
30547,low_exposure_challenger,0.0,18,8,0.25,14,1,1.0,False,0.13558201058201047,2.858539632949066,0.05893920068027211,0.08630952380952381,0.06797020484171323,2.882851662709011,0.05639649199463187,0.0670391061452514,1.0,1.0,0.5327380952380952,0.9961863592096226,0.984672448868083,low_exposure,0,32,0.0
30548,low_exposure_challenger,0.0,18,8,0.25,14,0,1.0,False,0.18088624338624326,2.8334068584902212,0.06131306689342404,0.08333333333333333,0.09155803848541266,2.8760375348060685,0.05708311226241378,0.0670391061452514,1.0,1.0,0.5327380952380952,0.9963781236568656,0.9826618089932296,low_exposure,2,32,0.0625
30549,low_exposure_challenger,0.0,18,8,0.25,14,3,1.0,False,0.10846560846560838,2.8695039851165074,0.05775226757369614,0.07738095238095238,0.07287933094384713,2.881264353091311,0.05659613828188229,0.07526881720430108,1.0,1.0,0.5535714285714286,0.9943914840352619,0.9801528723048714,low_exposure,0,32,0.0
30550,low_exposure_challenger,0.0,18,8,0.25,14,2,1.0,False,0.12929894179894186,2.860775192155394,0.05902777777777777,0.09523809523809523,0.08115183246073299,2.8792267055908205,0.056824100216551085,0.07329842931937172,1.0,1.0,0.5684523809523809,0.9915645317864009,0.9758739027248785,low_exposure,0,32,0.0
30551,low_exposure_challenger,0.0,18,8,0.25,14,0,1.0,False,0.16203703703703698,2.8455943319339845,0.06021471088435374,0.08630952380952381,0.06672873991309736,2.8826600825598296,0.056396491994631884,0.0670391061452514,1.0,1.0,0.5327380952380952,0.996579394452903,0.9830020573165382,low_exposure,3,32,0.09375
30552,low_exposure_challenger,0.0,18,8,0.25,14,0,1.0,False,0.14880952380952372,2.850187069042145,0.05957695578231293,0.08035714285714286,0.09744990892531868,2.873115672098858,0.05748156110961808,0.08196721311475409,1.0,1.0,0.5446428571428571,0.9954993394427275,0.9794753089607754,low_exposure,2,32,0.0625
30553,low_exposure_challenger,0.0,18,8,0.25,14,0,1.0,False,0.1769179894179893,2.8324449859237992,0.06131306689342403,0.08333333333333333,0.09318996415770608,2.876565131897824,0.057058619493583075,0.06989247311827956,1.0,1.0,0.5535714285714286,0.9915378859170673,0.9743245941480572,low_exposure,2,32,0.0625
30554,low_exposure_challenger,0.0,18,8,0.25,14,2,1.0,False,0.15046296296296302,2.8545831463242872,0.05947066326530612,0.08630952380952381,0.07446808510638303,2.8812520384823173,0.056586690810321416,0.07446808510638298,1.0,1.0,0.5595238095238095,0.9946264565089931,0.9785666783871442,low_exposure,0,32,0.0
30555,low_exposure_challenger,0.0,18,8,0.25,14,1,1.0,False,0.1431878306878307,2.8559331400331938,0.05915178571428571,0.07738095238095238,0.061660561660561664,2.883415858092204,0.056333776113995884,0.07142857142857142,1.0,1.0,0.5416666666666666,0.9959640860301309,0.9847447175565418,low_exposure,0,32,0.0
30556,low_exposure_challenger,0.0,18,8,0.25,14,0,1.0,False,0.12962962962962954,2.8612372731261995,0.05872661564625851,0.08630952380952381,0.07347670250896066,2.881248965600115,0.0565961382818823,0.06989247311827956,1.0,1.0,0.5535714285714286,0.993893409333478,0.9771822871637713,low_exposure,1,32,0.03125
30557,low_exposure_challenger,0.0,18,8,0.25,14,2,1.0,False,0.1332671957671958,2.8598906254278535,0.05906320861678005,0.09226190476190477,0.07586618876941453,2.8802171975848747,0.05671175858480749,0.07526881720430108,1.0,1.0,0.5535714285714286,0.9938851335669378,0.980212933569304,low_exposure,0,32,0.0
30558,low_exposure_challenger,0.0,18,8,0.25,14,2,1.0,False,0.1498015873015872,2.8480452601312183,0.059736394557823126,0.0744047619047619,0.09339339339339348,2.8765895023387658,0.05706355003652302,0.07027027027027027,1.0,1.0,0.5505952380952381,0.9947921018935735,0.9772152876220531,low_exposure,2,32,0.0625
30559,low_exposure_challenger,0.0,18,8,0.25,14,0,1.0,False,0.1792328042328042,2.8392220371680854,0.0610296201814059,0.08333333333333333,0.12176165803108807,2.8656005500643102,0.058444522000590624,0.08290155440414508,1.0,1.0,0.5744047619047619,0.993337913825075,0.9724104712304292,low_exposure,0,32,0.0
30560,low_exposure_challenger,0.0,18,8,0.25,14,0,1.0,False,0.1703042328042328,2.840731214768274,0.06065759637188209,0.08035714285714286,0.10446859903381633,2.8728478173195207,0.05753780718336485,0.07608695652173914,1.0,1.0,0.5476190476190477,0.9944755284296654,0.9798205232781592,low_exposure,1,32,0.03125
30561,low_exposure_challenger,0.0,18,8,0.25,14,1,1.0,False,0.1861772486772486,2.834425532593259,0.061490221088435375,0.08928571428571429,0.08434081750143929,2.8778591922304377,0.05694112593626674,0.07772020725388601,1.0,1.0,0.5744047619047619,0.9933735478245262,0.9721903950263434,low_exposure,1,32,0.03125
30562,low_exposure_challenger,0.0,18,8,0.25,14,1,1.0,False,0.19808201058201047,2.8286162458427806,0.062181122448979595,0.08928571428571429,0.09459459459459452,2.876323895818946,0.057121986851716586,0.07027027027027027,1.0,1.0,0.5505952380952381,0.9941416560247669,0.9815550704285068,low_exposure,0,32,0.0
30563,low_exposure_challenger,0.0,18,8,0.25,14,0,1.0,False,0.1603835978835979,2.848003400747998,0.06021471088435375,0.08630952380952381,0.08847736625514391,2.8778413254316644,0.05696928977352257,0.07407407407407407,1.0,1.0,0.5625,0.9921297446348997,0.9758241604994707,low_exposure,0,32,0.0
30564,low_exposure_challenger,0.0,18,8,0.25,14,1,1.0,False,0.1332671957671958,2.8567787148322856,0.05899234693877551,0.08333333333333333,0.09555555555555562,2.8758097795389252,0.05720000000000001,0.07,1.0,1.0,0.5952380952380952,0.9892253320789898,0.9638059498644052,low_exposure,1,32,0.03125
30565,low_exposure_challenger,0.0,18,8,0.25,14,2,1.0,False,0.14781746031746024,2.8562863786910713,0.05932893990929705,0.08333333333333333,0.07376020087884494,2.8816275538440252,0.05652909444923235,0.06779661016949153,1.0,1.0,0.5267857142857143,0.9969199704794156,0.9871334214439962,low_exposure,0,32,0.0
30566,low_exposure_challenger,0.0,18,8,0.25,14,1,1.0,False,0.16435185185185186,2.835871894600839,0.060693027210884355,0.0744047619047619,0.08652094717668479,2.874672227173753,0.05712323449490877,0.06557377049180328,1.0,1.0,0.5446428571428571,0.9948470790547678,0.9781075232600064,low_exposure,3,32,0.09375
30567,low_exposure_challenger,0.0,18,8,0.25,14,2,1.0,False,0.1703042328042328,2.8370092791318275,0.06083475056689343,0.08035714285714286,0.10466543891958247,2.8707084859895082,0.05759897439028112,0.0718232044198895,1.0,1.0,0.5386904761904762,0.9946318162166824,0.9784986912449004,low_exposure,3,32,0.09375
30568,low_exposure_challenger,0.0,18,8,0.25,14,2,1.0,False,0.16435185185185186,2.8408703479802977,0.06092332766439909,0.09523809523809523,0.1101903007980356,2.8698322331499755,0.057843167180488986,0.08287292817679558,1.0,1.0,0.5386904761904762,0.9952777710503192,0.9802738563818214,low_exposure,3,32,0.09375
30569,low_exposure_challenger,0.0,18,8,0.25,14,2,1.0,False,0.1693121693121693,2.84063957735584,0.06065759637188208,0.08333333333333333,0.08180708180708174,2.879025192719999,0.0568168095640623,0.07142857142857142,1.0,1.0,0.5416666666666666,0.9950518737836931,0.9812161574346394,low_exposure,1,32,0.03125
30570,low_exposure_challenger,0.25,18,8,0.25,14,0,1.0,False,0.18386243386243373,2.8304113230868664,0.06166737528344671,0.08928571428571429,0.1312684365781711,2.8623826787756017,0.05873600125303469,0.08849557522123894,1.0,1.0,0.6726190476190477,0.9714954814766101,0.9217535891392784,low_exposure,1,32,0.03125
30571,low_exposure_challenger,0.25,18,8,0.25,14,1,1.0,False,0.19973544973544977,2.8165752874747034,0.06269486961451247,0.08630952380952381,0.15876543209876548,2.8482996987141314,0.05995061728395062,0.08,1.0,1.0,0.6696428571428571,0.972038473667863,0.9185562346542109,low_exposure,6,32,0.1875
30572,low_exposure_challenger,0.25,18,8,0.25,14,0,1.0,False,0.19940476190476186,2.8254874862510118,0.062375992063492064,0.08928571428571429,0.12448559670781889,2.8650300681020986,0.05834190672153635,0.08333333333333333,1.0,1.0,0.6428571428571429,0.9836170075032177,0.9369289030227786,low_exposure,3,32,0.09375
30573,low_exposure_challenger,0.25,18,8,0.25,14,1,1.0,False,0.18551587301587302,2.8318540876145355,0.06187996031746031,0.10119047619047619,0.10471976401179939,2.869621615141546,0.057717910564648756,0.0752212389380531,1.0,1.0,0.6726190476190477,0.976119272527777,0.921975807237133,low_exposure,2,32,0.0625
30574,low_exposure_challenger,0.25,18,8,0.25,14,0,1.0,False,0.24470899470899465,2.7880021780375293,0.0657950680272109,0.08928571428571429,0.15946502057613166,2.8466900976176728,0.06005658436213992,0.0787037037037037,1.0,1.0,0.6428571428571429,0.9761316092747317,0.9223643999223691,low_exposure,7,32,0.21875
30575,low_exposure_challenger,0.25,18,8,0.25,14,3,1.0,False,0.1888227513227514,2.8188679895854856,0.06218112244897959,0.08035714285714286,0.14696969696969697,2.848298566996275,0.05962809917355372,0.07272727272727272,1.0,1.0,0.6547619047619048,0.9751221040067972,0.917772656803169,low_exposure,7,32,0.21875
30576,low_exposure_challenger,0.25,18,8,0.25,14,0,1.0,False,0.21296296296296302,2.8027526342524935,0.0637046485260771,0.08333333333333333,0.15951359084406302,2.8381804719372146,0.06047265560242406,0.0815450643776824,1.0,1.0,0.6934523809523809,0.957444577856633,0.8809200514475678,low_exposure,9,32,0.28125
30577,low_exposure_challenger,0.25,18,8,0.25,14,2,1.0,False,0.20866402116402116,2.8106607577132463,0.06331490929705215,0.09226190476190477,0.15680166147455865,2.8422893627113544,0.060310944187265264,0.08878504672897196,1.0,1.0,0.6369047619047619,0.976708239919153,0.9277071314848877,low_exposure,7,32,0.21875
30578,low_exposure_challenger,0.25,18,8,0.25,14,0,1.0,False,0.19146825396825395,2.8282516478455615,0.06196853741496598,0.09226190476190477,0.12088698140200282,2.865256213254531,0.058188583322588375,0.07725321888412018,1.0,1.0,0.6934523809523809,0.966783683646025,0.9102297682585809,low_exposure,2,32,0.0625
30579,low_exposure_challenger,0.25,18,8,0.25,14,0,1.0,False,0.18485449735449744,2.833222784984104,0.061614229024943304,0.09523809523809523,0.13611111111111107,2.8603465713135567,0.058784722222222224,0.075,1.0,1.0,0.7142857142857143,0.9590693760632507,0.8956581847105146,low_exposure,2,32,0.0625
30580,low_exposure_challenger,0.25,18,8,0.25,14,0,1.0,False,0.2139550264550265,2.807103844210312,0.0636515022675737,0.08630952380952381,0.17699115044247793,2.837623656055722,0.06108544130315608,0.08849557522123894,1.0,1.0,0.6726190476190477,0.9717537187449733,0.9120241446294496,low_exposure,6,32,0.1875
30581,low_exposure_challenger,0.25,18,8,0.25,14,0,1.0,False,0.18121693121693117,2.8246243302776475,0.061862244897959176,0.08928571428571429,0.16010314111579937,2.84347439394914,0.06062062703626555,0.0970464135021097,1.0,1.0,0.7053571428571429,0.9628075502343041,0.893002617293862,low_exposure,5,32,0.15625
30582,low_exposure_challenger,0.25,18,8,0.25,14,0,1.0,False,0.17427248677248675,2.8351947328446743,0.06102962018140589,0.08035714285714286,0.1426426426426426,2.857671413158007,0.0590861131401672,0.08108108108108109,1.0,1.0,0.6607142857142857,0.9748442391380716,0.9299104382461398,low_exposure,2,32,0.0625
30583,low_exposure_challenger,0.25,18,8,0.25,14,0,1.0,False,0.18981481481481488,2.826668219267437,0.062163407029478465,0.09226190476190477,0.14066193853427889,2.8571150395537033,0.05904934359438659,0.07234042553191489,1.0,1.0,0.6994047619047619,0.9627787874763433,0.8904506065125473,low_exposure,4,32,0.125
30584,low_exposure_challenger,0.25,18,8,0.25,14,0,1.0,False,0.21560846560846558,2.8046976457602346,0.0639703798185941,0.08928571428571429,0.18013468013468015,2.8354930084401726,0.061224489795918366,0.08658008658008658,1.0,1.0,0.6875,0.959935954366808,0.8973137814534061,low_exposure,8,32,0.25
30585,low_exposure_challenger,0.25,18,8,0.25,14,1,1.0,False,0.1521164021164021,2.8464202592682444,0.06005527210884354,0.09226190476190477,0.1309887869520896,2.862290614153399,0.058580927531352585,0.0779816513761468,1.0,1.0,0.6488095238095238,0.9778830200210149,0.9361141571258611,low_exposure,2,32,0.0625
30586,low_exposure_challenger,0.25,18,8,0.25,14,1,1.0,False,0.18353174603174605,2.8347798536108764,0.06152565192743764,0.09523809523809523,0.11925925925925918,2.867395943436255,0.05801481481481482,0.07111111111111111,1.0,1.0,0.6696428571428571,0.9764306175985525,0.9285176377807599,low_exposure,1,32,0.03125
30587,low_exposure_challenger,0.25,18,8,0.25,14,0,1.0,False,0.17890211640211628,2.8344813009478975,0.0612953514739229,0.08630952380952381,0.14689265536723162,2.8563350109191803,0.059250215455328936,0.08050847457627118,1.0,1.0,0.7023809523809523,0.9659390234862487,0.9079529785994191,low_exposure,4,32,0.125
30588,low_exposure_challenger,0.25,18,8,0.25,14,0,1.0,False,0.16269841269841256,2.841795463743831,0.060427295918367346,0.07738095238095238,0.14237516869095823,2.856369138122094,0.05931911685161206,0.08906882591093117,1.0,1.0,0.7351190476190477,0.9535143611963397,0.9010367245992795,low_exposure,2,32,0.0625
30589,low_exposure_challenger,0.25,18,8,0.25,14,0,1.0,False,0.19080687830687837,2.821295704207294,0.062305130385487524,0.09226190476190477,0.14335317460317465,2.853746906806161,0.05927136479591836,0.07142857142857142,1.0,1.0,0.6666666666666666,0.972869846650163,0.919584172716115,low_exposure,4,32,0.125
30590,low_exposure_challenger,0.25,18,8,0.25,14,0,1.0,False,0.1884920634920635,2.825168384191695,0.06202168367346939,0.08928571428571429,0.1367880485527544,2.8567715216350447,0.05900007061648188,0.07983193277310924,1.0,1.0,0.7083333333333334,0.9672026772768262,0.9001636900319926,low_exposure,4,32,0.125
30591,low_exposure_challenger,0.25,18,8,0.25,14,0,1.0,False,0.1875,2.832994059899552,0.06152565192743764,0.08630952380952381,0.13563563563563563,2.8606423873684093,0.05872088304520737,0.07657657657657657,1.0,1.0,0.6607142857142857,0.9741653995938454,0.9376562197189954,low_exposure,2,32,0.0625
30592,low_exposure_challenger,0.25,18,8,0.25,14,1,1.0,False,0.19345238095238093,2.829587074632756,0.06196853741496599,0.08630952380952381,0.13492063492063489,2.86106029340252,0.058823529411764705,0.08823529411764706,1.0,1.0,0.7083333333333334,0.9645564471713642,0.9135635401836222,low_exposure,2,32,0.0625
30593,low_exposure_challenger,0.25,18,8,0.25,14,0,1.0,False,0.20998677248677255,2.8123570063459,0.06327947845804988,0.08333333333333333,0.1573666177190407,2.848728086803517,0.05994682605911234,0.0881057268722467,1.0,1.0,0.6755952380952381,0.9724958803960214,0.9222924758073154,low_exposure,4,32,0.125
30594,low_exposure_challenger,0.25,18,8,0.25,14,0,1.0,False,0.18386243386243373,2.831564946755103,0.06152565192743764,0.08035714285714286,0.12146892655367236,2.8655697018532025,0.05817293881068659,0.07627118644067797,1.0,1.0,0.7023809523809523,0.965416588426124,0.9172881635724827,low_exposure,1,32,0.03125
30595,low_exposure_challenger,0.25,18,8,0.25,14,0,1.0,False,0.1706349206349207,2.8454038543782434,0.06049815759637188,0.08630952380952381,0.1051502145922747,2.8728982502048543,0.05748862568844518,0.07296137339055794,1.0,1.0,0.6934523809523809,0.9713755324230008,0.923823268219866,low_exposure,0,32,0.0
30596,low_exposure_challenger,0.25,18,8,0.25,14,1,1.0,False,0.21164021164021163,2.8134625535195705,0.06338577097505668,0.09523809523809523,0.1676676676676676,2.8451511964155007,0.060384709033357686,0.08558558558558559,1.0,1.0,0.6607142857142857,0.9769526058669465,0.9328999377334206,low_exposure,3,32,0.09375
30597,low_exposure_challenger,0.25,18,8,0.25,14,2,1.0,False,0.18088624338624326,2.8369069577361143,0.061135912698412696,0.08333333333333333,0.13043478260869557,2.86348845563243,0.058601134215500936,0.08260869565217391,1.0,1.0,0.6845238095238095,0.9671297532996955,0.9184100557936602,low_exposure,3,32,0.09375
30598,low_exposure_challenger,0.25,18,8,0.25,14,0,1.0,False,0.16402116402116396,2.8419868210372097,0.06037414965986394,0.08035714285714286,0.14005602240896353,2.858077290162973,0.05900007061648189,0.07983193277310924,1.0,1.0,0.7083333333333334,0.96208617636317,0.9022445098475398,low_exposure,2,32,0.0625
30599,low_exposure_challenger,0.25,18,8,0.25,14,0,1.0,False,0.21296296296296302,2.794116653565673,0.06412981859410431,0.08333333333333333,0.1909722222222221,2.8211261540904524,0.06210140306122448,0.08482142857142858,1.0,1.0,0.6666666666666666,0.9715795215339852,0.9087519138912384,low_exposure,8,32,0.25
30600,low_exposure_challenger,0.5,18,8,0.25,14,0,0.9930555555555556,False,0.21296296296296302,2.792907174122986,0.06420068027210885,0.08035714285714286,0.18547008547008548,2.818361348100426,0.06207100591715978,0.08461538461538462,1.0,1.0,0.7738095238095238,0.9178588042535583,0.8237910094876955,low_exposure,10,32,0.3125
30601,low_exposure_challenger,0.5,18,8,0.25,14,2,1.0,False,0.2404100529100528,2.787635172196348,0.06561791383219955,0.09523809523809523,0.19368191721132888,2.8224604019168122,0.06223760092272202,0.0784313725490196,1.0,1.0,0.7589285714285714,0.9143202134476901,0.8496840561490356,low_exposure,9,32,0.28125
30602,low_exposure_challenger,0.5,18,8,0.25,14,0,1.0,False,0.20370370370370372,2.8179257776698297,0.06278344671201815,0.08630952380952381,0.18962689626896267,2.830589400051966,0.06177748124344712,0.08856088560885608,1.0,1.0,0.8065476190476191,0.9164958292139714,0.8238454237519764,low_exposure,4,32,0.125
30603,low_exposure_challenger,0.5,18,8,0.25,14,1,0.9861111111111112,False,0.23412698412698418,2.7885258606379257,0.06528132086167801,0.09523809523809523,0.2232548533663774,2.8039930514428453,0.06413675875126104,0.08921933085501858,1.0,1.0,0.8005952380952381,0.8962416002378865,0.7943641618807885,low_exposure,12,32,0.375
30604,low_exposure_challenger,0.5,18,8,0.25,14,0,1.0,False,0.2486772486772486,2.7865975605600513,0.06611394557823129,0.09821428571428571,0.21052631578947367,2.8179206325750505,0.06325965289162756,0.09022556390977443,1.0,1.0,0.7916666666666666,0.9021351755758068,0.8159399970676549,low_exposure,8,32,0.25
30605,low_exposure_challenger,0.5,18,8,0.25,14,0,0.9930555555555556,False,0.255621693121693,2.768777245785747,0.06715915532879818,0.09523809523809523,0.20342205323193907,2.806945625569166,0.0634243664069164,0.07984790874524715,1.0,1.0,0.7827380952380952,0.8879257833905663,0.7847969315412718,low_exposure,13,32,0.40625
30606,low_exposure_challenger,0.5,18,8,0.25,14,2,1.0,False,0.18518518518518512,2.8227437971955953,0.06214569160997733,0.0744047619047619,0.16283524904214564,2.844993472581669,0.06037785704848724,0.08812260536398467,1.0,1.0,0.7767857142857143,0.930945382951108,0.8294091645382536,low_exposure,6,32,0.1875
30607,low_exposure_challenger,0.5,18,8,0.25,14,0,1.0,False,0.2123015873015872,2.789839361282558,0.06448412698412699,0.09523809523809523,0.19937106918239,2.806036324391517,0.06318262726949092,0.07924528301886792,1.0,1.0,0.7886904761904762,0.9047669003440238,0.8129624497162918,low_exposure,12,32,0.375
30608,low_exposure_challenger,0.5,18,8,0.25,14,0,1.0,False,0.23743386243386233,2.7949867833725275,0.06528132086167801,0.09226190476190477,0.1897274633123689,2.8286248021948466,0.06187255250978996,0.08679245283018867,1.0,1.0,0.7886904761904762,0.9137371665897742,0.8315579534550198,low_exposure,7,32,0.21875
30609,low_exposure_challenger,0.5,18,8,0.25,14,0,1.0,False,0.17460317460317465,2.822701555772149,0.06179138321995465,0.07738095238095238,0.16000832292967115,2.8396355010079564,0.06050021742484815,0.08239700374531835,1.0,1.0,0.7946428571428571,0.9200197797895089,0.8358772284546648,low_exposure,5,32,0.15625
30610,low_exposure_challenger,0.5,18,8,0.25,14,0,1.0,False,0.20271164021164023,2.8061575129382295,0.06352749433106576,0.09226190476190477,0.17046894803548795,2.8327725173077365,0.06114010611690208,0.07604562737642585,1.0,1.0,0.7827380952380952,0.9139840505275649,0.8251472495533875,low_exposure,9,32,0.28125
30611,low_exposure_challenger,0.5,18,8,0.25,14,0,1.0,False,0.21263227513227512,2.8114389816524343,0.06340348639455783,0.08928571428571429,0.1457023060796645,2.846931060619416,0.05979352082591669,0.07547169811320754,1.0,1.0,0.7886904761904762,0.9189904041887488,0.8568025082386024,low_exposure,5,32,0.15625
30612,low_exposure_challenger,0.5,18,8,0.25,14,0,1.0,False,0.1693121693121693,2.8358690154100836,0.06081703514739229,0.08035714285714286,0.1377696377696378,2.853501627227518,0.05915818003730092,0.07692307692307693,1.0,1.0,0.8125,0.9148610853997491,0.8477700632214703,low_exposure,4,32,0.125
30613,low_exposure_challenger,0.5,18,8,0.25,14,0,1.0,False,0.19973544973544977,2.810931040810958,0.06297831632653061,0.08333333333333333,0.16881166881166876,2.833203554584483,0.060985972182883375,0.08108108108108109,1.0,1.0,0.7708333333333334,0.9270076822077659,0.8524623721659954,low_exposure,8,32,0.25
30614,low_exposure_challenger,0.5,18,8,0.25,14,0,1.0,False,0.19345238095238093,2.800347868028294,0.0633857709750567,0.0744047619047619,0.2013366750208856,2.8117580504788404,0.06289219288823562,0.08270676691729323,1.0,1.0,0.7916666666666666,0.9103529325746148,0.8056765882130739,low_exposure,12,32,0.375
30615,low_exposure_challenger,0.5,18,8,0.25,14,0,1.0,False,0.24834656084656093,2.764833773698326,0.06687570861678004,0.09821428571428571,0.2157622739018088,2.793811860690444,0.06426897422029926,0.08527131782945736,1.0,1.0,0.7678571428571429,0.9142005312421589,0.8139283794323194,low_exposure,14,32,0.4375
30616,low_exposure_challenger,0.5,18,8,0.25,14,1,1.0,False,0.22519841269841256,2.7851303945476693,0.06492701247165532,0.08928571428571429,0.18721174004192864,2.8119173624860943,0.062470630117479525,0.07924528301886792,1.0,1.0,0.7886904761904762,0.9055147972357988,0.8186806253667704,low_exposure,11,32,0.34375
30617,low_exposure_challenger,0.5,18,8,0.25,14,1,0.9930555555555556,False,0.21792328042328046,2.8140922633875913,0.0639703798185941,0.10714285714285714,0.17127882599580713,2.844770019724952,0.060562477750089,0.08679245283018867,1.0,1.0,0.7886904761904762,0.9098411138717596,0.8512736125151509,low_exposure,3,32,0.09375
30618,low_exposure_challenger,0.5,18,8,0.25,14,0,1.0,False,0.22255291005291,2.8038173865375966,0.06420068027210885,0.08928571428571429,0.20072371221796503,2.8229400251715657,0.062462383112402924,0.0842911877394636,1.0,1.0,0.7767857142857143,0.9086355035875858,0.813836446343458,low_exposure,11,32,0.34375
30619,low_exposure_challenger,0.5,18,8,0.25,14,0,1.0,False,0.23809523809523814,2.779243741052259,0.06593679138321996,0.10119047619047619,0.1990049751243781,2.806962883159621,0.06315437736689686,0.07835820895522388,1.0,1.0,0.7976190476190477,0.9039810419561044,0.8076656941667419,low_exposure,11,32,0.34375
30620,low_exposure_challenger,0.5,18,8,0.25,14,0,1.0,False,0.2671957671957672,2.733396728684359,0.06900155895691609,0.09821428571428571,0.23529411764705888,2.7690119550642547,0.06606171880516912,0.08403361344537816,1.0,1.0,0.7083333333333334,0.9472686397954427,0.8564398590287868,low_exposure,18,32,0.5625
30621,low_exposure_challenger,0.5,18,8,0.25,14,2,1.0,False,0.1884920634920635,2.8280391460238374,0.06182681405895691,0.08333333333333333,0.16432748538011688,2.842827028488518,0.060437057556171125,0.08421052631578947,1.0,1.0,0.8482142857142857,0.8877841488833998,0.8133592021172258,low_exposure,4,32,0.125
30622,low_exposure_challenger,0.5,18,8,0.25,14,0,1.0,False,0.21097883597883604,2.794857911333738,0.06409438775510205,0.08035714285714286,0.1916878710771841,2.8123932149121407,0.06272944467105647,0.08015267175572519,1.0,1.0,0.7797619047619048,0.9215622721216162,0.836590725405398,low_exposure,11,32,0.34375
30623,low_exposure_challenger,0.5,18,8,0.25,14,2,1.0,False,0.20667989417989419,2.810787823012132,0.06331490929705215,0.09821428571428571,0.17480667480667478,2.8297654470164506,0.06130499537092945,0.08791208791208792,1.0,1.0,0.8125,0.891609343637915,0.797996738450664,low_exposure,5,32,0.15625
30624,low_exposure_challenger,0.5,18,8,0.25,14,0,1.0,False,0.19907407407407396,2.8161331346903653,0.0628188775510204,0.08333333333333333,0.1651126651126651,2.8363763147314596,0.060809819551078295,0.07692307692307693,1.0,1.0,0.8511904761904762,0.8779141542126018,0.8195993349633061,low_exposure,3,32,0.09375
30625,low_exposure_challenger,0.5,18,8,0.25,14,0,1.0,False,0.22189153439153442,2.7978046146475704,0.0642361111111111,0.08630952380952381,0.18304559539619292,2.8248581292232062,0.061824415485468485,0.08764940239043825,1.0,1.0,0.7470238095238095,0.9360827518289101,0.853829110856004,low_exposure,9,32,0.28125
30626,low_exposure_challenger,0.5,18,8,0.25,14,0,1.0,False,0.23015873015873023,2.7946772314219,0.06510416666666666,0.10416666666666667,0.18359375,2.829239987136029,0.0616455078125,0.08984375,1.0,1.0,0.7619047619047619,0.9292276724626523,0.8551066105800245,low_exposure,7,32,0.21875
30627,low_exposure_challenger,0.5,18,8,0.25,14,0,1.0,False,0.22023809523809512,2.7986631733897656,0.06416524943310659,0.08928571428571429,0.1758909853249475,2.826700673250054,0.061445354218583124,0.07924528301886792,1.0,1.0,0.7886904761904762,0.9084791308123302,0.8340365420892636,low_exposure,8,32,0.25
30628,low_exposure_challenger,0.5,18,8,0.25,14,1,0.9930555555555556,False,0.22916666666666674,2.7861474418098453,0.06521045918367348,0.09226190476190477,0.18416447944006986,2.8206108855573984,0.062062124124248254,0.08661417322834646,1.0,1.0,0.7559523809523809,0.9311988129191396,0.8133823869264938,low_exposure,10,32,0.3125
30629,low_exposure_challenger,0.5,18,8,0.25,14,0,0.9930555555555556,False,0.2132936507936507,2.815439433381213,0.06336805555555555,0.09226190476190477,0.14887307236061686,2.846402014551288,0.059890325603779083,0.07473309608540925,1.0,1.0,0.8363095238095238,0.8738138996881536,0.8033933767187001,low_exposure,6,32,0.1875
30630,low_exposure_challenger,0.75,18,8,0.25,14,0,1.0,False,0.2490079365079365,2.750398935843527,0.06740717120181407,0.08928571428571429,0.20717592592592582,2.7724882710054466,0.06520061728395063,0.0763888888888889,1.0,1.0,0.8571428571428571,0.8178168832892952,0.7237236744992721,low_exposure,17,32,0.53125
30631,low_exposure_challenger,0.75,18,8,0.25,14,0,1.0,False,0.255621693121693,2.739521058426691,0.06772604875283446,0.09226190476190477,0.22392870686386046,2.7574700971639996,0.06582487856585399,0.08191126279863481,0.9444444444444444,0.9444444444444444,0.8720238095238095,0.7897771586761898,0.7147957542618215,low_exposure,16,32,0.5
30632,low_exposure_challenger,0.75,18,8,0.25,14,0,0.9930555555555556,False,0.24404761904761907,2.7612544320448906,0.06678713151927437,0.08630952380952381,0.22241183162684863,2.7777992060130314,0.0653123507553961,0.08191126279863481,1.0,1.0,0.8720238095238095,0.7998684936098345,0.7068832708688658,low_exposure,17,32,0.53125
30633,low_exposure_challenger,0.75,18,8,0.25,14,0,1.0,False,0.22685185185185186,2.7748723029604236,0.06556476757369616,0.08035714285714286,0.20536398467432937,2.7912841087381084,0.06416171224732461,0.07931034482758621,1.0,1.0,0.8630952380952381,0.8067074330017575,0.7369437813176042,low_exposure,15,32,0.46875
30634,low_exposure_challenger,0.75,18,8,0.25,14,0,0.9930555555555556,False,0.2592592592592593,2.755739799287289,0.06749574829931973,0.09226190476190477,0.21506000774293454,2.7827465434640497,0.064720950843157,0.08013937282229965,1.0,1.0,0.8541666666666666,0.8167078676846696,0.7266828393231481,low_exposure,15,32,0.46875
30635,low_exposure_challenger,0.75,18,8,0.25,14,0,1.0,False,0.2506613756613756,2.7674641325630445,0.06691113945578231,0.09523809523809523,0.2154276578737011,2.794025983611192,0.06441177992857514,0.08273381294964029,1.0,1.0,0.8273809523809523,0.8415395283908819,0.7143377770704662,low_exposure,16,32,0.5
30636,low_exposure_challenger,0.75,18,8,0.25,14,0,1.0,False,0.23445767195767186,2.7794484629397416,0.06552933673469387,0.08630952380952381,0.1950113378684808,2.8014822420965615,0.06330695543523532,0.08163265306122448,1.0,1.0,0.875,0.7968442837588681,0.7041606672696124,low_exposure,13,32,0.40625
30637,low_exposure_challenger,0.75,18,8,0.25,14,0,0.9930555555555556,False,0.24503968253968256,2.772771465059055,0.06620252267573697,0.09226190476190477,0.20814307458143078,2.795259521067851,0.06389566522799775,0.0821917808219178,1.0,1.0,0.8690476190476191,0.7948064434577341,0.7278008143751222,low_exposure,12,32,0.375
30638,low_exposure_challenger,0.75,18,8,0.25,14,0,1.0,False,0.25297619047619047,2.7690748582946965,0.06685799319727892,0.08928571428571429,0.21959459459459452,2.7911586109232815,0.064600073046019,0.08108108108108109,1.0,1.0,0.8809523809523809,0.7920791514592289,0.7285384371828059,low_exposure,12,32,0.375
30639,low_exposure_challenger,0.75,18,8,0.25,14,0,1.0,False,0.20337301587301582,2.8061683200098257,0.06347434807256237,0.08630952380952381,0.1884226884226885,2.821851686138879,0.06217907966159714,0.08391608391608392,1.0,1.0,0.8511904761904762,0.864022658409255,0.7821247431367072,low_exposure,9,32,0.28125
30640,low_exposure_challenger,0.75,18,8,0.25,14,0,1.0,False,0.24702380952380953,2.7675160454285805,0.06673398526077098,0.09226190476190477,0.20671378091872783,2.7929173917311143,0.0642660040704716,0.0812720848056537,1.0,1.0,0.8422619047619048,0.823459360342306,0.7448471936148593,low_exposure,14,32,0.4375
30641,low_exposure_challenger,0.75,18,8,0.25,14,0,1.0,False,0.2314814814814814,2.7774427580953773,0.06563562925170068,0.09226190476190477,0.21230826786382329,2.792038756631258,0.06426781847657269,0.08080808080808081,1.0,1.0,0.8839285714285714,0.791167771611442,0.7279624648056847,low_exposure,13,32,0.40625
30642,low_exposure_challenger,0.75,18,8,0.25,14,0,1.0,False,0.23875661375661372,2.7413650319860596,0.06769061791383221,0.09226190476190477,0.22259259259259268,2.753451548729413,0.0666,0.08,1.0,1.0,0.8928571428571429,0.7685630643476481,0.6801708124736843,low_exposure,19,32,0.59375
30643,low_exposure_challenger,0.75,18,8,0.25,14,1,1.0,False,0.29166666666666674,2.700410838123599,0.07109197845804989,0.10416666666666667,0.2566510172143974,2.723702601666101,0.06856278516167427,0.08450704225352113,0.9444444444444444,0.9444444444444444,0.8452380952380952,0.819876664698922,0.683905509121641,low_exposure,23,32,0.71875
30644,low_exposure_challenger,0.75,18,8,0.25,14,1,1.0,False,0.2232142857142856,2.787766978520701,0.06521045918367348,0.09226190476190477,0.20048309178743962,2.8051687460536607,0.06345566604400397,0.0802675585284281,1.0,1.0,0.8898809523809523,0.7887635396077148,0.7154438673107141,low_exposure,13,32,0.40625
30645,low_exposure_challenger,0.75,18,8,0.25,14,0,0.9930555555555556,False,0.2671957671957672,2.7423108809003804,0.06877125850340136,0.10714285714285714,0.2228111503729877,2.771278825584099,0.06551461499082271,0.08480565371024736,1.0,1.0,0.8422619047619048,0.8064619870492516,0.7309355922149005,low_exposure,17,32,0.53125
30646,low_exposure_challenger,0.75,18,8,0.25,14,1,1.0,False,0.25628306878306883,2.7549331972157662,0.06765518707482993,0.09523809523809523,0.22241183162684863,2.7764674401524987,0.06547542778599634,0.08191126279863481,1.0,1.0,0.8720238095238095,0.8003001959770599,0.7596129509801663,low_exposure,16,32,0.5
30647,low_exposure_challenger,0.75,18,8,0.25,14,2,1.0,False,0.22685185185185186,2.7697840603506494,0.06616709183673469,0.09226190476190477,0.19444444444444442,2.789135261646075,0.0642944267217114,0.07876712328767123,1.0,1.0,0.8690476190476191,0.7954078305803401,0.706390338029251,low_exposure,17,32,0.53125
30648,low_exposure_challenger,0.75,18,8,0.25,14,0,1.0,False,0.2748015873015872,2.738845355653185,0.06930272108843538,0.10714285714285714,0.2268686868686869,2.7734753894589983,0.06567933884297521,0.08727272727272728,1.0,1.0,0.8184523809523809,0.8339359250998885,0.734049055453525,low_exposure,18,32,0.5625
30649,low_exposure_challenger,0.75,18,8,0.25,14,1,1.0,False,0.2671957671957672,2.724378568099815,0.06928500566893424,0.10119047619047619,0.23483057525610707,2.746497436704026,0.06694834263870027,0.0851063829787234,1.0,1.0,0.8392857142857143,0.82711605971735,0.7481383387930284,low_exposure,21,32,0.65625
30650,low_exposure_challenger,0.75,18,8,0.25,14,0,1.0,False,0.2506613756613756,2.7656988987519773,0.0669111394557823,0.08928571428571429,0.21525423728813564,2.788047141334487,0.06468256248204539,0.08135593220338982,1.0,1.0,0.8779761904761905,0.793715821592745,0.7152830675692758,low_exposure,12,32,0.375
30651,low_exposure_challenger,0.75,18,8,0.25,14,0,1.0,False,0.22056878306878303,2.7713508428942215,0.06568877551020408,0.08035714285714286,0.21370370370370373,2.781124808490418,0.065,0.08,1.0,1.0,0.8928571428571429,0.787811720225709,0.7024656580395378,low_exposure,16,32,0.5
30652,low_exposure_challenger,0.75,18,8,0.25,14,0,0.9861111111111112,False,0.2328042328042328,2.792560176361746,0.06515731292517006,0.09523809523809523,0.20431893687707636,2.8117337575553463,0.06312292358803986,0.07973421926910298,1.0,1.0,0.8958333333333334,0.7725796165760865,0.6831308218107134,low_exposure,13,32,0.40625
30653,low_exposure_challenger,0.75,18,8,0.25,14,0,0.9861111111111112,False,0.22850529100529093,2.784241716934491,0.065281320861678,0.08928571428571429,0.19416573764399847,2.804118692815765,0.0632543260142504,0.0802675585284281,1.0,1.0,0.8898809523809523,0.7804774382598292,0.6915748852362592,low_exposure,12,32,0.375
30654,low_exposure_challenger,0.75,18,8,0.25,14,0,1.0,False,0.2503306878306879,2.761481914501347,0.06714143990929705,0.09523809523809523,0.23287671232876717,2.777093242773422,0.0657487333458435,0.0821917808219178,1.0,1.0,0.8690476190476191,0.8148762513671173,0.7136094486310198,low_exposure,16,32,0.5
30655,low_exposure_challenger,0.75,18,8,0.25,14,0,1.0,False,0.24537037037037024,2.7834965174590356,0.06648596938775511,0.11011904761904762,0.18557919621749397,2.81963823717824,0.06234595845279413,0.0851063829787234,1.0,1.0,0.8392857142857143,0.83115068248497,0.7845465226195197,low_exposure,12,32,0.375
30656,low_exposure_challenger,0.75,18,8,0.25,14,0,1.0,False,0.24503968253968256,2.7550504248991516,0.06723001700680273,0.08630952380952381,0.22716488730723605,2.773806137790243,0.06571598637301958,0.08185053380782918,1.0,1.0,0.8363095238095238,0.8489199936355468,0.7531339442016395,low_exposure,17,32,0.53125
30657,low_exposure_challenger,0.75,18,8,0.25,14,0,1.0,False,0.24834656084656093,2.7673887168759475,0.06687570861678005,0.08928571428571429,0.21935853379152337,2.787795571129841,0.0647961171927587,0.07903780068728522,1.0,1.0,0.8660714285714286,0.8280774885798428,0.6950249609251875,low_exposure,17,32,0.53125
30658,low_exposure_challenger,0.75,18,8,0.25,14,0,1.0,False,0.23379629629629628,2.781192629233093,0.06567106009070295,0.09821428571428571,0.18896447467876043,2.805312186189811,0.06302929334999306,0.08163265306122448,1.0,1.0,0.875,0.8122053419786655,0.7517344614449172,low_exposure,11,32,0.34375
30659,low_exposure_challenger,0.75,18,8,0.25,14,1,1.0,False,0.25,2.769672052500302,0.06668083900226757,0.08928571428571429,0.2070015220700152,2.795460095085584,0.06401294802026647,0.07876712328767123,1.0,1.0,0.8690476190476191,0.8102581173843454,0.7223840437457989,low_exposure,12,32,0.375
30660,low_exposure_challenger,0.9,18,8,0.25,14,0,0.9930555555555556,False,0.251984126984127,2.758053969021298,0.0673717403628118,0.09226190476190477,0.2040778151889262,2.781633894246939,0.0648573274835901,0.07744107744107744,1.0,1.0,0.8839285714285714,0.739874434407513,0.6613868829067205,low_exposure,18,32,0.5625
30661,low_exposure_challenger,0.9,18,8,0.25,14,0,1.0,False,0.2949735449735449,2.69179422679923,0.07171201814058956,0.10416666666666667,0.24240676662821992,2.719337379724112,0.06830617449503718,0.08304498269896193,0.9444444444444444,0.9444444444444444,0.8601190476190477,0.7456543618781066,0.6666098460242962,low_exposure,23,32,0.71875
30662,low_exposure_challenger,0.9,18,8,0.25,14,0,1.0,False,0.2585978835978835,2.721217467036411,0.06903698979591838,0.08630952380952381,0.22643931059772648,2.7352400213124364,0.0676513195874043,0.07920792079207921,1.0,1.0,0.9017857142857143,0.7009575308083315,0.6437842954741452,low_exposure,24,32,0.75
30663,low_exposure_challenger,0.9,18,8,0.25,14,1,1.0,False,0.26521164021164023,2.737903308684969,0.0688952664399093,0.09821428571428571,0.2403549382716048,2.7579131580328275,0.06688850308641975,0.08333333333333333,1.0,1.0,0.8571428571428571,0.8019001498364601,0.7154796929492423,low_exposure,19,32,0.59375
30664,low_exposure_challenger,0.9,18,8,0.25,14,1,1.0,False,0.26190476190476186,2.757659589390369,0.06767290249433107,0.09523809523809523,0.22680601393472677,2.7784774407253563,0.06538574649544163,0.07920792079207921,1.0,1.0,0.9017857142857143,0.7007209199449184,0.6539629725603807,low_exposure,17,32,0.53125
30665,low_exposure_challenger,0.9,18,8,0.25,14,1,1.0,False,0.23710317460317465,2.7792961844237807,0.06581278344671201,0.09523809523809523,0.20710382513661196,2.7971647936748774,0.06390755173340501,0.07868852459016394,1.0,1.0,0.9077380952380952,0.7404276418136689,0.6792420756853534,low_exposure,15,32,0.46875
30666,low_exposure_challenger,0.9,18,8,0.25,14,1,1.0,False,0.2771164021164021,2.7012119515177004,0.07061366213151928,0.10119047619047619,0.2458628841607564,2.722182987020473,0.06848247070066897,0.08156028368794327,0.9444444444444444,0.9444444444444444,0.8392857142857143,0.8103287935996315,0.6884692363819983,low_exposure,24,32,0.75
30667,low_exposure_challenger,0.9,18,8,0.25,14,1,1.0,False,0.23115079365079372,2.7491889683459116,0.06694657029478458,0.08333333333333333,0.22794389073458832,2.756417858173347,0.06650036975309323,0.07973421926910298,1.0,1.0,0.8958333333333334,0.776702065484329,0.6848214122035253,low_exposure,19,32,0.59375
30668,low_exposure_challenger,0.9,18,8,0.25,14,0,0.9930555555555556,False,0.27248677248677255,2.7256616456601055,0.06949759070294785,0.09226190476190477,0.23515981735159808,2.747817223434982,0.06722649652842934,0.0821917808219178,1.0,1.0,0.8690476190476191,0.7537471567803343,0.6379791969866533,low_exposure,20,32,0.625
30669,low_exposure_challenger,0.9,18,8,0.25,14,0,0.9930555555555556,False,0.2867063492063491,2.722154545540609,0.07022392290249434,0.10119047619047619,0.24036662925551822,2.7484814562707056,0.06723803693500663,0.08080808080808081,1.0,1.0,0.8839285714285714,0.6956021186013742,0.643665956680093,low_exposure,21,32,0.65625
30670,low_exposure_challenger,0.9,18,8,0.25,14,1,1.0,False,0.26488095238095233,2.7348186343161696,0.06880668934240364,0.08928571428571429,0.24214559386973167,2.7533328459682416,0.06718192627824018,0.08275862068965517,1.0,1.0,0.8630952380952381,0.7931574954136181,0.7179145325222552,low_exposure,19,32,0.59375
30671,low_exposure_challenger,0.9,18,8,0.25,14,0,1.0,False,0.2609126984126984,2.7501148064101075,0.06809807256235828,0.09226190476190477,0.22999620781190755,2.7708557918985917,0.0660345490337686,0.08191126279863481,1.0,1.0,0.8720238095238095,0.7651102062949108,0.6864326831613883,low_exposure,19,32,0.59375
30672,low_exposure_challenger,0.9,18,8,0.25,14,0,1.0,False,0.24834656084656093,2.7484545090920753,0.06756660997732426,0.08630952380952381,0.2281405116456663,2.7651224159226957,0.06614234598079852,0.07903780068728522,1.0,1.0,0.8660714285714286,0.8033705068873399,0.7125816749711161,low_exposure,19,32,0.59375
30673,low_exposure_challenger,0.9,18,8,0.25,14,0,1.0,False,0.2738095238095237,2.7272106354912506,0.06935586734693878,0.09523809523809523,0.24177313201703443,2.7488030848282112,0.06717332977212301,0.08362369337979095,1.0,1.0,0.8541666666666666,0.7696102502274941,0.7085770777982878,low_exposure,21,32,0.65625
30674,low_exposure_challenger,0.9,18,8,0.25,14,0,1.0,False,0.2946428571428572,2.7003974769024683,0.07144628684807257,0.10416666666666667,0.25692074326886605,2.7244206680874288,0.06848070449277219,0.08191126279863481,0.9444444444444444,0.9444444444444444,0.8720238095238095,0.7580810406026739,0.7027288522895194,low_exposure,23,32,0.71875
30675,low_exposure_challenger,0.9,18,8,0.25,14,3,1.0,False,0.26289682539682535,2.732143889872046,0.06887755102040816,0.09226190476190477,0.2314814814814814,2.7493667782122198,0.06713333333333334,0.08,1.0,1.0,0.8928571428571429,0.7051139178309506,0.6336289895724404,low_exposure,21,32,0.65625
30676,low_exposure_challenger,0.9,18,8,0.25,14,1,0.9930555555555556,False,0.2771164021164021,2.707572223466133,0.07038336167800453,0.11011904761904762,0.24347501864280385,2.7280748134219754,0.06785730372505742,0.08053691275167785,0.9444444444444444,0.9444444444444444,0.8869047619047619,0.7198376462715866,0.5876829981568805,low_exposure,21,32,0.65625
30677,low_exposure_challenger,0.9,18,8,0.25,14,0,1.0,False,0.29695767195767186,2.669950624547415,0.07229662698412699,0.08928571428571429,0.263367463026166,2.6869195529851977,0.0704376288599751,0.08191126279863481,0.9444444444444444,0.9444444444444444,0.8720238095238095,0.7117974270439079,0.6210463839522965,low_exposure,27,32,0.84375
30678,low_exposure_challenger,0.9,18,8,0.25,14,0,1.0,False,0.2767857142857142,2.726774227126618,0.07020620748299321,0.11607142857142858,0.2306155075939249,2.7589224718611827,0.06658558045649811,0.07913669064748201,1.0,1.0,0.8273809523809523,0.8160037314401264,0.7149435904649049,low_exposure,20,32,0.625
30679,low_exposure_challenger,0.9,18,8,0.25,14,0,1.0,False,0.25529100529100535,2.7632164106442767,0.06728316326530612,0.09226190476190477,0.21617535903250196,2.78721168788975,0.06478781988986071,0.08163265306122448,1.0,1.0,0.875,0.7575063596668833,0.6847708779510566,low_exposure,18,32,0.5625
30680,low_exposure_challenger,0.9,18,8,0.25,14,0,1.0,False,0.2873677248677249,2.698040945961404,0.07107426303854875,0.09226190476190477,0.24879227053140096,2.7176400528002858,0.06891421796176776,0.0802675585284281,1.0,1.0,0.8898809523809523,0.6580804564719588,0.5987835399663376,low_exposure,24,32,0.75
30681,low_exposure_challenger,0.9,18,8,0.25,14,0,1.0,False,0.3012566137566137,2.6712576849915854,0.07220804988662131,0.10416666666666667,0.25869809203142524,2.691966163599405,0.06955072611638267,0.08080808080808081,0.8888888888888888,0.8888888888888888,0.8839285714285714,0.7048475157734901,0.6195290295403099,low_exposure,26,32,0.8125
30682,low_exposure_challenger,0.9,18,8,0.25,14,0,1.0,False,0.2509920634920635,2.7243415290457773,0.0688421201814059,0.08630952380952381,0.24098601913171458,2.733931155613733,0.06806719003552476,0.07947019867549669,1.0,1.0,0.8988095238095238,0.7457579482246238,0.6556771692218991,low_exposure,23,32,0.71875
30683,low_exposure_challenger,0.9,18,8,0.25,14,0,0.9861111111111112,False,0.27744708994709,2.740049394328925,0.06919642857142858,0.09821428571428571,0.22751322751322745,2.769116588244127,0.06599102225924383,0.08163265306122448,1.0,1.0,0.875,0.7565504185219241,0.6789592885108587,low_exposure,17,32,0.53125
30684,low_exposure_challenger,0.9,18,8,0.25,14,0,1.0,False,0.24636243386243373,2.736391247161278,0.06804492630385488,0.08333333333333333,0.2240497076023391,2.7479869003551167,0.06700138504155125,0.07894736842105263,1.0,1.0,0.9047619047619048,0.7091991004858049,0.6360201317544353,low_exposure,21,32,0.65625
30685,low_exposure_challenger,0.9,18,8,0.25,14,0,1.0,False,0.2612433862433863,2.744312920175118,0.06822208049886622,0.09226190476190477,0.22902494331065748,2.764414113106623,0.06619926882317552,0.08163265306122448,1.0,1.0,0.875,0.7694047447688629,0.6730349285029399,low_exposure,18,32,0.5625
30686,low_exposure_challenger,0.9,18,8,0.25,14,0,0.9930555555555556,False,0.2681878306878307,2.742289706198047,0.06864725056689343,0.08928571428571429,0.23699962588851475,2.7630119166885034,0.06660318108129555,0.08080808080808081,1.0,1.0,0.8839285714285714,0.7297079759855002,0.6757600118605825,low_exposure,19,32,0.59375
30687,low_exposure_challenger,0.9,18,8,0.25,14,0,1.0,False,0.2936507936507937,2.7062682667661915,0.07114512471655329,0.09821428571428571,0.25196408529741854,2.7302480527642086,0.0684397283723883,0.08080808080808081,1.0,1.0,0.8839285714285714,0.687353634011361,0.6458757305371525,low_exposure,24,32,0.75
30688,low_exposure_challenger,0.9,18,8,0.25,14,1,1.0,False,0.2506613756613756,2.7445935673146167,0.0676906179138322,0.09523809523809523,0.2287581699346406,2.757677041866821,0.06627792729292152,0.0784313725490196,1.0,1.0,0.9107142857142857,0.722569961175335,0.6671804492219663,low_exposure,18,32,0.5625
30689,low_exposure_challenger,0.9,18,8,0.25,14,1,1.0,False,0.2602513227513228,2.703572075744631,0.06919642857142858,0.08630952380952381,0.24678760393046106,2.7122360722405663,0.06837428849090657,0.08163265306122448,0.8888888888888888,0.8888888888888888,0.875,0.7780489016084511,0.6998514414672964,low_exposure,24,32,0.75
30690,low_exposure_challenger,0.98,18,8,0.25,14,1,0.9861111111111112,False,0.27447089947089953,2.7491778162569354,0.06870039682539683,0.09523809523809523,0.23501336387934324,2.7763111635537356,0.06588254744275575,0.08247422680412371,1.0,1.0,0.8660714285714286,0.7469698694561457,0.6162554758505432,low_exposure,18,32,0.5625
30691,low_exposure_challenger,0.98,18,8,0.25,14,2,0.9930555555555556,False,0.3029100529100528,2.699776907073716,0.07196003401360546,0.10119047619047619,0.2587519025875189,2.7265360130937575,0.06900919497091385,0.0821917808219178,1.0,1.0,0.8690476190476191,0.7033114813765319,0.600118733299749,low_exposure,23,32,0.71875
30692,low_exposure_challenger,0.98,18,8,0.25,14,0,1.0,False,0.21263227513227512,2.771023962736593,0.06567106009070293,0.08333333333333333,0.18512486427795882,2.782452249383369,0.06464790077348301,0.0749185667752443,1.0,1.0,0.9136904761904762,0.697600344252824,0.6376335664543495,low_exposure,18,32,0.5625
30693,low_exposure_challenger,0.98,18,8,0.25,14,0,1.0,False,0.26256613756613745,2.7320670396248405,0.06887755102040816,0.09523809523809523,0.23370370370370375,2.7484673684843997,0.06722222222222222,0.08,1.0,1.0,0.8928571428571429,0.724588873261173,0.6301036463761411,low_exposure,22,32,0.6875
30694,low_exposure_challenger,0.98,18,8,0.25,14,0,1.0,False,0.27116402116402116,2.7062967692629862,0.0702593537414966,0.10416666666666667,0.24161073825503343,2.72366014508675,0.06828521237782083,0.07718120805369127,0.9444444444444444,0.9444444444444444,0.8869047619047619,0.7179076633061977,0.620848001331248,low_exposure,23,32,0.71875
30695,low_exposure_challenger,0.98,18,8,0.25,14,0,1.0,False,0.2509920634920635,2.725192333237336,0.06855867346938775,0.08630952380952381,0.22884473877851352,2.737113070518549,0.06745318187798781,0.076158940397351,1.0,1.0,0.8988095238095238,0.7168330865684028,0.6146633674763676,low_exposure,21,32,0.65625
30696,low_exposure_challenger,0.98,18,8,0.25,14,0,1.0,False,0.2827380952380951,2.699523552592445,0.07082624716553289,0.11011904761904762,0.23948948948948945,2.7216188482161296,0.06806975894813733,0.08108108108108109,0.9444444444444444,0.9444444444444444,0.8809523809523809,0.7078563100856767,0.6404716385062957,low_exposure,24,32,0.75
30697,low_exposure_challenger,0.98,18,8,0.25,14,1,1.0,False,0.2655423280423279,2.7254740470648264,0.06921414399092972,0.09226190476190477,0.2314500941619586,2.744278712669987,0.0673484630853203,0.08135593220338982,1.0,1.0,0.8779761904761905,0.7578302778752054,0.6779106692147079,low_exposure,22,32,0.6875
30698,low_exposure_challenger,0.98,18,8,0.25,14,0,0.9861111111111112,False,0.28009259259259256,2.7200243037709098,0.07008219954648526,0.09523809523809523,0.24774774774774766,2.740859371911361,0.06800127830533235,0.08108108108108109,1.0,1.0,0.8809523809523809,0.7216095071781484,0.606875242566897,low_exposure,21,32,0.65625
30699,low_exposure_challenger,0.98,18,8,0.25,14,0,1.0,False,0.2585978835978835,2.697548813917948,0.07008219954648526,0.08333333333333333,0.24634502923976598,2.705205250711314,0.06944684903047091,0.07894736842105263,1.0,1.0,0.9047619047619048,0.7092991780001503,0.6416888272152932,low_exposure,27,32,0.84375
30700,low_exposure_challenger,0.98,18,8,0.25,14,0,1.0,False,0.24007936507936511,2.741836307954105,0.06756660997732426,0.08333333333333333,0.21999999999999997,2.7541240583875113,0.0665111111111111,0.07666666666666666,1.0,1.0,0.8928571428571429,0.7529485899085842,0.6749559329858924,low_exposure,20,32,0.625
30701,low_exposure_challenger,0.98,18,8,0.25,14,0,0.9930555555555556,False,0.30787037037037024,2.7072674886405923,0.07263321995464853,0.11011904761904762,0.2499018453082058,2.7485742142251497,0.06756233690019854,0.08480565371024736,1.0,1.0,0.8422619047619048,0.7186199757120616,0.6597519277882052,low_exposure,21,32,0.65625
30702,low_exposure_challenger,0.98,18,8,0.25,14,0,1.0,False,0.2681878306878307,2.7144205530885444,0.06974560657596372,0.09821428571428571,0.24211711711711703,2.7306897507409147,0.06804693206720235,0.08108108108108109,1.0,1.0,0.8809523809523809,0.7228509830046486,0.6367216952169529,low_exposure,22,32,0.6875
30703,low_exposure_challenger,0.98,18,8,0.25,14,0,0.9930555555555556,False,0.34391534391534395,2.6548897665713937,0.07598143424036281,0.10416666666666667,0.29221821099077405,2.6929590445621736,0.07174601519634036,0.08664259927797834,1.0,1.0,0.8244047619047619,0.7299587107240012,0.6550850694102067,low_exposure,25,32,0.78125
30704,low_exposure_challenger,0.98,18,8,0.25,14,0,0.9930555555555556,False,0.3386243386243386,2.656950284288981,0.0754499716553288,0.11011904761904762,0.2805164319248825,2.695095731663044,0.07067050188454671,0.08450704225352113,0.9444444444444444,0.9444444444444444,0.8452380952380952,0.7512227602849723,0.6861174017029099,low_exposure,25,32,0.78125
30705,low_exposure_challenger,0.98,18,8,0.25,14,0,1.0,False,0.2857142857142856,2.714938548060687,0.07040107709750566,0.09523809523809523,0.24943310657596363,2.737209505186206,0.06807348789856078,0.08163265306122448,1.0,1.0,0.875,0.7275540476212732,0.6666600595185831,low_exposure,22,32,0.6875
30706,low_exposure_challenger,0.98,18,8,0.25,14,0,1.0,False,0.2959656084656084,2.682446583616987,0.07180059523809525,0.09226190476190477,0.2566137566137565,2.702666692050109,0.06950807533897913,0.08163265306122448,0.9444444444444444,0.9444444444444444,0.875,0.7017651188761634,0.6239739856183505,low_exposure,25,32,0.78125
30707,low_exposure_challenger,0.98,18,8,0.25,14,1,1.0,False,0.28207671957671954,2.7086409634213315,0.07096797052154195,0.11011904761904762,0.23798798798798804,2.7335048214796505,0.06797845142439736,0.0777027027027027,1.0,1.0,0.8809523809523809,0.7303270921555916,0.6287553823829733,low_exposure,22,32,0.6875
30708,low_exposure_challenger,0.98,18,8,0.25,14,0,1.0,False,0.2946428571428572,2.7048117362609756,0.07137542517006804,0.09821428571428571,0.2593843843843844,2.7276873131613275,0.0689600073046019,0.08108108108108109,1.0,1.0,0.8809523809523809,0.7141622899099579,0.6312930997142604,low_exposure,22,32,0.6875
30709,low_exposure_challenger,0.98,18,8,0.25,14,0,0.9930555555555556,False,0.2923280423280423,2.709135662939558,0.07116284013605442,0.10416666666666667,0.24374021909233168,2.7381349307750256,0.06804205514778813,0.07746478873239436,1.0,1.0,0.8452380952380952,0.7882163116389828,0.6840292311207183,low_exposure,21,32,0.65625
30710,low_exposure_challenger,0.98,18,8,0.25,14,1,1.0,False,0.2658730158730158,2.706224603460457,0.06976332199546487,0.08630952380952381,0.24733637747336368,2.7194091761942625,0.06858697691874648,0.0821917808219178,0.9444444444444444,0.9444444444444444,0.8690476190476191,0.7601863740941325,0.6777668451617864,low_exposure,24,32,0.75
30711,low_exposure_challenger,0.98,18,8,0.25,14,0,1.0,False,0.27248677248677255,2.727608431176025,0.06928500566893424,0.10119047619047619,0.23460960960960953,2.748662847276113,0.06690558802045289,0.08108108108108109,1.0,1.0,0.8809523809523809,0.7588302673428969,0.6599733827514195,low_exposure,22,32,0.6875
30712,low_exposure_challenger,0.98,18,8,0.25,14,0,1.0,False,0.26421957671957674,2.724267635179315,0.06893069727891156,0.08928571428571429,0.2338501291989663,2.739793385152124,0.06731713777993621,0.07973421926910298,1.0,1.0,0.8958333333333334,0.7208603429139879,0.6702102186531843,low_exposure,21,32,0.65625
30713,low_exposure_challenger,0.98,18,8,0.25,14,0,1.0,False,0.25396825396825395,2.711585568092839,0.0691078514739229,0.08928571428571429,0.24214559386973167,2.721839875694323,0.06829964328180738,0.08275862068965517,0.9444444444444444,0.9444444444444444,0.8630952380952381,0.7858132020405967,0.6633949635426485,low_exposure,23,32,0.71875
30714,low_exposure_challenger,0.98,18,8,0.25,14,0,1.0,False,0.2867063492063491,2.709517958595848,0.07070223922902494,0.10119047619047619,0.24286786786786774,2.7332585664783293,0.06804693206720233,0.08108108108108109,1.0,1.0,0.8809523809523809,0.7180259160361616,0.60902925028996,low_exposure,22,32,0.6875
30715,low_exposure_challenger,0.98,18,8,0.25,14,2,1.0,False,0.2962962962962963,2.6969857643878816,0.07148171768707483,0.10119047619047619,0.2500922849760059,2.7197870619177147,0.06877407534133177,0.07973421926910298,1.0,1.0,0.8958333333333334,0.677018661695527,0.6445671369852862,low_exposure,24,32,0.75
30716,low_exposure_challenger,0.98,18,8,0.25,14,0,0.9930555555555556,False,0.24933862433862441,2.7121475936315074,0.06928500566893425,0.08035714285714286,0.2397756062251175,2.719621305508522,0.06872221455930567,0.0781758957654723,1.0,1.0,0.9136904761904762,0.6741968819407398,0.5992359156976771,low_exposure,24,32,0.75
30717,low_exposure_challenger,0.98,18,8,0.25,14,0,1.0,False,0.27248677248677255,2.705721918391053,0.06983418367346939,0.08630952380952381,0.2457627118644068,2.721318675796554,0.0682677391554151,0.08135593220338982,0.9444444444444444,0.9444444444444444,0.8779761904761905,0.7223313157926206,0.6317615913606603,low_exposure,25,32,0.78125
30718,low_exposure_challenger,0.98,18,8,0.25,14,1,1.0,False,0.27744708994709,2.713800115066924,0.07009991496598639,0.09523809523809523,0.23961840628507303,2.7335109613841597,0.06798625990545183,0.08080808080808081,1.0,1.0,0.8839285714285714,0.7500909564321728,0.6869662507948213,low_exposure,23,32,0.71875
30719,low_exposure_challenger,0.98,18,8,0.25,14,0,1.0,False,0.29794973544973535,2.678504222704782,0.07201318027210885,0.09523809523809523,0.25794986906098005,2.6983906135758287,0.06961874638642315,0.08080808080808081,0.9444444444444444,0.9444444444444444,0.8839285714285714,0.6775622799056457,0.6109116518043735,low_exposure,25,32,0.78125
30720,extended_audit,0.0,18,8,0.25,14,1,1.0,False,0.16699735449735442,2.838076112840271,0.06092332766439909,0.09226190476190477,0.14181903422409747,2.8548671474772074,0.059160747031280596,0.0759493670886076,1.0,1.0,0.7053571428571429,0.9683951737797113,0.8990611542100616,low_discovery,4,32,0.125
30721,extended_audit,0.0,18,8,0.25,14,1,0.9930555555555556,False,0.12797619047619047,2.8646336915770396,0.05840773809523809,0.07738095238095238,0.09797141539880116,2.875319001232592,0.057247636920851906,0.07053941908713693,1.0,1.0,0.7172619047619048,0.9687110296476757,0.9082503422630567,low_discovery,0,32,0.0
30722,extended_audit,0.0,18,8,0.25,14,0,1.0,False,0.11044973544973535,2.86636525541503,0.057982568027210885,0.06845238095238096,0.10976702508960567,2.871826362607651,0.057622268470343393,0.07661290322580645,1.0,1.0,0.7380952380952381,0.9555909510202526,0.8889870169689363,low_discovery,1,32,0.03125
30723,extended_audit,0.0,18,8,0.25,14,0,1.0,False,0.15443121693121697,2.852964673920035,0.05980725623582766,0.08928571428571429,0.10770975056689336,2.872452831968841,0.057559350270720525,0.07755102040816327,1.0,1.0,0.7291666666666666,0.9601198073846108,0.9067825434811105,low_discovery,0,32,0.0
30724,extended_audit,0.0,18,8,0.25,14,3,1.0,False,0.09457671957671954,2.8762971130317467,0.057114512471655325,0.07142857142857142,0.09466666666666668,2.8762164183078727,0.057151999999999994,0.076,1.0,1.0,0.7440476190476191,0.9574758125950565,0.8991908568920852,low_discovery,0,32,0.0
30725,extended_audit,0.0,18,8,0.25,14,1,1.0,False,0.12731481481481488,2.8636926477176385,0.058460884353741506,0.08035714285714286,0.10317460317460325,2.8731350134474707,0.05742607246980425,0.07346938775510205,1.0,1.0,0.7291666666666666,0.9580771516325419,0.904189118620942,low_discovery,1,32,0.03125
30726,extended_audit,0.0,18,8,0.25,14,0,1.0,False,0.09656084656084651,2.874810370926755,0.057273951247165535,0.07738095238095238,0.09951690821256043,2.8741082739874946,0.05742911153119092,0.08260869565217391,1.0,1.0,0.6845238095238095,0.9759782614624846,0.9241131961513159,low_discovery,0,32,0.0
30727,extended_audit,0.0,18,8,0.25,14,0,1.0,False,0.11706349206349209,2.8680385690353853,0.058053429705215424,0.08333333333333333,0.10270774976657338,2.8732935409658813,0.057517124496857565,0.07983193277310924,1.0,1.0,0.7083333333333334,0.9655175798449877,0.9158129928380085,low_discovery,0,32,0.0
30728,extended_audit,0.0,18,8,0.25,14,0,0.9930555555555556,False,0.11739417989417977,2.8680833389041673,0.058017998866213144,0.07738095238095238,0.0818965517241379,2.8800276165621064,0.05670332936979787,0.06896551724137931,1.0,1.0,0.6904761904761905,0.9717969845198932,0.9169145213170898,low_discovery,0,32,0.0
30729,extended_audit,0.0,18,8,0.25,14,0,1.0,False,0.1157407407407407,2.869154085212853,0.05785856009070294,0.0744047619047619,0.07892226990939433,2.8806045895833536,0.0566413085523771,0.06866952789699571,1.0,1.0,0.6934523809523809,0.9722666704763633,0.9213970800576478,low_discovery,0,32,0.0
30730,extended_audit,0.0,18,8,0.25,14,2,1.0,False,0.09160052910052907,2.872735909978489,0.05734481292517007,0.0744047619047619,0.0791962174940899,2.8800221725689004,0.05669533725667722,0.07234042553191489,1.0,1.0,0.6994047619047619,0.9695074332628512,0.9168825230316858,low_discovery,0,32,0.0
30731,extended_audit,0.0,18,8,0.25,14,2,1.0,False,0.12433862433862441,2.8653874676167117,0.05821286848072562,0.0744047619047619,0.09059474412171498,2.877008861816842,0.05707546357672904,0.07883817427385892,1.0,1.0,0.7172619047619048,0.9633030212852295,0.8964500003437846,low_discovery,1,32,0.03125
30732,extended_audit,0.0,18,8,0.25,14,3,1.0,False,0.09986772486772488,2.8746380640773834,0.05732709750566893,0.07738095238095238,0.06613756613756605,2.8831123920817117,0.05637440161249685,0.07142857142857142,1.0,1.0,0.75,0.9453867349707391,0.8774887272697381,low_discovery,0,32,0.0
30733,extended_audit,0.0,18,8,0.25,14,2,1.0,False,0.10350529100529093,2.873706954164936,0.05745110544217687,0.07738095238095238,0.07624831309041835,2.880630020253433,0.05663098887049452,0.0728744939271255,1.0,1.0,0.7351190476190477,0.962571854825497,0.8963313166067449,low_discovery,0,32,0.0
30734,extended_audit,0.0,18,8,0.25,14,1,0.9930555555555556,False,0.15244708994709,2.8540022588102403,0.059488378684807254,0.07738095238095238,0.10857538035961278,2.8716765758994227,0.057660852946746784,0.07883817427385892,1.0,1.0,0.7172619047619048,0.966252209282461,0.9058374711891658,low_discovery,1,32,0.03125
30735,extended_audit,0.0,18,8,0.25,14,0,1.0,False,0.13458994708994698,2.861293428933482,0.05883290816326531,0.08630952380952381,0.08698539176626818,2.8783340677281113,0.05690385866891002,0.07569721115537849,1.0,1.0,0.7470238095238095,0.9525623466456787,0.8952900308924306,low_discovery,0,32,0.0
30736,extended_audit,0.0,18,8,0.25,14,1,1.0,False,0.12566137566137559,2.8650091358413183,0.05839002267573696,0.08333333333333333,0.11294765840220378,2.8695750123695016,0.05778293832388497,0.0743801652892562,1.0,1.0,0.7202380952380952,0.9638012127600577,0.9031081450950823,low_discovery,0,32,0.0
30737,extended_audit,0.0,18,8,0.25,14,1,1.0,False,0.11970899470899465,2.8658872413144314,0.05831916099773242,0.08928571428571429,0.083673469387755,2.8789050117120327,0.056859641815910036,0.07755102040816327,1.0,1.0,0.7291666666666666,0.9626219709083501,0.8990717570967911,low_discovery,2,32,0.0625
30738,extended_audit,0.0,18,8,0.25,14,1,0.9930555555555556,False,0.15641534391534395,2.84907243762091,0.06048044217687075,0.10416666666666667,0.0854341736694677,2.878531875980482,0.056846267918932276,0.07142857142857142,1.0,1.0,0.7083333333333334,0.9660779320234382,0.9103693759640441,low_discovery,0,32,0.0
30739,extended_audit,0.0,18,8,0.25,14,0,1.0,False,0.1253306878306879,2.863736593365893,0.05837230725623583,0.08035714285714286,0.10451255853554708,2.871688797571298,0.057529983411870045,0.07279693486590039,1.0,1.0,0.7767857142857143,0.9404266075586035,0.8759555761228882,low_discovery,1,32,0.03125
30740,extended_audit,0.0,18,8,0.25,13,3,1.0,False,0.10398860398860399,2.871247359926366,0.057815581854043396,0.08974358974358974,0.05510018214936241,2.8854733324819017,0.05610051061542596,0.06557377049180328,1.0,1.0,0.782051282051282,0.9537795976724319,0.9044538793546217,low_discovery,0,32,0.0
30741,extended_audit,0.0,18,8,0.25,14,0,1.0,False,0.10383597883597884,2.8730541376901106,0.05748653628117915,0.0744047619047619,0.08660844250363908,2.8776722434333477,0.05692111134417726,0.06986899563318777,1.0,1.0,0.6815476190476191,0.976931680687307,0.9242312035868968,low_discovery,0,32,0.0
30742,extended_audit,0.0,18,8,0.25,14,3,0.9930555555555556,False,0.09755291005291,2.8756789289103537,0.05716765873015872,0.07142857142857142,0.06424325560128019,2.8832001232384568,0.056376907314264424,0.06995884773662552,1.0,1.0,0.7232142857142857,0.9651204997541445,0.9091701301261707,low_discovery,0,32,0.0
30743,extended_audit,0.0,18,8,0.25,14,2,1.0,False,0.13723544973544977,2.860493622005168,0.05893920068027211,0.08035714285714286,0.10394265232974909,2.872806076984963,0.057589750260145685,0.08064516129032258,1.0,1.0,0.7380952380952381,0.9582575766672315,0.894822378616008,low_discovery,1,32,0.03125
30744,extended_audit,0.0,18,8,0.25,14,1,1.0,False,0.11805555555555558,2.867456593699439,0.05801799886621315,0.07142857142857142,0.10991893180734369,2.8715843188174714,0.05763598519037006,0.07725321888412018,1.0,1.0,0.6934523809523809,0.9736203103508152,0.9198350385895194,low_discovery,0,32,0.0
30745,extended_audit,0.0,18,8,0.25,14,0,1.0,False,0.11044973544973535,2.870470261069233,0.05769912131519274,0.07142857142857142,0.08820662768031196,2.878118078676243,0.05694059710680209,0.07017543859649122,1.0,1.0,0.6785714285714286,0.9746495425820348,0.9262005894800026,low_discovery,0,32,0.0
30746,extended_audit,0.0,18,8,0.25,14,0,1.0,False,0.1342592592592593,2.861236960710108,0.058939200680272114,0.08630952380952381,0.07116620752984382,2.8814987873089892,0.056553514104227855,0.07024793388429752,1.0,1.0,0.7202380952380952,0.9661189346341633,0.9097212284488254,low_discovery,0,32,0.0
30747,extended_audit,0.0,18,8,0.25,14,0,0.9930555555555556,False,0.10383597883597884,2.8735353502916854,0.05739795918367347,0.07142857142857142,0.09044995408631773,2.8769745877821267,0.05706577419575165,0.07851239669421488,1.0,1.0,0.7202380952380952,0.9619785315410198,0.9049677626569167,low_discovery,0,32,0.0
30748,extended_audit,0.0,18,8,0.25,14,0,0.9930555555555556,False,0.11706349206349209,2.8670531163149002,0.058336876417233556,0.09226190476190477,0.08310376492194682,2.8789295444818443,0.05686087015914214,0.07851239669421488,1.0,1.0,0.7202380952380952,0.964024691086101,0.9123138840611116,low_discovery,0,32,0.0
30749,extended_audit,0.0,18,8,0.25,14,1,1.0,False,0.12235449735449744,2.8656389727936946,0.058177437641723354,0.0744047619047619,0.04963570127504546,2.885617718659333,0.056066917495296964,0.06557377049180328,1.0,1.0,0.7261904761904762,0.9625904614032114,0.9009584302928132,low_discovery,0,32,0.0
30750,extended_audit,0.25,18,8,0.25,14,0,1.0,False,0.1435185185185186,2.8546234639443306,0.059222647392290245,0.07738095238095238,0.12277580071174365,2.863535739010878,0.058370588011803295,0.07829181494661921,1.0,1.0,0.8363095238095238,0.8978093596282116,0.8191354519932231,low_discovery,1,32,0.03125
30751,extended_audit,0.25,18,8,0.25,14,1,1.0,False,0.1587301587301586,2.8499470948673835,0.06030328798185941,0.09226190476190477,0.12016460905349802,2.8666917791729567,0.05832647462277092,0.08148148148148149,1.0,1.0,0.8035714285714286,0.9192814853210748,0.859292960747195,low_discovery,0,32,0.0
30752,extended_audit,0.25,18,8,0.25,14,0,0.9930555555555556,False,0.12896825396825395,2.863189158075245,0.05844316893424036,0.07738095238095238,0.12637828668363027,2.8650030978581658,0.058475613309247707,0.08778625954198473,1.0,1.0,0.7797619047619048,0.942397436868684,0.8651917683451682,low_discovery,1,32,0.03125
30753,extended_audit,0.25,18,8,0.25,14,0,0.9930555555555556,False,0.17757936507936511,2.838214768194397,0.06133078231292517,0.10119047619047619,0.11239316239316244,2.8694949519902386,0.057781065088757404,0.07307692307692308,1.0,1.0,0.7738095238095238,0.9288436273347701,0.85516563250739,low_discovery,3,32,0.09375
30754,extended_audit,0.25,18,8,0.25,14,0,1.0,False,0.12764550264550256,2.860326782590031,0.058620323129251695,0.0744047619047619,0.1398182569186286,2.858942340017801,0.058940589544091426,0.08178438661710037,1.0,1.0,0.8005952380952381,0.9356151399988124,0.8679052443876146,low_discovery,1,32,0.03125
30755,extended_audit,0.25,18,8,0.25,14,0,1.0,False,0.16203703703703698,2.8484507686329907,0.060072987528344675,0.08630952380952381,0.14109014675052411,2.8591709186675027,0.05913848344606622,0.08679245283018867,1.0,1.0,0.7886904761904762,0.9321930490810905,0.8688303675143629,low_discovery,1,32,0.03125
30756,extended_audit,0.25,18,8,0.25,14,0,1.0,False,0.10747354497354489,2.8723430977517346,0.05755739795918367,0.07738095238095238,0.07948094079480938,2.87879883890204,0.05676914060418776,0.06934306569343066,1.0,1.0,0.8154761904761905,0.9255425084004137,0.8534132875477605,low_discovery,0,32,0.0
30757,extended_audit,0.25,18,8,0.25,14,1,1.0,False,0.16666666666666674,2.8453048087985406,0.060781604308390025,0.09226190476190477,0.14627548897211806,2.8575175665677466,0.05920969574548668,0.08239700374531835,1.0,1.0,0.7946428571428571,0.9232904528693003,0.8557274151411725,low_discovery,2,32,0.0625
30758,extended_audit,0.25,18,8,0.25,14,1,0.9930555555555556,False,0.12202380952380953,2.86729176678363,0.05810657596371883,0.07738095238095238,0.07090909090909081,2.8819763231134123,0.05647603305785124,0.06909090909090909,1.0,1.0,0.8184523809523809,0.9121691989121895,0.8385793762535233,low_discovery,2,32,0.0625
30759,extended_audit,0.25,18,8,0.25,14,1,1.0,False,0.10515873015873023,2.8712831451187415,0.05768140589569161,0.08035714285714286,0.10016835016835013,2.8745990345559838,0.057334710743801656,0.07575757575757576,1.0,1.0,0.7857142857142857,0.9408164180004461,0.8730774083557367,low_discovery,0,32,0.0
30760,extended_audit,0.25,18,8,0.25,14,0,1.0,False,0.13888888888888884,2.8599157223719036,0.059027777777777776,0.08630952380952381,0.08905228758169925,2.8774827212981404,0.05703935986159169,0.07720588235294118,1.0,1.0,0.8095238095238095,0.9270010606582192,0.8602301252292968,low_discovery,0,32,0.0
30761,extended_audit,0.25,18,8,0.25,14,1,0.9930555555555556,False,0.09821428571428559,2.8704308253688957,0.057521967120181414,0.06845238095238096,0.09096459096459086,2.874861921452851,0.05714554066202418,0.06593406593406594,1.0,1.0,0.8125,0.9133086381276154,0.8370178137674401,low_discovery,2,32,0.0625
30762,extended_audit,0.25,18,8,0.25,14,1,1.0,False,0.14087301587301582,2.8574253760714523,0.05904549319727891,0.08035714285714286,0.10746460746460751,2.871543340925217,0.05761691089876419,0.07722007722007722,1.0,1.0,0.7708333333333334,0.9290102899173586,0.8514442638033285,low_discovery,3,32,0.09375
30763,extended_audit,0.25,18,8,0.25,14,0,1.0,False,0.12003968253968256,2.8679037488677666,0.058000283446712014,0.0744047619047619,0.11688570290720834,2.869118859783017,0.05792577176552203,0.07526881720430108,1.0,1.0,0.8303571428571429,0.9125983528232321,0.8529394454157785,low_discovery,0,32,0.0
30764,extended_audit,0.25,18,8,0.25,14,2,1.0,False,0.16170634920634908,2.8431802177415553,0.06032100340136055,0.08630952380952381,0.13266998341625214,2.8591005883510308,0.0588104254845177,0.07835820895522388,1.0,1.0,0.7976190476190477,0.9094826302433819,0.8373465824687356,low_discovery,4,32,0.125
30765,extended_audit,0.25,18,8,0.25,14,0,1.0,False,0.14847883597883604,2.8531915571790925,0.05961238662131519,0.08928571428571429,0.10784313725490202,2.869078122284663,0.05785034602076126,0.08088235294117647,1.0,1.0,0.8095238095238095,0.9098795992972303,0.8221337731602287,low_discovery,1,32,0.03125
30766,extended_audit,0.25,18,8,0.25,14,0,1.0,False,0.11970899470899465,2.8654982749760824,0.058443168934240355,0.08928571428571429,0.08633093525179847,2.8787489567135913,0.056855235236271416,0.07194244604316546,1.0,1.0,0.8273809523809523,0.9176506035717614,0.8447024746155555,low_discovery,0,32,0.0
30767,extended_audit,0.25,18,8,0.25,14,2,1.0,False,0.13822751322751325,2.854566122042733,0.059098639455782316,0.0744047619047619,0.11476074614760745,2.866124968571641,0.05802120517875221,0.072992700729927,1.0,1.0,0.8154761904761905,0.9105214767723595,0.8300766402863905,low_discovery,3,32,0.09375
30768,extended_audit,0.25,18,8,0.25,14,1,0.9930555555555556,False,0.1342592592592593,2.8598734206014305,0.058762046485260774,0.08035714285714286,0.1318163181631815,2.8631138709299293,0.05850955188518675,0.07749077490774908,1.0,1.0,0.8065476190476191,0.9283631854867198,0.855576951647205,low_discovery,0,32,0.0
30769,extended_audit,0.25,18,8,0.25,14,0,1.0,False,0.1154100529100528,2.865156512359297,0.058159722222222224,0.0744047619047619,0.08269720101781175,2.8772976782552226,0.056902278422003384,0.06870229007633588,1.0,1.0,0.7797619047619048,0.9297755116971174,0.8650531919627936,low_discovery,2,32,0.0625
30770,extended_audit,0.25,18,8,0.25,14,1,0.9930555555555556,False,0.1603835978835979,2.849473237027361,0.06039186507936508,0.09523809523809523,0.11652627356598466,2.868583663387331,0.05803542337317051,0.08303249097472924,1.0,1.0,0.8244047619047619,0.9061396487399297,0.8345273492929103,low_discovery,0,32,0.0
30771,extended_audit,0.25,18,8,0.25,14,0,1.0,False,0.14947089947089953,2.853919461099157,0.05954152494331064,0.08333333333333333,0.1058394160583942,2.873014502949382,0.05746177207096809,0.072992700729927,1.0,1.0,0.8154761904761905,0.9146456278137469,0.841677015660076,low_discovery,1,32,0.03125
30772,extended_audit,0.25,18,8,0.25,14,0,1.0,False,0.13723544973544977,2.8595312294414685,0.058850623582766444,0.08035714285714286,0.08977608787494717,2.8769238113291884,0.05700530584510402,0.07224334600760456,1.0,1.0,0.7827380952380952,0.9347327548269065,0.8717670326078032,low_discovery,0,32,0.0
30773,extended_audit,0.25,18,8,0.25,14,1,1.0,False,0.1498015873015872,2.851707929365859,0.05955924036281178,0.07142857142857142,0.12505201831044532,2.8653238119096165,0.05828388671464041,0.07865168539325842,1.0,1.0,0.7946428571428571,0.920948315570572,0.8428378492964511,low_discovery,1,32,0.03125
30774,extended_audit,0.25,18,8,0.25,14,2,1.0,False,0.09457671957671954,2.8732357315236543,0.057362528344671204,0.0744047619047619,0.09149111937216015,2.8771611093460034,0.05700584569035806,0.07063197026022305,1.0,1.0,0.8005952380952381,0.9322499130346892,0.8475397035561839,low_discovery,3,32,0.09375
30775,extended_audit,0.25,18,8,0.25,14,1,1.0,False,0.16633597883597884,2.8441646098855538,0.06099418934240363,0.09821428571428571,0.10836501901140672,2.871969590802753,0.05758359958941144,0.07604562737642585,1.0,1.0,0.7827380952380952,0.9310077096130693,0.8817845730738991,low_discovery,1,32,0.03125
30776,extended_audit,0.25,18,8,0.25,14,1,1.0,False,0.14583333333333326,2.852678108661217,0.059435232426303844,0.08333333333333333,0.12303030303030305,2.863274095906804,0.0584595041322314,0.08363636363636363,1.0,1.0,0.8184523809523809,0.9128801855021557,0.8423573085555223,low_discovery,2,32,0.0625
30777,extended_audit,0.25,18,8,0.25,14,1,1.0,False,0.13128306878306883,2.8634069592667135,0.05849631519274377,0.08035714285714286,0.09920634920634908,2.874152587169048,0.057372448979591845,0.075,1.0,1.0,0.8333333333333334,0.9059685045123347,0.8425316678921697,low_discovery,1,32,0.03125
30778,extended_audit,0.25,18,8,0.25,14,1,1.0,False,0.15839947089947093,2.8490207948962567,0.059931264172335595,0.08333333333333333,0.12465645857871999,2.8645991997513955,0.058322616089600314,0.0812720848056537,1.0,1.0,0.8422619047619048,0.8921506240730958,0.8218528207751055,low_discovery,2,32,0.0625
30779,extended_audit,0.25,18,8,0.25,14,0,1.0,False,0.13855820105820094,2.8580987111415084,0.05892148526077098,0.0744047619047619,0.11069958847736627,2.8695272200440085,0.057777777777777775,0.07777777777777778,1.0,1.0,0.8035714285714286,0.9225978236695632,0.8594501647157945,low_discovery,1,32,0.03125
30780,extended_audit,0.5,18,8,0.25,14,0,1.0,False,0.1792328042328042,2.8357986963959934,0.06117134353741497,0.08035714285714286,0.145413870246085,2.852563087790373,0.05943425971803072,0.0738255033557047,1.0,1.0,0.8869047619047619,0.8569019846826272,0.8127355522633418,low_discovery,2,32,0.0625
30781,extended_audit,0.5,18,8,0.25,14,0,0.9791666666666666,False,0.21164021164021163,2.8204988954006724,0.06324404761904763,0.08928571428571429,0.13998407009159686,2.8587892902877368,0.05895350779152374,0.07885304659498207,1.0,1.0,0.8303571428571429,0.8769534547811415,0.7693769470054606,low_discovery,5,32,0.15625
30782,extended_audit,0.5,18,8,0.25,14,0,0.9930555555555556,False,0.19874338624338628,2.823227611377349,0.06257086167800453,0.09821428571428571,0.15763643502159397,2.8471869288250073,0.0599957547228708,0.08480565371024736,1.0,1.0,0.8422619047619048,0.8676203955598414,0.786639264970651,low_discovery,6,32,0.1875
30783,extended_audit,0.5,18,8,0.25,14,0,1.0,False,0.17361111111111116,2.833866415277413,0.06099418934240363,0.08333333333333333,0.14890400604686316,2.8445639942094734,0.0598593178768106,0.0782312925170068,1.0,1.0,0.875,0.8426993066049876,0.7796283079221157,low_discovery,5,32,0.15625
30784,extended_audit,0.5,18,8,0.25,14,0,1.0,False,0.1521164021164021,2.8431613824865343,0.06023242630385487,0.08035714285714286,0.1601756395570828,2.845553579829608,0.06016697960581476,0.08247422680412371,1.0,1.0,0.8660714285714286,0.8767915647162612,0.8076185837872142,low_discovery,2,32,0.0625
30785,extended_audit,0.5,18,8,0.25,14,0,1.0,False,0.18915343915343907,2.820129164840475,0.06234056122448979,0.08928571428571429,0.16824271079590236,2.8361104125817267,0.06081183039082541,0.07801418439716312,1.0,1.0,0.8392857142857143,0.8827002308703517,0.7991390269350261,low_discovery,7,32,0.21875
30786,extended_audit,0.5,18,8,0.25,14,1,0.9930555555555556,False,0.1785714285714286,2.838988712619982,0.06106505102040816,0.08630952380952381,0.13410663410663415,2.8580064839425687,0.058862992928927,0.07326007326007326,1.0,1.0,0.8125,0.9115511206022594,0.8255887429004204,low_discovery,3,32,0.09375
30787,extended_audit,0.5,18,8,0.25,14,0,0.9930555555555556,False,0.16567460317460325,2.839964332739529,0.06058673469387755,0.08333333333333333,0.14309764309764317,2.8531835692517986,0.059279665340271404,0.07407407407407407,1.0,1.0,0.8839285714285714,0.8310482574178658,0.7532711279576754,low_discovery,5,32,0.15625
30788,extended_audit,0.5,18,8,0.25,14,0,1.0,False,0.17195767195767186,2.8446530424650454,0.06062216553287982,0.08928571428571429,0.12485875706214689,2.8652274536660896,0.05829359379488653,0.07457627118644068,1.0,1.0,0.8779761904761905,0.840010081973579,0.8032389719744012,low_discovery,1,32,0.03125
30789,extended_audit,0.5,18,8,0.25,14,0,0.9861111111111112,False,0.19510582010582,2.8164109502696797,0.06267715419501134,0.09523809523809523,0.1536398467432949,2.8376164958939825,0.06040428061831153,0.07586206896551724,1.0,1.0,0.8630952380952381,0.850687480350747,0.7728085563870818,low_discovery,10,32,0.3125
30790,extended_audit,0.5,18,8,0.25,14,1,1.0,False,0.15939153439153442,2.840171243858931,0.060427295918367346,0.07738095238095238,0.1346010439970171,2.8515866189561767,0.05932165217782984,0.07718120805369127,1.0,1.0,0.8869047619047619,0.8232390500108226,0.7429071655382531,low_discovery,6,32,0.1875
30791,extended_audit,0.5,18,8,0.25,14,0,1.0,False,0.19047619047619047,2.8320330012614243,0.061702806122448974,0.08333333333333333,0.1456876456876457,2.8535982638225663,0.05934275514695095,0.08041958041958042,1.0,1.0,0.8511904761904762,0.8727136152822838,0.8360502475270665,low_discovery,3,32,0.09375
30792,extended_audit,0.5,18,8,0.25,14,0,1.0,False,0.18584656084656093,2.833113223835822,0.06149022108843538,0.08333333333333333,0.14406779661016955,2.853121969540401,0.059304797471990814,0.07796610169491526,1.0,1.0,0.8779761904761905,0.8522783847062408,0.780839448766907,low_discovery,3,32,0.09375
30793,extended_audit,0.5,18,8,0.25,14,0,1.0,False,0.21626984126984117,2.812679048427784,0.06368693310657596,0.09226190476190477,0.1810916179337232,2.8349051061615906,0.06129886118805787,0.08421052631578947,1.0,1.0,0.8482142857142857,0.8412767321235064,0.7777248924098569,low_discovery,7,32,0.21875
30794,extended_audit,0.5,18,8,0.25,14,1,1.0,False,0.18915343915343907,2.834367764470454,0.06161422902494331,0.08928571428571429,0.14288499025341128,2.8576429220611232,0.059058171745152356,0.07719298245614035,1.0,1.0,0.8482142857142857,0.8660323651640124,0.8188877900759611,low_discovery,3,32,0.09375
30795,extended_audit,0.5,18,8,0.25,14,1,1.0,False,0.19841269841269837,2.825110508293582,0.06241142290249434,0.09226190476190477,0.15423728813559312,2.8489617408071806,0.05978741740879059,0.07796610169491526,1.0,1.0,0.8779761904761905,0.8362917727563209,0.7856588342791047,low_discovery,7,32,0.21875
30796,extended_audit,0.5,18,8,0.25,14,0,1.0,False,0.19179894179894186,2.830494193320659,0.06184452947845805,0.08333333333333333,0.16740988480118912,2.8451371225959754,0.06034608114003199,0.07692307692307693,1.0,1.0,0.8898809523809523,0.8390299200006086,0.7746880482688868,low_discovery,2,32,0.0625
30797,extended_audit,0.5,18,8,0.25,14,1,1.0,False,0.19113756613756605,2.8206601122333383,0.06225198412698413,0.08035714285714286,0.16970041714069017,2.8356866656247504,0.06088597421053244,0.07508532423208192,1.0,1.0,0.8720238095238095,0.8367285447643132,0.7588350227792543,low_discovery,6,32,0.1875
30798,extended_audit,0.5,18,8,0.25,14,0,0.9791666666666666,False,0.15542328042328046,2.8485709706615703,0.05986040249433106,0.07738095238095238,0.12988244216913158,2.8606187901513604,0.058649489219443435,0.07849829351535836,1.0,1.0,0.8720238095238095,0.868772930099064,0.7899997630359219,low_discovery,2,32,0.0625
30799,extended_audit,0.5,18,8,0.25,14,1,1.0,False,0.16567460317460325,2.8420928413750053,0.06074617346938775,0.09821428571428571,0.13256325632563248,2.8584633484291837,0.05876330207278154,0.07260726072607261,1.0,1.0,0.9017857142857143,0.8118676454440755,0.765802351012768,low_discovery,3,32,0.09375
30800,extended_audit,0.5,18,8,0.25,14,0,1.0,False,0.1769179894179893,2.839727740612643,0.06088789682539682,0.08333333333333333,0.15225635191505504,2.8534154123877533,0.059511467809759,0.07849829351535836,1.0,1.0,0.8720238095238095,0.8497423770572157,0.8013105119180431,low_discovery,3,32,0.09375
30801,extended_audit,0.5,18,8,0.25,14,0,1.0,False,0.19874338624338628,2.8184629208717613,0.06274801587301587,0.09523809523809523,0.1670471841704717,2.8375376125780756,0.060775942953649825,0.0821917808219178,1.0,1.0,0.8690476190476191,0.8296608002785192,0.7395331117902356,low_discovery,7,32,0.21875
30802,extended_audit,0.5,18,8,0.25,14,0,1.0,False,0.1977513227513228,2.8291269763134417,0.06226969954648526,0.09523809523809523,0.15737514518002316,2.8505618587472705,0.059791912005730315,0.08362369337979095,1.0,1.0,0.8541666666666666,0.8524300178101605,0.8024566011977395,low_discovery,3,32,0.09375
30803,extended_audit,0.5,18,8,0.25,14,0,1.0,False,0.1590608465608465,2.8456008079351403,0.0601438492063492,0.08630952380952381,0.1371647509578544,2.857180171422035,0.05895362663495838,0.07586206896551724,1.0,1.0,0.8630952380952381,0.8717718335542232,0.7845863723258059,low_discovery,3,32,0.09375
30804,extended_audit,0.5,18,8,0.25,14,0,1.0,False,0.11970899470899465,2.8595882935904866,0.058514030612244895,0.06845238095238096,0.12924780450553652,2.8598871709619047,0.05865542447538409,0.07560137457044673,1.0,1.0,0.8660714285714286,0.881454974762136,0.8208007930858047,low_discovery,2,32,0.0625
30805,extended_audit,0.5,18,8,0.25,14,0,1.0,False,0.20271164021164023,2.8246190662039248,0.06253543083900226,0.08928571428571429,0.15067945643485214,2.8512850272941144,0.05957248589617514,0.07913669064748201,1.0,1.0,0.8273809523809523,0.8898131008800138,0.8302364716946314,low_discovery,1,32,0.03125
30806,extended_audit,0.5,18,8,0.25,14,0,0.9930555555555556,False,0.1878306878306879,2.829715342540676,0.061702806122448974,0.08333333333333333,0.14105594956658773,2.854497732294049,0.05917710376741613,0.07092198581560284,1.0,1.0,0.8392857142857143,0.8540848135736172,0.7631933699377481,low_discovery,6,32,0.1875
30807,extended_audit,0.5,18,8,0.25,14,0,1.0,False,0.17328042328042326,2.8403683987595265,0.06072845804988662,0.08035714285714286,0.14056674123788215,2.8564694493212346,0.05907391558938787,0.0738255033557047,1.0,1.0,0.8869047619047619,0.8360686311116479,0.7913934708029635,low_discovery,1,32,0.03125
30808,extended_audit,0.5,18,8,0.25,14,0,0.9930555555555556,False,0.18187830687830675,2.8330424119030666,0.06147250566893424,0.08928571428571429,0.1760194537972315,2.8392313947054277,0.06086680497454908,0.08080808080808081,1.0,1.0,0.8839285714285714,0.8313776261388157,0.7384513421557357,low_discovery,7,32,0.21875
30809,extended_audit,0.5,18,8,0.25,14,0,0.9930555555555556,False,0.22883597883597884,2.8031169630186428,0.06510416666666666,0.10416666666666667,0.181924882629108,2.834713684414401,0.061272564967268406,0.08450704225352113,1.0,1.0,0.8452380952380952,0.8441781584093447,0.800134946775331,low_discovery,6,32,0.1875
30810,extended_audit,0.75,18,8,0.25,14,1,0.9930555555555556,False,0.2843915343915344,2.735756481592285,0.07001133786848072,0.10714285714285714,0.2339593114241001,2.770102555284901,0.06623189843285063,0.08450704225352113,1.0,1.0,0.8452380952380952,0.7983271459931283,0.7000188458423664,low_discovery,20,32,0.625
30811,extended_audit,0.75,18,8,0.25,14,0,0.9861111111111112,False,0.24801587301587302,2.7686247101929324,0.06692885487528344,0.08928571428571429,0.22448979591836737,2.7874268387770225,0.06518117451062057,0.08163265306122448,1.0,1.0,0.875,0.7892366239413987,0.6801620248556817,low_discovery,13,32,0.40625
30812,extended_audit,0.75,18,8,0.25,14,0,0.9930555555555556,False,0.2589285714285714,2.7625472719170108,0.06740717120181405,0.09226190476190477,0.21849366144668148,2.7869343634642476,0.06479437863159317,0.08053691275167785,1.0,1.0,0.8869047619047619,0.7722589311226215,0.6713860147951487,low_discovery,14,32,0.4375
30813,extended_audit,0.75,18,8,0.25,14,1,0.9930555555555556,False,0.2136243386243386,2.8020804789191343,0.0640235260770975,0.08630952380952381,0.18881743479814217,2.8159286546635305,0.06260274397493822,0.07717041800643087,1.0,1.0,0.9255952380952381,0.7025560862315962,0.6514227008007728,low_discovery,11,32,0.34375
30814,extended_audit,0.75,18,8,0.25,14,1,0.9930555555555556,False,0.22850529100529093,2.7774102835601204,0.06561791383219955,0.09226190476190477,0.199885452462772,2.7970105895943096,0.06373330499167464,0.08247422680412371,1.0,1.0,0.8660714285714286,0.8286818195370299,0.7453450026446985,low_discovery,16,32,0.5
30815,extended_audit,0.75,18,8,0.25,14,1,1.0,False,0.2658730158730158,2.7507583220272713,0.06813350340136054,0.09523809523809523,0.22582480091012513,2.7768734435159037,0.06533564747405328,0.08191126279863481,1.0,1.0,0.8720238095238095,0.8040027885583395,0.7269869472169866,low_discovery,16,32,0.5
30816,extended_audit,0.75,18,8,0.25,14,0,1.0,False,0.22619047619047628,2.7851866496331077,0.0654407596371882,0.09821428571428571,0.18662900188323905,2.808139901129521,0.06293593794886528,0.07796610169491526,1.0,1.0,0.8779761904761905,0.7953931792928558,0.704889092952603,low_discovery,14,32,0.4375
30817,extended_audit,0.75,18,8,0.25,14,0,1.0,False,0.19973544973544977,2.8066043459959187,0.06317318594104308,0.08630952380952381,0.17439293598233996,2.81960760311206,0.06188325073461691,0.07947019867549669,1.0,1.0,0.8988095238095238,0.7867070258163186,0.736284523050875,low_discovery,9,32,0.28125
30818,extended_audit,0.75,18,8,0.25,14,0,1.0,False,0.21891534391534395,2.793661117363763,0.0645372732426304,0.08333333333333333,0.19624573378839583,2.8106567919748375,0.06302927232699274,0.08191126279863481,1.0,1.0,0.8720238095238095,0.8126610224117341,0.7459813786218605,low_discovery,12,32,0.375
30819,extended_audit,0.75,18,8,0.25,14,0,1.0,False,0.22420634920634908,2.788969066589822,0.06503330498866214,0.08928571428571429,0.20181405895691618,2.805904113618901,0.06344578647785645,0.08163265306122448,1.0,1.0,0.875,0.7915450354814704,0.7172209319477573,low_discovery,12,32,0.375
30820,extended_audit,0.75,18,8,0.25,14,0,1.0,False,0.19179894179894186,2.8211975120459436,0.06226969954648526,0.08333333333333333,0.15428051001821497,2.8377697992350517,0.06053211502284332,0.07213114754098361,1.0,1.0,0.9077380952380952,0.7826010013526306,0.7139538479846895,low_discovery,8,32,0.25
30821,extended_audit,0.75,18,8,0.25,14,0,1.0,False,0.27182539682539675,2.7562118761424137,0.06838151927437643,0.10416666666666667,0.22546773577701407,2.786936995093272,0.06486697133949765,0.08247422680412371,1.0,1.0,0.8660714285714286,0.7545347198913697,0.6957767785718486,low_discovery,15,32,0.46875
30822,extended_audit,0.75,18,8,0.25,14,0,1.0,False,0.26256613756613745,2.763053293561649,0.06744260204081633,0.09821428571428571,0.21959459459459452,2.7893754270535434,0.06441745799853908,0.08108108108108109,1.0,1.0,0.8809523809523809,0.7526257038568694,0.7148524835813874,low_discovery,11,32,0.34375
30823,extended_audit,0.75,18,8,0.25,14,0,0.9930555555555556,False,0.24437830687830675,2.7853493870407195,0.06613166099773242,0.09523809523809523,0.18775894538606397,2.8167741339605183,0.06254524561907499,0.07796610169491526,1.0,1.0,0.8779761904761905,0.8049576229684523,0.7259834246545943,low_discovery,10,32,0.3125
30824,extended_audit,0.75,18,8,0.25,14,0,0.9930555555555556,False,0.2056878306878307,2.8073044301032453,0.06340348639455783,0.08333333333333333,0.1744444444444444,2.824614407167375,0.06168888888888889,0.07666666666666666,1.0,1.0,0.8928571428571429,0.8008016711453617,0.7493233688526179,low_discovery,8,32,0.25
30825,extended_audit,0.75,18,8,0.25,14,0,1.0,False,0.2304894179894179,2.7891190425210493,0.06528132086167801,0.10119047619047619,0.18623108157991886,2.8129091235533554,0.06254897848809615,0.07973421926910298,1.0,1.0,0.8958333333333334,0.7573106139172924,0.6713614939021982,low_discovery,12,32,0.375
30826,extended_audit,0.75,18,8,0.25,14,0,0.9930555555555556,False,0.251984126984127,2.7875212218743184,0.06630881519274376,0.10119047619047619,0.19594594594594583,2.821433639989365,0.062363038714390064,0.08108108108108109,1.0,1.0,0.8809523809523809,0.7502669329941457,0.7188540865187076,low_discovery,10,32,0.3125
30827,extended_audit,0.75,18,8,0.25,14,2,1.0,False,0.21693121693121697,2.784705607448546,0.06498015873015874,0.08035714285714286,0.1885964912280702,2.799154228747977,0.06360370498614959,0.07236842105263158,1.0,1.0,0.9047619047619048,0.7576836170135071,0.6555678799110731,low_discovery,13,32,0.40625
30828,extended_audit,0.75,18,8,0.25,14,0,1.0,False,0.22056878306878303,2.7940917636482423,0.06453727324263038,0.08333333333333333,0.19462599854756713,2.8098293344040455,0.06298859413046264,0.07516339869281045,1.0,1.0,0.9107142857142857,0.7326369424656387,0.6840846105622242,low_discovery,12,32,0.375
30829,extended_audit,0.75,18,8,0.25,14,0,1.0,False,0.2328042328042328,2.7924584994351767,0.06515731292517006,0.10119047619047619,0.1792237442922373,2.8217145772869077,0.0618314880840683,0.07876712328767123,1.0,1.0,0.8690476190476191,0.8224796181880802,0.7260566693571774,low_discovery,10,32,0.3125
30830,extended_audit,0.75,18,8,0.25,14,0,0.9791666666666666,False,0.23710317460317465,2.7763038055738702,0.06598993764172335,0.08333333333333333,0.1994350282485875,2.798170062491394,0.06385521401896006,0.07796610169491526,1.0,1.0,0.8779761904761905,0.8030085054609194,0.7256262726672237,low_discovery,13,32,0.40625
30831,extended_audit,0.75,18,8,0.25,14,0,0.9930555555555556,False,0.24140211640211628,2.7706129740705023,0.0660607993197279,0.08928571428571429,0.20860927152317887,2.789103905862107,0.06407613701153458,0.07947019867549669,1.0,1.0,0.8988095238095238,0.7481613677991604,0.6983867130621225,low_discovery,14,32,0.4375
30832,extended_audit,0.75,18,8,0.25,14,0,1.0,False,0.21263227513227512,2.807587753788553,0.06379322562358276,0.09226190476190477,0.181159420289855,2.8271227611184155,0.0616659768906388,0.0802675585284281,1.0,1.0,0.8898809523809523,0.7937992836870741,0.746517452370437,low_discovery,5,32,0.15625
30833,extended_audit,0.75,18,8,0.25,14,2,0.9930555555555556,False,0.19246031746031744,2.8205285850707096,0.062393707482993194,0.08035714285714286,0.1593567251461987,2.8366615561399895,0.060768698060941824,0.0756578947368421,1.0,1.0,0.9047619047619048,0.7652195866928135,0.7223140787458435,low_discovery,5,32,0.15625
30834,extended_audit,0.75,18,8,0.25,14,1,0.9930555555555556,False,0.21990740740740744,2.7967393156124625,0.06443098072562359,0.09821428571428571,0.19301994301994307,2.812390916963091,0.06264381985535832,0.07692307692307693,1.0,1.0,0.9285714285714286,0.7235057286404193,0.6874718010714126,low_discovery,8,32,0.25
30835,extended_audit,0.75,18,8,0.25,14,0,0.9930555555555556,False,0.24669312169312163,2.7663334134293516,0.06682256235827665,0.08630952380952381,0.21864406779661016,2.7863618191748434,0.06493536340132146,0.08135593220338982,1.0,1.0,0.8779761904761905,0.7821093099152163,0.7007854693667067,low_discovery,16,32,0.5
30836,extended_audit,0.75,18,8,0.25,14,0,0.9861111111111112,False,0.2566137566137565,2.7681234857577737,0.067531179138322,0.1130952380952381,0.2061894108873974,2.799061407162373,0.06375838926174496,0.08053691275167785,1.0,1.0,0.8869047619047619,0.7716591340117733,0.6574750552363066,low_discovery,12,32,0.375
30837,extended_audit,0.75,18,8,0.25,14,0,0.9861111111111112,False,0.24834656084656093,2.783425294166228,0.06611394557823129,0.09523809523809523,0.19899665551839463,2.8117589369001763,0.06289638818357737,0.0802675585284281,1.0,1.0,0.8898809523809523,0.7728043561156843,0.7091570631182603,low_discovery,11,32,0.34375
30838,extended_audit,0.75,18,8,0.25,14,0,1.0,False,0.24834656084656093,2.7649706443913447,0.06669855442176871,0.09226190476190477,0.21646228167967285,2.7845770725796646,0.06464133510810842,0.0802675585284281,1.0,1.0,0.8898809523809523,0.7391355617236132,0.6729581636366991,low_discovery,14,32,0.4375
30839,extended_audit,0.75,18,8,0.25,14,0,1.0,False,0.2321428571428572,2.7948403375714426,0.06498015873015872,0.09523809523809523,0.178186547751765,2.8225356285995615,0.0618002035771412,0.07692307692307693,1.0,1.0,0.8898809523809523,0.7709267632424779,0.6979783874584852,low_discovery,7,32,0.21875
30840,extended_audit,0.9,18,8,0.25,14,0,1.0,False,0.27215608465608465,2.7279555686525225,0.06939129818594104,0.09523809523809523,0.23512906846240167,2.748570788955737,0.06726071035835346,0.08080808080808081,1.0,1.0,0.8839285714285714,0.7326947579730619,0.6680747441956686,low_discovery,20,32,0.625
30841,extended_audit,0.9,18,8,0.25,14,0,0.9930555555555556,False,0.2771164021164021,2.697302765321805,0.07048965419501134,0.09226190476190477,0.24048964218455748,2.7142382482935443,0.06870439528871015,0.08135593220338982,0.9444444444444444,0.9444444444444444,0.8779761904761905,0.7388493499742615,0.6451290094921075,low_discovery,23,32,0.71875
30842,extended_audit,0.9,18,8,0.25,14,0,1.0,False,0.255621693121693,2.752259429181244,0.06776147959183673,0.09821428571428571,0.2073079791200596,2.7762453452704645,0.06506463672807532,0.08053691275167785,1.0,1.0,0.8869047619047619,0.7402805134632012,0.6839920007049901,low_discovery,18,32,0.5625
30843,extended_audit,0.9,18,8,0.25,14,2,1.0,False,0.24371693121693117,2.743416941940981,0.06770833333333333,0.08630952380952381,0.2155555555555555,2.7578722942426377,0.06637777777777777,0.07666666666666666,1.0,1.0,0.8928571428571429,0.7598404926562892,0.6586343267696522,low_discovery,21,32,0.65625
30844,extended_audit,0.9,18,8,0.25,14,1,1.0,False,0.26322751322751325,2.723413929447601,0.06914328231292516,0.09523809523809523,0.22890416189385254,2.7422774627187203,0.06725239427970854,0.08247422680412371,1.0,1.0,0.8660714285714286,0.777504294342494,0.7119603125791154,low_discovery,22,32,0.6875
30845,extended_audit,0.9,18,8,0.25,14,0,1.0,False,0.25363756613756605,2.7593519801125885,0.06731859410430839,0.09226190476190477,0.21592592592592585,2.780249648029957,0.06511111111111112,0.08,1.0,1.0,0.8928571428571429,0.7286733026208224,0.6447993800413875,low_discovery,17,32,0.53125
30846,extended_audit,0.9,18,8,0.25,14,0,0.9930555555555556,False,0.25297619047619047,2.7502732174396667,0.0679563492063492,0.10416666666666667,0.20897718910963947,2.772553554590927,0.06536993991491602,0.076158940397351,1.0,1.0,0.8988095238095238,0.7317482233955892,0.6535176249877337,low_discovery,17,32,0.53125
30847,extended_audit,0.9,18,8,0.25,14,0,1.0,False,0.22089947089947093,2.797199145448703,0.06439554988662131,0.08630952380952381,0.18845315904139426,2.812243334524818,0.06275364176171558,0.07516339869281045,1.0,1.0,0.9107142857142857,0.7276376539390325,0.6717050291100808,low_discovery,12,32,0.375
30848,extended_audit,0.9,18,8,0.25,14,2,0.9930555555555556,False,0.21990740740740744,2.789816028987167,0.0648030045351474,0.08035714285714286,0.19904341427520222,2.8047146282857285,0.06346212885399763,0.07947019867549669,1.0,1.0,0.8988095238095238,0.7850183950482891,0.7145493367290805,low_discovery,13,32,0.40625
30849,extended_audit,0.9,18,8,0.25,14,1,1.0,False,0.25628306878306883,2.7360594487347414,0.06832837301587302,0.09226190476190477,0.21957671957671954,2.755158605969137,0.06643065389421075,0.08163265306122448,1.0,1.0,0.875,0.7567617258876901,0.6722272279225797,low_discovery,21,32,0.65625
30850,extended_audit,0.9,18,8,0.25,14,0,1.0,False,0.2142857142857142,2.7853415114619895,0.0648561507936508,0.08333333333333333,0.19111830276878816,2.797194598614152,0.06372995674532106,0.0744336569579288,1.0,1.0,0.9196428571428571,0.7396551778571593,0.6577437379051673,low_discovery,14,32,0.4375
30851,extended_audit,0.9,18,8,0.25,14,0,1.0,False,0.29993386243386233,2.704749144072546,0.07148171768707483,0.09523809523809523,0.2593220338983051,2.729465169832028,0.06879632289571962,0.08135593220338982,1.0,1.0,0.8779761904761905,0.7175032762144252,0.6295707491817432,low_discovery,22,32,0.6875
30852,extended_audit,0.9,18,8,0.25,14,1,1.0,False,0.2784391534391535,2.7349481020915203,0.06960388321995464,0.10714285714285714,0.2281814686658976,2.7650700316468635,0.06627075825241556,0.08304498269896193,1.0,1.0,0.8601190476190477,0.7777751149950701,0.6992174702628821,low_discovery,17,32,0.53125
30853,extended_audit,0.9,18,8,0.25,14,0,1.0,False,0.24933862433862441,2.7485466903328417,0.06751346371882086,0.09226190476190477,0.2147766323024054,2.7686910037111665,0.06548104061123511,0.07903780068728522,1.0,1.0,0.8660714285714286,0.8003934871584524,0.6950591977194799,low_discovery,18,32,0.5625
30854,extended_audit,0.9,18,8,0.25,14,0,1.0,False,0.22850529100529093,2.7460146437906015,0.06671626984126984,0.08333333333333333,0.2055372203887056,2.756619861782224,0.06571251184524393,0.07590759075907591,0.9444444444444444,0.9444444444444444,0.9017857142857143,0.7312264519916288,0.6588616878821288,low_discovery,21,32,0.65625
30855,extended_audit,0.9,18,8,0.25,14,1,1.0,False,0.25396825396825395,2.7387484539902522,0.06818664965986396,0.09226190476190477,0.2244152046783625,2.7543591073465334,0.06656855955678671,0.07894736842105263,1.0,1.0,0.9047619047619048,0.7019680595484475,0.648265787572254,low_discovery,20,32,0.625
30856,extended_audit,0.9,18,8,0.25,14,0,1.0,False,0.2509920634920635,2.74372665499606,0.06788548752834467,0.08928571428571429,0.2171052631578947,2.759955095182199,0.06620065789473685,0.07894736842105263,1.0,1.0,0.9047619047619048,0.6835417383697459,0.597004230843461,low_discovery,20,32,0.625
30857,extended_audit,0.9,18,8,0.25,14,0,1.0,False,0.23544973544973535,2.7542581768071654,0.06691113945578232,0.08333333333333333,0.20937386898298938,2.7666610919215,0.06573014037284217,0.0781758957654723,1.0,1.0,0.9136904761904762,0.6991969866443762,0.6348920244848152,low_discovery,21,32,0.65625
30858,extended_audit,0.9,18,8,0.25,14,0,1.0,False,0.2394179894179893,2.767602435196323,0.0663796768707483,0.09226190476190477,0.20570570570570568,2.786767657065696,0.06446311176040907,0.0777027027027027,1.0,1.0,0.8809523809523809,0.7921710032042503,0.6949353595063759,low_discovery,15,32,0.46875
30859,extended_audit,0.9,18,8,0.25,14,1,1.0,False,0.27281746031746024,2.725827851303753,0.06924957482993198,0.08928571428571429,0.22734167614713696,2.749053624296518,0.0667567473121411,0.07849829351535836,1.0,1.0,0.8720238095238095,0.7602186654669038,0.6824970168691862,low_discovery,21,32,0.65625
30860,extended_audit,0.9,18,8,0.25,14,1,0.9861111111111112,False,0.25396825396825395,2.757306454938614,0.0674780328798186,0.09821428571428571,0.21521035598705507,2.7764761868960415,0.06525905677569359,0.07766990291262135,1.0,1.0,0.9196428571428571,0.6736609248362592,0.6449969020055114,low_discovery,15,32,0.46875
30861,extended_audit,0.9,18,8,0.25,14,0,0.9861111111111112,False,0.2751322751322751,2.7281043014430213,0.06949759070294786,0.08928571428571429,0.2464008859357696,2.7475373990436016,0.06753788589529919,0.07973421926910298,1.0,1.0,0.8958333333333334,0.6942567983075527,0.6109517170046928,low_discovery,19,32,0.59375
30862,extended_audit,0.9,18,8,0.25,14,0,1.0,False,0.22189153439153442,2.7823654811721252,0.0650687358276644,0.08630952380952381,0.20577485380116967,2.794025153934467,0.06399324792243767,0.07894736842105263,1.0,1.0,0.9047619047619048,0.7426097412389646,0.6585967873046129,low_discovery,16,32,0.5
30863,extended_audit,0.9,18,8,0.25,14,0,1.0,False,0.25363756613756605,2.7562789227568607,0.06763747165532881,0.09821428571428571,0.21771771771771764,2.778359750650236,0.06537618699780863,0.08108108108108109,1.0,1.0,0.8809523809523809,0.751005202115954,0.7021349852021262,low_discovery,16,32,0.5
30864,extended_audit,0.9,18,8,0.25,14,0,1.0,False,0.23379629629629628,2.763428023648438,0.06643282312925171,0.08333333333333333,0.2099376604327099,2.777422423767635,0.06514611857225326,0.07920792079207921,1.0,1.0,0.9017857142857143,0.7278556424748482,0.6514358723864205,low_discovery,16,32,0.5
30865,extended_audit,0.9,18,8,0.25,14,0,1.0,False,0.20932539682539675,2.782980078396398,0.06492701247165532,0.09226190476190477,0.19026870007262153,2.7949961489774298,0.06375752915545303,0.07516339869281045,1.0,1.0,0.9107142857142857,0.769282643838845,0.6815459289373281,low_discovery,14,32,0.4375
30866,extended_audit,0.9,18,8,0.25,14,0,0.9930555555555556,False,0.2215608465608465,2.7782743316244414,0.06549390589569161,0.09821428571428571,0.19264069264069272,2.793484291421298,0.06381767583066283,0.07792207792207792,1.0,1.0,0.9166666666666666,0.7049399581140059,0.6531635361584112,low_discovery,14,32,0.4375
30867,extended_audit,0.9,18,8,0.25,14,1,1.0,False,0.2572751322751323,2.7468955391943406,0.0679563492063492,0.08928571428571429,0.22370370370370374,2.7646427373127502,0.06615555555555556,0.08,1.0,1.0,0.8928571428571429,0.7254816344260018,0.6266572192709473,low_discovery,18,32,0.5625
30868,extended_audit,0.9,18,8,0.25,14,0,1.0,False,0.259589947089947,2.740787983971421,0.06815121882086168,0.08928571428571429,0.23079791200596578,2.7573254485034644,0.06648349173460656,0.07718120805369127,1.0,1.0,0.8869047619047619,0.7381408445211894,0.6682727643829235,low_discovery,20,32,0.625
30869,extended_audit,0.9,18,8,0.25,14,0,1.0,False,0.28108465608465605,2.725296130138371,0.06979875283446713,0.09523809523809523,0.2420222991157246,2.7498383968547713,0.06725254726356247,0.08304498269896193,1.0,1.0,0.8601190476190477,0.7663210723975032,0.6921199788705387,low_discovery,21,32,0.65625
30870,extended_audit,0.98,18,8,0.25,14,0,1.0,False,0.2658730158730158,2.726922669441423,0.06956845238095238,0.10714285714285714,0.22686733556298777,2.7501499870872226,0.06672184874889543,0.0802675585284281,1.0,1.0,0.8898809523809523,0.7250418932246893,0.6358834173893837,low_discovery,22,32,0.6875
30871,extended_audit,0.98,18,8,0.25,14,2,1.0,False,0.2675264550264551,2.700843975474605,0.07011763038548753,0.09226190476190477,0.23888888888888893,2.7147792638890613,0.06857777777777778,0.08,0.9444444444444444,0.9444444444444444,0.8928571428571429,0.7210117650399747,0.6595174280775222,low_discovery,24,32,0.75
30872,extended_audit,0.98,18,8,0.25,14,1,1.0,False,0.26322751322751325,2.7344632449965522,0.06870039682539682,0.09226190476190477,0.23951434878587197,2.749490177426791,0.06723389325029605,0.07947019867549669,1.0,1.0,0.8988095238095238,0.7177423705232715,0.6683303684821444,low_discovery,20,32,0.625
30873,extended_audit,0.98,18,8,0.25,14,0,1.0,False,0.24272486772486768,2.750485695796881,0.06731859410430839,0.08630952380952381,0.2222222222222221,2.765406245004096,0.06601533966398831,0.08108108108108109,1.0,1.0,0.8809523809523809,0.7711099835833776,0.6451226820388788,low_discovery,18,32,0.5625
30874,extended_audit,0.98,18,8,0.25,14,0,1.0,False,0.2592592592592593,2.7414638392582247,0.06829294217687076,0.09226190476190477,0.22017837235228543,2.7613107966248283,0.06625205534613707,0.0802675585284281,1.0,1.0,0.8898809523809523,0.7247121995639022,0.6691206736161446,low_discovery,21,32,0.65625
30875,extended_audit,0.98,18,8,0.25,14,0,0.9930555555555556,False,0.2490079365079365,2.7456879258569895,0.0676374716553288,0.08630952380952381,0.22607260726072598,2.7602972820086333,0.06623533640492762,0.07920792079207921,1.0,1.0,0.9017857142857143,0.7180197129554945,0.6318642499733854,low_discovery,20,32,0.625
30876,extended_audit,0.98,18,8,0.25,14,2,1.0,False,0.26388888888888884,2.7439846246005977,0.06845238095238096,0.09523809523809523,0.2297297297297296,2.7647481175523136,0.06628926223520817,0.08108108108108109,1.0,1.0,0.8809523809523809,0.7218803400072376,0.6476458027189421,low_discovery,21,32,0.65625
30877,extended_audit,0.98,18,8,0.25,14,0,1.0,False,0.3134920634920635,2.6801276902301097,0.07291666666666667,0.09821428571428571,0.26530612244897966,2.7068682620761253,0.06976259891711788,0.08163265306122448,0.9444444444444444,0.9444444444444444,0.875,0.6598783332988789,0.5775694469595779,low_discovery,24,32,0.75
30878,extended_audit,0.98,18,8,0.25,14,1,1.0,False,0.28505291005291,2.6971955701822887,0.07128684807256236,0.10416666666666667,0.24350282485875696,2.7192075782162215,0.0686584314852054,0.08135593220338982,1.0,1.0,0.8779761904761905,0.7081898725352814,0.6588637272947745,low_discovery,24,32,0.75
30879,extended_audit,0.98,18,8,0.25,14,0,1.0,False,0.26421957671957674,2.7023296262305116,0.06967474489795919,0.08928571428571429,0.23885109599395316,2.7157051400886982,0.06832801147669952,0.0782312925170068,0.9444444444444444,0.9444444444444444,0.875,0.7414869600140569,0.6725298531606635,low_discovery,25,32,0.78125
30880,extended_audit,0.98,18,8,0.25,14,0,1.0,False,0.2929894179894179,2.6783443761657013,0.07194231859410431,0.09523809523809523,0.2614713689799013,2.696409614088751,0.06994839776817435,0.08191126279863481,0.9444444444444444,0.9444444444444444,0.8720238095238095,0.7246894309843844,0.6591215684893427,low_discovery,26,32,0.8125
30881,extended_audit,0.98,18,8,0.25,14,0,0.9930555555555556,False,0.28968253968253976,2.70999908500134,0.07070223922902494,0.09821428571428571,0.24817377931564777,2.734766115798076,0.06799487554028329,0.08304498269896193,1.0,1.0,0.8601190476190477,0.7550723069083355,0.6288505561427864,low_discovery,21,32,0.65625
30882,extended_audit,0.98,18,8,0.25,14,0,1.0,False,0.2496693121693121,2.7389766407375236,0.06806264172335601,0.08333333333333333,0.23592592592592587,2.7509307245499084,0.06706666666666666,0.08,1.0,1.0,0.8928571428571429,0.7298222016327185,0.6143979900730477,low_discovery,20,32,0.625
30883,extended_audit,0.98,18,8,0.25,14,0,1.0,False,0.2665343915343914,2.705430206405472,0.07001133786848072,0.09523809523809523,0.24024024024024015,2.7196742638548197,0.06857195032870708,0.08108108108108109,1.0,1.0,0.8809523809523809,0.7444613440836289,0.6269909911520358,low_discovery,24,32,0.75
30884,extended_audit,0.98,18,8,0.25,14,1,1.0,False,0.2767857142857142,2.7227321504637327,0.06967474489795918,0.09523809523809523,0.2360178970917226,2.7452977655934707,0.0671591369758119,0.08053691275167785,1.0,1.0,0.8869047619047619,0.6902893051737848,0.5920500054508969,low_discovery,20,32,0.625
30885,extended_audit,0.98,18,8,0.25,14,2,1.0,False,0.2681878306878307,2.711418805192699,0.07002905328798187,0.09821428571428571,0.2413727720894956,2.728870264250729,0.0682710340248576,0.08191126279863481,1.0,1.0,0.8720238095238095,0.7393017956431566,0.631016912797916,low_discovery,23,32,0.71875
30886,extended_audit,0.98,18,8,0.25,14,0,1.0,False,0.2843915343915344,2.689399079888194,0.07110969387755102,0.09226190476190477,0.25720164609053486,2.7043841065849272,0.0695733995397295,0.08080808080808081,0.9444444444444444,0.9444444444444444,0.8839285714285714,0.7125548512973533,0.6352373867064313,low_discovery,25,32,0.78125
30887,extended_audit,0.98,18,8,0.25,14,1,1.0,False,0.2609126984126984,2.7169542017976474,0.06905470521541951,0.08928571428571429,0.2398648648648649,2.730886568474051,0.06772735573411248,0.08108108108108109,0.9444444444444444,0.9444444444444444,0.8809523809523809,0.7453325833765853,0.6571701095085231,low_discovery,23,32,0.71875
30888,extended_audit,0.98,18,8,0.25,14,3,1.0,False,0.259589947089947,2.714196050070695,0.06901927437641722,0.08630952380952381,0.2433333333333334,2.72487318205413,0.068,0.08,0.9444444444444444,0.9444444444444444,0.8928571428571429,0.7327488512559706,0.6748629777127307,low_discovery,22,32,0.6875
30889,extended_audit,0.98,18,8,0.25,14,1,0.9930555555555556,False,0.25529100529100535,2.7338162742264975,0.06854095804988664,0.08630952380952381,0.23123123123123124,2.7488036213932796,0.06722516435354273,0.08108108108108109,1.0,1.0,0.8809523809523809,0.753456000755424,0.6922882530690178,low_discovery,22,32,0.6875
30890,extended_audit,0.98,18,8,0.25,14,1,1.0,False,0.28505291005291,2.6913858546092095,0.07110969387755102,0.08928571428571429,0.2494172494172493,2.710826212507297,0.06914763558120202,0.08391608391608392,1.0,1.0,0.8511904761904762,0.7751711282192625,0.6552748832809651,low_discovery,25,32,0.78125
30891,extended_audit,0.98,18,8,0.25,14,0,1.0,False,0.28339947089947093,2.706728294703612,0.07070223922902495,0.09523809523809523,0.24111111111111105,2.72775642124837,0.06831111111111111,0.08,1.0,1.0,0.8928571428571429,0.6941518112477908,0.6146230923461662,low_discovery,24,32,0.75
30892,extended_audit,0.98,18,8,0.25,14,0,1.0,False,0.28802910052910047,2.7156789911008756,0.07064909297052153,0.10119047619047619,0.23692248949980899,2.7437204469477168,0.06751219281775134,0.08247422680412371,1.0,1.0,0.8660714285714286,0.7377933874531699,0.6479460835809993,low_discovery,22,32,0.6875
30893,extended_audit,0.98,18,8,0.25,14,0,1.0,False,0.2867063492063491,2.705492184921414,0.07082624716553287,0.09821428571428571,0.24298540965207627,2.7269447158764204,0.0684397283723883,0.08080808080808081,1.0,1.0,0.8839285714285714,0.6906128502644647,0.6024753676494338,low_discovery,23,32,0.71875
30894,extended_audit,0.98,18,8,0.25,14,0,0.9930555555555556,False,0.2645502645502644,2.720605558972916,0.06940901360544219,0.08630952380952381,0.23964063072973962,2.7348163917471124,0.06804343800716706,0.07920792079207921,1.0,1.0,0.9017857142857143,0.6885757664494401,0.613339722966709,low_discovery,23,32,0.71875
30895,extended_audit,0.98,18,8,0.25,14,0,1.0,False,0.2523148148148149,2.7120667780644045,0.06932043650793651,0.08035714285714286,0.23587081891580164,2.724483500604932,0.068378012715365,0.07958477508650519,1.0,1.0,0.8601190476190477,0.7835802907659596,0.6825410277060088,low_discovery,24,32,0.75
30896,extended_audit,0.98,18,8,0.25,14,0,1.0,False,0.2655423280423279,2.744955388373295,0.06841695011337869,0.08928571428571429,0.23107344632768356,2.7669698850930455,0.06622234989945418,0.08135593220338982,1.0,1.0,0.8779761904761905,0.7668090091825421,0.6897480257054297,low_discovery,20,32,0.625
30897,extended_audit,0.98,18,8,0.25,14,2,0.9861111111111112,False,0.2867063492063491,2.720251796657402,0.0699936224489796,0.10416666666666667,0.24024024024024015,2.7468489944294063,0.06676862673484296,0.08108108108108109,0.9444444444444444,0.9444444444444444,0.8809523809523809,0.6923361823995858,0.6265208289638714,low_discovery,19,32,0.59375
30898,extended_audit,0.98,18,8,0.25,14,1,1.0,False,0.2757936507936507,2.7039842627054047,0.07029478458049887,0.09821428571428571,0.24160206718346244,2.720682800725374,0.06842087835675102,0.07973421926910298,0.9444444444444444,0.9444444444444444,0.8958333333333334,0.7152303227532943,0.6518595104506685,low_discovery,23,32,0.71875
30899,extended_audit,0.98,18,8,0.25,14,0,1.0,False,0.23379629629629628,2.7403682585682936,0.06760204081632652,0.08630952380952381,0.2200435729847494,2.7496971941056523,0.06683326925541458,0.0784313725490196,1.0,1.0,0.9107142857142857,0.6969883314849531,0.6213183394276502,low_discovery,22,32,0.6875
30900,homogeneous,0.0,30,6,0.35,14,0,0.7222222222222222,True,0.3751984126984127,3.0863810002776093,0.04884141156462585,0.07142857142857142,0.3462901439645625,3.105685106988977,0.04749395702034194,0.059800664451827246,0.9333333333333333,0.9333333333333333,0.8958333333333334,0.7578869232474651,0.6896171299470645,none,0,0,
30901,homogeneous,0.0,30,6,0.35,14,0,0.7444444444444445,True,0.3837301587301587,3.1125744098103367,0.04871740362811792,0.07738095238095238,0.35128205128205114,3.1397339512387585,0.04663258800237134,0.06020066889632107,0.9333333333333333,0.9333333333333333,0.8898809523809523,0.7720664694421656,0.7288576192911388,none,0,0,
30902,homogeneous,0.0,30,6,0.35,14,1,0.7222222222222222,True,0.35912698412698396,3.0928256649351344,0.04802650226757369,0.06547619047619048,0.34208194905869305,3.1062593902694484,0.04720698447037009,0.059800664451827246,0.9,0.9,0.8958333333333334,0.7832680452675437,0.7299421918961905,none,0,0,
30903,homogeneous,0.0,30,6,0.35,14,0,0.7388888888888889,True,0.39781746031746024,3.094063847786947,0.04985119047619047,0.0744047619047619,0.36390804597701143,3.1266566149583803,0.047538644470868016,0.06206896551724138,0.9666666666666667,0.9666666666666667,0.8630952380952381,0.7851527583013532,0.7311564074957305,none,0,0,
30904,homogeneous,0.0,30,6,0.35,14,0,0.7333333333333333,True,0.383531746031746,3.1073751576551762,0.048416241496598636,0.07142857142857142,0.34906490649064903,3.133402441742828,0.04638978749360084,0.0594059405940594,0.9,0.9,0.9017857142857143,0.738748717116092,0.6673204581113436,none,0,0,
30905,homogeneous,0.0,30,6,0.35,14,0,0.7222222222222222,True,0.376984126984127,3.073601411774594,0.04896541950113379,0.05952380952380952,0.35894039735099326,3.088646831471699,0.047980351738958815,0.059602649006622516,0.8666666666666667,0.8666666666666667,0.8988095238095238,0.7635052649335722,0.7126021630432949,none,0,0,
30906,homogeneous,0.0,30,6,0.35,14,0,0.7166666666666667,True,0.3851190476190476,3.0847040169746833,0.04923115079365079,0.0625,0.36243032329988845,3.1041367789810446,0.04797485486739522,0.056856187290969896,0.9,0.9,0.8898809523809523,0.7512858394782073,0.675030180788926,none,0,0,
30907,homogeneous,0.0,30,6,0.35,14,0,0.7555555555555555,True,0.36746031746031727,3.131853955363801,0.04768990929705215,0.08333333333333333,0.33112582781456945,3.1607109622769043,0.045348888206657605,0.059602649006622516,0.9333333333333333,0.9333333333333333,0.8988095238095238,0.7802373098209298,0.7319795137454119,none,0,0,
30908,homogeneous,0.0,30,6,0.35,14,0,0.7555555555555555,True,0.36130952380952364,3.1248825777713654,0.04728245464852607,0.0625,0.3410087719298245,3.142405493632383,0.04618247922437672,0.05921052631578947,0.9333333333333333,0.9333333333333333,0.9047619047619048,0.771779591873481,0.7053630061020865,none,0,0,
30909,homogeneous,0.0,30,6,0.35,14,0,0.7222222222222222,True,0.3823412698412698,3.0795197763626176,0.04891227324263038,0.06547619047619048,0.35599128540305003,3.0971000267025186,0.04760989363065488,0.058823529411764705,0.8666666666666667,0.8666666666666667,0.9107142857142857,0.7167505057405514,0.6622769218316581,none,0,0,
30910,homogeneous,0.0,30,6,0.35,14,0,0.7388888888888889,True,0.375,3.1163512170294236,0.04800878684807256,0.07142857142857142,0.3418859649122805,3.1402489386768964,0.046225761772853174,0.05921052631578947,0.9333333333333333,0.9333333333333333,0.9047619047619048,0.7370202461145877,0.6890903724782329,none,0,0,
30911,homogeneous,0.0,30,6,0.35,14,0,0.7833333333333333,True,0.3460317460317459,3.1646569651725467,0.04627267573696145,0.07738095238095238,0.31689497716894977,3.1924563391342065,0.044379808594483004,0.06164383561643835,1.0,1.0,0.8690476190476191,0.8543237328741159,0.7794502472794158,none,0,0,
30912,homogeneous,0.0,30,6,0.35,14,0,0.7444444444444445,True,0.3621031746031744,3.123129671814853,0.047459608843537414,0.0744047619047619,0.32894736842105243,3.1456346501445287,0.04574965373961219,0.05592105263157895,0.9333333333333333,0.9333333333333333,0.9047619047619048,0.7621925372135517,0.691313710294808,none,0,0,
30913,homogeneous,0.0,30,6,0.35,14,0,0.7166666666666667,True,0.4079365079365078,3.0555823635543526,0.0508078231292517,0.08035714285714286,0.3675526024363234,3.0850233248760746,0.04817827617796713,0.059800664451827246,0.8333333333333334,0.8333333333333334,0.8958333333333334,0.7235433367037728,0.6806564331207597,none,0,0,
30914,homogeneous,0.0,30,6,0.35,14,1,0.7222222222222222,True,0.4115079365079364,3.0626242495589695,0.05100269274376417,0.07738095238095238,0.3643990929705214,3.0996284259425924,0.04782729418297932,0.061224489795918366,0.9,0.9,0.875,0.7701049863958955,0.713907699906749,none,0,0,
30915,homogeneous,0.0,30,6,0.35,14,0,0.7222222222222222,True,0.39742063492063484,3.0718713548717793,0.04992205215419501,0.07142857142857142,0.36193693693693674,3.098486898419255,0.047913623082542,0.057432432432432436,0.8666666666666667,0.8666666666666667,0.8809523809523809,0.751671163325257,0.6960654922414822,none,0,0,
30916,homogeneous,0.0,30,6,0.35,14,0,0.7555555555555555,True,0.3567460317460316,3.1302840834871106,0.04701672335600906,0.06547619047619048,0.3334419109663409,3.1472183918604197,0.04588908105125784,0.05537459283387622,0.9666666666666667,0.9666666666666667,0.9136904761904762,0.7768981452822286,0.7163891552456367,none,0,0,
30917,homogeneous,0.0,30,6,0.35,14,0,0.7555555555555555,True,0.35972222222222205,3.132401313804024,0.047282454648526075,0.06845238095238096,0.32882288228822865,3.154599376511197,0.045714472437342744,0.0594059405940594,0.9666666666666667,0.9666666666666667,0.9017857142857143,0.7869245198529757,0.7299269929302379,none,0,0,
30918,homogeneous,0.0,30,6,0.35,14,0,0.7333333333333333,True,0.3724206349206347,3.094833934182496,0.04836309523809523,0.06845238095238096,0.3445945945945945,3.114932763370905,0.04697772096420745,0.057432432432432436,0.9,0.9,0.8809523809523809,0.8166040716264265,0.7525966953527946,none,0,0,
30919,homogeneous,0.0,30,6,0.35,14,1,0.7444444444444445,True,0.381547619047619,3.100139776012903,0.04898313492063492,0.07142857142857142,0.34988662131519255,3.1270929925402524,0.046971169420149006,0.061224489795918366,0.9666666666666667,0.9666666666666667,0.875,0.8147251662987985,0.7628201831020025,none,0,0,
30920,homogeneous,0.0,30,6,0.35,14,1,0.7444444444444445,True,0.35972222222222205,3.110170884893161,0.04763676303854874,0.06547619047619048,0.34392419175027866,3.1241387718234757,0.04681155691770786,0.06020066889632107,0.9333333333333333,0.9333333333333333,0.8898809523809523,0.7969994415016833,0.7310955291004656,none,0,0,
30921,homogeneous,0.0,30,6,0.35,14,0,0.7666666666666667,True,0.36904761904761885,3.12309747693022,0.047459608843537414,0.06547619047619048,0.3364444444444443,3.147583939816669,0.04564444444444446,0.06,0.9333333333333333,0.9333333333333333,0.8928571428571429,0.7862833834597139,0.7111217278876524,none,0,0,
30922,homogeneous,0.0,30,6,0.35,14,0,0.7277777777777777,True,0.39781746031746024,3.087373869651631,0.049815759637188206,0.0744047619047619,0.3679955703211517,3.112719800197103,0.047935453251067864,0.059800664451827246,0.9333333333333333,0.9333333333333333,0.8958333333333334,0.7460696126667415,0.6982909629819857,none,0,0,
30923,homogeneous,0.0,30,6,0.35,14,0,0.7611111111111111,True,0.36944444444444424,3.1440363744083255,0.047371031746031744,0.07142857142857142,0.34085297418630733,3.171391618980036,0.045494223945402396,0.06060606060606061,0.9666666666666667,0.9666666666666667,0.8839285714285714,0.7885494762766313,0.7275066750534395,none,0,0,
30924,homogeneous,0.0,30,6,0.35,14,0,0.7611111111111111,True,0.3573412698412697,3.1306277845638992,0.04705215419501133,0.06845238095238096,0.32850877192982453,3.151313200826466,0.04557652354570637,0.05592105263157895,0.9333333333333333,0.9333333333333333,0.9047619047619048,0.7766971194412334,0.7215617059889041,none,0,0,
30925,homogeneous,0.0,30,6,0.35,14,0,0.7277777777777777,True,0.3755952380952381,3.121018539206344,0.0482390873015873,0.07142857142857142,0.3431767337807605,3.1477951412453704,0.04639430656276744,0.06040268456375839,1.0,1.0,0.8869047619047619,0.7741160734588771,0.7061747540511872,none,0,0,
30926,homogeneous,0.0,30,6,0.35,14,0,0.7388888888888889,True,0.3579365079365078,3.124723039664538,0.047300170068027204,0.0625,0.34451612903225803,3.138434539900521,0.046472424557752336,0.05806451612903226,0.9333333333333333,0.9333333333333333,0.9226190476190477,0.7424885914500566,0.6890906899830368,none,0,0,
30927,homogeneous,0.0,30,6,0.35,14,0,0.75,True,0.36031746031746015,3.141117627610617,0.046981292517006806,0.06845238095238096,0.3457079152731326,3.160027295514319,0.0458943412266082,0.06020066889632107,0.9666666666666667,0.9666666666666667,0.8898809523809523,0.7945215877284787,0.7404999358575615,none,0,0,
30928,homogeneous,0.0,30,6,0.35,14,0,0.7166666666666667,True,0.3748015873015873,3.0844010424119626,0.04857568027210884,0.06845238095238096,0.35202185792349727,3.100201270926381,0.04741736092448267,0.05901639344262295,0.8666666666666667,0.8666666666666667,0.9077380952380952,0.7534641097863712,0.6683686960259831,none,0,0,
30929,homogeneous,0.0,30,6,0.35,14,0,0.7444444444444445,True,0.3744047619047619,3.1192728577384057,0.04800878684807256,0.06845238095238096,0.3464052287581698,3.140693983709769,0.04647785039941902,0.058823529411764705,0.9333333333333333,0.9333333333333333,0.9107142857142857,0.7483058543549533,0.6964321558653546,none,0,0,
30930,homogeneous,0.25,30,6,0.35,14,0,0.7333333333333333,True,0.3537698412698411,3.113630818302638,0.04735331632653061,0.05952380952380952,0.33903508771929824,3.126683929974198,0.04661530470914128,0.05921052631578947,0.9333333333333333,0.9333333333333333,0.9047619047619048,0.7919872282888023,0.7053554157008403,none,0,0,
30931,homogeneous,0.25,30,6,0.35,14,0,0.7722222222222223,True,0.38115079365079363,3.1303946791973627,0.04820365646258503,0.07142857142857142,0.3430323299888516,3.163118147410531,0.045737743425688746,0.06020066889632107,0.9666666666666667,0.9666666666666667,0.8898809523809523,0.7766064888017702,0.7269942239238681,none,0,0,
30932,homogeneous,0.25,30,6,0.35,14,0,0.7277777777777777,True,0.3847222222222222,3.092700725193579,0.04877054988662132,0.06845238095238096,0.3570145903479236,3.1153571483200406,0.04717205727306737,0.06060606060606061,0.9,0.9,0.8839285714285714,0.7914855827848273,0.7002042377412914,none,0,0,
30933,homogeneous,0.25,30,6,0.35,14,1,0.7222222222222222,True,0.38948412698412693,3.0758048517762413,0.04956774376417234,0.0744047619047619,0.35993265993265977,3.098533662325029,0.047829586550125265,0.06060606060606061,0.9,0.9,0.8839285714285714,0.7770806038613567,0.7096687604648236,none,0,0,
30934,homogeneous,0.25,30,6,0.35,14,0,0.7222222222222222,True,0.40515873015873005,3.067527787718742,0.05109126984126984,0.08928571428571429,0.3614864864864864,3.1050104913393697,0.047662527392257126,0.060810810810810814,0.9,0.9,0.8809523809523809,0.7382653751036069,0.6568368746126294,none,0,0,
30935,homogeneous,0.25,30,6,0.35,14,0,0.7388888888888889,True,0.3728174603174601,3.1145843038749508,0.04822137188208616,0.06547619047619048,0.34978354978354975,3.1313382326770403,0.04709900489121269,0.05844155844155844,0.9666666666666667,0.9666666666666667,0.9166666666666666,0.7392375351585202,0.6746460517543112,none,0,0,
30936,homogeneous,0.25,30,6,0.35,14,0,0.7333333333333333,True,0.383531746031746,3.0854221406887743,0.04907171201814059,0.0744047619047619,0.3550438596491228,3.1059517091658004,0.04745931440443213,0.05921052631578947,0.9,0.9,0.9047619047619048,0.7633851053450682,0.7180921480400149,none,0,0,
30937,homogeneous,0.25,30,6,0.35,14,0,0.7277777777777777,True,0.3748015873015873,3.0882914383450153,0.048699688208616775,0.06547619047619048,0.34285714285714275,3.1102111664273657,0.047202554491184226,0.05782312925170068,0.9333333333333333,0.9333333333333333,0.875,0.8163123479673668,0.7431922199165615,none,0,0,
30938,homogeneous,0.25,30,6,0.35,14,0,0.7333333333333333,True,0.41408730158730145,3.0673667885442923,0.051587301587301584,0.09821428571428571,0.3613425925925924,3.114759278854204,0.04721257716049383,0.0625,0.8666666666666667,0.8666666666666667,0.8571428571428571,0.7929293299509289,0.7329139493365463,none,0,0,
30939,homogeneous,0.25,30,6,0.35,14,0,0.7444444444444445,True,0.3748015873015873,3.099764475139582,0.048398526077097506,0.07142857142857142,0.3559210526315788,3.1164287653577194,0.047199619113573406,0.05921052631578947,0.9,0.9,0.9047619047619048,0.7770906903895392,0.7167442890486981,none,0,0,
30940,homogeneous,0.25,30,6,0.35,14,1,0.7388888888888889,True,0.373015873015873,3.109824484953483,0.04811507936507936,0.06845238095238096,0.35143487858719635,3.1298741743193066,0.04677426428665409,0.059602649006622516,0.9333333333333333,0.9333333333333333,0.8988095238095238,0.7644874915290769,0.6988909503891532,none,0,0,
30941,homogeneous,0.25,30,6,0.35,14,0,0.7333333333333333,True,0.3857142857142857,3.1098139130545,0.048646541950113385,0.06845238095238096,0.3590909090909089,3.131308849077568,0.047035756451340865,0.05844155844155844,0.9333333333333333,0.9333333333333333,0.9166666666666666,0.7047667675605264,0.6611483437198665,none,0,0,
30942,homogeneous,0.25,30,6,0.35,14,0,0.7388888888888889,True,0.38948412698412693,3.0952202745623887,0.04916028911564625,0.0744047619047619,0.34780701754385945,3.1245792987351457,0.04670186980609418,0.05921052631578947,0.9,0.9,0.9047619047619048,0.7476759756091842,0.7050816422632852,none,0,0,
30943,homogeneous,0.25,30,6,0.35,14,0,0.7388888888888889,True,0.3736111111111111,3.1317344425213993,0.04804421768707483,0.07142857142857142,0.3418604651162789,3.1582998294760776,0.04623569276277305,0.059800664451827246,1.0,1.0,0.8958333333333334,0.7538387531338332,0.6944131289916028,none,0,0,
30944,homogeneous,0.25,30,6,0.35,14,1,0.7222222222222222,True,0.3988095238095237,3.092625117009896,0.049886621315192746,0.0744047619047619,0.3666666666666665,3.1242345682405386,0.0476466049382716,0.0625,0.9666666666666667,0.9666666666666667,0.8571428571428571,0.8091747201276681,0.7227659185393742,none,0,0,
30945,homogeneous,0.25,30,6,0.35,14,0,0.75,True,0.37023809523809503,3.132075927634684,0.04756590136054421,0.06547619047619048,0.33890710382513656,3.1556340358702033,0.04586938994893845,0.05901639344262295,0.9666666666666667,0.9666666666666667,0.9077380952380952,0.7593161945120713,0.7050394278486039,none,0,0,
30946,homogeneous,0.25,30,6,0.35,14,0,0.7277777777777777,True,0.3946428571428571,3.077501172750513,0.049585459183673464,0.07142857142857142,0.36510590858416925,3.1006913512545777,0.0478629992953099,0.06020066889632107,0.9,0.9,0.8898809523809523,0.7361034859115042,0.6738878513374247,none,0,0,
30947,homogeneous,0.25,30,6,0.35,14,1,0.7444444444444445,True,0.3847222222222222,3.0993981647028552,0.048735119047619055,0.07738095238095238,0.34881355932203384,3.127299970526113,0.046595805802930185,0.061016949152542375,0.9,0.9,0.8779761904761905,0.7919651802454027,0.7325039151891236,none,0,0,
30948,homogeneous,0.25,30,6,0.35,14,0,0.7166666666666667,True,0.38630952380952377,3.0874228369836363,0.049319727891156455,0.0744047619047619,0.3508888888888888,3.112664739010868,0.04737777777777778,0.06,0.9,0.9,0.8928571428571429,0.7700664535428735,0.6827566854660528,none,0,0,
30949,homogeneous,0.25,30,6,0.35,14,0,0.75,True,0.3744047619047619,3.122272322343096,0.048097363945578224,0.07142857142857142,0.3455337690631808,3.1448713313792624,0.04647785039941903,0.05555555555555555,0.9666666666666667,0.9666666666666667,0.9107142857142857,0.7502675785773527,0.6834533591523487,none,0,0,
30950,homogeneous,0.25,30,6,0.35,14,0,0.7333333333333333,True,0.3751984126984127,3.119954024811393,0.04836309523809524,0.07738095238095238,0.3435729847494553,3.1444372654540813,0.04647785039941903,0.058823529411764705,1.0,1.0,0.9107142857142857,0.7163672280733414,0.6506213136128033,none,0,0,
30951,homogeneous,0.25,30,6,0.35,14,0,0.7666666666666667,True,0.37797619047619047,3.1352296435537332,0.04795564058956915,0.06845238095238096,0.3460686600221483,3.1638505965132597,0.0458824957781923,0.059800664451827246,0.9666666666666667,0.9666666666666667,0.8958333333333334,0.7686598685188861,0.7108557611663336,none,0,0,
30952,homogeneous,0.25,30,6,0.35,14,0,0.7722222222222223,True,0.3535714285714284,3.1573330226068883,0.04639668367346938,0.06845238095238096,0.3317777777777777,3.1790407958726234,0.04497777777777779,0.06,0.9666666666666667,0.9666666666666667,0.8928571428571429,0.8120691363494127,0.7468819914733885,none,0,0,
30953,homogeneous,0.25,30,6,0.35,14,0,0.7388888888888889,True,0.36726190476190457,3.1233030969031885,0.047689909297052156,0.06547619047619048,0.3458757062146891,3.1442109684047375,0.04641195058891123,0.061016949152542375,0.9666666666666667,0.9666666666666667,0.8779761904761905,0.8187119485567315,0.7429344997242776,none,0,0,
30954,homogeneous,0.25,30,6,0.35,14,0,0.7055555555555556,True,0.3934523809523809,3.053766962809367,0.04990433673469387,0.0744047619047619,0.3675324675324674,3.070523448842204,0.04851155338168325,0.05844155844155844,0.8333333333333334,0.8333333333333334,0.9166666666666666,0.7210965666775347,0.660457549662247,none,0,0,
30955,homogeneous,0.25,30,6,0.35,14,0,0.7277777777777777,True,0.3930555555555555,3.0921275026547166,0.0495500283446712,0.06845238095238096,0.36169491525423725,3.1195970530210433,0.04765297328353921,0.061016949152542375,0.9666666666666667,0.9666666666666667,0.8779761904761905,0.7936330652413536,0.6982021900520783,none,0,0,
30956,homogeneous,0.25,30,6,0.35,14,0,0.7166666666666667,True,0.38650793650793647,3.089916014330724,0.04900085034013606,0.06845238095238096,0.36849942726231366,3.1110423068332316,0.04769664977976169,0.061855670103092786,0.9,0.9,0.8660714285714286,0.8120099987236774,0.739941736893595,none,0,0,
30957,homogeneous,0.25,30,6,0.35,14,0,0.7277777777777777,True,0.398611111111111,3.0740830250113627,0.050010629251700675,0.08333333333333333,0.35589919816723925,3.106551815727221,0.04729514294824105,0.061855670103092786,0.8666666666666667,0.8666666666666667,0.8660714285714286,0.8019361098541816,0.7098787074583416,none,0,0,
30958,homogeneous,0.25,30,6,0.35,14,0,0.7333333333333333,True,0.37916666666666665,3.09975146024338,0.04880598072562358,0.06845238095238096,0.349612403100775,3.121983544626832,0.04729528371651527,0.059800664451827246,0.9666666666666667,0.9666666666666667,0.8958333333333334,0.7549518179821967,0.6786805096589187,none,0,0,
30959,homogeneous,0.25,30,6,0.35,14,1,0.75,True,0.3742063492063492,3.1072013868442427,0.04830994897959184,0.07142857142857142,0.35319634703196345,3.1294365962312076,0.04684274723212609,0.06164383561643835,0.9333333333333333,0.9333333333333333,0.8690476190476191,0.8251519852691254,0.771788180779642,none,0,0,
30960,homogeneous,0.5,30,6,0.35,14,0,0.7666666666666667,True,0.3746031746031746,3.136513836702656,0.04809736394557823,0.0744047619047619,0.3350515463917525,3.172222047032354,0.045547407328680574,0.061855670103092786,1.0,1.0,0.8660714285714286,0.7919944187121466,0.732355041267959,none,0,0,
30961,homogeneous,0.5,30,6,0.35,14,0,0.7555555555555555,True,0.3744047619047619,3.1225679402261926,0.048061933106575964,0.07142857142857142,0.3435729847494553,3.1463527457567495,0.04626425733692169,0.058823529411764705,0.9666666666666667,0.9666666666666667,0.9107142857142857,0.7773353258146174,0.7241311643975444,none,0,0,
30962,homogeneous,0.5,30,6,0.35,14,0,0.7722222222222223,True,0.37797619047619047,3.1314964168768062,0.04804421768707483,0.06845238095238096,0.3408026755852842,3.1627040408560094,0.045804856768939944,0.06020066889632107,0.9666666666666667,0.9666666666666667,0.8898809523809523,0.8037482770696385,0.7479219867671064,none,0,0,
30963,homogeneous,0.5,30,6,0.35,14,1,0.7333333333333333,True,0.36111111111111094,3.1150835459273,0.04793792517006802,0.07142857142857142,0.3339869281045751,3.1342114973742317,0.046584646930667696,0.058823529411764705,1.0,1.0,0.9107142857142857,0.7516279407835272,0.6816948535726178,none,0,0,
30964,homogeneous,0.5,30,6,0.35,14,2,0.75,True,0.3771825396825397,3.1246535998223304,0.048345379818594096,0.08630952380952381,0.3352413019079685,3.15940486762825,0.04551689736874922,0.06060606060606061,0.9666666666666667,0.9666666666666667,0.8839285714285714,0.7967155355351867,0.7551614629192301,none,0,0,
30965,homogeneous,0.5,30,6,0.35,14,0,0.7333333333333333,True,0.3708333333333331,3.0970877891434863,0.048168225623582764,0.06845238095238096,0.33860830527497177,3.1183409008787217,0.046605221689396764,0.06060606060606061,0.9,0.9,0.8839285714285714,0.7909403239981335,0.7096402753464673,none,0,0,
30966,homogeneous,0.5,30,6,0.35,14,0,0.7166666666666667,True,0.41210317460317447,3.0656897288502662,0.050807823129251695,0.06845238095238096,0.37908045977011473,3.097897739753735,0.048466111771700356,0.06206896551724138,0.8666666666666667,0.8666666666666667,0.8630952380952381,0.7761009818947483,0.7169461860572284,none,0,0,
30967,homogeneous,0.5,30,6,0.35,14,0,0.7444444444444445,True,0.3773809523809524,3.1245402461710503,0.04809736394557823,0.0744047619047619,0.34370860927152314,3.152241450265404,0.04589710977588702,0.059602649006622516,0.9333333333333333,0.9333333333333333,0.8988095238095238,0.7352419094256993,0.6835901718189685,none,0,0,
30968,homogeneous,0.5,30,6,0.35,14,1,0.7277777777777777,True,0.3825396825396825,3.09594492236786,0.049053996598639446,0.07142857142857142,0.34866666666666646,3.122889107156514,0.04693333333333334,0.06,0.9333333333333333,0.9333333333333333,0.8928571428571429,0.7726855418201038,0.7132494925891466,none,0,0,
30969,homogeneous,0.5,30,6,0.35,14,0,0.7388888888888889,True,0.36726190476190457,3.108086935885205,0.04804421768707483,0.06845238095238096,0.34287245444801706,3.1245403894077093,0.046825405030965356,0.05787781350482315,0.9333333333333333,0.9333333333333333,0.9255952380952381,0.7441970697031691,0.6881262672479126,none,0,0,
30970,homogeneous,0.5,30,6,0.35,14,1,0.7388888888888889,True,0.3922619047619047,3.1028473009946533,0.04930201247165533,0.0744047619047619,0.3572706935123042,3.133005363769062,0.04704743029593261,0.06040268456375839,0.9333333333333333,0.9333333333333333,0.8869047619047619,0.7752637713435718,0.7124096509325123,none,0,0,
30971,homogeneous,0.5,30,6,0.35,14,1,0.7222222222222222,True,0.38869047619047614,3.1015595055014895,0.04892998866213152,0.07142857142857142,0.3587570621468925,3.1285472088444277,0.04703246193622523,0.061016949152542375,0.9333333333333333,0.9333333333333333,0.8779761904761905,0.7786323942946566,0.7203953851475476,none,0,0,
30972,homogeneous,0.5,30,6,0.35,14,0,0.75,True,0.36984126984126964,3.1199240924185316,0.04779620181405895,0.0744047619047619,0.3427118644067795,3.144223400861946,0.0461361677678828,0.061016949152542375,0.9333333333333333,0.9333333333333333,0.8779761904761905,0.8178618508981255,0.7622760608231687,none,0,0,
30973,homogeneous,0.5,30,6,0.35,14,0,0.7222222222222222,True,0.39662698412698405,3.069915220891676,0.04978032879818595,0.06845238095238096,0.3563926940639268,3.0976476665839905,0.047710639894914614,0.06164383561643835,0.8666666666666667,0.8666666666666667,0.8690476190476191,0.8106363979611109,0.6993247579618848,none,0,0,
30974,homogeneous,0.5,30,6,0.35,14,0,0.7611111111111111,True,0.3543650793650792,3.1376643531927026,0.046644699546485265,0.06547619047619048,0.3379719525350593,3.1517172112557574,0.04573684816874561,0.05825242718446602,0.9333333333333333,0.9333333333333333,0.9196428571428571,0.7534484933977249,0.6742102871735421,none,0,0,
30975,homogeneous,0.5,30,6,0.35,14,0,0.7333333333333333,True,0.3813492063492063,3.1059672891397594,0.04884141156462585,0.0744047619047619,0.3488888888888888,3.132544304127661,0.046777777777777786,0.06,0.9666666666666667,0.9666666666666667,0.8928571428571429,0.7788032553000402,0.7163955412233277,none,0,0,
30976,homogeneous,0.5,30,6,0.35,14,0,0.75,True,0.385515873015873,3.1122227957572135,0.04868197278911564,0.07142857142857142,0.3468227424749162,3.1425343447220984,0.04640887685820069,0.06020066889632107,0.9666666666666667,0.9666666666666667,0.8898809523809523,0.7464284975089438,0.6802637011543173,none,0,0,
30977,homogeneous,0.5,30,6,0.35,14,0,0.7444444444444445,True,0.3579365079365078,3.1213861591146244,0.04738874716553288,0.0625,0.3374999999999999,3.138608340884967,0.046333968144044314,0.05921052631578947,0.9666666666666667,0.9666666666666667,0.9047619047619048,0.7588195788654278,0.7084617903441015,none,0,0,
30978,homogeneous,0.5,30,6,0.35,14,0,0.7555555555555555,True,0.38650793650793647,3.104780419815879,0.04896541950113378,0.0744047619047619,0.350438596491228,3.1326586765857765,0.04668022853185595,0.05921052631578947,0.9333333333333333,0.9333333333333333,0.9047619047619048,0.758665446535656,0.7181818963555905,none,0,0,
30979,homogeneous,0.5,30,6,0.35,14,0,0.7555555555555555,True,0.3821428571428571,3.1274382190085075,0.04827451814058956,0.06845238095238096,0.3510964912280701,3.154089648355894,0.04635560941828255,0.05921052631578947,0.9666666666666667,0.9666666666666667,0.9047619047619048,0.7389045116575792,0.686955818639552,none,0,0,
30980,homogeneous,0.5,30,6,0.35,14,0,0.7444444444444445,True,0.36865079365079345,3.11399783597545,0.04768990929705215,0.06845238095238096,0.33903508771929824,3.135010808905686,0.0461608379501385,0.05921052631578947,0.9,0.9,0.9047619047619048,0.7855740677208701,0.7181311360991054,none,0,0,
30981,homogeneous,0.5,30,6,0.35,14,0,0.7333333333333333,True,0.3930555555555555,3.0937262744767917,0.04921343537414966,0.06547619047619048,0.3664429530201341,3.1181133176480063,0.047475338948696,0.06040268456375839,0.9,0.9,0.8869047619047619,0.7716267638402745,0.6851293529456005,none,0,0,
30982,homogeneous,0.5,30,6,0.35,14,0,0.7388888888888889,True,0.375,3.087779373919941,0.04848710317460317,0.07142857142857142,0.3500576701268743,3.107947082664054,0.04708995342488714,0.058823529411764705,0.8666666666666667,0.8666666666666667,0.8601190476190477,0.8284663978537359,0.7642703058246894,none,0,0,
30983,homogeneous,0.5,30,6,0.35,14,2,0.7055555555555556,True,0.3910714285714285,3.0655418643399965,0.050010629251700675,0.0744047619047619,0.3548245614035086,3.090431345703834,0.04782721606648199,0.05921052631578947,0.8666666666666667,0.8666666666666667,0.9047619047619048,0.6823592937704231,0.6233209660195403,none,0,0,
30984,homogeneous,0.5,30,6,0.35,14,0,0.7833333333333333,True,0.32698412698412693,3.1793195750246412,0.045192035147392284,0.06547619047619048,0.3106837606837607,3.1935195156819223,0.04433760683760684,0.057692307692307696,1.0,1.0,0.9285714285714286,0.7726625989877737,0.7304985209419544,none,0,0,
30985,homogeneous,0.5,30,6,0.35,14,0,0.7222222222222222,True,0.39682539682539675,3.0844767705976577,0.04983347505668934,0.06845238095238096,0.36354515050167224,3.1111470797503595,0.047862999295309884,0.06020066889632107,0.9666666666666667,0.9666666666666667,0.8898809523809523,0.7606459459208524,0.6976266580582816,none,0,0,
30986,homogeneous,0.5,30,6,0.35,14,0,0.75,True,0.3474206349206348,3.1255315764165363,0.04708758503401359,0.05952380952380952,0.3331140350877191,3.13991334143695,0.04631232686980609,0.05592105263157895,0.9666666666666667,0.9666666666666667,0.9047619047619048,0.7807490730200751,0.71772308048536,none,0,0,
30987,homogeneous,0.5,30,6,0.35,14,2,0.7055555555555556,True,0.3767857142857143,3.068104096510118,0.049195719954648526,0.0744047619047619,0.35635738831615105,3.085844165471946,0.04798006636671744,0.058419243986254296,0.8666666666666667,0.8666666666666667,0.8660714285714286,0.8251500387321835,0.7482352589568116,none,0,0,
30988,homogeneous,0.5,30,6,0.35,14,2,0.7277777777777777,True,0.3658730158730157,3.0995494035773214,0.048150510204081634,0.06547619047619048,0.34337606837606827,3.1131804048111396,0.04719345825115056,0.057692307692307696,0.9333333333333333,0.9333333333333333,0.9285714285714286,0.7196382957323338,0.6544395637529157,none,0,0,
30989,homogeneous,0.5,30,6,0.35,14,0,0.7555555555555555,True,0.37043650793650773,3.1177303527835942,0.048168225623582764,0.08333333333333333,0.3470457079152731,3.1420374123862422,0.04629702128611537,0.06020066889632107,0.9333333333333333,0.9333333333333333,0.8898809523809523,0.778121993597298,0.7297428834454293,none,0,0,
30990,homogeneous,0.75,30,6,0.35,14,0,0.7388888888888889,True,0.36746031746031727,3.1216012168957277,0.04781391723356008,0.06845238095238096,0.3389978213507625,3.1417778092121043,0.046435131786919555,0.058823529411764705,0.9666666666666667,0.9666666666666667,0.9107142857142857,0.7546493675045679,0.6913358533699488,none,0,0,
30991,homogeneous,0.75,30,6,0.35,14,0,0.7166666666666667,True,0.40714285714285703,3.0560203651657796,0.05073696145124717,0.07142857142857142,0.36197183098591545,3.089175925035849,0.04817992461813132,0.06338028169014084,0.9,0.9,0.8452380952380952,0.8276903962009817,0.7589584053751456,none,0,0,
30992,homogeneous,0.75,30,6,0.35,14,0,0.7333333333333333,True,0.38948412698412693,3.0944144845689814,0.049053996598639446,0.07142857142857142,0.3559284116331096,3.121348581531335,0.04700238727985225,0.06040268456375839,0.9,0.9,0.8869047619047619,0.7761438072972826,0.693639785753322,none,0,0,
30993,homogeneous,0.75,30,6,0.35,14,0,0.75,True,0.36845238095238075,3.1139006672470253,0.047725340136054416,0.0625,0.35136612021857916,3.128893597581,0.046772373018005915,0.05901639344262295,0.9333333333333333,0.9333333333333333,0.9077380952380952,0.7758478460420851,0.6904995932454714,none,0,0,
30994,homogeneous,0.75,30,6,0.35,14,1,0.7277777777777777,True,0.3932539682539682,3.0836449694270502,0.04960317460317461,0.06845238095238096,0.35864833906071003,3.111796312899282,0.04753132343737084,0.061855670103092786,0.9333333333333333,0.9333333333333333,0.8660714285714286,0.8039246103589738,0.728810289269077,none,0,0,
30995,homogeneous,0.75,30,6,0.35,14,0,0.7055555555555556,True,0.39583333333333326,3.077177339618275,0.0497094671201814,0.07142857142857142,0.3645905420991926,3.104242529538217,0.04783228170160798,0.06228373702422145,0.9,0.9,0.8601190476190477,0.7965031712106988,0.7177087781018091,none,0,0,
30996,homogeneous,0.75,30,6,0.35,14,0,0.7222222222222222,True,0.402579365079365,3.0762986741502103,0.05013463718820862,0.07738095238095238,0.3666666666666665,3.107428877560788,0.04779710813534218,0.0627177700348432,0.9,0.9,0.8541666666666666,0.8058223030894444,0.7104789959990526,none,0,0,
30997,homogeneous,0.75,30,6,0.35,14,1,0.7388888888888889,True,0.3748015873015873,3.100130964963569,0.04843395691609977,0.06547619047619048,0.35581395348837197,3.118301718217739,0.04729528371651527,0.059800664451827246,0.9333333333333333,0.9333333333333333,0.8958333333333334,0.771156432533826,0.6814593674697579,none,0,0,
30998,homogeneous,0.75,30,6,0.35,14,0,0.7666666666666667,True,0.3559523809523808,3.15124440109167,0.0468218537414966,0.07142857142857142,0.32869757174392933,3.174574438169395,0.045261172755580906,0.059602649006622516,1.0,1.0,0.8988095238095238,0.79337774306385,0.7355183072539498,none,0,0,
30999,homogeneous,0.75,30,6,0.35,14,1,0.7555555555555555,True,0.3753968253968254,3.1211877497047698,0.04799107142857142,0.07142857142857142,0.3447397563676633,3.1465726422471474,0.04612531870509156,0.059800664451827246,0.9333333333333333,0.9333333333333333,0.8958333333333334,0.7778889043355419,0.7397995387847592,none,0,0,
31000,homogeneous,0.75,30,6,0.35,14,0,0.7388888888888889,True,0.3902777777777777,3.0943200042804064,0.04955002834467119,0.08035714285714286,0.35185185185185164,3.1259668704903323,0.046967996462945964,0.06060606060606061,0.9333333333333333,0.9333333333333333,0.8839285714285714,0.755072015631697,0.6920107046513101,none,0,0,
31001,homogeneous,0.75,30,6,0.35,14,1,0.6944444444444444,True,0.4251984126984125,3.0306415830238853,0.05213647959183673,0.0744047619047619,0.3936026936026935,3.057364856166066,0.05000623519142038,0.06060606060606061,0.8666666666666667,0.8666666666666667,0.8839285714285714,0.7232112832876801,0.6482006276515329,none,0,0,
31002,homogeneous,0.75,30,6,0.35,14,1,0.7444444444444445,True,0.36746031746031727,3.1166445275988304,0.047796201814058956,0.05952380952380952,0.3491694352159467,3.1354620500122605,0.046655114181962665,0.059800664451827246,0.9666666666666667,0.9666666666666667,0.8958333333333334,0.7981759626489454,0.7105524833647202,none,0,0,
31003,homogeneous,0.75,30,6,0.35,14,0,0.7777777777777778,True,0.3742063492063492,3.1494581827349375,0.04776077097505669,0.0744047619047619,0.3384444444444443,3.1820795075316504,0.04537777777777779,0.06,1.0,1.0,0.8928571428571429,0.7731166264708951,0.7314453625233927,none,0,0,
31004,homogeneous,0.75,30,6,0.35,14,0,0.7111111111111111,True,0.3833333333333333,3.086001963940628,0.04892998866213152,0.06547619047619048,0.3573951434878586,3.1053033411439417,0.047541774483575286,0.059602649006622516,0.9,0.9,0.8988095238095238,0.7595408476397316,0.6727608998185044,none,0,0,
31005,homogeneous,0.75,30,6,0.35,14,1,0.7277777777777777,True,0.3926587301587301,3.1084486071688713,0.04924886621315193,0.0744047619047619,0.3535632183908044,3.1438831864426384,0.046658739595719374,0.06206896551724138,0.9666666666666667,0.9666666666666667,0.8630952380952381,0.7980709579495254,0.7372387862773034,none,0,0,
31006,homogeneous,0.75,30,6,0.35,14,0,0.75,True,0.3738095238095238,3.1174221577941026,0.048274518140589556,0.08035714285714286,0.3429378531073446,3.1452305098286373,0.04615914966963516,0.0576271186440678,0.9333333333333333,0.9333333333333333,0.8779761904761905,0.808540114280468,0.7326015566635516,none,0,0,
31007,homogeneous,0.75,30,6,0.35,14,0,0.7555555555555555,True,0.373015873015873,3.1241653679029775,0.047813917233560085,0.06845238095238096,0.3442222222222222,3.148090560153347,0.04615555555555556,0.06,0.9333333333333333,0.9333333333333333,0.8928571428571429,0.7952210734255215,0.7566838203022485,none,0,0,
31008,homogeneous,0.75,30,6,0.35,14,0,0.7611111111111111,True,0.3644841269841268,3.13975526912091,0.047282454648526075,0.06547619047619048,0.33787375415282384,3.1631580906920043,0.0457721217205108,0.059800664451827246,1.0,1.0,0.8958333333333334,0.786190322147419,0.6916916080991123,none,0,0,
31009,homogeneous,0.75,30,6,0.35,14,0,0.7722222222222223,True,0.3646825396825395,3.138875946150659,0.047530470521541954,0.08333333333333333,0.3255555555555554,3.1703599069913073,0.04497777777777778,0.06,0.9666666666666667,0.9666666666666667,0.8928571428571429,0.7778774628885735,0.7167778529058743,none,0,0,
31010,homogeneous,0.75,30,6,0.35,14,0,0.7444444444444445,True,0.35873015873015857,3.108835474854348,0.04742417800453515,0.06547619047619048,0.3435814455231929,3.1205964685224896,0.046637550926362306,0.05825242718446602,0.9,0.9,0.9196428571428571,0.753770263466878,0.6945042382425936,none,0,0,
31011,homogeneous,0.75,30,6,0.35,14,0,0.7666666666666667,True,0.3757936507936508,3.125102053888231,0.04836309523809524,0.08630952380952381,0.34078947368421053,3.156024829764863,0.045792936288088636,0.05921052631578947,0.9333333333333333,0.9333333333333333,0.9047619047619048,0.7302497496427486,0.6883203194735815,none,0,0,
31012,homogeneous,0.75,30,6,0.35,14,0,0.7277777777777777,True,0.3716269841269839,3.111638571193914,0.04800878684807256,0.0625,0.35364238410596016,3.1313889937516404,0.04675233542388492,0.059602649006622516,0.9,0.9,0.8988095238095238,0.7706736280847776,0.6863813700044162,none,0,0,
31013,homogeneous,0.75,30,6,0.35,14,1,0.7166666666666667,True,0.3936507936507936,3.0572805691730713,0.05015235260770975,0.07738095238095238,0.3671096345514948,3.0758041084010928,0.048597697597156764,0.059800664451827246,0.8666666666666667,0.8666666666666667,0.8958333333333334,0.7638219232088185,0.6922673773483613,none,0,0,
31014,homogeneous,0.75,30,6,0.35,14,0,0.7277777777777777,True,0.36865079365079345,3.112905157875598,0.04806193310657596,0.06845238095238096,0.33999999999999986,3.133142461784648,0.04666487503359312,0.05573770491803279,0.9666666666666667,0.9666666666666667,0.9077380952380952,0.7468988489847229,0.6814392922426605,none,0,0,
31015,homogeneous,0.75,30,6,0.35,14,0,0.75,True,0.39821428571428563,3.096379784551186,0.049727182539682536,0.08333333333333333,0.35507246376811574,3.1317429080022086,0.04678918580329079,0.06020066889632107,0.9,0.9,0.8898809523809523,0.7476406183143459,0.6934951566745449,none,0,0,
31016,homogeneous,0.75,30,6,0.35,14,0,0.7111111111111111,True,0.39841269841269833,3.0383668878456755,0.051622732426303844,0.09821428571428571,0.3644518272425248,3.0682714590794244,0.048531473162547877,0.059800664451827246,0.8333333333333334,0.8333333333333334,0.8958333333333334,0.6843292065230382,0.6477810951262559,none,0,0,
31017,homogeneous,0.75,30,6,0.35,14,0,0.7333333333333333,True,0.3821428571428571,3.1081123703954616,0.04868197278911564,0.07142857142857142,0.35084745762711855,3.1348153595041572,0.04680264291870153,0.061016949152542375,0.9666666666666667,0.9666666666666667,0.8779761904761905,0.7928801916711924,0.7247953338244786,none,0,0,
31018,homogeneous,0.75,30,6,0.35,14,0,0.7777777777777778,True,0.34146825396825387,3.1512693892736476,0.045865221088435375,0.06547619047619048,0.31481481481481466,3.1697948988493603,0.044576872143192794,0.058823529411764705,0.9333333333333333,0.9333333333333333,0.9107142857142857,0.8054800636397519,0.7709626396211567,none,0,0,
31019,homogeneous,0.75,30,6,0.35,14,0,0.7166666666666667,True,0.40496031746031735,3.0685724127283023,0.050701530612244895,0.08630952380952381,0.3688888888888888,3.09835091495705,0.04813333333333334,0.06,0.8666666666666667,0.8666666666666667,0.8928571428571429,0.7573468127182679,0.6886375663289614,none,0,0,
31020,homogeneous,0.9,30,6,0.35,14,1,0.7611111111111111,True,0.35853174603174587,3.15641002152533,0.047034438775510196,0.0744047619047619,0.32816281628162813,3.1842664224737565,0.04501737302443115,0.0594059405940594,1.0,1.0,0.9017857142857143,0.7528262656497509,0.7178986487578259,none,0,0,
31021,homogeneous,0.9,30,6,0.35,14,0,0.7333333333333333,True,0.3906746031746031,3.1000401934175454,0.0493374433106576,0.07142857142857142,0.35476992143658803,3.1299291902624318,0.047149383849720554,0.06060606060606061,0.9666666666666667,0.9666666666666667,0.8839285714285714,0.7720626002483123,0.7282275745267145,none,0,0,
31022,homogeneous,0.9,30,6,0.35,14,0,0.7333333333333333,True,0.3906746031746031,3.106434888079118,0.04912485827664399,0.06845238095238096,0.354083885209713,3.13582362642261,0.046905837463269165,0.059602649006622516,0.9666666666666667,0.9666666666666667,0.8988095238095238,0.7121222000983652,0.6553883450707848,none,0,0,
31023,homogeneous,0.9,30,6,0.35,14,0,0.7222222222222222,True,0.42142857142857126,3.0583364836931235,0.0516935941043084,0.07738095238095238,0.37792792792792773,3.0947815082848917,0.04868973703433163,0.060810810810810814,0.9333333333333333,0.9333333333333333,0.8809523809523809,0.7537845853945752,0.7051216395347831,none,0,0,
31024,homogeneous,0.9,30,6,0.35,14,0,0.7388888888888889,True,0.3932539682539682,3.093968337458267,0.04946145124716553,0.06845238095238096,0.3662053056516723,3.1217253435075683,0.04764071311406712,0.06228373702422145,0.9666666666666667,0.9666666666666667,0.8601190476190477,0.8114657395893862,0.7451001075840034,none,0,0,
31025,homogeneous,0.9,30,6,0.35,14,0,0.7666666666666667,True,0.3488095238095237,3.151148668487777,0.046680130385487524,0.08035714285714286,0.31476510067114094,3.179422877825821,0.04457006441151298,0.05704697986577181,0.9666666666666667,0.9666666666666667,0.8869047619047619,0.7916961877359459,0.7409211090835971,none,0,0,
31026,homogeneous,0.9,30,6,0.35,14,1,0.7666666666666667,True,0.3555555555555554,3.147671250897078,0.04671556122448979,0.0625,0.32666666666666666,3.171088353314413,0.045222222222222226,0.06,1.0,1.0,0.8928571428571429,0.7973496397446446,0.712346906488313,none,0,0,
31027,homogeneous,0.9,30,6,0.35,14,1,0.6944444444444444,True,0.4003968253968253,3.0451522925207204,0.050258645124716554,0.07142857142857142,0.36869369369369354,3.0666201307985097,0.048507121986851726,0.060810810810810814,0.8,0.8,0.8809523809523809,0.7472945257055956,0.6915580221171042,none,0,0,
31028,homogeneous,0.9,30,6,0.35,14,1,0.7555555555555555,True,0.35873015873015857,3.135454209394718,0.04722930839002267,0.06547619047619048,0.3251655629139072,3.158697361195482,0.04565589228542608,0.059602649006622516,1.0,1.0,0.8988095238095238,0.8006213574278873,0.7277639486054381,none,0,0,
31029,homogeneous,0.9,30,6,0.35,14,0,0.7333333333333333,True,0.3724206349206347,3.111299847298172,0.048044217687074835,0.06845238095238096,0.3398210290827739,3.135017032726763,0.04637178505472726,0.06040268456375839,0.9333333333333333,0.9333333333333333,0.8869047619047619,0.7866990000441434,0.7238088630687068,none,0,0,
31030,homogeneous,0.9,30,6,0.35,14,0,0.7333333333333333,True,0.36726190476190457,3.0997251728762194,0.047796201814058956,0.06845238095238096,0.3423841059602648,3.117060963749657,0.04653304679619315,0.059602649006622516,0.8666666666666667,0.8666666666666667,0.8988095238095238,0.78503420445885,0.7328999975147533,none,0,0,
31031,homogeneous,0.9,30,6,0.35,14,0,0.7222222222222222,True,0.3738095238095238,3.0897030132344017,0.04830994897959183,0.06547619047619048,0.346171171171171,3.108989482356687,0.046932067202337474,0.057432432432432436,0.8666666666666667,0.8666666666666667,0.8809523809523809,0.7931343833058583,0.6949367091970596,none,0,0,
31032,homogeneous,0.9,30,6,0.35,14,0,0.7333333333333333,True,0.36091269841269824,3.111136908530597,0.047459608843537414,0.06845238095238096,0.33071895424836595,3.129476311898166,0.046072023580674096,0.058823529411764705,0.9,0.9,0.9107142857142857,0.7729917423445762,0.7058783629572755,none,0,0,
31033,homogeneous,0.9,30,6,0.35,14,0,0.7444444444444445,True,0.3553571428571427,3.1320488350117675,0.046999007936507936,0.06547619047619048,0.340300107181136,3.144754957033028,0.0461843860175143,0.05787781350482315,0.9333333333333333,0.9333333333333333,0.9255952380952381,0.7698420866402412,0.6877470849003192,none,0,0,
31034,homogeneous,0.9,30,6,0.35,14,0,0.7277777777777777,True,0.3813492063492063,3.077208049568172,0.048947704081632654,0.06547619047619048,0.3641891891891891,3.0924505095288652,0.047982103725346975,0.060810810810810814,0.8666666666666667,0.8666666666666667,0.8809523809523809,0.8035699999535434,0.7274136437980223,none,0,0,
31035,homogeneous,0.9,30,6,0.35,14,0,0.7333333333333333,True,0.3859126984126984,3.1161256808029942,0.04884141156462584,0.07738095238095238,0.35507246376811574,3.1446930733966156,0.04667733023120547,0.06020066889632107,0.9666666666666667,0.9666666666666667,0.8898809523809523,0.7722923879037156,0.6995577943253036,none,0,0,
31036,homogeneous,0.9,30,6,0.35,14,0,0.7444444444444445,True,0.35257936507936494,3.1234052218255397,0.04730017006802721,0.07142857142857142,0.3274122807017543,3.1417100583543425,0.04605263157894736,0.05592105263157895,0.9666666666666667,0.9666666666666667,0.9047619047619048,0.786598460513957,0.7197786964138962,none,0,0,
31037,homogeneous,0.9,30,6,0.35,14,0,0.7388888888888889,True,0.4011904761904761,3.084818847214461,0.05022321428571428,0.08630952380952381,0.3556306306306305,3.1219054496408893,0.04702337472607743,0.060810810810810814,0.9,0.9,0.8809523809523809,0.7720137828368162,0.7006318951662761,none,0,0,
31038,homogeneous,0.9,30,6,0.35,14,1,0.7333333333333333,True,0.3998015873015872,3.0676262043487506,0.05022321428571429,0.08035714285714286,0.3580790960451976,3.0992010146780093,0.04744613616776788,0.061016949152542375,0.8333333333333334,0.8333333333333334,0.8779761904761905,0.7794280162384747,0.7083129297106762,none,0,0,
31039,homogeneous,0.9,30,6,0.35,14,0,0.7666666666666667,True,0.35238095238095224,3.147686238638205,0.046591553287981854,0.07142857142857142,0.3204954954954955,3.17295511674889,0.04490047479912345,0.060810810810810814,0.9666666666666667,0.9666666666666667,0.8809523809523809,0.8117470542156511,0.7467155067894068,none,0,0,
31040,homogeneous,0.9,30,6,0.35,14,0,0.7722222222222223,True,0.3454365079365078,3.143946479879779,0.04627267573696145,0.0625,0.3152505446623093,3.162758096970999,0.04498269896193771,0.05555555555555555,0.9666666666666667,0.9666666666666667,0.9107142857142857,0.7796551000740509,0.7221291614530934,none,0,0,
31041,homogeneous,0.9,30,6,0.35,14,0,0.7611111111111111,True,0.35238095238095224,3.1361469030400326,0.046609268707482984,0.0625,0.32894736842105243,3.154654652066762,0.045403393351800554,0.05921052631578947,0.9333333333333333,0.9333333333333333,0.9047619047619048,0.7928544988077583,0.7249501114430156,none,0,0,
31042,homogeneous,0.9,30,6,0.35,14,0,0.7555555555555555,True,0.3755952380952381,3.1225508417989123,0.0482390873015873,0.07142857142857142,0.3447427293064875,3.1491272396132177,0.04639430656276743,0.06040268456375839,1.0,1.0,0.8869047619047619,0.7884693271279892,0.7355902911387865,none,0,0,
31043,homogeneous,0.9,30,6,0.35,14,0,0.75,True,0.3710317460317458,3.116563472629769,0.047831632653061215,0.07142857142857142,0.3336723163841806,3.1442655459679276,0.04581442114334962,0.0576271186440678,0.9333333333333333,0.9333333333333333,0.8779761904761905,0.8063041002929889,0.747048092647724,none,0,0,
31044,homogeneous,0.9,30,6,0.35,14,0,0.7666666666666667,True,0.35099206349206336,3.145784419341885,0.04666241496598639,0.05952380952380952,0.3410256410256409,3.159400005952588,0.04587853385930309,0.057692307692307696,0.9666666666666667,0.9666666666666667,0.9285714285714286,0.7241147217755967,0.6601188683147332,none,0,0,
31045,homogeneous,0.9,30,6,0.35,14,0,0.7388888888888889,True,0.3654761904761903,3.1087659007490793,0.047689909297052156,0.06547619047619048,0.34828349944629,3.1242883925551044,0.046699263805035265,0.059800664451827246,0.9,0.9,0.8958333333333334,0.7888725763667273,0.720437529747178,none,0,0,
31046,homogeneous,0.9,30,6,0.35,14,0,0.7277777777777777,True,0.36111111111111094,3.1065656025638777,0.047760770975056675,0.0625,0.3501650165016501,3.1199985500299996,0.047021533836551964,0.0594059405940594,0.9333333333333333,0.9333333333333333,0.9017857142857143,0.7661319102074192,0.6839330051342913,none,0,0,
31047,homogeneous,0.9,30,6,0.35,14,0,0.7277777777777777,True,0.38015873015873014,3.1006474704274947,0.04875283446712018,0.07142857142857142,0.34870931537598193,3.1248139824023875,0.04708136357968007,0.06060606060606061,0.9666666666666667,0.9666666666666667,0.8839285714285714,0.791097243237306,0.7038156169462723,none,0,0,
31048,homogeneous,0.9,30,6,0.35,14,0,0.7333333333333333,True,0.3757936507936508,3.1049274908306055,0.048611111111111105,0.07142857142857142,0.35121412803532004,3.1246605469279607,0.04730055699311434,0.059602649006622516,0.9666666666666667,0.9666666666666667,0.8988095238095238,0.77306788336876,0.7126514871629296,none,0,0,
31049,homogeneous,0.9,30,6,0.35,14,0,0.7611111111111111,True,0.36011904761904745,3.142837743273866,0.04712301587301587,0.07142857142857142,0.33766233766233755,3.1631881683687504,0.04572862202732333,0.05844155844155844,0.9666666666666667,0.9666666666666667,0.9166666666666666,0.7320689582822612,0.682691615163758,none,0,0,
31050,homogeneous,0.98,30,6,0.35,14,0,0.7444444444444445,True,0.3658730158730157,3.1485738884262977,0.04719387755102042,0.0744047619047619,0.3206509539842872,3.184675625589108,0.04440589962475484,0.06060606060606061,0.9333333333333333,0.9333333333333333,0.8839285714285714,0.7895290290579222,0.7329563870010504,none,0,0,
31051,homogeneous,0.98,30,6,0.35,14,0,0.7333333333333333,True,0.38115079365079363,3.0854019210834496,0.048841411564625854,0.06845238095238096,0.3542222222222222,3.1023724508274877,0.047644444444444455,0.06,0.9,0.9,0.8928571428571429,0.781087373804132,0.6974897950708029,none,0,0,
31052,homogeneous,0.98,30,6,0.35,14,0,0.7555555555555555,True,0.4003968253968253,3.1053565865649113,0.050010629251700675,0.08630952380952381,0.3510204081632653,3.1494554906405914,0.04627701420704336,0.061224489795918366,0.9333333333333333,0.9333333333333333,0.875,0.7847332530531964,0.7417654474579657,none,0,0,
31053,homogeneous,0.98,30,6,0.35,14,1,0.75,True,0.36904761904761885,3.115589257696058,0.04802650226757369,0.06845238095238096,0.34519015659955254,3.136832763933746,0.046687086167289754,0.06040268456375839,0.9666666666666667,0.9666666666666667,0.8869047619047619,0.7990319236274398,0.7059029906006081,none,0,0,
31054,homogeneous,0.98,30,6,0.35,14,0,0.7222222222222222,True,0.385515873015873,3.0933186093072207,0.04901856575963719,0.07142857142857142,0.3577625570776255,3.1195503748322677,0.04719459560893225,0.06164383561643835,0.9,0.9,0.8690476190476191,0.8287982913881474,0.7465687867947625,none,0,0,
31055,homogeneous,0.98,30,6,0.35,14,0,0.7444444444444445,True,0.3720238095238093,3.10416269896766,0.048168225623582764,0.06845238095238096,0.34811218985976256,3.1213508362062017,0.04690985641122317,0.05825242718446602,0.9333333333333333,0.9333333333333333,0.9196428571428571,0.7392193916891282,0.6955050231117511,none,0,0,
31056,homogeneous,0.98,30,6,0.35,14,0,0.7222222222222222,True,0.38630952380952377,3.080424767506109,0.04916028911564626,0.07142857142857142,0.3466216216216216,3.106642825096347,0.047114682249817394,0.060810810810810814,0.8666666666666667,0.8666666666666667,0.8809523809523809,0.7620454713158152,0.6999423582756167,none,0,0,
31057,homogeneous,0.98,30,6,0.35,14,0,0.7666666666666667,True,0.37043650793650773,3.143667152735082,0.04753047052154195,0.06845238095238096,0.3390728476821192,3.1709330015882538,0.0456339634226569,0.059602649006622516,0.9666666666666667,0.9666666666666667,0.8988095238095238,0.7587800507313488,0.7141532507081072,none,0,0,
31058,homogeneous,0.98,30,6,0.35,14,0,0.7333333333333333,True,0.37936507936507935,3.0915842498374495,0.04884141156462584,0.0744047619047619,0.3536912751677852,3.1130140576339143,0.04727264537633439,0.06040268456375839,0.9,0.9,0.8869047619047619,0.7759308424919893,0.7315880855662201,none,0,0,
31059,homogeneous,0.98,30,6,0.35,14,0,0.7055555555555556,True,0.41408730158730145,3.067756018476648,0.05119756235827664,0.08333333333333333,0.3643598615916954,3.1089465903888236,0.04780833562816537,0.06228373702422145,0.9333333333333333,0.9333333333333333,0.8601190476190477,0.7649704609462166,0.6946377284147931,none,0,0,
31060,homogeneous,0.98,30,6,0.35,14,1,0.7444444444444445,True,0.36071428571428554,3.1207990233596137,0.047335600907029485,0.06547619047619048,0.34493670886075933,3.1316638273170354,0.04656705656144848,0.056962025316455694,0.9333333333333333,0.9333333333333333,0.9404761904761905,0.7050455949454436,0.665420952698922,none,0,0,
31061,homogeneous,0.98,30,6,0.35,14,0,0.75,True,0.36746031746031727,3.1309521675769303,0.04760133219954648,0.0744047619047619,0.3421633554083885,3.153463756521037,0.04602868295250209,0.059602649006622516,0.9666666666666667,0.9666666666666667,0.8988095238095238,0.7699532837212936,0.7023171499848013,none,0,0,
31062,homogeneous,0.98,30,6,0.35,14,1,0.7277777777777777,True,0.37876984126984126,3.0845302503102383,0.048788265306122444,0.07142857142857142,0.3438418079096044,3.1078344477841515,0.04705544383797759,0.0576271186440678,0.9,0.9,0.8779761904761905,0.7932721331670128,0.7161269700039776,none,0,0,
31063,homogeneous,0.98,30,6,0.35,14,0,0.7055555555555556,True,0.4107142857142856,3.0357397138974656,0.051675878684807254,0.08630952380952381,0.3673423423423423,3.066587461001028,0.048849525200876556,0.060810810810810814,0.8666666666666667,0.8666666666666667,0.8809523809523809,0.7508467647841933,0.6856428750826562,none,0,0,
31064,homogeneous,0.98,30,6,0.35,14,0,0.7055555555555556,True,0.39801587301587293,3.047372987160763,0.05022321428571429,0.06845238095238096,0.3722595078299775,3.0653774030460132,0.0488266294311067,0.06040268456375839,0.8333333333333334,0.8333333333333334,0.8869047619047619,0.7386765401176575,0.6870924003948812,none,0,0,
31065,homogeneous,0.98,30,6,0.35,14,0,0.7388888888888889,True,0.3732142857142857,3.1088819747769305,0.04822137188208615,0.06547619047619048,0.34004550625711016,3.134230634781539,0.046535195517711334,0.06143344709897611,0.9666666666666667,0.9666666666666667,0.8720238095238095,0.8312856650010353,0.724978085184416,none,0,0,
31066,homogeneous,0.98,30,6,0.35,14,0,0.7388888888888889,True,0.37996031746031744,3.104045282038494,0.048504818594104306,0.07142857142857142,0.35409652076318743,3.126700299562429,0.0469226496162523,0.06060606060606061,0.9333333333333333,0.9333333333333333,0.8839285714285714,0.7968255913241516,0.7216828677908659,none,0,0,
31067,homogeneous,0.98,30,6,0.35,14,0,0.7277777777777777,True,0.38988095238095233,3.0669962891487375,0.04978032879818593,0.08035714285714286,0.35117845117845103,3.0933122349872297,0.04753483204661656,0.06060606060606061,0.8666666666666667,0.8666666666666667,0.8839285714285714,0.7862541338357154,0.7242994841130673,none,0,0,
31068,homogeneous,0.98,30,6,0.35,14,0,0.7666666666666667,True,0.3751984126984127,3.1286698947622433,0.047902494331065755,0.0744047619047619,0.34085297418630733,3.158246930476641,0.04574363160221746,0.06060606060606061,0.9666666666666667,0.9666666666666667,0.8839285714285714,0.8065769095880971,0.7610281723615215,none,0,0,
31069,homogeneous,0.98,30,6,0.35,14,0,0.7555555555555555,True,0.36765873015872996,3.130268426591124,0.04774305555555555,0.0744047619047619,0.33277591973244136,3.157687936362019,0.04567063008243756,0.06020066889632107,0.9666666666666667,0.9666666666666667,0.8898809523809523,0.7894869315191334,0.7311610662797401,none,0,0,
31070,homogeneous,0.98,30,6,0.35,14,0,0.7555555555555555,True,0.3708333333333331,3.1256718426959442,0.0480796485260771,0.07142857142857142,0.35005537098560335,3.1469948216248778,0.04672133861657157,0.059800664451827246,1.0,1.0,0.8958333333333334,0.7799396662865378,0.73963652043395,none,0,0,
31071,homogeneous,0.98,30,6,0.35,14,0,0.7555555555555555,True,0.3827380952380952,3.1199730957964267,0.04827451814058956,0.07142857142857142,0.3487431693989069,3.1468687920481866,0.04617038430529427,0.05901639344262295,0.9333333333333333,0.9333333333333333,0.9077380952380952,0.7544279686926193,0.6726235536652984,none,0,0,
31072,homogeneous,0.98,30,6,0.35,14,1,0.7388888888888889,True,0.3837301587301587,3.09424880173313,0.04900085034013605,0.08035714285714286,0.35825027685492783,3.117078399424488,0.04725113409344268,0.059800664451827246,0.9,0.9,0.8958333333333334,0.776391036295838,0.7147734652897065,none,0,0,
31073,homogeneous,0.98,30,6,0.35,14,0,0.7555555555555555,True,0.3565476190476189,3.1323877449037343,0.04696357709750567,0.06845238095238096,0.3262222222222222,3.1543819082305804,0.04540000000000001,0.06,0.9333333333333333,0.9333333333333333,0.8928571428571429,0.8057813035380422,0.7546039510218071,none,0,0,
31074,homogeneous,0.98,30,6,0.35,14,1,0.7166666666666667,True,0.3734126984126984,3.0698978900733236,0.048770549886621314,0.06547619047619048,0.35311111111111093,3.0841276202131973,0.047755555555555565,0.06,0.8333333333333334,0.8333333333333334,0.8928571428571429,0.7940986047898803,0.7508660662435428,none,0,0,
31075,homogeneous,0.98,30,6,0.35,14,0,0.7666666666666667,True,0.3577380952380951,3.132979159389234,0.04721159297052154,0.07738095238095238,0.32826321467098163,3.154007168733561,0.04556927556267739,0.05825242718446602,0.9333333333333333,0.9333333333333333,0.9196428571428571,0.7699027228040608,0.7238266093804252,none,0,0,
31076,homogeneous,0.98,30,6,0.35,14,0,0.7555555555555555,True,0.3628968253968252,3.1315803647045537,0.047087585034013606,0.06845238095238096,0.33741496598639453,3.154401646337181,0.045582858993937714,0.061224489795918366,0.9333333333333333,0.9333333333333333,0.875,0.8255959797109172,0.7473591273287861,none,0,0,
31077,homogeneous,0.98,30,6,0.35,14,0,0.7333333333333333,True,0.3841269841269841,3.09680879098487,0.04884141156462584,0.07738095238095238,0.3503901895206243,3.1229107932293076,0.04681155691770785,0.06020066889632107,0.9,0.9,0.8898809523809523,0.7880330308001001,0.7240088336208523,none,0,0,
31078,homogeneous,0.98,30,6,0.35,14,1,0.7277777777777777,True,0.3630952380952379,3.1101076590745778,0.04768990929705215,0.06845238095238096,0.3387799564270151,3.1275873002943317,0.04643513178691956,0.058823529411764705,0.9,0.9,0.9107142857142857,0.7580078367481359,0.708295340116709,none,0,0,
31079,homogeneous,0.98,30,6,0.35,14,0,0.7388888888888889,True,0.376984126984127,3.103532492107274,0.04859339569160998,0.06547619047619048,0.3466216216216216,3.127602391353882,0.04702337472607743,0.060810810810810814,0.9666666666666667,0.9666666666666667,0.8809523809523809,0.791609625243945,0.7051946984794589,none,0,0,
31080,prompt_diverse,0.0,30,6,0.35,14,0,0.7055555555555556,True,0.4636904761904761,3.006953064667254,0.056140164399092966,0.09226190476190477,0.39534883720930214,3.0818099996625743,0.04966648638903912,0.06976744186046512,0.9,0.9,0.7678571428571429,0.9033950599882538,0.7970254089374192,none,0,0,
31081,prompt_diverse,0.0,30,6,0.35,14,0,0.7666666666666667,True,0.42321428571428554,3.0981956420242756,0.052756519274376405,0.09226190476190477,0.33333333333333326,3.192441929092091,0.044692581866785465,0.06343283582089553,0.9666666666666667,0.9666666666666667,0.7976190476190477,0.846500859668807,0.7777784782284134,none,0,0,
31082,prompt_diverse,0.0,30,6,0.35,14,1,0.75,True,0.38988095238095233,3.1019491111337083,0.04933744331065759,0.08333333333333333,0.3560885608856088,3.13798510959977,0.04674500619544941,0.06642066420664207,0.9333333333333333,0.9333333333333333,0.8065476190476191,0.8748839139428348,0.8134178340767567,none,0,0,
31083,prompt_diverse,0.0,30,6,0.35,14,0,0.7166666666666667,True,0.44146825396825395,3.0533926681679193,0.053465136054421776,0.08035714285714286,0.38020833333333326,3.1229484976076187,0.048187255859375,0.0703125,0.9333333333333333,0.9333333333333333,0.7619047619047619,0.9056932504389091,0.821698005340826,none,0,0,
31084,prompt_diverse,0.0,30,6,0.35,14,0,0.7111111111111111,True,0.4273809523809522,3.058792348128752,0.05210104875283447,0.08035714285714286,0.36366120218579234,3.1266430428742953,0.047467078742273586,0.06557377049180328,0.9333333333333333,0.9333333333333333,0.7261904761904762,0.9441885881960334,0.8398192767578543,none,0,0,
31085,prompt_diverse,0.0,30,6,0.35,14,0,0.6944444444444444,True,0.47638888888888875,2.9811213516743353,0.05810657596371882,0.09821428571428571,0.3958831341301461,3.0675187487780393,0.04988809701433312,0.07171314741035857,0.8666666666666667,0.8666666666666667,0.7470238095238095,0.9008091376037011,0.7757466674570411,none,0,0,
31086,prompt_diverse,0.0,30,6,0.35,14,0,0.7111111111111111,True,0.46646825396825387,3.0010133208811514,0.056281887755102025,0.09523809523809523,0.4077124183006535,3.07095951063032,0.05051903114186851,0.07058823529411765,0.9,0.9,0.7589285714285714,0.8772812290469338,0.7885030066404343,none,0,0,
31087,prompt_diverse,0.0,30,6,0.35,14,0,0.6833333333333333,True,0.46865079365079354,2.9919407475562316,0.055998441043083894,0.08630952380952381,0.39388888888888873,3.0733353110441572,0.049340277777777775,0.06666666666666667,0.8333333333333334,0.8333333333333334,0.7142857142857143,0.9018073271182621,0.8103778440861581,none,0,0,
31088,prompt_diverse,0.0,30,6,0.35,14,0,0.7222222222222222,True,0.465079365079365,3.017688958392301,0.056494472789115645,0.10119047619047619,0.3897435897435897,3.1037865416022514,0.048786982248520724,0.06923076923076923,0.9,0.9,0.7738095238095238,0.8659149267426254,0.8157846088582551,none,0,0,
31089,prompt_diverse,0.0,30,6,0.35,14,0,0.7055555555555556,True,0.4275793650793649,3.0556854075742366,0.0520656179138322,0.08630952380952381,0.37553956834532354,3.107176725552976,0.04790124734744579,0.06474820143884892,0.8666666666666667,0.8666666666666667,0.8273809523809523,0.8186761423359049,0.7471111771513281,none,0,0,
31090,prompt_diverse,0.0,30,6,0.35,14,0,0.7333333333333333,True,0.41289682539682526,3.081955779760972,0.05096726190476191,0.07738095238095238,0.3537389100126742,3.1386329644654687,0.0467405918836473,0.060836501901140684,0.9333333333333333,0.9333333333333333,0.7827380952380952,0.8982752118081679,0.8076505498944955,none,0,0,
31091,prompt_diverse,0.0,30,6,0.35,14,1,0.7666666666666667,True,0.3732142857142857,3.138359935496247,0.04747732426303856,0.06845238095238096,0.3437275985663082,3.171292074065931,0.045310312046350894,0.06451612903225806,0.9,0.9,0.8303571428571429,0.8622040879251075,0.7829629361664207,none,0,0,
31092,prompt_diverse,0.0,30,6,0.35,14,0,0.7111111111111111,True,0.44047619047619047,3.022936413410038,0.0534828514739229,0.09226190476190477,0.394191919191919,3.0708445926445527,0.04941460055096418,0.06818181818181818,0.8333333333333334,0.8333333333333334,0.7857142857142857,0.8807416825644284,0.77366360433366,none,0,0,
31093,prompt_diverse,0.0,30,6,0.35,14,0,0.75,True,0.402579365079365,3.102642365199497,0.05094954648526077,0.10416666666666667,0.33358585858585843,3.1725246929131963,0.04488062442607898,0.06060606060606061,0.9333333333333333,0.9333333333333333,0.7857142857142857,0.903259472555464,0.8246285303234053,none,0,0,
31094,prompt_diverse,0.0,30,6,0.35,14,0,0.7444444444444445,True,0.44920634920634916,3.0565070053984806,0.05523667800453515,0.09523809523809523,0.34142661179698197,3.1715656371978698,0.04564006164371963,0.06584362139917696,0.9666666666666667,0.9666666666666667,0.7232142857142857,0.9357973777038824,0.8648539958380934,none,0,0,
31095,prompt_diverse,0.0,30,6,0.35,14,1,0.6777777777777778,True,0.461111111111111,2.990630305087535,0.05557327097505669,0.09821428571428571,0.4066666666666665,3.045941319650101,0.05064471879286694,0.06666666666666667,0.8333333333333334,0.8333333333333334,0.8035714285714286,0.8398409605756408,0.7298606532103643,none,0,0,
31096,prompt_diverse,0.0,30,6,0.35,14,1,0.7444444444444445,True,0.38928571428571423,3.107219165206816,0.048947704081632654,0.08035714285714286,0.3451935081148563,3.151067614566308,0.045855601846007094,0.06367041198501873,0.9,0.9,0.7946428571428571,0.9093625926163101,0.8264897157225333,none,0,0,
31097,prompt_diverse,0.0,30,6,0.35,14,0,0.7666666666666667,True,0.44920634920634916,3.0535215757299423,0.05676020408163265,0.12202380952380952,0.35264550264550265,3.1677207393496896,0.046138825900730665,0.07142857142857142,0.9666666666666667,0.9666666666666667,0.75,0.8935060730979232,0.8492723684396344,none,0,0,
31098,prompt_diverse,0.0,30,6,0.35,14,0,0.7611111111111111,True,0.42103174603174587,3.095010235894997,0.05208333333333333,0.09226190476190477,0.3498746867167919,3.1721985485992774,0.0459325004239923,0.06766917293233082,0.9666666666666667,0.9666666666666667,0.7916666666666666,0.8818190091069034,0.800117919741412,none,0,0,
31099,prompt_diverse,0.0,30,6,0.35,14,0,0.7111111111111111,True,0.44166666666666665,3.0331909274226727,0.05364229024943311,0.08928571428571429,0.38131313131313127,3.093450422504056,0.04852502295684114,0.06818181818181818,0.8666666666666667,0.8666666666666667,0.7857142857142857,0.895359704164071,0.8077901115563132,none,0,0,
31100,prompt_diverse,0.0,30,6,0.35,14,0,0.7222222222222222,True,0.46587301587301577,3.0251418877206615,0.058159722222222224,0.12202380952380952,0.39060489060489045,3.1231398256002385,0.048911018022987134,0.0694980694980695,0.9333333333333333,0.9333333333333333,0.7708333333333334,0.8380064261389674,0.7588522122433116,none,0,0,
31101,prompt_diverse,0.0,30,6,0.35,14,0,0.7611111111111111,True,0.41448412698412684,3.096028712261215,0.05314625850340135,0.11904761904761904,0.33219264892268674,3.186784252815468,0.04465873440414058,0.060836501901140684,0.9666666666666667,0.9666666666666667,0.7827380952380952,0.9055298421936319,0.8299583934232319,none,0,0,
31102,prompt_diverse,0.0,30,6,0.35,14,1,0.75,True,0.40595238095238084,3.10681965301734,0.05082553854875283,0.09523809523809523,0.3549313358302122,3.1654399848058583,0.04619225967540574,0.06741573033707865,0.9666666666666667,0.9666666666666667,0.7946428571428571,0.884102850018269,0.7992999804138695,none,0,0,
31103,prompt_diverse,0.0,30,6,0.35,14,0,0.7111111111111111,True,0.4363095238095238,3.050469743172186,0.05275651927437642,0.07738095238095238,0.3926767676767675,3.103724898995795,0.04901285583103765,0.06818181818181818,0.9,0.9,0.7857142857142857,0.8732796764470994,0.758881814963272,none,0,0,
31104,prompt_diverse,0.0,30,6,0.35,14,0,0.7277777777777777,True,0.4269841269841268,3.074420466329841,0.052419926303854884,0.08928571428571429,0.3681372549019606,3.138101140097344,0.04719939446366783,0.0661764705882353,0.9333333333333333,0.9333333333333333,0.8095238095238095,0.845035259133102,0.7970201628240244,none,0,0,
31105,prompt_diverse,0.0,30,6,0.35,14,0,0.7555555555555555,True,0.45039682539682535,3.045251586812999,0.055413832199546494,0.11011904761904762,0.36435006435006434,3.140280775731791,0.04691343301381912,0.06563706563706563,0.9,0.9,0.7708333333333334,0.9011390640604869,0.8222738401699581,none,0,0,
31106,prompt_diverse,0.0,30,6,0.35,14,0,0.7222222222222222,True,0.4172619047619046,3.064661377868093,0.05142786281179138,0.08035714285714286,0.372027972027972,3.105075117034531,0.04819306567558316,0.06293706293706294,0.9333333333333333,0.9333333333333333,0.8511904761904762,0.7963885440681314,0.7254702616900895,none,0,0,
31107,prompt_diverse,0.0,30,6,0.35,14,0,0.7111111111111111,True,0.4263888888888887,3.039435925525741,0.05295138888888889,0.09523809523809523,0.37810945273631824,3.0881500344150825,0.04859100022276676,0.06716417910447761,0.8666666666666667,0.8666666666666667,0.7976190476190477,0.8694847150261958,0.7928222554977339,none,0,0,
31108,prompt_diverse,0.0,30,6,0.35,14,1,0.7222222222222222,True,0.41547619047619033,3.0812652296885563,0.051197562358276646,0.07142857142857142,0.3686641697877653,3.1361338641381176,0.04762305545034998,0.06367041198501873,0.9666666666666667,0.9666666666666667,0.7946428571428571,0.880774119961147,0.7960728014087312,none,0,0,
31109,prompt_diverse,0.0,30,6,0.35,14,0,0.7166666666666667,True,0.4547619047619047,3.045091561360098,0.05539611678004535,0.08630952380952381,0.3832020997375327,3.1365093524780643,0.0482980965961932,0.07086614173228346,0.9666666666666667,0.9666666666666667,0.7559523809523809,0.8878951624550678,0.823847181586879,none,0,0,
31110,prompt_diverse,0.25,30,6,0.35,14,1,0.7666666666666667,True,0.36944444444444424,3.1353313285175464,0.04756590136054421,0.07738095238095238,0.33075117370892015,3.1695593735589145,0.04517952787145409,0.06338028169014084,0.9666666666666667,0.9666666666666667,0.8452380952380952,0.8539334647564681,0.800746547610903,none,0,0,
31111,prompt_diverse,0.25,30,6,0.35,14,0,0.7222222222222222,True,0.41527777777777763,3.051964240230946,0.05158730158730159,0.09226190476190477,0.3610500610500609,3.0977759715334723,0.047672718002388335,0.06227106227106227,0.8666666666666667,0.8666666666666667,0.8125,0.8754432405807248,0.7810796494149956,none,0,0,
31112,prompt_diverse,0.25,30,6,0.35,14,0,0.7388888888888889,True,0.4097222222222221,3.1047206919992254,0.05048894557823129,0.07738095238095238,0.353827160493827,3.162923639188815,0.04620027434842249,0.06666666666666667,0.9666666666666667,0.9666666666666667,0.8035714285714286,0.8820073476995623,0.7858571823302484,none,0,0,
31113,prompt_diverse,0.25,30,6,0.35,14,0,0.7333333333333333,True,0.41527777777777763,3.067440347743289,0.05102040816326531,0.0744047619047619,0.37144563918757467,3.1092343068101815,0.04793103891265529,0.06451612903225806,0.9,0.9,0.8303571428571429,0.8307927403704989,0.7624813384497817,none,0,0,
31114,prompt_diverse,0.25,30,6,0.35,14,0,0.7222222222222222,True,0.4164682539682538,3.0655318921473094,0.05211876417233559,0.09821428571428571,0.3633333333333333,3.116230780605214,0.047551020408163266,0.06428571428571428,0.9333333333333333,0.9333333333333333,0.8333333333333334,0.8659478995078258,0.7616892010144719,none,0,0,
31115,prompt_diverse,0.25,30,6,0.35,14,2,0.7222222222222222,True,0.4349206349206347,3.06003886328837,0.05325255102040816,0.09523809523809523,0.3642066420664205,3.1310622550122713,0.04712626462057978,0.06642066420664207,0.9,0.9,0.8065476190476191,0.831463928353399,0.7622959351646443,none,0,0,
31116,prompt_diverse,0.25,30,6,0.35,14,1,0.7444444444444445,True,0.41507936507936494,3.0995985607881265,0.05128613945578231,0.08928571428571429,0.3487084870848707,3.1666705520954066,0.04595525660053648,0.06642066420664207,0.9666666666666667,0.9666666666666667,0.8065476190476191,0.8621067806645119,0.793852914476744,none,0,0,
31117,prompt_diverse,0.25,30,6,0.35,14,0,0.6944444444444444,True,0.43075396825396806,3.0216838820602634,0.05256164965986394,0.07738095238095238,0.3906666666666665,3.0585325953679323,0.0496,0.06545454545454546,0.8,0.8,0.8184523809523809,0.8528713267493808,0.718633386715119,none,0,0,
31118,prompt_diverse,0.25,30,6,0.35,14,1,0.7333333333333333,True,0.4168650793650792,3.0733840214883736,0.051587301587301584,0.08333333333333333,0.3523114355231143,3.130069349195428,0.04699238105386541,0.06204379562043796,0.9666666666666667,0.9666666666666667,0.8154761904761905,0.8708441915704378,0.8050506022202044,none,0,0,
31119,prompt_diverse,0.25,30,6,0.35,14,1,0.7166666666666667,True,0.4551587301587301,3.0190348754549134,0.05606930272108843,0.09821428571428571,0.3839124839124839,3.0982160431731827,0.04870231511158152,0.0694980694980695,0.9,0.9,0.7708333333333334,0.8631742304715807,0.7983477519999803,none,0,0,
31120,prompt_diverse,0.25,30,6,0.35,14,0,0.7388888888888889,True,0.40575396825396814,3.09588968349121,0.05031179138321995,0.07142857142857142,0.3683333333333332,3.1372565614645223,0.04760204081632653,0.06428571428571428,0.9666666666666667,0.9666666666666667,0.8333333333333334,0.836520285411649,0.7855271076902478,none,0,0,
31121,prompt_diverse,0.25,30,6,0.35,14,0,0.7333333333333333,True,0.40476190476190466,3.1105558270174964,0.050116921768707474,0.08333333333333333,0.36115107913669053,3.158293087966636,0.046762589928057555,0.06474820143884892,1.0,1.0,0.8273809523809523,0.8495885229151764,0.7887341416183445,none,0,0,
31122,prompt_diverse,0.25,30,6,0.35,14,0,0.7222222222222222,True,0.44880952380952377,3.0332168896471714,0.0545280612244898,0.09226190476190477,0.3833948339483393,3.1001377730629267,0.04870576381040563,0.06642066420664207,0.9,0.9,0.8065476190476191,0.857625278863281,0.7682953993550762,none,0,0,
31123,prompt_diverse,0.25,30,6,0.35,14,0,0.7388888888888889,True,0.41329365079365066,3.0870735865777177,0.05068381519274376,0.07738095238095238,0.37261462205700124,3.134597510068673,0.04744268321333314,0.06319702602230483,0.9333333333333333,0.9333333333333333,0.8005952380952381,0.8825400784053042,0.7898564762472029,none,0,0,
31124,prompt_diverse,0.25,30,6,0.35,14,0,0.7555555555555555,True,0.39841269841269833,3.1154830208141195,0.049815759637188206,0.08928571428571429,0.3513545347467608,3.1627270772274154,0.04608622907015945,0.06007067137809187,0.9666666666666667,0.9666666666666667,0.8422619047619048,0.8457794375341742,0.7269478661777432,none,0,0,
31125,prompt_diverse,0.25,30,6,0.35,14,0,0.7111111111111111,True,0.4378968253968254,3.0359443156926242,0.05385487528344671,0.10416666666666667,0.3773631840796019,3.097270862449141,0.04820115838716863,0.06716417910447761,0.8666666666666667,0.8666666666666667,0.7976190476190477,0.872452964126559,0.7722728582711605,none,0,0,
31126,prompt_diverse,0.25,30,6,0.35,14,0,0.7388888888888889,True,0.3990079365079364,3.1045052137126685,0.04967403628117914,0.07738095238095238,0.36305655836341755,3.143863352471851,0.047061736761850145,0.06498194945848375,0.9666666666666667,0.9666666666666667,0.8244047619047619,0.8642940949869873,0.7834634540172578,none,0,0,
31127,prompt_diverse,0.25,30,6,0.35,14,0,0.7555555555555555,True,0.4283730158730157,3.08661624391005,0.052774234693877556,0.09226190476190477,0.3613526570048309,3.1590382118769407,0.04670762444864525,0.06521739130434782,0.9666666666666667,0.9666666666666667,0.8214285714285714,0.8408143700876366,0.736040376676896,none,0,0,
31128,prompt_diverse,0.25,30,6,0.35,14,0,0.7222222222222222,True,0.4162698412698411,3.071591799189328,0.05194160997732426,0.09821428571428571,0.3647953216374269,3.1212306610484246,0.04758387196060326,0.06315789473684211,0.9,0.9,0.8482142857142857,0.7944386460143472,0.7393996115910427,none,0,0,
31129,prompt_diverse,0.25,30,6,0.35,14,0,0.7833333333333333,True,0.3654761904761903,3.1514625048083507,0.04726473922902494,0.08035714285714286,0.3276190476190475,3.1905510063060714,0.044566326530612245,0.06428571428571428,0.9666666666666667,0.9666666666666667,0.8333333333333334,0.8740267812097521,0.7933247677993057,none,0,0,
31130,prompt_diverse,0.25,30,6,0.35,14,0,0.7222222222222222,True,0.41269841269841256,3.082336343889,0.05093183106575964,0.07738095238095238,0.3642066420664205,3.1329105503289845,0.04731689383314498,0.06273062730627306,0.9666666666666667,0.9666666666666667,0.8065476190476191,0.865985682709558,0.7537773960322903,none,0,0,
31131,prompt_diverse,0.25,30,6,0.35,14,0,0.7333333333333333,True,0.41567460317460303,3.0932047447398903,0.05100269274376417,0.08333333333333333,0.3572839506172838,3.1517056234120844,0.046639231824416996,0.06666666666666667,0.9666666666666667,0.9666666666666667,0.8035714285714286,0.8795054525116249,0.7928714408739568,none,0,0,
31132,prompt_diverse,0.25,30,6,0.35,14,0,0.7388888888888889,True,0.4539682539682539,3.0480516278413012,0.0558390022675737,0.10119047619047619,0.3767901234567901,3.1385956120953367,0.04768175582990398,0.06666666666666667,0.9333333333333333,0.9333333333333333,0.8035714285714286,0.8366532903035154,0.7735916767531917,none,0,0,
31133,prompt_diverse,0.25,30,6,0.35,14,0,0.7444444444444445,True,0.39523809523809517,3.1083091559381693,0.04967403628117913,0.08333333333333333,0.34033816425120755,3.1576546505986594,0.04581495484141987,0.06159420289855073,0.9666666666666667,0.9666666666666667,0.8214285714285714,0.8984452076171356,0.8224665105711532,none,0,0,
31134,prompt_diverse,0.25,30,6,0.35,14,0,0.75,True,0.4170634920634919,3.0921740121513914,0.051711309523809514,0.08630952380952381,0.33659147869674166,3.169560124707346,0.04528237887952964,0.06766917293233082,0.9333333333333333,0.9333333333333333,0.7916666666666666,0.8645399556995036,0.8081457888824862,none,0,0,
31135,prompt_diverse,0.25,30,6,0.35,14,0,0.7222222222222222,True,0.4101190476190475,3.073906883103299,0.050701530612244895,0.07738095238095238,0.35421245421245406,3.121534234812457,0.04702867340229977,0.06593406593406594,0.9,0.9,0.8125,0.873016380651416,0.7820223308735073,none,0,0,
31136,prompt_diverse,0.25,30,6,0.35,14,0,0.7388888888888889,True,0.4087301587301586,3.0973403098723997,0.05084325396825397,0.09226190476190477,0.3455516014234874,3.1550935719961375,0.04606071351679942,0.06405693950177936,0.9333333333333333,0.9333333333333333,0.8363095238095238,0.8278152201836502,0.7661736933075058,none,0,0,
31137,prompt_diverse,0.25,30,6,0.35,14,0,0.7444444444444445,True,0.42976190476190457,3.084722730892073,0.053447420634920625,0.10714285714285714,0.3646986469864697,3.162883798035803,0.04682670442940592,0.06642066420664207,0.9666666666666667,0.9666666666666667,0.8065476190476191,0.8268278382535487,0.7428255597833696,none,0,0,
31138,prompt_diverse,0.25,30,6,0.35,14,1,0.7277777777777777,True,0.42202380952380936,3.0556547505260827,0.0535359977324263,0.11011904761904762,0.3622710622710621,3.1198165304109593,0.04737753089401441,0.06593406593406594,0.9,0.9,0.8125,0.831043555941184,0.7761901613594943,none,0,0,
31139,prompt_diverse,0.25,30,6,0.35,14,0,0.7444444444444445,True,0.4357142857142857,3.0699654630120987,0.05318168934240363,0.08630952380952381,0.37418181818181817,3.1363610557176744,0.047775206611570246,0.06545454545454546,0.9666666666666667,0.9666666666666667,0.8184523809523809,0.8169163637121594,0.7229229229403505,none,0,0,
31140,prompt_diverse,0.5,30,6,0.35,14,1,0.7555555555555555,True,0.3724206349206347,3.13319729502728,0.04813279478458049,0.08333333333333333,0.33392645314353486,3.1721354728729967,0.04542748952014286,0.06405693950177936,0.9666666666666667,0.9666666666666667,0.8363095238095238,0.872026755791769,0.793000152919998,none,0,0,
31141,prompt_diverse,0.5,30,6,0.35,14,0,0.7166666666666667,True,0.4285714285714284,3.0482987963258648,0.05249078798185941,0.08928571428571429,0.3754137115839242,3.0964028066356897,0.048312459131834413,0.06382978723404255,0.9,0.9,0.8392857142857143,0.7956566987439265,0.7461664854988017,none,0,0,
31142,prompt_diverse,0.5,30,6,0.35,14,0,0.7777777777777778,True,0.3666666666666665,3.1651162545470792,0.047193877551020405,0.06845238095238096,0.3242840778923253,3.2054266172129218,0.04434288683411863,0.061855670103092786,1.0,1.0,0.8660714285714286,0.8002082527407648,0.7644165490812446,none,0,0,
31143,prompt_diverse,0.5,30,6,0.35,14,0,0.7722222222222223,True,0.38809523809523805,3.1186339512552914,0.04864654195011337,0.0744047619047619,0.34738675958188137,3.1570247822344117,0.04590319173475457,0.0627177700348432,0.9333333333333333,0.9333333333333333,0.8541666666666666,0.8430233276253284,0.7862322430043291,none,0,0,
31144,prompt_diverse,0.5,30,6,0.35,14,0,0.75,True,0.4105158730158729,3.0937711014959524,0.05105583900226758,0.09226190476190477,0.3555555555555554,3.1469291814445293,0.04667773250842513,0.06382978723404255,0.9666666666666667,0.9666666666666667,0.8392857142857143,0.8150319369403917,0.7669007087977624,none,0,0,
31145,prompt_diverse,0.5,30,6,0.35,14,0,0.7611111111111111,True,0.3744047619047619,3.155661647554251,0.04754818594104308,0.0744047619047619,0.32451317296678117,3.1991452299265206,0.04422479658955373,0.058419243986254296,1.0,1.0,0.8660714285714286,0.8049160474907101,0.754425562348748,none,0,0,
31146,prompt_diverse,0.5,30,6,0.35,14,0,0.7444444444444445,True,0.4013888888888888,3.089190421063554,0.05048894557823128,0.09226190476190477,0.3516129032258064,3.1362718132749725,0.04674914248275331,0.06093189964157706,0.9666666666666667,0.9666666666666667,0.8303571428571429,0.8592576052397182,0.7631854123765734,none,0,0,
31147,prompt_diverse,0.5,30,6,0.35,14,0,0.7555555555555555,True,0.4081349206349205,3.0998721884034564,0.05043579931972788,0.08333333333333333,0.3486549707602338,3.1525949561386404,0.04615574022776239,0.06315789473684211,0.9333333333333333,0.9333333333333333,0.8482142857142857,0.7882070203305719,0.7040968948661362,none,0,0,
31148,prompt_diverse,0.5,30,6,0.35,14,0,0.7222222222222222,True,0.4200396825396824,3.062736143157967,0.05155187074829931,0.0744047619047619,0.36308243727598555,3.1118767298468657,0.04759702470420472,0.06451612903225806,0.9333333333333333,0.9333333333333333,0.8303571428571429,0.8527658526616085,0.78464258895603,none,0,0,
31149,prompt_diverse,0.5,30,6,0.35,14,0,0.7388888888888889,True,0.372222222222222,3.1101243166288315,0.04823908730158729,0.06547619047619048,0.34728132387706845,3.1361557165857494,0.04670288214878527,0.06382978723404255,0.9666666666666667,0.9666666666666667,0.8392857142857143,0.8615167131275191,0.7748630339043222,none,0,0,
31150,prompt_diverse,0.5,30,6,0.35,14,0,0.7166666666666667,True,0.38948412698412693,3.0589279179331363,0.04978032879818595,0.06845238095238096,0.3530565167243367,3.0824106841664354,0.04797595814226362,0.06228373702422145,0.8666666666666667,0.8666666666666667,0.8601190476190477,0.8257433941520135,0.735629921014894,none,0,0,
31151,prompt_diverse,0.5,30,6,0.35,14,0,0.7777777777777778,True,0.365674603174603,3.1593319748120234,0.04705215419501133,0.07142857142857142,0.31632183908045963,3.2007256729806417,0.04399524375743163,0.05862068965517241,1.0,1.0,0.8630952380952381,0.8311674899888336,0.7589581668578383,none,0,0,
31152,prompt_diverse,0.5,30,6,0.35,14,0,0.7277777777777777,True,0.3932539682539682,3.0909714644029793,0.05032950680272108,0.09226190476190477,0.35870307167235493,3.1260945288408446,0.04744376754534125,0.06143344709897611,0.9666666666666667,0.9666666666666667,0.8720238095238095,0.8159915298291702,0.7121802105981109,none,0,0,
31153,prompt_diverse,0.5,30,6,0.35,14,1,0.7277777777777777,True,0.3918650793650793,3.1054212813779785,0.04928429705215419,0.08035714285714286,0.36016847172081823,3.142463360127927,0.046775013358704015,0.06498194945848375,0.9333333333333333,0.9333333333333333,0.8244047619047619,0.8494436793366709,0.7681175716740412,none,0,0,
31154,prompt_diverse,0.5,30,6,0.35,14,0,0.6944444444444444,True,0.4369047619047619,3.012310842689132,0.053075396825396824,0.07738095238095238,0.3972322503008423,3.0466673548940975,0.05026782572430242,0.06498194945848375,0.8333333333333334,0.8333333333333334,0.8244047619047619,0.8510452419935972,0.7761663232035044,none,0,0,
31155,prompt_diverse,0.5,30,6,0.35,14,0,0.75,True,0.3825396825396825,3.1164734885470065,0.048646541950113364,0.0744047619047619,0.34107744107744087,3.1485867146287516,0.04617442664580712,0.06060606060606061,0.9666666666666667,0.9666666666666667,0.8839285714285714,0.7949496788849645,0.733095402725726,none,0,0,
31156,prompt_diverse,0.5,30,6,0.35,14,0,0.7333333333333333,True,0.4001984126984126,3.0876295781386025,0.05013463718820862,0.08333333333333333,0.36434378629500563,3.122562254049255,0.04740861246342678,0.0627177700348432,0.9333333333333333,0.9333333333333333,0.8541666666666666,0.8293640930126481,0.7588391228073544,none,0,0,
31157,prompt_diverse,0.5,30,6,0.35,14,0,0.7777777777777778,True,0.376984126984127,3.1403514976372673,0.04795564058956916,0.07738095238095238,0.33026004728132374,3.183295805487501,0.04489210804285499,0.06382978723404255,0.9666666666666667,0.9666666666666667,0.8392857142857143,0.8470529341332017,0.7698629326070724,none,0,0,
31158,prompt_diverse,0.5,30,6,0.35,14,0,0.7555555555555555,True,0.3924603174603174,3.1179607473505677,0.04910714285714286,0.07738095238095238,0.35700824499411055,3.1555409018702307,0.04656070121989286,0.0636042402826855,0.9666666666666667,0.9666666666666667,0.8422619047619048,0.8374620198198421,0.7700238546391681,none,0,0,
31159,prompt_diverse,0.5,30,6,0.35,14,0,0.7611111111111111,True,0.3557539682539681,3.14737826701061,0.046591553287981854,0.07142857142857142,0.31884570082449937,3.1798052520815876,0.04448800709211002,0.06007067137809187,0.9666666666666667,0.9666666666666667,0.8422619047619048,0.8606198973381521,0.785095849900792,none,0,0,
31160,prompt_diverse,0.5,30,6,0.35,14,0,0.7277777777777777,True,0.3914682539682539,3.088697884085073,0.04944373582766439,0.06547619047619048,0.365521191294387,3.1150766063127113,0.047743885877587655,0.061855670103092786,0.9333333333333333,0.9333333333333333,0.8660714285714286,0.8163198502822984,0.7383558070021556,none,0,0,
31161,prompt_diverse,0.5,30,6,0.35,14,0,0.7333333333333333,True,0.39642857142857135,3.0909762545424617,0.04983347505668934,0.08035714285714286,0.3574394463667818,3.1253439510598153,0.04718573771865758,0.06228373702422145,0.9333333333333333,0.9333333333333333,0.8601190476190477,0.8075258748892908,0.7064792020039476,none,0,0,
31162,prompt_diverse,0.5,30,6,0.35,14,0,0.75,True,0.3742063492063492,3.109180973746155,0.048221371882086174,0.07738095238095238,0.341830065359477,3.1324531053021185,0.046349694561920625,0.058823529411764705,0.9,0.9,0.9107142857142857,0.7637997513544336,0.73833691964793,none,0,0,
31163,prompt_diverse,0.5,30,6,0.35,14,1,0.7166666666666667,True,0.41388888888888875,3.0592707527851233,0.05121527777777778,0.07738095238095238,0.3736353077816492,3.094523149526487,0.048501256540688854,0.0627177700348432,0.9333333333333333,0.9333333333333333,0.8541666666666666,0.7905783244771715,0.7225160223105297,none,0,0,
31164,prompt_diverse,0.5,30,6,0.35,14,0,0.7555555555555555,True,0.37003968253968234,3.1321465833766418,0.04809736394557824,0.07738095238095238,0.3409556313993174,3.162488058153392,0.046069261144567795,0.06143344709897611,1.0,1.0,0.8720238095238095,0.809322027375054,0.7569722529247556,none,0,0,
31165,prompt_diverse,0.5,30,6,0.35,14,2,0.7388888888888889,True,0.4109126984126983,3.070973513286839,0.05055980725623583,0.0744047619047619,0.3717948717948716,3.10537125381752,0.047875201721355565,0.06293706293706294,0.8666666666666667,0.8666666666666667,0.8511904761904762,0.8166059444177228,0.7594369914768544,none,0,0,
31166,prompt_diverse,0.5,30,6,0.35,14,0,0.7388888888888889,True,0.4083333333333332,3.0878811653278118,0.050294075963718814,0.07142857142857142,0.36643518518518503,3.12787575151543,0.047188464506172846,0.0625,0.9,0.9,0.8571428571428571,0.7886685745829259,0.7181649807761242,none,0,0,
31167,prompt_diverse,0.5,30,6,0.35,14,0,0.7611111111111111,True,0.3813492063492063,3.1180559027943437,0.048309948979591844,0.07142857142857142,0.3470720720720719,3.147565873342856,0.04617878013148284,0.060810810810810814,0.9333333333333333,0.9333333333333333,0.8809523809523809,0.8041180177552744,0.7384826597836863,none,0,0,
31168,prompt_diverse,0.5,30,6,0.35,14,0,0.7777777777777778,True,0.36726190476190457,3.146997410477513,0.047264739229024945,0.07142857142857142,0.3294784580498866,3.1802741785860467,0.04491184228793558,0.061224489795918366,0.9666666666666667,0.9666666666666667,0.875,0.8038866008697494,0.7572320013540463,none,0,0,
31169,prompt_diverse,0.5,30,6,0.35,14,0,0.7333333333333333,True,0.4117063492063491,3.0927648235513576,0.05096726190476191,0.09226190476190477,0.35452380952380946,3.147449579949461,0.04658163265306123,0.06428571428571428,0.9666666666666667,0.9666666666666667,0.8333333333333334,0.8368778477545683,0.7571985535163863,none,0,0,
31170,prompt_diverse,0.75,30,6,0.35,14,0,0.75,True,0.3757936507936508,3.1134500467146404,0.04855796485260771,0.08630952380952381,0.3445916114790286,3.140852683670647,0.04629182930573221,0.059602649006622516,0.9333333333333333,0.9333333333333333,0.8988095238095238,0.7693745301715396,0.737926847914168,none,0,0,
31171,prompt_diverse,0.75,30,6,0.35,14,0,0.7444444444444445,True,0.39523809523809517,3.093926132007917,0.04931972789115646,0.0744047619047619,0.34982935153583616,3.129011184658079,0.04651189879905416,0.06143344709897611,0.9,0.9,0.8720238095238095,0.7934613878248705,0.7217412987113278,none,0,0,
31172,prompt_diverse,0.75,30,6,0.35,14,0,0.7611111111111111,True,0.3827380952380952,3.1157402237196052,0.04854024943310657,0.07738095238095238,0.34383561643835603,3.148770277149623,0.04606868080315255,0.06164383561643835,0.9333333333333333,0.9333333333333333,0.8690476190476191,0.8172796694635346,0.7656627143637512,none,0,0,
31173,prompt_diverse,0.75,30,6,0.35,14,0,0.7166666666666667,True,0.4001984126984126,3.0607664830991794,0.050276360544217684,0.07738095238095238,0.3639639639639638,3.086878367462628,0.04809623813002192,0.060810810810810814,0.8666666666666667,0.8666666666666667,0.8809523809523809,0.7550095751446512,0.6840105148305561,none,0,0,
31174,prompt_diverse,0.75,30,6,0.35,14,0,0.7222222222222222,True,0.4115079365079364,3.063168195137448,0.050772392290249435,0.0744047619047619,0.37593220338983047,3.0927978022131217,0.048503303648376905,0.061016949152542375,0.9,0.9,0.8779761904761905,0.7581763783090251,0.7004223532746771,none,0,0,
31175,prompt_diverse,0.75,30,6,0.35,14,1,0.7333333333333333,True,0.38869047619047614,3.0835591112074594,0.04898313492063493,0.06845238095238096,0.35669988925802865,3.1064397422147216,0.04722905928190638,0.059800664451827246,0.8666666666666667,0.8666666666666667,0.8958333333333334,0.7619191132806103,0.6995606874884102,none,0,0,
31176,prompt_diverse,0.75,30,6,0.35,14,0,0.7166666666666667,True,0.40634920634920624,3.056052109786453,0.05043579931972789,0.06845238095238096,0.3818915801614762,3.0788381534278995,0.04876617856586966,0.06228373702422145,0.8333333333333334,0.8333333333333334,0.8601190476190477,0.7768105698072333,0.7182210418511134,none,0,0,
31177,prompt_diverse,0.75,30,6,0.35,14,1,0.75,True,0.36884920634920615,3.1236687912675327,0.047796201814058956,0.06547619047619048,0.34013157894736823,3.144894012539343,0.04637725069252078,0.05921052631578947,1.0,1.0,0.9047619047619048,0.7628241939984318,0.6952541265143063,none,0,0,
31178,prompt_diverse,0.75,30,6,0.35,14,0,0.7277777777777777,True,0.39583333333333326,3.0896885800217575,0.049567743764172334,0.07142857142857142,0.3620614035087719,3.115365940160326,0.04752423822714681,0.05921052631578947,0.9333333333333333,0.9333333333333333,0.9047619047619048,0.744727170711731,0.6662805072477734,none,0,0,
31179,prompt_diverse,0.75,30,6,0.35,14,0,0.7444444444444445,True,0.3853174603174603,3.1028245112040524,0.04900085034013605,0.07738095238095238,0.3460992907801417,3.1374147718666974,0.04657713394698455,0.06382978723404255,0.9333333333333333,0.9333333333333333,0.8392857142857143,0.854991238484407,0.7728927866683343,none,0,0,
31180,prompt_diverse,0.75,30,6,0.35,14,0,0.7333333333333333,True,0.3748015873015873,3.1033982911770837,0.04836309523809524,0.06547619047619048,0.3518264840182648,3.1263608437557115,0.04696003002439481,0.06164383561643835,0.9333333333333333,0.9333333333333333,0.8690476190476191,0.822294636236122,0.7260735737256875,none,0,0,
31181,prompt_diverse,0.75,30,6,0.35,14,0,0.75,True,0.3638888888888887,3.129382079125295,0.04726473922902494,0.07142857142857142,0.33894389438943895,3.149603530778457,0.04580160986395669,0.0594059405940594,0.9333333333333333,0.9333333333333333,0.9017857142857143,0.7818028566271747,0.7247101421420076,none,0,0,
31182,prompt_diverse,0.75,30,6,0.35,14,1,0.7611111111111111,True,0.3646825396825395,3.1311347900516986,0.04751275510204081,0.06845238095238096,0.34272930648769573,3.1522212493158657,0.046191612990405834,0.06040268456375839,1.0,1.0,0.8869047619047619,0.784017452406092,0.7272807303095096,none,0,0,
31183,prompt_diverse,0.75,30,6,0.35,14,0,0.7333333333333333,True,0.3650793650793649,3.102803932196241,0.047920209750566885,0.05952380952380952,0.3474316939890709,3.1183183477031333,0.046944369793066376,0.05901639344262295,0.9,0.9,0.9077380952380952,0.7752427894315311,0.7038105791234921,none,0,0,
31184,prompt_diverse,0.75,30,6,0.35,14,1,0.75,True,0.3847222222222222,3.1171306719709615,0.04967403628117914,0.09821428571428571,0.34146620847651765,3.161474160294871,0.04585444196454931,0.061855670103092786,0.9666666666666667,0.9666666666666667,0.8660714285714286,0.8479438544468377,0.7119602248552118,none,0,0,
31185,prompt_diverse,0.75,30,6,0.35,14,0,0.7222222222222222,True,0.38769841269841265,3.0750997168523626,0.04917800453514739,0.07142857142857142,0.35460526315789465,3.0969832400125514,0.047329466759002764,0.05921052631578947,0.8333333333333334,0.8333333333333334,0.9047619047619048,0.7342763717678679,0.6621915796844754,none,0,0,
31186,prompt_diverse,0.75,30,6,0.35,14,0,0.7277777777777777,True,0.40416666666666656,3.0754608836563286,0.05047123015873016,0.08333333333333333,0.36531986531986527,3.107957675331555,0.047784239703431625,0.06060606060606061,0.9,0.9,0.8839285714285714,0.7528630530180291,0.690524498070045,none,0,0,
31187,prompt_diverse,0.75,30,6,0.35,14,1,0.7388888888888889,True,0.38849206349206344,3.0902545351591115,0.04914257369614512,0.06845238095238096,0.36223776223776216,3.116045830702746,0.04741063132671525,0.06293706293706294,0.9,0.9,0.8511904761904762,0.843913087162873,0.7511759947283138,none,0,0,
31188,prompt_diverse,0.75,30,6,0.35,14,0,0.75,True,0.3732142857142857,3.130080564030292,0.04781391723356009,0.07142857142857142,0.342024202420242,3.155374959192403,0.04593231600387762,0.0594059405940594,0.9666666666666667,0.9666666666666667,0.9017857142857143,0.7726237717775661,0.7305021283862944,none,0,0,
31189,prompt_diverse,0.75,30,6,0.35,14,0,0.7277777777777777,True,0.4007936507936507,3.0776018958357607,0.050276360544217684,0.0744047619047619,0.3673400673400673,3.105228969273885,0.048283055017061746,0.06060606060606061,0.9333333333333333,0.9333333333333333,0.8839285714285714,0.7679075931418802,0.7221337127415667,none,0,0,
31190,prompt_diverse,0.75,30,6,0.35,14,0,0.7611111111111111,True,0.3626984126984125,3.148139747249537,0.046999007936507936,0.06547619047619048,0.32901439645625685,3.1752968343986683,0.045109877374421924,0.059800664451827246,0.9666666666666667,0.9666666666666667,0.8958333333333334,0.7977927111212294,0.7458452724545123,none,0,0,
31191,prompt_diverse,0.75,30,6,0.35,14,0,0.6944444444444444,True,0.3938492063492063,3.033350692315099,0.05017006802721088,0.07142857142857142,0.3716049382716049,3.0477351685955405,0.04900860456416012,0.06060606060606061,0.7666666666666667,0.7666666666666667,0.8839285714285714,0.774721804786615,0.7121732498923534,none,0,0,
31192,prompt_diverse,0.75,30,6,0.35,14,0,0.8,True,0.36111111111111094,3.1656947151133386,0.046768707482993194,0.0744047619047619,0.3228128460686599,3.197850766470323,0.044359333782187836,0.059800664451827246,1.0,1.0,0.8958333333333334,0.7978662671288692,0.7420589728151116,none,0,0,
31193,prompt_diverse,0.75,30,6,0.35,14,0,0.7222222222222222,True,0.40496031746031735,3.0829470589389834,0.05024092970521542,0.0744047619047619,0.3705479452054794,3.1137072245519195,0.047874835804090826,0.06164383561643835,0.9333333333333333,0.9333333333333333,0.8690476190476191,0.7894273799122472,0.7213574609320862,none,0,0,
31194,prompt_diverse,0.75,30,6,0.35,14,0,0.7222222222222222,True,0.4017857142857142,3.0915154407363854,0.05006377551020408,0.07738095238095238,0.3599099099099099,3.1275343891468608,0.0470918553688824,0.060810810810810814,0.9,0.9,0.8809523809523809,0.7950673067514361,0.7107734249140157,none,0,0,
31195,prompt_diverse,0.75,30,6,0.35,14,0,0.7555555555555555,True,0.3654761904761903,3.135889018024811,0.047388747165532874,0.07142857142857142,0.3335648148148147,3.165864995308931,0.04547646604938271,0.0625,0.9666666666666667,0.9666666666666667,0.8571428571428571,0.8259947214801788,0.7480157038650659,none,0,0,
31196,prompt_diverse,0.75,30,6,0.35,14,1,0.7222222222222222,True,0.37857142857142856,3.087799109928833,0.048876842403628114,0.06845238095238096,0.3600229095074454,3.1063725461291134,0.047767503926500636,0.061855670103092786,0.9333333333333333,0.9333333333333333,0.8660714285714286,0.8233190632573336,0.7592058567602701,none,0,0,
31197,prompt_diverse,0.75,30,6,0.35,14,0,0.7444444444444445,True,0.400595238095238,3.0842706680375245,0.04985119047619047,0.0744047619047619,0.370045045045045,3.1126539000498945,0.047753834915997086,0.060810810810810814,0.9,0.9,0.8809523809523809,0.7778995818216838,0.6836493531200246,none,0,0,
31198,prompt_diverse,0.75,30,6,0.35,14,1,0.75,True,0.36944444444444424,3.1145906394233287,0.04781391723356009,0.0625,0.35105908584169443,3.132626391286161,0.046722072460039586,0.056856187290969896,0.9333333333333333,0.9333333333333333,0.8898809523809523,0.7998549995877376,0.6959917210526244,none,0,0,
31199,prompt_diverse,0.75,30,6,0.35,14,0,0.7333333333333333,True,0.38769841269841265,3.0965104375422228,0.04935515873015872,0.08630952380952381,0.34784580498866213,3.129862683587773,0.04667036882780322,0.061224489795918366,0.9333333333333333,0.9333333333333333,0.875,0.7729209089141843,0.6977435792753878,none,0,0,
31200,prompt_diverse,0.9,30,6,0.35,14,0,0.7555555555555555,True,0.37857142857142856,3.1252020292137783,0.04846938775510204,0.07738095238095238,0.3323163841807908,3.161917732243586,0.04560758402757827,0.061016949152542375,0.9666666666666667,0.9666666666666667,0.8779761904761905,0.8018498055362121,0.7223468356508599,none,0,0,
31201,prompt_diverse,0.9,30,6,0.35,14,0,0.7388888888888889,True,0.38075396825396823,3.1085585807529377,0.048522534013605435,0.07738095238095238,0.35231788079470183,3.133237416101811,0.04666461997280822,0.059602649006622516,0.9333333333333333,0.9333333333333333,0.8988095238095238,0.7406998625670052,0.6846502354941015,none,0,0,
31202,prompt_diverse,0.9,30,6,0.35,14,1,0.7555555555555555,True,0.3761904761904762,3.142843937379427,0.047991071428571425,0.07738095238095238,0.3323366555924694,3.1789492987750427,0.04515402699749451,0.059800664451827246,1.0,1.0,0.8958333333333334,0.7606556180250953,0.7257109199666055,none,0,0,
31203,prompt_diverse,0.9,30,6,0.35,14,0,0.75,True,0.39583333333333326,3.0995024135394242,0.04951459750566893,0.0744047619047619,0.3551412429378531,3.134013986376535,0.04687158862395863,0.061016949152542375,0.9333333333333333,0.9333333333333333,0.8779761904761905,0.7847314148186574,0.7181908395813029,none,0,0,
31204,prompt_diverse,0.9,30,6,0.35,14,0,0.7444444444444445,True,0.3626984126984125,3.1119492683363927,0.04770762471655328,0.0744047619047619,0.32728272827282723,3.1340131471820483,0.04599766907383807,0.0594059405940594,0.9333333333333333,0.9333333333333333,0.9017857142857143,0.7921163276691808,0.7300002966676544,none,0,0,
31205,prompt_diverse,0.9,30,6,0.35,14,1,0.7388888888888889,True,0.3728174603174601,3.1204078568989893,0.04784934807256236,0.07142857142857142,0.34070407040704054,3.1446316817004187,0.04604123778714504,0.0594059405940594,0.9333333333333333,0.9333333333333333,0.9017857142857143,0.7481721896581691,0.6873648880528945,none,0,0,
31206,prompt_diverse,0.9,30,6,0.35,14,0,0.7388888888888889,True,0.3757936507936508,3.113442553606988,0.04843395691609977,0.07142857142857142,0.33681257014590327,3.1415689684235013,0.04635581403258171,0.06060606060606061,0.9666666666666667,0.9666666666666667,0.8839285714285714,0.777060275383405,0.710060656820955,none,0,0,
31207,prompt_diverse,0.9,30,6,0.35,14,0,0.7611111111111111,True,0.3581349206349205,3.1418662440880953,0.04689271541950113,0.06547619047619048,0.32702104097452933,3.1658581243303665,0.045198176620567104,0.05647840531561462,0.9666666666666667,0.9666666666666667,0.8958333333333334,0.7911561479128385,0.7072737425106537,none,0,0,
31208,prompt_diverse,0.9,30,6,0.35,14,0,0.7444444444444445,True,0.33353174603174596,3.128032789544195,0.04653840702947845,0.05654761904761905,0.32099567099567095,3.1390156314742446,0.04596053297352,0.05519480519480519,0.9333333333333333,0.9333333333333333,0.9166666666666666,0.7795288746119365,0.720611384690924,none,0,0,
31209,prompt_diverse,0.9,30,6,0.35,14,1,0.7,True,0.41488095238095224,3.0414204255379857,0.05135700113378684,0.06845238095238096,0.3836781609195401,3.0695907930330453,0.04927467300832343,0.06206896551724138,0.8666666666666667,0.8666666666666667,0.8630952380952381,0.7622972319156117,0.7084362074011482,none,0,0,
31210,prompt_diverse,0.9,30,6,0.35,14,0,0.7222222222222222,True,0.39563492063492056,3.075539839571592,0.049798044217687076,0.07738095238095238,0.35757575757575744,3.106081276775452,0.04753288669372586,0.06293706293706294,0.9,0.9,0.8511904761904762,0.8084551906181282,0.7267253702945711,none,0,0,
31211,prompt_diverse,0.9,30,6,0.35,14,0,0.7055555555555556,True,0.3902777777777777,3.070887108156409,0.04974489795918367,0.07738095238095238,0.3567231638418078,3.0950587166074293,0.047905774202815284,0.061016949152542375,0.9,0.9,0.8779761904761905,0.7904600501430062,0.7005463966436025,none,0,0,
31212,prompt_diverse,0.9,30,6,0.35,14,0,0.7222222222222222,True,0.37757936507936507,3.0962912596974945,0.04862882653061225,0.06547619047619048,0.35745614035087714,3.113781551733412,0.04750259695290858,0.05921052631578947,0.9333333333333333,0.9333333333333333,0.9047619047619048,0.7496406782129538,0.6712315191130718,none,0,0,
31213,prompt_diverse,0.9,30,6,0.35,14,0,0.7333333333333333,True,0.37896825396825395,3.1069839155796504,0.04864654195011338,0.08035714285714286,0.3394144144144142,3.1372627786512957,0.046270087655222794,0.060810810810810814,0.9333333333333333,0.9333333333333333,0.8809523809523809,0.7826283399170432,0.7171312352989953,none,0,0,
31214,prompt_diverse,0.9,30,6,0.35,14,0,0.7277777777777777,True,0.4093253968253967,3.0604969461936045,0.05084325396825396,0.08333333333333333,0.3697986577181207,3.0919274488887356,0.04806089815774064,0.06040268456375839,0.8666666666666667,0.8666666666666667,0.8869047619047619,0.7363329730083111,0.7306409719778393,none,0,0,
31215,prompt_diverse,0.9,30,6,0.35,14,0,0.7222222222222222,True,0.3829365079365079,3.0750395352183433,0.049372874149659865,0.08035714285714286,0.34716553287981844,3.100173372384865,0.047318247026701836,0.05782312925170068,0.8666666666666667,0.8666666666666667,0.875,0.8115653885102708,0.731205539313112,none,0,0,
31216,prompt_diverse,0.9,30,6,0.35,14,0,0.75,True,0.3577380952380951,3.1206093235628494,0.04724702380952381,0.06845238095238096,0.33387622149837126,3.137156874617143,0.04610128489426944,0.05863192182410423,0.9333333333333333,0.9333333333333333,0.9136904761904762,0.7678183372171715,0.7187445573983706,none,0,0,
31217,prompt_diverse,0.9,30,6,0.35,14,0,0.7222222222222222,True,0.39781746031746024,3.0747344244254617,0.04985119047619047,0.0744047619047619,0.35973154362416104,3.102155285014509,0.047700554029097786,0.06040268456375839,0.9,0.9,0.8869047619047619,0.7705604842289291,0.7160678004074228,none,0,0,
31218,prompt_diverse,0.9,30,6,0.35,14,0,0.7388888888888889,True,0.3999999999999999,3.085748914595729,0.0498157596371882,0.0744047619047619,0.3709315375982041,3.113998780622603,0.04773889285673797,0.06060606060606061,0.9,0.9,0.8839285714285714,0.774989348916717,0.7229970347766574,none,0,0,
31219,prompt_diverse,0.9,30,6,0.35,14,0,0.75,True,0.36964285714285694,3.108577887688741,0.04767219387755102,0.0625,0.34716553287981844,3.1280252673021938,0.04639270674256097,0.061224489795918366,0.8666666666666667,0.8666666666666667,0.875,0.8236604290041187,0.7563172125666284,none,0,0,
31220,prompt_diverse,0.9,30,6,0.35,14,0,0.7333333333333333,True,0.3626984126984125,3.10315245525865,0.048185941043083894,0.07738095238095238,0.3390728476821192,3.122430037827552,0.046774264286654106,0.059602649006622516,0.9333333333333333,0.9333333333333333,0.8988095238095238,0.7846454213636695,0.7164187915590071,none,0,0,
31221,prompt_diverse,0.9,30,6,0.35,14,0,0.7333333333333333,True,0.3934523809523809,3.113527727684572,0.0495500283446712,0.07738095238095238,0.3449664429530199,3.154046716797347,0.04628169902256655,0.06040268456375839,1.0,1.0,0.8869047619047619,0.7351354438285339,0.6524794754042961,none,0,0,
31222,prompt_diverse,0.9,30,6,0.35,14,0,0.7833333333333333,True,0.3279761904761904,3.1827913572998594,0.04515660430839002,0.0744047619047619,0.308087431693989,3.2021520914339585,0.04384842784197796,0.05901639344262295,1.0,1.0,0.9077380952380952,0.7925226641681312,0.7403177386799905,none,0,0,
31223,prompt_diverse,0.9,30,6,0.35,14,0,0.7611111111111111,True,0.3644841269841268,3.147520324286749,0.0470344387755102,0.06547619047619048,0.3328828828828827,3.1755381560382827,0.04519722425127832,0.060810810810810814,0.9666666666666667,0.9666666666666667,0.8809523809523809,0.8044146530472119,0.7336819650264191,none,0,0,
31224,prompt_diverse,0.9,30,6,0.35,14,0,0.7555555555555555,True,0.3708333333333331,3.1273125715792878,0.04767219387755102,0.06547619047619048,0.34832214765100655,3.148720698944679,0.046326742038646895,0.06040268456375839,0.9666666666666667,0.9666666666666667,0.8869047619047619,0.8034706949149156,0.7168682314001948,none,0,0,
31225,prompt_diverse,0.9,30,6,0.35,14,0,0.7333333333333333,True,0.3902777777777777,3.095280330157199,0.04969175170068026,0.08333333333333333,0.34846416382252543,3.130146668873368,0.04683805286025465,0.06143344709897611,0.9666666666666667,0.9666666666666667,0.8720238095238095,0.8125888981360981,0.6835050118868712,none,0,0,
31226,prompt_diverse,0.9,30,6,0.35,14,1,0.7166666666666667,True,0.4093253968253967,3.0402261959166514,0.05082553854875283,0.07142857142857142,0.37554038680318524,3.0648037872908818,0.048864867383429045,0.06143344709897611,0.8,0.8,0.8720238095238095,0.7758589423624965,0.6985297709767107,none,0,0,
31227,prompt_diverse,0.9,30,6,0.35,14,0,0.7277777777777777,True,0.37976190476190474,3.0874898006776683,0.04887684240362812,0.06845238095238096,0.35566778900112217,3.107657420031963,0.04742146492988244,0.06060606060606061,0.9,0.9,0.8839285714285714,0.782258726371456,0.7079519901229806,none,0,0,
31228,prompt_diverse,0.9,30,6,0.35,14,0,0.75,True,0.3642857142857141,3.1335609386562,0.04767219387755102,0.07142857142857142,0.3350398179749714,3.1609408725510786,0.04588288739531038,0.06143344709897611,1.0,1.0,0.8720238095238095,0.8093371776035684,0.7421165311001364,none,0,0,
31229,prompt_diverse,0.9,30,6,0.35,14,0,0.7388888888888889,True,0.38115079365079363,3.100092815569371,0.048805980725623574,0.06845238095238096,0.34370122630992195,3.1264981889765404,0.046856299146541984,0.056856187290969896,0.9666666666666667,0.9666666666666667,0.8898809523809523,0.7528414036686678,0.6779546390261156,none,0,0,
31230,prompt_diverse,0.98,30,6,0.35,14,0,0.7333333333333333,True,0.4013888888888888,3.063188677831725,0.05015235260770975,0.0744047619047619,0.36756453423120083,3.089189253303325,0.04796562709020622,0.06060606060606061,0.8333333333333334,0.8333333333333334,0.8839285714285714,0.756611859162605,0.7012040476845914,none,0,0,
31231,prompt_diverse,0.98,30,6,0.35,14,0,0.7444444444444445,True,0.3569444444444443,3.1253581588900197,0.04717616213151927,0.06845238095238096,0.339177489177489,3.141044921681306,0.04610811266655423,0.05844155844155844,0.9333333333333333,0.9333333333333333,0.9166666666666666,0.7544450386676421,0.6734751252037389,none,0,0,
31232,prompt_diverse,0.98,30,6,0.35,14,0,0.7444444444444445,True,0.392063492063492,3.1072794626839597,0.04912485827664399,0.0744047619047619,0.34891922639362893,3.1433087310532657,0.04634882176845392,0.06143344709897611,0.9333333333333333,0.9333333333333333,0.8720238095238095,0.7944457808018424,0.7235942609767202,none,0,0,
31233,prompt_diverse,0.98,30,6,0.35,14,0,0.7611111111111111,True,0.3450396825396824,3.1311556957691047,0.046662414965986394,0.06845238095238096,0.3268398268398267,3.1452564246505714,0.045728622027323335,0.05844155844155844,0.9333333333333333,0.9333333333333333,0.9166666666666666,0.7403760142966557,0.6867436603842996,none,0,0,
31234,prompt_diverse,0.98,30,6,0.35,14,0,0.7722222222222223,True,0.34404761904761894,3.1537599785030963,0.046237244897959176,0.06547619047619048,0.3224400871459694,3.171298064444161,0.04511085479943611,0.058823529411764705,1.0,1.0,0.9107142857142857,0.7954125729430551,0.7421709822311517,none,0,0,
31235,prompt_diverse,0.98,30,6,0.35,14,0,0.7722222222222223,True,0.3557539682539681,3.1532277273870615,0.046609268707483,0.06845238095238096,0.3345355191256829,3.173335257660547,0.04533190002687449,0.05901639344262295,0.9666666666666667,0.9666666666666667,0.9077380952380952,0.7703280544630258,0.7066450034652328,none,0,0,
31236,prompt_diverse,0.98,30,6,0.35,14,1,0.75,True,0.3378968253968253,3.15093398818396,0.046042375283446714,0.06547619047619048,0.31824104234527684,3.166265884432925,0.045103926832114935,0.05863192182410423,0.9666666666666667,0.9666666666666667,0.9136904761904762,0.7514709366985515,0.6758980673131765,none,0,0,
31237,prompt_diverse,0.98,30,6,0.35,14,0,0.7666666666666667,True,0.3567460317460316,3.154186045507896,0.046928146258503396,0.07738095238095238,0.3202702702702702,3.185065113885601,0.04474068663257852,0.060810810810810814,1.0,1.0,0.8809523809523809,0.8317766068262111,0.7721968688448301,none,0,0,
31238,prompt_diverse,0.98,30,6,0.35,14,0,0.7444444444444445,True,0.376984126984127,3.099462454718255,0.04871740362811791,0.07738095238095238,0.3536912751677852,3.1215799337981656,0.04713751632809332,0.05704697986577181,0.9333333333333333,0.9333333333333333,0.8869047619047619,0.7842346861264301,0.7072583503906243,none,0,0,
31239,prompt_diverse,0.98,30,6,0.35,14,0,0.7055555555555556,True,0.3857142857142857,3.067996543866494,0.049479166666666664,0.0625,0.3664451827242523,3.083223179800186,0.04848732353947528,0.05647840531561462,0.9,0.9,0.8958333333333334,0.7461872468452823,0.6991639287797068,none,0,0,
31240,prompt_diverse,0.98,30,6,0.35,14,0,0.7444444444444445,True,0.3728174603174601,3.114503658742671,0.04825680272108843,0.07738095238095238,0.3425624321389793,3.137256772468359,0.04641959065878683,0.05863192182410423,0.9333333333333333,0.9333333333333333,0.9136904761904762,0.7536009055024185,0.7253192578317154,none,0,0,
31241,prompt_diverse,0.98,30,6,0.35,14,0,0.7333333333333333,True,0.3748015873015873,3.108310344228993,0.048416241496598636,0.0744047619047619,0.34333333333333327,3.133248184784722,0.04651111111111111,0.06,0.9333333333333333,0.9333333333333333,0.8928571428571429,0.7665788679767536,0.708056251949075,none,0,0,
31242,prompt_diverse,0.98,30,6,0.35,14,0,0.7888888888888889,True,0.3545634920634919,3.162597459843218,0.046502976190476185,0.0744047619047619,0.32037652270210404,3.1904652479335027,0.04451385746294191,0.059800664451827246,0.9666666666666667,0.9666666666666667,0.8958333333333334,0.797943445841149,0.7542688736170864,none,0,0,
31243,prompt_diverse,0.98,30,6,0.35,14,0,0.7666666666666667,True,0.3936507936507936,3.1120630464311065,0.04916028911564626,0.0744047619047619,0.3561643835616437,3.147717288401413,0.04653781197222743,0.06164383561643835,0.9333333333333333,0.9333333333333333,0.8690476190476191,0.7843850108942138,0.7225487194507817,none,0,0,
31244,prompt_diverse,0.98,30,6,0.35,14,0,0.7555555555555555,True,0.35515873015873,3.131310636440349,0.04680413832199546,0.06547619047619048,0.3318181818181818,3.1488564156845915,0.04553887670770788,0.05844155844155844,0.9,0.9,0.9166666666666666,0.7434025033909358,0.6877270481202712,none,0,0,
31245,prompt_diverse,0.98,30,6,0.35,14,0,0.75,True,0.36706349206349187,3.1288479162717238,0.04779620181405895,0.07142857142857142,0.33853820598006634,3.1523584234960698,0.04621361795123674,0.059800664451827246,1.0,1.0,0.8958333333333334,0.7810644225351284,0.7192739623647437,none,0,0,
31246,prompt_diverse,0.98,30,6,0.35,14,0,0.7388888888888889,True,0.3746031746031746,3.1101808329623486,0.0481859410430839,0.06547619047619048,0.35239687848383494,3.1304441439266655,0.04692341248979316,0.06020066889632107,0.9333333333333333,0.9333333333333333,0.8898809523809523,0.7997736269435064,0.7208685839826127,none,0,0,
31247,prompt_diverse,0.98,30,6,0.35,14,0,0.7611111111111111,True,0.3488095238095237,3.1467301470502256,0.046609268707482984,0.0625,0.3288816503800216,3.163711379275553,0.04559199567104161,0.05863192182410423,1.0,1.0,0.9136904761904762,0.7708362792941555,0.7207704557330258,none,0,0,
31248,prompt_diverse,0.98,30,6,0.35,14,0,0.7222222222222222,True,0.390079365079365,3.0672869544454957,0.0495500283446712,0.06845238095238096,0.365783664459161,3.0850897221158884,0.048199640366650594,0.059602649006622516,0.8666666666666667,0.8666666666666667,0.8988095238095238,0.769794783427423,0.7015718475645372,none,0,0,
31249,prompt_diverse,0.98,30,6,0.35,14,0,0.75,True,0.35158730158730145,3.13374115394268,0.0470344387755102,0.0744047619047619,0.3296544035674469,3.1541092316803887,0.04569300119685462,0.06020066889632107,0.9666666666666667,0.9666666666666667,0.8898809523809523,0.79791759323885,0.7357643492552164,none,0,0,
31250,prompt_diverse,0.98,30,6,0.35,14,0,0.75,True,0.37876984126984126,3.128477124174063,0.04806193310657596,0.0744047619047619,0.3463387978142076,3.1558125353482174,0.045933888739586134,0.05901639344262295,0.9333333333333333,0.9333333333333333,0.9077380952380952,0.7356936710779206,0.672903671580583,none,0,0,
31251,prompt_diverse,0.98,30,6,0.35,14,0,0.7111111111111111,True,0.4089285714285713,3.049471074741941,0.05119756235827664,0.08630952380952381,0.3732650739476677,3.0781569883840665,0.04865519691551446,0.06143344709897611,0.8666666666666667,0.8666666666666667,0.8720238095238095,0.7644242725546913,0.6970154343701656,none,0,0,
31252,prompt_diverse,0.98,30,6,0.35,14,0,0.75,True,0.37777777777777777,3.119925089150728,0.048451672335600895,0.07142857142857142,0.35656565656565653,3.1435038236725674,0.04701334330963961,0.06060606060606061,1.0,1.0,0.8839285714285714,0.7782888115742331,0.7040597390996868,none,0,0,
31253,prompt_diverse,0.98,30,6,0.35,14,1,0.7444444444444445,True,0.3932539682539682,3.102949145021138,0.049603174603174593,0.08333333333333333,0.36143344709897596,3.134755607530061,0.04725739379608382,0.06143344709897611,0.9666666666666667,0.9666666666666667,0.8720238095238095,0.79807952887069,0.7519749065155744,none,0,0,
31254,prompt_diverse,0.98,30,6,0.35,14,0,0.7722222222222223,True,0.3906746031746031,3.125722359418398,0.04921343537414966,0.08035714285714286,0.34599999999999986,3.165546940778458,0.045866666666666674,0.06,0.9666666666666667,0.9666666666666667,0.8928571428571429,0.7516004659394432,0.7095133433224735,none,0,0,
31255,prompt_diverse,0.98,30,6,0.35,14,0,0.7555555555555555,True,0.35992063492063475,3.1377508732119948,0.04689271541950114,0.06845238095238096,0.34172185430463564,3.1550666946626205,0.04576553659927196,0.059602649006622516,0.9333333333333333,0.9333333333333333,0.8988095238095238,0.7778975296251617,0.6967128161184398,none,0,0,
31256,prompt_diverse,0.98,30,6,0.35,14,2,0.7166666666666667,True,0.4019841269841269,3.0766107697798466,0.050453514739229016,0.07738095238095238,0.354054054054054,3.111930381586864,0.047525566106647196,0.060810810810810814,0.9333333333333333,0.9333333333333333,0.8809523809523809,0.7657077765075249,0.7071701643230132,none,0,0,
31257,prompt_diverse,0.98,30,6,0.35,14,0,0.7611111111111111,True,0.36051587301587285,3.127302761664795,0.04710530045351474,0.0744047619047619,0.33477297895902547,3.1480541079967113,0.04557344841668414,0.059800664451827246,0.9,0.9,0.8958333333333334,0.796711601654394,0.7349193105907847,none,0,0,
31258,prompt_diverse,0.98,30,6,0.35,14,0,0.7333333333333333,True,0.3902777777777777,3.0921596226263595,0.04901856575963719,0.07142857142857142,0.35952380952380936,3.1134721565219974,0.04728875021082813,0.05844155844155844,0.9,0.9,0.9166666666666666,0.7031454292500752,0.6826115190376894,none,0,0,
31259,prompt_diverse,0.98,30,6,0.35,14,1,0.7611111111111111,True,0.3652777777777776,3.132135213622328,0.04730017006802721,0.0625,0.34351554126473727,3.149589374865139,0.04606031782136248,0.05787781350482315,0.9333333333333333,0.9333333333333333,0.9255952380952381,0.707850767914314,0.6575666302634224,none,0,0,
31260,route_partitioned,0.0,30,6,0.35,14,0,0.9333333333333333,False,0.25575396825396823,3.2934298352504174,0.04001913265306122,0.06547619047619048,0.15192012288786483,3.358015245756537,0.035910722249357596,0.05069124423963134,1.0,1.0,0.6458333333333334,0.9933383262438095,0.980414636178708,none,0,0,
31261,route_partitioned,0.0,30,6,0.35,14,0,0.9277777777777778,False,0.2392857142857141,3.30719691486059,0.039221938775510196,0.05952380952380952,0.11018518518518516,3.375455558765133,0.03485082304526749,0.041666666666666664,1.0,1.0,0.6428571428571429,0.9934677411478948,0.9782263122762843,none,0,0,
31262,route_partitioned,0.0,30,6,0.35,14,0,0.9833333333333333,False,0.1694444444444443,3.352489417469473,0.0363874716553288,0.05357142857142857,0.1261904761904762,3.3745295938611144,0.03515625,0.05357142857142857,1.0,1.0,0.6666666666666666,0.9928951976655366,0.9820267718404798,none,0,0,
31263,route_partitioned,0.0,30,6,0.35,14,0,0.9555555555555556,False,0.2388888888888887,3.31029882921858,0.03916879251700681,0.05952380952380952,0.14104938271604928,3.368542985642374,0.03549382716049383,0.05092592592592592,1.0,1.0,0.6428571428571429,0.9942945405060072,0.9836662386796894,none,0,0,
31264,route_partitioned,0.0,30,6,0.35,14,0,0.9722222222222222,False,0.2059523809523809,3.333668992858707,0.03766298185941043,0.05654761904761905,0.09968847352024901,3.384391579668039,0.03441348589396453,0.04205607476635514,1.0,1.0,0.6369047619047619,0.9957799601654789,0.9873185792842105,none,0,0,
31265,route_partitioned,0.0,30,6,0.35,14,0,0.9611111111111111,False,0.21587301587301577,3.3279897392083475,0.03810586734693877,0.05952380952380952,0.09880418535127045,3.38335130363394,0.03448691910153029,0.04932735426008968,1.0,1.0,0.6636904761904762,0.9930096538088423,0.9794604213154822,none,0,0,
31266,route_partitioned,0.0,30,6,0.35,14,0,0.9611111111111111,False,0.21111111111111103,3.3278482264319855,0.0380704365079365,0.06547619047619048,0.12087227414330215,3.3747511935013814,0.035024893003755775,0.0514018691588785,1.0,1.0,0.6369047619047619,0.9950415953916639,0.9830661698147547,none,0,0,
31267,route_partitioned,0.0,30,6,0.35,14,1,0.9722222222222222,False,0.16587301587301573,3.3488904247271374,0.036352040816326536,0.047619047619047616,0.10845528455284548,3.3753945022100265,0.034907792980368835,0.05365853658536585,1.0,1.0,0.6101190476190477,0.9976160322060093,0.9930002893338616,none,0,0,
31268,route_partitioned,0.0,30,6,0.35,14,0,0.9722222222222222,False,0.16666666666666652,3.355104192362406,0.03621031746031746,0.050595238095238096,0.105151515151515,3.382655328898106,0.034545454545454546,0.045454545454545456,1.0,1.0,0.6547619047619048,0.9943956898085159,0.9846860377636575,none,0,0,
31269,route_partitioned,0.0,30,6,0.35,14,1,0.9611111111111111,False,0.22658730158730145,3.3195340093788865,0.03867276077097506,0.06547619047619048,0.1357864357864358,3.370503850406409,0.035362905492775626,0.05194805194805195,1.0,1.0,0.6875,0.990335616820123,0.9728593584975759,none,0,0,
31270,route_partitioned,0.0,30,6,0.35,14,0,1.0,False,0.16329365079365066,3.356153387407029,0.0366000566893424,0.06547619047619048,0.10177777777777774,3.3812187869677732,0.03478518518518518,0.05333333333333334,1.0,1.0,0.6696428571428571,0.9932800203234483,0.9850337142064878,none,0,0,
31271,route_partitioned,0.0,30,6,0.35,14,0,0.9277777777777778,False,0.27142857142857135,3.2808118418484966,0.040904903628117904,0.06547619047619048,0.1390697674418604,3.3598145932413352,0.03567333693888588,0.046511627906976744,1.0,1.0,0.6398809523809523,0.9933108660023101,0.9791156537202675,none,0,0,
31272,route_partitioned,0.0,30,6,0.35,14,0,0.9444444444444444,False,0.25297619047619047,3.298658401981155,0.040249433106575964,0.07142857142857142,0.13067292644757433,3.371447815136302,0.03524432982873768,0.051643192488262914,1.0,1.0,0.6339285714285714,0.9945763037844517,0.98442720056912,none,0,0,
31273,route_partitioned,0.0,30,6,0.35,14,0,0.9333333333333333,False,0.22916666666666652,3.3041424166261284,0.0389030612244898,0.05654761904761905,0.14828660436137064,3.3537243641566583,0.035985675604856306,0.04672897196261682,1.0,1.0,0.6369047619047619,0.9933234514752507,0.9804309713464104,none,0,0,
31274,route_partitioned,0.0,30,6,0.35,14,0,0.9611111111111111,False,0.20753968253968247,3.32927590715346,0.0378047052154195,0.05654761904761905,0.10542264752791053,3.3777699854500645,0.03472905840067764,0.0430622009569378,1.0,1.0,0.6220238095238095,0.9966408717955342,0.9895466054914904,none,0,0,
31275,route_partitioned,0.0,30,6,0.35,14,0,0.9722222222222222,False,0.19444444444444442,3.3395904592283405,0.037308673469387765,0.0625,0.10600600600600596,3.383072894683724,0.03453453453453453,0.04504504504504504,1.0,1.0,0.6607142857142857,0.9936748575746551,0.9800869536179487,none,0,0,
31276,route_partitioned,0.0,30,6,0.35,14,0,0.9611111111111111,False,0.23769841269841252,3.30951546865367,0.03918650793650794,0.05654761904761905,0.123148148148148,3.3722519206072987,0.03510802469135802,0.046296296296296294,1.0,1.0,0.6428571428571429,0.9951870670824404,0.985168282935101,none,0,0,
31277,route_partitioned,0.0,30,6,0.35,14,0,0.95,False,0.23015873015873,3.3151369735730856,0.0389030612244898,0.06845238095238096,0.117674418604651,3.378575316547493,0.03480800432666306,0.046511627906976744,1.0,1.0,0.6398809523809523,0.9930067253615588,0.9826380865072553,none,0,0,
31278,route_partitioned,0.0,30,6,0.35,14,0,0.9611111111111111,False,0.20218253968253963,3.331333275851704,0.0376452664399093,0.05952380952380952,0.1198198198198197,3.3717900316386817,0.035143251359467574,0.04954954954954955,1.0,1.0,0.6607142857142857,0.9928812035478338,0.9802256650037457,none,0,0,
31279,route_partitioned,0.0,30,6,0.35,14,1,0.9777777777777777,False,0.1694444444444443,3.3550502105097513,0.036298894557823126,0.050595238095238096,0.08924731182795687,3.387977521116723,0.03421181167576292,0.04608294930875576,1.0,1.0,0.6458333333333334,0.9953016490154484,0.9873609111879458,none,0,0,
31280,route_partitioned,0.0,30,6,0.35,14,0,0.9722222222222222,False,0.22460317460317447,3.322377016492077,0.038779053287981854,0.06845238095238096,0.08914728682170536,3.387644499623553,0.03424553812871822,0.046511627906976744,1.0,1.0,0.6398809523809523,0.9914809964277159,0.9878490565048113,none,0,0,
31281,route_partitioned,0.0,30,6,0.35,14,0,0.9277777777777778,False,0.27896825396825387,3.276052899680681,0.041241496598639446,0.0625,0.16793650793650783,3.3525494780556744,0.0364172335600907,0.05238095238095238,1.0,1.0,0.625,0.9946933311783859,0.9814655059518889,none,0,0,
31282,route_partitioned,0.0,30,6,0.35,14,0,0.9277777777777778,False,0.22837301587301573,3.3067144534418382,0.03881448412698412,0.05654761904761905,0.1714743589743588,3.3490438270282494,0.03656619822485207,0.052884615384615384,1.0,1.0,0.6190476190476191,0.9966808654455265,0.9841813474084503,none,0,0,
31283,route_partitioned,0.0,30,6,0.35,14,0,0.9444444444444444,False,0.22341269841269829,3.3215281697206076,0.03842474489795918,0.05654761904761905,0.13117283950617264,3.3739211382348957,0.035150891632373116,0.05092592592592592,1.0,1.0,0.6428571428571429,0.9928456816674406,0.9817980993193623,none,0,0,
31284,route_partitioned,0.0,30,6,0.35,14,0,0.9444444444444444,False,0.22083333333333321,3.320675794471313,0.03828302154195011,0.05357142857142857,0.13183183183183167,3.371157198211978,0.035224413602791986,0.04954954954954955,1.0,1.0,0.6607142857142857,0.9928729548773335,0.9740108382242202,none,0,0,
31285,route_partitioned,0.0,30,6,0.35,14,0,0.9833333333333333,False,0.16269841269841256,3.3568491971011762,0.03610402494331065,0.050595238095238096,0.08852713178294569,3.388339511183201,0.034202271498107076,0.046511627906976744,1.0,1.0,0.6398809523809523,0.9958839135085552,0.9887093730281401,none,0,0,
31286,route_partitioned,0.0,30,6,0.35,14,0,0.9444444444444444,False,0.24305555555555536,3.3051857328707146,0.039434523809523815,0.0625,0.13570300157977866,3.3685311194727747,0.0353765638687361,0.04739336492890995,1.0,1.0,0.6279761904761905,0.994771678975201,0.9836803251908535,none,0,0,
31287,route_partitioned,0.0,30,6,0.35,14,0,0.9444444444444444,False,0.2579365079365079,3.292451673957461,0.04012542517006802,0.06547619047619048,0.1474418604651162,3.360541607856449,0.03575987020010816,0.05116279069767442,1.0,1.0,0.6398809523809523,0.9925329798868524,0.9793449867624789,none,0,0,
31288,route_partitioned,0.0,30,6,0.35,14,0,0.9833333333333333,False,0.17480158730158712,3.350684035346195,0.03652919501133786,0.05654761904761905,0.08518518518518503,3.3885513915162715,0.034153086419753086,0.044444444444444446,1.0,1.0,0.6696428571428571,0.9927982351692056,0.9823979485504758,none,0,0,
31289,route_partitioned,0.0,30,6,0.35,14,0,0.9444444444444444,False,0.2577380952380952,3.2915702584754882,0.0402140022675737,0.06547619047619048,0.1532724505327243,3.3555645392823665,0.03600842351076916,0.0502283105022831,1.0,1.0,0.6517857142857143,0.9920456186709297,0.9791277481965154,none,0,0,
31290,route_partitioned,0.25,30,6,0.35,14,0,0.9,False,0.2742063492063491,3.2745614743070934,0.04109977324263038,0.06547619047619048,0.19649805447470814,3.327600203637431,0.03753274084391891,0.054474708171206226,1.0,1.0,0.7648809523809523,0.9652244602539838,0.9272995596112906,none,0,0,
31291,route_partitioned,0.25,30,6,0.35,14,0,0.9277777777777778,False,0.2515873015873016,3.2991352189313914,0.03975340136054422,0.05952380952380952,0.20769230769230762,3.333337672102628,0.03781065088757397,0.057692307692307696,1.0,1.0,0.7738095238095238,0.9660462775001973,0.9295687276810569,none,0,0,
31292,route_partitioned,0.25,30,6,0.35,14,0,0.9222222222222223,False,0.2474206349206347,3.296090287004066,0.039576247165532874,0.05654761904761905,0.18774928774928767,3.3397203378588665,0.037146614069691,0.05982905982905983,1.0,1.0,0.6964285714285714,0.9826210159760942,0.9602630995083657,none,0,0,
31293,route_partitioned,0.25,30,6,0.35,14,0,0.9722222222222222,False,0.20892857142857135,3.3301320859234114,0.03784013605442177,0.05357142857142857,0.15555555555555545,3.362035312487555,0.03590325018896448,0.051587301587301584,1.0,1.0,0.75,0.9788580491319778,0.9576462963206406,none,0,0,
31294,route_partitioned,0.25,30,6,0.35,14,0,0.9666666666666667,False,0.2311507936507935,3.316576866347498,0.038920776643990934,0.0625,0.1617380025940336,3.359253422739316,0.03610955502732819,0.058365758754863814,1.0,1.0,0.7648809523809523,0.970771536303805,0.9497938769003874,none,0,0,
31295,route_partitioned,0.25,30,6,0.35,14,0,0.9222222222222223,False,0.26190476190476186,3.2906817613538344,0.04049744897959183,0.06845238095238096,0.1765840220385675,3.3470077702460057,0.036848575916945576,0.06198347107438017,1.0,1.0,0.7202380952380952,0.9790230275735952,0.9506711704483584,none,0,0,
31296,route_partitioned,0.25,30,6,0.35,14,0,0.9444444444444444,False,0.23214285714285698,3.3164241086797124,0.03892077664399093,0.0625,0.16243386243386237,3.3580878001531067,0.03624968505920886,0.05952380952380952,1.0,1.0,0.75,0.9720169817026435,0.9444011646808584,none,0,0,
31297,route_partitioned,0.25,30,6,0.35,14,0,0.9166666666666666,False,0.26349206349206344,3.287134326161605,0.0404797335600907,0.06547619047619048,0.19694555112881806,3.3349343577181405,0.037443850097617505,0.05976095617529881,1.0,1.0,0.7470238095238095,0.9691114980322345,0.9343052908708156,none,0,0,
31298,route_partitioned,0.25,30,6,0.35,14,0,0.9333333333333333,False,0.27142857142857135,3.278998552755644,0.04120606575963719,0.07738095238095238,0.17791495198902596,3.342361192250524,0.03676607563210215,0.04938271604938271,1.0,1.0,0.7232142857142857,0.976463389543028,0.9492504720169225,none,0,0,
31299,route_partitioned,0.25,30,6,0.35,14,0,0.9444444444444444,False,0.23690476190476173,3.3072278111763276,0.03908021541950114,0.05654761904761905,0.16910569105691042,3.3513038897662724,0.03638707118778505,0.052845528455284556,1.0,1.0,0.7321428571428571,0.9783637835782804,0.9524991372561895,none,0,0,
31300,route_partitioned,0.25,30,6,0.35,14,0,0.9166666666666666,False,0.25555555555555554,3.2947309767881183,0.039965986394557826,0.05952380952380952,0.2037037037037035,3.3341310406267572,0.03772990677752583,0.06349206349206349,1.0,1.0,0.75,0.9732456375932945,0.9305273365426491,none,0,0,
31301,route_partitioned,0.25,30,6,0.35,14,1,0.9388888888888889,False,0.2232142857142856,3.315726035253618,0.038495606575963716,0.05952380952380952,0.19198966408268725,3.337767218459991,0.03728742263085151,0.05813953488372093,1.0,1.0,0.7678571428571429,0.9692130215794759,0.9392065034215396,none,0,0,
31302,route_partitioned,0.25,30,6,0.35,14,0,0.9055555555555556,False,0.24603174603174582,3.2887651398704234,0.03973568594104308,0.05952380952380952,0.1941496598639454,3.330104536649735,0.037401082882132446,0.04897959183673469,1.0,1.0,0.7291666666666666,0.9742349006026991,0.9392333940264272,none,0,0,
31303,route_partitioned,0.25,30,6,0.35,14,0,0.8944444444444445,True,0.2853174603174602,3.264930699315511,0.0416312358276644,0.06547619047619048,0.21264367816091934,3.3192355162282166,0.03806462030798138,0.05363984674329502,1.0,1.0,0.7767857142857143,0.9534584728407974,0.9084187963944531,none,0,0,
31304,route_partitioned,0.25,30,6,0.35,14,0,0.9,False,0.25555555555555554,3.2877051706093563,0.04019628684807256,0.06845238095238096,0.2069333333333332,3.3292583002277905,0.03772799999999999,0.052,1.0,1.0,0.7440476190476191,0.9707868668113755,0.9320239732207557,none,0,0,
31305,route_partitioned,0.25,30,6,0.35,14,0,0.9388888888888889,False,0.2400793650793649,3.30961468326756,0.03925736961451247,0.05952380952380952,0.1827757125154894,3.3473810301199176,0.036801592017799645,0.055762081784386616,1.0,1.0,0.8005952380952381,0.9590406238327098,0.9246900630978353,none,0,0,
31306,route_partitioned,0.25,30,6,0.35,14,0,0.8888888888888888,True,0.2777777777777777,3.268213430833701,0.04120606575963719,0.06547619047619048,0.20638297872340416,3.3243900059619627,0.03786328655500226,0.05531914893617021,1.0,1.0,0.6994047619047619,0.9809721056003392,0.947427929487629,none,0,0,
31307,route_partitioned,0.25,30,6,0.35,14,0,0.9111111111111111,False,0.2751984126984126,3.277471614900424,0.04102891156462585,0.05952380952380952,0.1997416020671834,3.332747791730432,0.037467700258397935,0.050387596899224806,1.0,1.0,0.7678571428571429,0.9638683839300374,0.9286916607886645,none,0,0,
31308,route_partitioned,0.25,30,6,0.35,14,0,0.9388888888888889,False,0.26349206349206344,3.2903246314161843,0.040586026077097506,0.06547619047619048,0.1924242424242424,3.339311062530347,0.03724747474747475,0.056818181818181816,1.0,1.0,0.7857142857142857,0.9632379734066735,0.9218620353593119,none,0,0,
31309,route_partitioned,0.25,30,6,0.35,14,0,0.9611111111111111,False,0.2230158730158729,3.321114759296146,0.03837159863945578,0.05654761904761905,0.15413533834586457,3.359584219849318,0.03595454802419583,0.05263157894736842,1.0,1.0,0.7916666666666666,0.9639151448734463,0.9360807653650017,none,0,0,
31310,route_partitioned,0.25,30,6,0.35,14,0,0.9611111111111111,False,0.22757936507936494,3.320816758434618,0.03874362244897958,0.0625,0.149673202614379,3.365857375877367,0.03569396386005383,0.050980392156862744,1.0,1.0,0.7589285714285714,0.9723576962285662,0.9455196526537316,none,0,0,
31311,route_partitioned,0.25,30,6,0.35,14,0,0.9722222222222222,False,0.20753968253968247,3.3320746831446946,0.037769274376417236,0.05952380952380952,0.1607464607464606,3.360583364904049,0.03600125221746844,0.05019305019305019,1.0,1.0,0.7708333333333334,0.9718834074993978,0.9434253361147601,none,0,0,
31312,route_partitioned,0.25,30,6,0.35,14,0,0.8944444444444445,True,0.27876984126984117,3.2629536034372544,0.041578089569160995,0.0744047619047619,0.21420765027322397,3.313656727356845,0.03826256382692824,0.05737704918032787,1.0,1.0,0.7261904761904762,0.9726684679590716,0.9419682296151707,none,0,0,
31313,route_partitioned,0.25,30,6,0.35,14,0,0.9388888888888889,False,0.2505952380952381,3.298862876229413,0.0397534013605442,0.05654761904761905,0.18307291666666647,3.3452167765075544,0.036834716796875,0.05078125,1.0,1.0,0.7619047619047619,0.9697674998815593,0.9385835308509471,none,0,0,
31314,route_partitioned,0.25,30,6,0.35,14,0,0.9222222222222223,False,0.2672619047619047,3.2863802308061887,0.04067460317460317,0.06547619047619048,0.20628415300546443,3.3322594796737333,0.03785944638538026,0.06557377049180328,1.0,1.0,0.7261904761904762,0.9725453378267118,0.9395114612445172,none,0,0,
31315,route_partitioned,0.25,30,6,0.35,14,0,0.9444444444444444,False,0.2503968253968254,3.3015388800546446,0.04008999433106577,0.06845238095238096,0.1758530183727034,3.3510761267030964,0.03658007316014632,0.05511811023622047,1.0,1.0,0.7559523809523809,0.9722695498265357,0.9444675434307966,none,0,0,
31316,route_partitioned,0.25,30,6,0.35,14,0,0.9166666666666666,False,0.2654761904761904,3.2889916437316558,0.04060374149659864,0.06547619047619048,0.18465608465608452,3.344994771181921,0.036879566641471406,0.05555555555555555,1.0,1.0,0.75,0.9691637103221643,0.9374188527696865,none,0,0,
31317,route_partitioned,0.25,30,6,0.35,14,0,0.9222222222222223,False,0.2492063492063492,3.2991221852584793,0.039877409297052156,0.07142857142857142,0.17999999999999994,3.346301880090376,0.036767999999999995,0.052,1.0,1.0,0.7440476190476191,0.9696577920410787,0.9367149439309376,none,0,0,
31318,route_partitioned,0.25,30,6,0.35,14,0,0.9222222222222223,False,0.26289682539682535,3.289518691557608,0.04046201814058957,0.05654761904761905,0.16720214190093707,3.3525775719078346,0.0363058660344188,0.04819277108433735,1.0,1.0,0.7410714285714286,0.9771681158174245,0.9442709211215821,none,0,0,
31319,route_partitioned,0.25,30,6,0.35,14,0,0.95,False,0.22619047619047605,3.316795510135241,0.03861961451247165,0.0625,0.14203480589022743,3.3625152375553595,0.0356929726939888,0.05220883534136546,1.0,1.0,0.7410714285714286,0.9762726248296163,0.9519006689826841,none,0,0,
31320,route_partitioned,0.5,30,6,0.35,14,0,0.9222222222222223,False,0.251984126984127,3.299807656076226,0.04005456349206348,0.06845238095238096,0.21111111111111103,3.330171734956721,0.03800110658417583,0.06028368794326241,1.0,1.0,0.8392857142857143,0.9354927851895939,0.8923557181039933,none,0,0,
31321,route_partitioned,0.5,30,6,0.35,14,0,0.8777777777777778,True,0.269047619047619,3.2797151085219145,0.04090490362811791,0.07142857142857142,0.23215547703180195,3.312104222399021,0.03881931351371599,0.05653710247349823,1.0,1.0,0.8422619047619048,0.9223737943015037,0.8615176990101571,none,0,0,
31322,route_partitioned,0.5,30,6,0.35,14,0,0.8833333333333333,True,0.30634920634920615,3.253934808224193,0.04324333900226757,0.0744047619047619,0.23163636363636364,3.314554823233532,0.0388099173553719,0.05818181818181818,1.0,1.0,0.8184523809523809,0.9157353477384683,0.8859670097407712,none,0,0,
31323,route_partitioned,0.5,30,6,0.35,14,0,0.8611111111111112,True,0.30694444444444424,3.2409707577361013,0.04292446145124717,0.06845238095238096,0.2567632850241546,3.285193376013853,0.040065112371350554,0.05434782608695652,1.0,1.0,0.8214285714285714,0.9182178168331955,0.8596279590058183,none,0,0,
31324,route_partitioned,0.5,30,6,0.35,14,0,0.8444444444444444,True,0.2924603174603173,3.251094208042001,0.04214498299319727,0.0625,0.24373522458628827,3.2897189958714095,0.039686132488305416,0.05319148936170213,1.0,1.0,0.8392857142857143,0.9250276736080695,0.8519431805988975,none,0,0,
31325,route_partitioned,0.5,30,6,0.35,14,0,0.8611111111111112,True,0.31805555555555554,3.223126518677973,0.04359764739229025,0.06547619047619048,0.27793263646922184,3.257964590747853,0.04121696269227501,0.05574912891986063,0.9666666666666667,0.9666666666666667,0.8541666666666666,0.8898734072240316,0.8428804286785793,none,0,0,
31326,route_partitioned,0.5,30,6,0.35,14,0,0.8277777777777777,True,0.32361111111111107,3.209687991356705,0.04428854875283447,0.06845238095238096,0.2903030303030303,3.2468640655260925,0.042195041322314046,0.06181818181818182,1.0,1.0,0.8184523809523809,0.919325294958888,0.8446374442030984,none,0,0,
31327,route_partitioned,0.5,30,6,0.35,14,0,0.9222222222222223,False,0.26111111111111107,3.2860477863759705,0.040284863945578224,0.06547619047619048,0.21800486618004866,3.3172695543947412,0.038254568703713576,0.05474452554744526,1.0,1.0,0.8154761904761905,0.9439809589535925,0.9191839058176585,none,0,0,
31328,route_partitioned,0.5,30,6,0.35,14,0,0.8888888888888888,True,0.2845238095238094,3.268132315589439,0.041702097505668945,0.06845238095238096,0.23192982456140343,3.3081477340737853,0.03889196675900276,0.05964912280701754,1.0,1.0,0.8482142857142857,0.9178340927934131,0.8770509011075514,none,0,0,
31329,route_partitioned,0.5,30,6,0.35,14,0,0.8388888888888889,True,0.2999999999999998,3.2408298196129612,0.04258786848072562,0.06547619047619048,0.25723270440251556,3.27990031218875,0.0402563189747241,0.05660377358490566,1.0,1.0,0.7886904761904762,0.943368964387734,0.8914664840403006,none,0,0,
31330,route_partitioned,0.5,30,6,0.35,14,0,0.8777777777777778,True,0.27261904761904754,3.2637002062095384,0.04102891156462585,0.05952380952380952,0.22364066193853427,3.295432011323397,0.03900709219858156,0.05319148936170213,1.0,1.0,0.8392857142857143,0.9276385726325928,0.8790708593495369,none,0,0,
31331,route_partitioned,0.5,30,6,0.35,14,0,0.8388888888888889,True,0.30456349206349187,3.2271080880240435,0.042889030612244895,0.0625,0.26510228640192524,3.2612799611063426,0.04080595342047987,0.05776173285198556,0.9666666666666667,0.9666666666666667,0.8244047619047619,0.9156027816963163,0.8461080674429536,none,0,0,
31332,route_partitioned,0.5,30,6,0.35,14,0,0.8555555555555555,True,0.3321428571428571,3.2135189435123923,0.04494401927437642,0.08333333333333333,0.2858002406738869,3.2589838932220103,0.04164005786599591,0.061371841155234655,1.0,1.0,0.8244047619047619,0.9141017129259316,0.8690423468887775,none,0,0,
31333,route_partitioned,0.5,30,6,0.35,14,0,0.8777777777777778,True,0.3041666666666665,3.2493354437380177,0.04274730725623582,0.06845238095238096,0.2577294685990337,3.2906207394963762,0.04006511237135057,0.057971014492753624,1.0,1.0,0.8214285714285714,0.927125185406608,0.8812391956134679,none,0,0,
31334,route_partitioned,0.5,30,6,0.35,14,0,0.9111111111111111,False,0.24404761904761885,3.287508061438868,0.039647108843537414,0.06547619047619048,0.20919540229885047,3.3111961283157174,0.03804994054696789,0.05172413793103448,0.9666666666666667,0.9666666666666667,0.8630952380952381,0.9196133310845584,0.8775175620609819,none,0,0,
31335,route_partitioned,0.5,30,6,0.35,14,0,0.9055555555555556,False,0.24444444444444424,3.295970645599133,0.039505385487528355,0.05952380952380952,0.2248366013071894,3.3107149147631856,0.03857490708701781,0.05555555555555555,1.0,1.0,0.9107142857142857,0.8778307930843848,0.841569011022898,none,0,0,
31336,route_partitioned,0.5,30,6,0.35,14,0,0.9055555555555556,False,0.29841269841269824,3.256655558003023,0.04248157596371883,0.07142857142857142,0.23897058823529393,3.3071245147920556,0.039143598615916965,0.05514705882352941,1.0,1.0,0.8095238095238095,0.9337614708703921,0.8970502377445554,none,0,0,
31337,route_partitioned,0.5,30,6,0.35,14,0,0.8888888888888888,True,0.3119047619047619,3.2384385401604603,0.04329648526077098,0.07142857142857142,0.27442922374429224,3.270000100235819,0.04118971664477387,0.06164383561643835,1.0,1.0,0.8690476190476191,0.9123178161108783,0.8629169409566497,none,0,0,
31338,route_partitioned,0.5,30,6,0.35,14,0,0.8333333333333334,True,0.3384920634920634,3.1976945646326986,0.04547548185941042,0.07738095238095238,0.2900966183574878,3.2439333721839745,0.042165511447174966,0.06521739130434782,1.0,1.0,0.8214285714285714,0.900278821221088,0.8461153524055409,none,0,0,
31339,route_partitioned,0.5,30,6,0.35,14,0,0.8777777777777778,True,0.26388888888888884,3.2669086864768886,0.04083404195011337,0.05654761904761905,0.2382222222222221,3.287904707041135,0.03960000000000001,0.05,1.0,1.0,0.8928571428571429,0.881056596913937,0.845241020230239,none,0,0,
31340,route_partitioned,0.5,30,6,0.35,14,0,0.8722222222222222,True,0.2942460317460316,3.2508775270129107,0.04214498299319727,0.05952380952380952,0.25326215895610904,3.2865414933001533,0.03995643418903003,0.05338078291814947,1.0,1.0,0.8363095238095238,0.9131959976851433,0.867124834693672,none,0,0,
31341,route_partitioned,0.5,30,6,0.35,14,0,0.8833333333333333,True,0.2757936507936507,3.264417475674817,0.04122378117913831,0.05952380952380952,0.23772893772893755,3.2998727122023483,0.039219632626226034,0.054945054945054944,1.0,1.0,0.8125,0.9357922994495366,0.8774216063035895,none,0,0,
31342,route_partitioned,0.5,30,6,0.35,14,0,0.8777777777777778,True,0.27916666666666656,3.270281267852192,0.04133007369614512,0.06845238095238096,0.2345454545454544,3.3087492693075604,0.03894214876033058,0.05454545454545454,1.0,1.0,0.8184523809523809,0.9263342061402726,0.869288903841683,none,0,0,
31343,route_partitioned,0.5,30,6,0.35,14,0,0.8444444444444444,True,0.29940476190476173,3.247696818316326,0.042481575963718814,0.06547619047619048,0.2603936039360393,3.2841381170687582,0.040263612968233005,0.055350553505535055,1.0,1.0,0.8065476190476191,0.9294863425982182,0.8732617791073426,none,0,0,
31344,route_partitioned,0.5,30,6,0.35,14,0,0.8555555555555555,True,0.2950396825396824,3.252010890426795,0.04228670634920635,0.06845238095238096,0.22763938315539733,3.2984064841660823,0.03901926267397829,0.05338078291814947,1.0,1.0,0.8363095238095238,0.9003681339310755,0.834366528671592,none,0,0,
31345,route_partitioned,0.5,30,6,0.35,14,0,0.8722222222222222,True,0.29900793650793633,3.2486724366693043,0.04285359977324263,0.07738095238095238,0.2492957746478872,3.2898463597094074,0.03999702439992066,0.06338028169014084,1.0,1.0,0.8452380952380952,0.9034797963319315,0.8557767419200045,none,0,0,
31346,route_partitioned,0.5,30,6,0.35,14,0,0.8722222222222222,True,0.2833333333333332,3.2646510892776237,0.04157808956916099,0.0625,0.2335748792270531,3.3039790556661197,0.03909367779878178,0.05434782608695652,1.0,1.0,0.8214285714285714,0.93474160283162,0.8963328290551934,none,0,0,
31347,route_partitioned,0.5,30,6,0.35,14,0,0.9277777777777778,False,0.25376984126984126,3.2876362137703485,0.040072278911564625,0.06845238095238096,0.21432009626955462,3.3171866091016664,0.03817331126431988,0.05776173285198556,1.0,1.0,0.8244047619047619,0.9478341404490706,0.9118949290701073,none,0,0,
31348,route_partitioned,0.5,30,6,0.35,14,0,0.8944444444444445,True,0.3003968253968252,3.2504046649463567,0.04297760770975056,0.08035714285714286,0.26078431372549016,3.2886311788759155,0.04044117647058823,0.0661764705882353,1.0,1.0,0.8095238095238095,0.9337418595244963,0.8799716582211631,none,0,0,
31349,route_partitioned,0.5,30,6,0.35,14,0,0.8944444444444445,True,0.2591269841269841,3.2843481900605895,0.040284863945578224,0.05357142857142857,0.23166666666666647,3.311511436749072,0.03885204081632653,0.05714285714285714,1.0,1.0,0.8333333333333334,0.938027654087894,0.8931402493914864,none,0,0,
31350,route_partitioned,0.75,30,6,0.35,14,0,0.8277777777777777,True,0.321031746031746,3.2097965032893323,0.044022817460317464,0.06845238095238096,0.2918918918918918,3.2374395234278763,0.04225255661066471,0.057432432432432436,1.0,1.0,0.8809523809523809,0.8435160122866455,0.7804429065197617,none,0,0,
31351,route_partitioned,0.75,30,6,0.35,14,0,0.8222222222222222,True,0.3125,3.215788281187403,0.04338506235827664,0.05952380952380952,0.28734463276836153,3.2389368159321625,0.04197644355070382,0.061016949152542375,0.9666666666666667,0.9666666666666667,0.8779761904761905,0.8634735877586258,0.8164042670348626,none,0,0,
31352,route_partitioned,0.75,30,6,0.35,14,0,0.8166666666666667,True,0.32738095238095233,3.1972630316648853,0.04434169501133787,0.06845238095238096,0.30469798657718106,3.218757346824271,0.04297103734066033,0.06040268456375839,0.9666666666666667,0.9666666666666667,0.8869047619047619,0.8362677145017301,0.77817800756748,none,0,0,
31353,route_partitioned,0.75,30,6,0.35,14,0,0.8222222222222222,True,0.32638888888888884,3.2026103312656993,0.04441255668934241,0.0625,0.29319727891156444,3.231278061689392,0.04264426859179044,0.061224489795918366,1.0,1.0,0.875,0.8535123191679787,0.7795670559390492,none,0,0,
31354,route_partitioned,0.75,30,6,0.35,14,0,0.7944444444444444,True,0.3555555555555554,3.1654800254034137,0.04620181405895691,0.06845238095238096,0.3272930648769574,3.1922595515297747,0.044412413855231744,0.06040268456375839,0.9666666666666667,0.9666666666666667,0.8869047619047619,0.8300937221331406,0.77242466398421,none,0,0,
31355,route_partitioned,0.75,30,6,0.35,14,0,0.8222222222222222,True,0.32440476190476186,3.205506101981251,0.044270833333333336,0.07142857142857142,0.290033222591362,3.2328234091665724,0.04237260074392115,0.05647840531561462,1.0,1.0,0.8958333333333334,0.8227560097646127,0.7550130818650332,none,0,0,
31356,route_partitioned,0.75,30,6,0.35,14,0,0.8333333333333334,True,0.31726190476190474,3.2201931083385014,0.043509070294784576,0.0625,0.2850877192982455,3.245486171886575,0.04176765927977839,0.05592105263157895,0.9666666666666667,0.9666666666666667,0.9047619047619048,0.832592011276119,0.7750632906463147,none,0,0,
31357,route_partitioned,0.75,30,6,0.35,14,0,0.8222222222222222,True,0.3392857142857142,3.2017096084884518,0.04506802721088435,0.06547619047619048,0.3131578947368421,3.2261439310262836,0.04339075484764542,0.05921052631578947,1.0,1.0,0.9047619047619048,0.8247940276065845,0.7848492332866726,none,0,0,
31358,route_partitioned,0.75,30,6,0.35,14,0,0.8333333333333334,True,0.33412698412698405,3.2010431119527873,0.04485544217687074,0.07738095238095238,0.29682539682539666,3.235343701161909,0.042412883520755236,0.061224489795918366,0.9666666666666667,0.9666666666666667,0.875,0.8467421959198448,0.7957358779012517,none,0,0,
31359,route_partitioned,0.75,30,6,0.35,14,0,0.8055555555555556,True,0.33253968253968247,3.196696296200791,0.044766865079365066,0.05952380952380952,0.30469798657718106,3.2245546246754784,0.04303860186478086,0.05704697986577181,1.0,1.0,0.8869047619047619,0.8413418486321497,0.8009360048106933,none,0,0,
31360,route_partitioned,0.75,30,6,0.35,14,0,0.8277777777777777,True,0.3279761904761904,3.221412486869319,0.0443062641723356,0.06547619047619048,0.2884057971014491,3.25461158044307,0.04206888066129015,0.056856187290969896,1.0,1.0,0.8898809523809523,0.851850069945956,0.8041390452581226,none,0,0,
31361,route_partitioned,0.75,30,6,0.35,14,0,0.8055555555555556,True,0.32380952380952377,3.190436580650771,0.04462514172335601,0.06845238095238096,0.29528619528619515,3.2142300019747254,0.04311351449398587,0.06060606060606061,0.9666666666666667,0.9666666666666667,0.8839285714285714,0.8465125541314359,0.7778631995179722,none,0,0,
31362,route_partitioned,0.75,30,6,0.35,14,0,0.7888888888888889,True,0.3626984126984125,3.162451416907793,0.04685728458049887,0.07738095238095238,0.32579234972677584,3.1926974749666743,0.04455791453910239,0.05901639344262295,1.0,1.0,0.9077380952380952,0.7652129784623846,0.7237094026395462,none,0,0,
31363,route_partitioned,0.75,30,6,0.35,14,0,0.7833333333333333,True,0.35873015873015857,3.1774561824473215,0.04644982993197279,0.06845238095238096,0.31845444059976913,3.2175654133268186,0.04380934136324995,0.058823529411764705,1.0,1.0,0.8601190476190477,0.8583157358674578,0.768387994140708,none,0,0,
31364,route_partitioned,0.75,30,6,0.35,14,0,0.8111111111111111,True,0.31646825396825395,3.2050609882700116,0.044111394557823126,0.0625,0.3011223344556677,3.2259801041557594,0.04302282080059858,0.06060606060606061,1.0,1.0,0.8839285714285714,0.8487889083707268,0.7742909647015909,none,0,0,
31365,route_partitioned,0.75,30,6,0.35,14,0,0.7722222222222223,True,0.3724206349206347,3.1373597420673605,0.0478139172335601,0.0744047619047619,0.32662116040955613,3.1751589890229512,0.0448345350557374,0.06143344709897611,0.9666666666666667,0.9666666666666667,0.8720238095238095,0.8149707147586477,0.7548184985980352,none,0,0,
31366,route_partitioned,0.75,30,6,0.35,14,0,0.8111111111111111,True,0.3220238095238095,3.203858165603917,0.04416454081632653,0.07142857142857142,0.2867549668874172,3.2301436426164036,0.042256918556203685,0.052980132450331126,0.9666666666666667,0.9666666666666667,0.8988095238095238,0.8456161926734754,0.7828211248277683,none,0,0,
31367,route_partitioned,0.75,30,6,0.35,14,0,0.7944444444444444,True,0.34980158730158717,3.1748128950690937,0.04621952947845805,0.06845238095238096,0.3105145413870245,3.2072950024749587,0.04389441917030764,0.06040268456375839,1.0,1.0,0.8869047619047619,0.8322356829576351,0.7694060197874945,none,0,0,
31368,route_partitioned,0.75,30,6,0.35,14,1,0.8111111111111111,True,0.3220238095238095,3.2021332256885984,0.04418225623582766,0.06845238095238096,0.2934426229508196,3.2249556399050947,0.04262295081967214,0.05573770491803279,1.0,1.0,0.9077380952380952,0.8167729471776878,0.7608369376057463,none,0,0,
31369,route_partitioned,0.75,30,6,0.35,14,0,0.7888888888888889,True,0.3367063492063491,3.197418109916567,0.045138888888888895,0.06845238095238096,0.31270903010033435,3.223432221314876,0.04356774532723347,0.06020066889632107,1.0,1.0,0.8898809523809523,0.8219847674228148,0.7616433387646714,none,0,0,
31370,route_partitioned,0.75,30,6,0.35,14,0,0.7833333333333333,True,0.33273809523809517,3.186837871048675,0.044766865079365094,0.06547619047619048,0.30272108843537415,3.213189605352054,0.04308390022675736,0.05782312925170068,0.9666666666666667,0.9666666666666667,0.875,0.8556033545798587,0.7916400311612973,none,0,0,
31371,route_partitioned,0.75,30,6,0.35,14,0,0.8444444444444444,True,0.29265873015873,3.2336579171139395,0.04239299886621315,0.0625,0.269363538295577,3.2492546478767337,0.04137996041097181,0.05501618122977346,0.9666666666666667,0.9666666666666667,0.9196428571428571,0.8152863209865315,0.7687623322367371,none,0,0,
31372,route_partitioned,0.75,30,6,0.35,14,0,0.8,True,0.34146825396825387,3.1827484070113,0.045688066893424036,0.06547619047619048,0.31845444059976913,3.2106857255654115,0.044072748171118635,0.06228373702422145,1.0,1.0,0.8601190476190477,0.8646175311446354,0.7822075334574762,none,0,0,
31373,route_partitioned,0.75,30,6,0.35,14,1,0.8,True,0.35297619047619033,3.1809610194293185,0.046042375283446714,0.06845238095238096,0.31954022988505737,3.214690543550185,0.043900118906064205,0.05862068965517241,1.0,1.0,0.8630952380952381,0.8703975990946424,0.7754162160566596,none,0,0,
31374,route_partitioned,0.75,30,6,0.35,14,1,0.7777777777777778,True,0.37023809523809503,3.1491144177036245,0.047211592970521535,0.06845238095238096,0.33411896745230063,3.1815884863071084,0.04490471493838497,0.06060606060606061,0.9666666666666667,0.9666666666666667,0.8839285714285714,0.823170472377721,0.7786077205876961,none,0,0,
31375,route_partitioned,0.75,30,6,0.35,14,0,0.8055555555555556,True,0.3192460317460317,3.2167480586921244,0.04382794784580499,0.06547619047619048,0.2876543209876543,3.2438236183279647,0.04207053702003197,0.05723905723905724,1.0,1.0,0.8839285714285714,0.8458930176053605,0.8069351846219638,none,0,0,
31376,route_partitioned,0.75,30,6,0.35,14,0,0.8277777777777777,True,0.33472222222222214,3.208859483260953,0.04494401927437641,0.0744047619047619,0.29768518518518516,3.2459511049605254,0.04239004629629631,0.0625,1.0,1.0,0.8571428571428571,0.8686624548390597,0.8196325427985655,none,0,0,
31377,route_partitioned,0.75,30,6,0.35,14,1,0.8,True,0.34246031746031735,3.16957023995891,0.04554634353741497,0.06547619047619048,0.3257270693512304,3.187473779708073,0.0444574568713121,0.06040268456375839,0.9333333333333333,0.9333333333333333,0.8869047619047619,0.8546233109813705,0.7751172533857561,none,0,0,
31378,route_partitioned,0.75,30,6,0.35,14,0,0.7722222222222223,True,0.3746031746031746,3.1381541581913153,0.047813917233560085,0.0744047619047619,0.3440677966101693,3.1671105020428274,0.04576845733984488,0.061016949152542375,0.9666666666666667,0.9666666666666667,0.8779761904761905,0.7970370008965016,0.7289283727188621,none,0,0,
31379,route_partitioned,0.75,30,6,0.35,14,0,0.7611111111111111,True,0.35952380952380936,3.114109639786207,0.04753047052154195,0.07142857142857142,0.33879598662207355,3.13166608678775,0.04618516571403003,0.06020066889632107,0.9,0.9,0.8898809523809523,0.8243510881626787,0.7410349014906122,none,0,0,
31380,route_partitioned,0.9,30,6,0.35,14,0,0.7888888888888889,True,0.33591269841269833,3.1721119051046514,0.04522746598639456,0.06547619047619048,0.31694169416941675,3.1901801453741796,0.04412421440163818,0.0594059405940594,0.9333333333333333,0.9333333333333333,0.9017857142857143,0.8105353111592802,0.7378441554524598,none,0,0,
31381,route_partitioned,0.9,30,6,0.35,14,0,0.8111111111111111,True,0.34166666666666656,3.1940501596120128,0.04536918934240364,0.06845238095238096,0.31346801346801345,3.2220172469147013,0.04358965638426917,0.06060606060606061,1.0,1.0,0.8839285714285714,0.8212685361590056,0.7659954138631103,none,0,0,
31382,route_partitioned,0.9,30,6,0.35,14,0,0.7722222222222223,True,0.3666666666666665,3.150294946058104,0.04731788548752835,0.07738095238095238,0.3195676905574516,3.1881520287006495,0.04450838099453692,0.06143344709897611,0.9666666666666667,0.9666666666666667,0.8720238095238095,0.8051184472182222,0.7296843249968177,none,0,0,
31383,route_partitioned,0.9,30,6,0.35,14,0,0.7666666666666667,True,0.3458333333333332,3.164631425712087,0.04593608276643991,0.06845238095238096,0.31790722761596535,3.1861224398334977,0.044354374168682764,0.05825242718446602,0.9666666666666667,0.9666666666666667,0.9196428571428571,0.7539841291447641,0.6823465075549806,none,0,0,
31384,route_partitioned,0.9,30,6,0.35,14,0,0.7666666666666667,True,0.37043650793650773,3.1447961635721575,0.04767219387755102,0.07142857142857142,0.3389639639639639,3.1749550602613907,0.04569941563184807,0.060810810810810814,1.0,1.0,0.8809523809523809,0.8077435396120017,0.7293624614389302,none,0,0,
31385,route_partitioned,0.9,30,6,0.35,14,0,0.7611111111111111,True,0.3763888888888889,3.1399330318347127,0.04800878684807257,0.08333333333333333,0.33871706758304687,3.1764244248428013,0.0452876087906378,0.061855670103092786,0.9666666666666667,0.9666666666666667,0.8660714285714286,0.8177105069326934,0.7513509602363357,none,0,0,
31386,route_partitioned,0.9,30,6,0.35,14,1,0.7722222222222223,True,0.3218253968253968,3.1786657605307442,0.044554280045351474,0.05654761904761905,0.29649122807017525,3.1968472318392793,0.043412396121883655,0.05592105263157895,0.9333333333333333,0.9333333333333333,0.9047619047619048,0.8030351163056282,0.7393517346265903,none,0,0,
31387,route_partitioned,0.9,30,6,0.35,14,0,0.7277777777777777,True,0.4023809523809523,3.0818494564610956,0.050205498866213144,0.0744047619047619,0.36922183507549344,3.1149373443454436,0.047821389114836896,0.0627177700348432,0.9333333333333333,0.9333333333333333,0.8541666666666666,0.8077106652671769,0.7260255748511577,none,0,0,
31388,route_partitioned,0.9,30,6,0.35,14,1,0.7444444444444445,True,0.36726190476190457,3.118197767254196,0.047743055555555546,0.0625,0.3519251925192519,3.1357032900864197,0.04669476848674966,0.0594059405940594,0.9333333333333333,0.9333333333333333,0.9017857142857143,0.7882867017046836,0.741883814654077,none,0,0,
31389,route_partitioned,0.9,30,6,0.35,14,0,0.7388888888888889,True,0.3664682539682538,3.143117688475707,0.047353316326530615,0.06845238095238096,0.340173724212812,3.1648060508305718,0.04586786066695669,0.05863192182410423,1.0,1.0,0.9136904761904762,0.7373614343501035,0.698532941377643,none,0,0,
31390,route_partitioned,0.9,30,6,0.35,14,0,0.75,True,0.38690476190476186,3.1093419260150177,0.04884141156462585,0.07142857142857142,0.3559726962457337,3.137471669249634,0.04688464629756899,0.06143344709897611,0.9666666666666667,0.9666666666666667,0.8720238095238095,0.8072245969521389,0.713112626961428,none,0,0,
31391,route_partitioned,0.9,30,6,0.35,14,0,0.7666666666666667,True,0.3579365079365078,3.146528550622388,0.046857284580498856,0.0625,0.3252796420581654,3.1728313555225136,0.04508805909643709,0.06040268456375839,0.9666666666666667,0.9666666666666667,0.8869047619047619,0.8044774891619784,0.7378846216672782,none,0,0,
31392,route_partitioned,0.9,30,6,0.35,14,0,0.8055555555555556,True,0.34305555555555545,3.185803969976473,0.04538690476190477,0.06845238095238096,0.3192090395480225,3.211521594833385,0.04381499569089343,0.061016949152542375,1.0,1.0,0.8779761904761905,0.8297084490228158,0.7538441861547015,none,0,0,
31393,route_partitioned,0.9,30,6,0.35,14,0,0.7555555555555555,True,0.3662698412698411,3.139820940311968,0.0470344387755102,0.0625,0.330960451977401,3.1698765258894497,0.044941108876759554,0.0576271186440678,0.9333333333333333,0.9333333333333333,0.8779761904761905,0.8138581962910955,0.7299192415528158,none,0,0,
31394,route_partitioned,0.9,30,6,0.35,14,1,0.7777777777777778,True,0.35972222222222205,3.1484743209628374,0.046875,0.06845238095238096,0.3335526315789472,3.1703988198150146,0.04533846952908588,0.05921052631578947,0.9333333333333333,0.9333333333333333,0.9047619047619048,0.777638945015081,0.7233613938490273,none,0,0,
31395,route_partitioned,0.9,30,6,0.35,14,0,0.7666666666666667,True,0.3624999999999998,3.143693174606821,0.04705215419501134,0.06845238095238096,0.3374727668845314,3.1650366754245445,0.04560211884317997,0.058823529411764705,0.9666666666666667,0.9666666666666667,0.9107142857142857,0.7716260896032551,0.738426767718754,none,0,0,
31396,route_partitioned,0.9,30,6,0.35,14,0,0.7777777777777778,True,0.3226190476190476,3.185203976466775,0.04443027210884354,0.05952380952380952,0.3017372421281215,3.2026109378774335,0.04332141455081751,0.05537459283387622,0.9333333333333333,0.9333333333333333,0.9136904761904762,0.7795110334945244,0.7240535478237139,none,0,0,
31397,route_partitioned,0.9,30,6,0.35,14,0,0.7111111111111111,True,0.36706349206349187,3.0985120226218807,0.048256802721088426,0.06845238095238096,0.34399551066217726,3.1172895675070063,0.04705869015633325,0.06060606060606061,0.9333333333333333,0.9333333333333333,0.8839285714285714,0.7982690656455581,0.7168538998522219,none,0,0,
31398,route_partitioned,0.9,30,6,0.35,14,0,0.8,True,0.346626984126984,3.1774816105602532,0.04597151360544218,0.06845238095238096,0.31767337807606255,3.2048712348055006,0.04425476329895049,0.05704697986577181,1.0,1.0,0.8869047619047619,0.825817952479968,0.7650782597360228,none,0,0,
31399,route_partitioned,0.9,30,6,0.35,14,0,0.7833333333333333,True,0.3581349206349205,3.1713640631444,0.046538407029478465,0.0744047619047619,0.3119369369369369,3.2091964012520013,0.043781957633308985,0.060810810810810814,1.0,1.0,0.8809523809523809,0.8181794930889885,0.7538149577290595,none,0,0,
31400,route_partitioned,0.9,30,6,0.35,14,0,0.7388888888888889,True,0.3759920634920635,3.107404647743572,0.048770549886621314,0.08333333333333333,0.3353467561521253,3.1378327774355887,0.046281699022566555,0.06040268456375839,0.9333333333333333,0.9333333333333333,0.8869047619047619,0.7745392128007508,0.6978722168082124,none,0,0,
31401,route_partitioned,0.9,30,6,0.35,14,0,0.7722222222222223,True,0.375,3.14535888160919,0.04784934807256235,0.07142857142857142,0.3421404682274247,3.1764103034642943,0.045625887853603414,0.06020066889632107,1.0,1.0,0.8898809523809523,0.7926071592183522,0.7482765832394067,none,0,0,
31402,route_partitioned,0.9,30,6,0.35,14,0,0.7888888888888889,True,0.3630952380952379,3.1713062486210615,0.04680413832199547,0.0744047619047619,0.32252252252252234,3.2092309594659523,0.044101533966398834,0.060810810810810814,1.0,1.0,0.8809523809523809,0.8050841370208525,0.7398749128986156,none,0,0,
31403,route_partitioned,0.9,30,6,0.35,14,0,0.7777777777777778,True,0.3394841269841269,3.1643158465837806,0.04598922902494331,0.06547619047619048,0.31942604856512125,3.1843065988356085,0.04475680891188983,0.059602649006622516,1.0,1.0,0.8988095238095238,0.820009273616214,0.7585152635591746,none,0,0,
31404,route_partitioned,0.9,30,6,0.35,14,0,0.7555555555555555,True,0.35992063492063475,3.134285262303977,0.047087585034013606,0.06547619047619048,0.3429824561403507,3.15104960992604,0.0460742728531856,0.05921052631578947,0.9666666666666667,0.9666666666666667,0.9047619047619048,0.7841778011424277,0.7151813236124117,none,0,0,
31405,route_partitioned,0.9,30,6,0.35,14,0,0.7444444444444445,True,0.37777777777777777,3.1202033691893245,0.0485579648526077,0.07738095238095238,0.34956140350877174,3.1449484102609304,0.046701869806094184,0.05921052631578947,1.0,1.0,0.9047619047619048,0.7471078534978174,0.6907270936437326,none,0,0,
31406,route_partitioned,0.9,30,6,0.35,14,0,0.7444444444444445,True,0.39722222222222214,3.097024321540484,0.049585459183673464,0.07738095238095238,0.3514220705346984,3.134703957493704,0.04651189879905416,0.06143344709897611,0.9,0.9,0.8720238095238095,0.7781230533969307,0.6941577340064824,none,0,0,
31407,route_partitioned,0.9,30,6,0.35,14,1,0.7833333333333333,True,0.3718253968253966,3.1418268582944586,0.04758361678004535,0.07142857142857142,0.34296788482834994,3.1687871226815014,0.04572797209743822,0.059800664451827246,0.9666666666666667,0.9666666666666667,0.8958333333333334,0.7935919134492896,0.7494459851192512,none,0,0,
31408,route_partitioned,0.9,30,6,0.35,14,0,0.7777777777777778,True,0.3480158730158729,3.1672871168417984,0.046060090702947844,0.06845238095238096,0.327615965480043,3.1851890082574528,0.04487803856264597,0.05825242718446602,1.0,1.0,0.9196428571428571,0.7504076962319703,0.7022503436621554,none,0,0,
31409,route_partitioned,0.9,30,6,0.35,14,0,0.7333333333333333,True,0.3660714285714284,3.1178771438975006,0.04790249433106576,0.06845238095238096,0.341780821917808,3.1413973953300816,0.04644398573841245,0.06164383561643835,0.9666666666666667,0.9666666666666667,0.8690476190476191,0.8113479192063994,0.7436323974104599,none,0,0,
31410,route_partitioned,0.98,30,6,0.35,14,0,0.7388888888888889,True,0.3859126984126984,3.1009099359445456,0.04892998866213152,0.06547619047619048,0.35151515151515134,3.1324732738728187,0.046774903418260065,0.06293706293706294,0.9333333333333333,0.9333333333333333,0.8511904761904762,0.8389015595092914,0.7473086620283759,none,0,0,
31411,route_partitioned,0.98,30,6,0.35,14,0,0.75,True,0.3720238095238093,3.120351415736103,0.04802650226757369,0.0625,0.3472316384180789,3.1440876040979173,0.04652686009767308,0.061016949152542375,0.9666666666666667,0.9666666666666667,0.8779761904761905,0.7995618348263495,0.7289808247887044,none,0,0,
31412,route_partitioned,0.98,30,6,0.35,14,0,0.7388888888888889,True,0.38829365079365075,3.107495548086252,0.04916028911564625,0.0744047619047619,0.3555924695459578,3.1353969369196255,0.047140760035761196,0.059800664451827246,0.9666666666666667,0.9666666666666667,0.8958333333333334,0.7696367198244336,0.7130186333355168,none,0,0,
31413,route_partitioned,0.98,30,6,0.35,14,0,0.7388888888888889,True,0.3567460317460316,3.119029407073421,0.04728245464852608,0.0625,0.33504273504273496,3.132937581042721,0.046330539119000654,0.057692307692307696,0.9333333333333333,0.9333333333333333,0.9285714285714286,0.7258297073373353,0.6837160646194427,none,0,0,
31414,route_partitioned,0.98,30,6,0.35,14,0,0.75,True,0.3744047619047619,3.116291487214422,0.048132794784580483,0.06547619047619048,0.35244444444444434,3.137546664801155,0.04680000000000001,0.06,0.9666666666666667,0.9666666666666667,0.8928571428571429,0.7822049504635773,0.7412013637179635,none,0,0,
31415,route_partitioned,0.98,30,6,0.35,14,0,0.7333333333333333,True,0.37043650793650773,3.100945899253687,0.048416241496598636,0.07738095238095238,0.34862486248624847,3.1191091420257537,0.04706510254985894,0.0594059405940594,0.9333333333333333,0.9333333333333333,0.9017857142857143,0.7726086995812781,0.7146998366384011,none,0,0,
31416,route_partitioned,0.98,30,6,0.35,14,1,0.7055555555555556,True,0.3994047619047618,3.077074939248075,0.05032950680272109,0.07738095238095238,0.36296296296296293,3.1091720752599192,0.0480565200617284,0.0625,0.9666666666666667,0.9666666666666667,0.8571428571428571,0.7642257169581211,0.6810666471464559,none,0,0,
31417,route_partitioned,0.98,30,6,0.35,14,0,0.7444444444444445,True,0.36944444444444424,3.1193139287101075,0.048327664399092966,0.07738095238095238,0.33731513083048914,3.150241956535834,0.04602266770725344,0.06143344709897611,0.9333333333333333,0.9333333333333333,0.8720238095238095,0.7866897157280319,0.727658897989876,none,0,0,
31418,route_partitioned,0.98,30,6,0.35,14,0,0.7388888888888889,True,0.39523809523809517,3.095038622826059,0.04953231292517007,0.07142857142857142,0.35783972125435537,3.1292876780686756,0.046995835812016655,0.0627177700348432,0.9,0.9,0.8541666666666666,0.805776673459215,0.7074531651479444,none,0,0,
31419,route_partitioned,0.98,30,6,0.35,14,0,0.7388888888888889,True,0.38095238095238093,3.098943067160009,0.04857568027210884,0.07142857142857142,0.35005611672278336,3.1226149336247624,0.04685462934621184,0.06060606060606061,0.9,0.9,0.8839285714285714,0.8208890146948215,0.7505344631033646,none,0,0,
31420,route_partitioned,0.98,30,6,0.35,14,0,0.7222222222222222,True,0.40357142857142847,3.0805795496556163,0.05034722222222221,0.06845238095238096,0.3744027303754265,3.1115284818061912,0.048235855979685265,0.06143344709897611,0.9333333333333333,0.9333333333333333,0.8720238095238095,0.7843233223667735,0.7310245942025689,none,0,0,
31421,route_partitioned,0.98,30,6,0.35,14,0,0.7555555555555555,True,0.32559523809523805,3.1708664712345103,0.04487315759637187,0.05952380952380952,0.306196581196581,3.183835051497912,0.0440499671268902,0.05448717948717949,0.9666666666666667,0.9666666666666667,0.9285714285714286,0.784558456074394,0.7404498621437994,none,0,0,
31422,route_partitioned,0.98,30,6,0.35,14,1,0.7444444444444445,True,0.39821428571428563,3.0879208829577185,0.04983347505668934,0.07738095238095238,0.3675736961451246,3.1158515749381492,0.047804155675875794,0.061224489795918366,0.9333333333333333,0.9333333333333333,0.875,0.7987462780104316,0.7483293620849398,none,0,0,
31423,route_partitioned,0.98,30,6,0.35,14,0,0.7555555555555555,True,0.38710317460317456,3.112054954683556,0.04871740362811791,0.06845238095238096,0.3582222222222222,3.1388210859484165,0.046844444444444445,0.06,0.9333333333333333,0.9333333333333333,0.8928571428571429,0.7627557058358069,0.7115665904440996,none,0,0,
31424,route_partitioned,0.98,30,6,0.35,14,0,0.7666666666666667,True,0.36726190476190457,3.1418141172659215,0.047264739229024945,0.06845238095238096,0.3370122630992196,3.1682995645639993,0.04542454782384984,0.06020066889632107,0.9666666666666667,0.9666666666666667,0.8898809523809523,0.8109482300490094,0.7576702981320677,none,0,0,
31425,route_partitioned,0.98,30,6,0.35,14,0,0.7666666666666667,True,0.3478174603174602,3.138552910794498,0.04678642290249433,0.07142857142857142,0.32121212121212106,3.1576045002775817,0.04539129701467364,0.05844155844155844,0.9666666666666667,0.9666666666666667,0.9166666666666666,0.7549793083045917,0.702051212254342,none,0,0,
31426,route_partitioned,0.98,30,6,0.35,14,0,0.7277777777777777,True,0.3938492063492063,3.074169325817997,0.04956774376417233,0.0744047619047619,0.3573333333333333,3.0994088760085696,0.04755555555555556,0.06,0.8666666666666667,0.8666666666666667,0.8928571428571429,0.7574960317585511,0.7137834233759079,none,0,0,
31427,route_partitioned,0.98,30,6,0.35,14,2,0.7388888888888889,True,0.4029761904761904,3.0922232874426605,0.050258645124716554,0.08035714285714286,0.37525423728813556,3.121071939323288,0.04815857512209135,0.061016949152542375,0.9666666666666667,0.9666666666666667,0.8779761904761905,0.7759661237035443,0.7048004795879511,none,0,0,
31428,route_partitioned,0.98,30,6,0.35,14,1,0.7444444444444445,True,0.37043650793650773,3.1357952759324004,0.0477076247165533,0.06845238095238096,0.34009009009009006,3.164740225367356,0.04581355003652301,0.060810810810810814,1.0,1.0,0.8809523809523809,0.8073625489596125,0.7455428186739166,none,0,0,
31429,route_partitioned,0.98,30,6,0.35,14,0,0.7611111111111111,True,0.3851190476190476,3.119808390425589,0.04869968820861678,0.0744047619047619,0.3478513356562136,3.155752527976838,0.046194563488691144,0.0627177700348432,0.9666666666666667,0.9666666666666667,0.8541666666666666,0.8100027918978706,0.7530203156403696,none,0,0,
31430,route_partitioned,0.98,30,6,0.35,14,0,0.7666666666666667,True,0.3728174603174601,3.136624037860344,0.047796201814058956,0.08035714285714286,0.333108108108108,3.170202631332888,0.04517439737034332,0.060810810810810814,0.9666666666666667,0.9666666666666667,0.8809523809523809,0.7987750344981802,0.7289155478390925,none,0,0,
31431,route_partitioned,0.98,30,6,0.35,14,1,0.7666666666666667,True,0.3482142857142856,3.1566142308928704,0.04646754535147392,0.07142857142857142,0.3225136612021857,3.178084044315701,0.04494490728298844,0.05901639344262295,1.0,1.0,0.9077380952380952,0.7868400918208526,0.7084323545560879,none,0,0,
31432,route_partitioned,0.98,30,6,0.35,14,0,0.7611111111111111,True,0.3478174603174602,3.1458245037090924,0.046308106575963716,0.06845238095238096,0.3297267759562841,3.1627479924708797,0.045202902445579146,0.05901639344262295,0.9333333333333333,0.9333333333333333,0.9077380952380952,0.7889837138523519,0.7252589172093594,none,0,0,
31433,route_partitioned,0.98,30,6,0.35,14,0,0.7388888888888889,True,0.3992063492063491,3.092699237765829,0.04960317460317461,0.07142857142857142,0.36415525114155245,3.125148198812027,0.04726496528429349,0.06164383561643835,0.9,0.9,0.8690476190476191,0.7931609735370873,0.7280112301303393,none,0,0,
31434,route_partitioned,0.98,30,6,0.35,14,0,0.7444444444444445,True,0.3757936507936508,3.1161138263750625,0.048416241496598636,0.08035714285714286,0.3421404682274247,3.143483159724167,0.04631939240053243,0.06020066889632107,0.9666666666666667,0.9666666666666667,0.8898809523809523,0.7781504291928503,0.6982508487289416,none,0,0,
31435,route_partitioned,0.98,30,6,0.35,14,0,0.75,True,0.3853174603174603,3.111974134502759,0.048575680272108845,0.07142857142857142,0.3503355704697986,3.141740137426366,0.046326742038646895,0.06040268456375839,0.9333333333333333,0.9333333333333333,0.8869047619047619,0.783719033660899,0.7117418393214058,none,0,0,
31436,route_partitioned,0.98,30,6,0.35,14,0,0.7388888888888889,True,0.3765873015873016,3.1102453073875425,0.0481859410430839,0.06845238095238096,0.3581081081081081,3.1294743124108835,0.04695489408327247,0.060810810810810814,0.9333333333333333,0.9333333333333333,0.8809523809523809,0.810504593330789,0.7341218222613821,none,0,0,
31437,route_partitioned,0.98,30,6,0.35,14,0,0.7444444444444445,True,0.38829365079365075,3.0996603197531947,0.049053996598639446,0.07142857142857142,0.352125279642058,3.12904533406765,0.04684473672357101,0.06040268456375839,0.9333333333333333,0.9333333333333333,0.8869047619047619,0.7741562090957624,0.710152902545348,none,0,0,
31438,route_partitioned,0.98,30,6,0.35,14,0,0.7388888888888889,True,0.375,3.0794074372842717,0.04862882653061225,0.06547619047619048,0.354915254237288,3.096819584309316,0.047492099971272614,0.0576271186440678,0.8666666666666667,0.8666666666666667,0.8779761904761905,0.8126351997194138,0.7485931191702315,none,0,0,
31439,route_partitioned,0.98,30,6,0.35,14,0,0.7777777777777778,True,0.3545634920634919,3.1536816607219236,0.046502976190476185,0.06547619047619048,0.33522853957636567,3.1749287872111625,0.04524557890851332,0.06020066889632107,0.9666666666666667,0.9666666666666667,0.8898809523809523,0.8049991785381172,0.7143466366175032,none,0,0,
31440,low_exposure_challenger,0.0,30,6,0.35,14,0,1.0,False,0.20892857142857135,3.322252527208845,0.038052721088435375,0.0625,0.10833333333333317,3.3725934205210963,0.034948224852071004,0.04326923076923077,1.0,1.0,0.6190476190476191,0.9950096614697436,0.9877105953524459,low_exposure,9,56,0.16071428571428573
31441,low_exposure_challenger,0.0,30,6,0.35,14,0,1.0,False,0.2476190476190474,3.2916659138003066,0.03975340136054421,0.06547619047619048,0.15174129353233812,3.3467433556668675,0.03650899730204698,0.06467661691542288,1.0,1.0,0.5982142857142857,0.9967448222632725,0.9883152297828094,low_exposure,14,56,0.25
31442,low_exposure_challenger,0.0,30,6,0.35,14,0,1.0,False,0.23353174603174587,3.313139951812836,0.038867630385487524,0.05654761904761905,0.11153846153846136,3.377368244990693,0.03480954142011835,0.04807692307692308,1.0,1.0,0.6190476190476191,0.9963954999235715,0.9875682468501449,low_exposure,11,56,0.19642857142857142
31443,low_exposure_challenger,0.0,30,6,0.35,14,0,1.0,False,0.20257936507936503,3.335478780491021,0.0375921201814059,0.05952380952380952,0.12098765432098757,3.3759678329393332,0.03506515775034294,0.05092592592592592,1.0,1.0,0.6428571428571429,0.9946966808124321,0.9855240687081034,low_exposure,7,56,0.125
31444,low_exposure_challenger,0.0,30,6,0.35,14,0,1.0,False,0.19365079365079363,3.338449415842542,0.03739725056689343,0.06547619047619048,0.09551569506726443,3.3822456926260633,0.03448691910153029,0.04484304932735426,1.0,1.0,0.6636904761904762,0.993774628164608,0.9804068319309461,low_exposure,6,56,0.10714285714285714
31445,low_exposure_challenger,0.0,30,6,0.35,14,1,1.0,False,0.21031746031746024,3.3218456754948096,0.038141298185941044,0.0625,0.12705314009661817,3.37139445843905,0.03517001563630423,0.04830917874396135,1.0,1.0,0.6160714285714286,0.9952435613951877,0.987025906792962,low_exposure,11,56,0.19642857142857142
31446,low_exposure_challenger,0.0,30,6,0.35,14,0,1.0,False,0.2047619047619047,3.332094045364901,0.037645266439909286,0.05357142857142857,0.10614439324116742,3.3825635763515933,0.03455159379048185,0.04608294930875576,1.0,1.0,0.6458333333333334,0.9946143196034544,0.985368534486245,low_exposure,6,56,0.10714285714285714
31447,low_exposure_challenger,0.0,30,6,0.35,14,1,1.0,False,0.21726190476190466,3.3258104231171357,0.03835388321995464,0.06547619047619048,0.08969404186795482,3.384648490736164,0.03437653154099278,0.04830917874396135,1.0,1.0,0.6160714285714286,0.9971481078294128,0.9917077719057944,low_exposure,6,56,0.10714285714285714
31448,low_exposure_challenger,0.0,30,6,0.35,14,0,1.0,False,0.22380952380952368,3.3212455881631735,0.038477891156462586,0.05952380952380952,0.12129629629629624,3.3752771056956394,0.035022290809327845,0.05092592592592592,1.0,1.0,0.6428571428571429,0.9937144991124541,0.9835853645413818,low_exposure,8,56,0.14285714285714285
31449,low_exposure_challenger,0.0,30,6,0.35,14,0,0.9944444444444445,False,0.20992063492063484,3.329853528246186,0.037893282312925165,0.05654761904761905,0.1314074074074072,3.372178106847369,0.03525925925925926,0.05333333333333334,1.0,1.0,0.6696428571428571,0.9913938082707533,0.9767516610599271,low_exposure,7,56,0.125
31450,low_exposure_challenger,0.0,30,6,0.35,14,0,1.0,False,0.19920634920634916,3.3395522785211202,0.03746811224489796,0.05654761904761905,0.11415929203539821,3.3787505939839733,0.034928342078471314,0.05752212389380531,1.0,1.0,0.6726190476190477,0.9934769073523605,0.9827987543710384,low_exposure,2,56,0.03571428571428571
31451,low_exposure_challenger,0.0,30,6,0.35,14,0,1.0,False,0.1962301587301587,3.3419936463216096,0.037344104308390025,0.05654761904761905,0.0752380952380951,3.3913015341740502,0.03401360544217688,0.04285714285714286,1.0,1.0,0.625,0.9974335504777185,0.9926018532906925,low_exposure,1,56,0.017857142857142856
31452,low_exposure_challenger,0.0,30,6,0.35,14,1,1.0,False,0.19484126984126982,3.3381296925198094,0.037361819727891155,0.05952380952380952,0.10161030595813192,3.382866285255528,0.034516558146047746,0.04830917874396135,1.0,1.0,0.6160714285714286,0.9966063811115865,0.9900790403142707,low_exposure,6,56,0.10714285714285714
31453,low_exposure_challenger,0.0,30,6,0.35,14,0,1.0,False,0.2400793650793649,3.307458454841889,0.03945223922902494,0.06845238095238096,0.15054263565891457,3.363580516768474,0.03575987020010816,0.05116279069767442,1.0,1.0,0.6398809523809523,0.9926845982903751,0.9787455190145943,low_exposure,10,56,0.17857142857142858
31454,low_exposure_challenger,0.0,30,6,0.35,14,0,1.0,False,0.23392857142857126,3.297184591797886,0.0391156462585034,0.05654761904761905,0.16095238095238096,3.3437009721508746,0.0364625850340136,0.05238095238095238,1.0,1.0,0.625,0.995099597847457,0.981866539223247,low_exposure,17,56,0.30357142857142855
31455,low_exposure_challenger,0.0,30,6,0.35,14,0,1.0,False,0.25555555555555554,3.293465020185939,0.04023171768707483,0.06845238095238096,0.13710691823899368,3.364410319970275,0.03551085795656818,0.04716981132075472,1.0,1.0,0.6309523809523809,0.9951194253723505,0.9839449073513968,low_exposure,10,56,0.17857142857142858
31456,low_exposure_challenger,0.0,30,6,0.35,14,0,1.0,False,0.1966269841269841,3.3393005634371935,0.03748582766439909,0.06547619047619048,0.09413580246913567,3.3859151108509495,0.03433641975308642,0.046296296296296294,1.0,1.0,0.6428571428571429,0.9954650199118477,0.9869009610976985,low_exposure,4,56,0.07142857142857142
31457,low_exposure_challenger,0.0,30,6,0.35,14,0,1.0,False,0.1775793650793649,3.3505180811405375,0.036546910430839005,0.050595238095238096,0.09121212121212108,3.3867892311577212,0.034256198347107435,0.04090909090909091,1.0,1.0,0.6547619047619048,0.9947322572117097,0.9850429605115351,low_exposure,4,56,0.07142857142857142
31458,low_exposure_challenger,0.0,30,6,0.35,14,0,1.0,False,0.2307539682539681,3.313534350997688,0.0390093537414966,0.06547619047619048,0.1322378716744912,3.3724313447800114,0.035200246864599175,0.046948356807511735,1.0,1.0,0.6339285714285714,0.9954844558098944,0.9852730974833537,low_exposure,9,56,0.16071428571428573
31459,low_exposure_challenger,0.0,30,6,0.35,14,0,1.0,False,0.2394841269841268,3.308731277693043,0.03938137755102041,0.0625,0.0883495145631068,3.3853170917776794,0.034310491092468656,0.043689320388349516,1.0,1.0,0.6130952380952381,0.997169958831102,0.9919480091100605,low_exposure,5,56,0.08928571428571429
31460,low_exposure_challenger,0.0,30,6,0.35,14,0,1.0,False,0.17281746031746015,3.351936118010595,0.0364937641723356,0.05357142857142857,0.1065769805680119,3.381836074469768,0.03460757304590883,0.04932735426008968,1.0,1.0,0.6636904761904762,0.9939078409149814,0.9830079579802201,low_exposure,4,56,0.07142857142857142
31461,low_exposure_challenger,0.0,30,6,0.35,14,0,1.0,False,0.1970238095238095,3.3375859785497815,0.03739725056689343,0.05952380952380952,0.08924731182795687,3.3856690613158347,0.034296757204442654,0.041474654377880185,1.0,1.0,0.6458333333333334,0.995849642596106,0.9864192640924703,low_exposure,5,56,0.08928571428571429
31462,low_exposure_challenger,0.0,30,6,0.35,14,0,1.0,False,0.22043650793650782,3.320185753789008,0.03854875283446712,0.06547619047619048,0.1178787878787877,3.372457644553242,0.03508264462809918,0.05,1.0,1.0,0.6547619047619048,0.9924856917522485,0.979430201039161,low_exposure,6,56,0.10714285714285714
31463,low_exposure_challenger,0.0,30,6,0.35,14,0,1.0,False,0.2390873015873014,3.3111681040291847,0.0395408163265306,0.0744047619047619,0.09559748427672954,3.3848941029979205,0.03439836240655037,0.04716981132075472,1.0,1.0,0.6309523809523809,0.9930622885095376,0.9874837284115615,low_exposure,7,56,0.125
31464,low_exposure_challenger,0.0,30,6,0.35,14,0,1.0,False,0.20813492063492056,3.3321453068937052,0.0380172902494331,0.0625,0.115151515151515,3.379315007188185,0.03479338842975206,0.05,1.0,1.0,0.6547619047619048,0.9946031831099739,0.9836467742563805,low_exposure,6,56,0.10714285714285714
31465,low_exposure_challenger,0.0,30,6,0.35,14,0,1.0,False,0.21765873015873005,3.3232857718002258,0.03840702947845804,0.06547619047619048,0.11848484848484842,3.3728182567378875,0.03504132231404959,0.05,1.0,1.0,0.6547619047619048,0.991718653223597,0.9829871843387967,low_exposure,7,56,0.125
31466,low_exposure_challenger,0.0,30,6,0.35,14,0,1.0,False,0.21964285714285703,3.3206331066743453,0.03837159863945577,0.05952380952380952,0.1302180685358254,3.3669571277261245,0.03546161236789238,0.056074766355140186,1.0,1.0,0.6369047619047619,0.995331730231443,0.9848454199819602,low_exposure,9,56,0.16071428571428573
31467,low_exposure_challenger,0.0,30,6,0.35,14,0,1.0,False,0.1684523809523808,3.3569781719904497,0.03635204081632653,0.05952380952380952,0.0899082568807339,3.38687416502984,0.03434054372527565,0.05045871559633028,1.0,1.0,0.6488095238095238,0.9958336461929579,0.9890903987848065,low_exposure,0,56,0.0
31468,low_exposure_challenger,0.0,30,6,0.35,14,0,1.0,False,0.21150793650793642,3.3282216676521874,0.037893282312925165,0.05357142857142857,0.13570300157977866,3.36965543064103,0.03551133173109319,0.052132701421800945,1.0,1.0,0.6279761904761905,0.9958432258038825,0.9834059401353943,low_exposure,10,56,0.17857142857142858
31469,low_exposure_challenger,0.0,30,6,0.35,14,0,0.9944444444444445,False,0.21150793650793642,3.326959122282802,0.03801729024943311,0.05952380952380952,0.09840510366826138,3.378661553871013,0.0346374854055539,0.04784688995215311,1.0,1.0,0.6220238095238095,0.9961871762118829,0.9885813064355805,low_exposure,7,56,0.125
31470,low_exposure_challenger,0.25,30,6,0.35,14,0,1.0,False,0.2132936507936507,3.325744769313391,0.03847789115646258,0.06547619047619048,0.15173745173745168,3.3624641562416056,0.03588199341095095,0.05791505791505792,1.0,1.0,0.7708333333333334,0.9765290084510253,0.9519868587275903,low_exposure,4,56,0.07142857142857142
31471,low_exposure_challenger,0.25,30,6,0.35,14,0,0.9833333333333333,False,0.28095238095238084,3.2736487085164625,0.04140093537414966,0.06547619047619048,0.18632478632478633,3.342119566463246,0.03696398568193441,0.05128205128205128,1.0,1.0,0.6964285714285714,0.9825431575855847,0.9540328094961251,low_exposure,14,56,0.25
31472,low_exposure_challenger,0.25,30,6,0.35,14,0,1.0,False,0.22380952380952368,3.321628495747314,0.038619614512471645,0.06547619047619048,0.15073041168658685,3.365038162768208,0.0356661005380867,0.04780876494023904,1.0,1.0,0.7470238095238095,0.972392707684297,0.9430541468576168,low_exposure,8,56,0.14285714285714285
31473,low_exposure_challenger,0.25,30,6,0.35,14,0,0.9944444444444445,False,0.21746031746031735,3.319002140219442,0.03822987528344671,0.05357142857142857,0.16082337317397077,3.35110160580522,0.03626926556721322,0.043824701195219126,1.0,1.0,0.7470238095238095,0.9724317471811141,0.9445252017323801,low_exposure,11,56,0.19642857142857142
31474,low_exposure_challenger,0.25,30,6,0.35,14,0,0.9944444444444445,False,0.23769841269841252,3.308819777047631,0.03922193877551021,0.06845238095238096,0.18253968253968234,3.346219239169054,0.03678508440413203,0.051587301587301584,1.0,1.0,0.75,0.9713071660600447,0.9483261166022059,low_exposure,9,56,0.16071428571428573
31475,low_exposure_challenger,0.25,30,6,0.35,14,0,0.9944444444444445,False,0.26984126984126977,3.2864797785089754,0.04086947278911565,0.06547619047619048,0.17800829875518653,3.3504709491925015,0.036655704963757516,0.058091286307053944,1.0,1.0,0.7172619047619048,0.9798936476486616,0.9522208075997961,low_exposure,12,56,0.21428571428571427
31476,low_exposure_challenger,0.25,30,6,0.35,14,0,1.0,False,0.251984126984127,3.2796219415112344,0.0404797335600907,0.07738095238095238,0.20382081686429498,3.3146807402782206,0.03794778859222922,0.05928853754940711,0.9666666666666667,0.9666666666666667,0.7529761904761905,0.9697132988466447,0.9372214541138727,low_exposure,15,56,0.26785714285714285
31477,low_exposure_challenger,0.25,30,6,0.35,14,0,1.0,False,0.23253968253968238,3.2982293658791613,0.039186507936507936,0.06547619047619048,0.18233731739707815,3.326579262581365,0.03728512245837369,0.055776892430278883,0.9666666666666667,0.9666666666666667,0.7470238095238095,0.976099273874356,0.9469367146550329,low_exposure,12,56,0.21428571428571427
31478,low_exposure_challenger,0.25,30,6,0.35,14,0,1.0,False,0.24384920634920615,3.3067798078167905,0.03946995464852607,0.05654761904761905,0.1764940239043824,3.3505524937898103,0.036650211901398395,0.055776892430278883,1.0,1.0,0.7470238095238095,0.9754308037473254,0.9491758009025778,low_exposure,8,56,0.14285714285714285
31479,low_exposure_challenger,0.25,30,6,0.35,14,0,1.0,False,0.22956349206349191,3.314655617236217,0.03872590702947846,0.05357142857142857,0.16058201058201038,3.3558185480184974,0.036123708742756354,0.051587301587301584,1.0,1.0,0.75,0.9761844000138101,0.9517526505297478,low_exposure,8,56,0.14285714285714285
31480,low_exposure_challenger,0.25,30,6,0.35,14,0,1.0,False,0.19999999999999996,3.33254285280179,0.03757440476190476,0.05654761904761905,0.1461152882205512,3.3611532722222064,0.03572841879133925,0.04887218045112782,1.0,1.0,0.7916666666666666,0.966748840544692,0.9318759100528674,low_exposure,10,56,0.17857142857142858
31481,low_exposure_challenger,0.25,30,6,0.35,14,0,0.9944444444444445,False,0.27242063492063484,3.2785388083319806,0.04083404195011337,0.0625,0.19999999999999996,3.3330401025407452,0.03749349635796046,0.05241935483870968,1.0,1.0,0.7380952380952381,0.9698140378609055,0.9318287286299033,low_exposure,16,56,0.2857142857142857
31482,low_exposure_challenger,0.25,30,6,0.35,14,0,1.0,False,0.20833333333333326,3.329695557983264,0.03807043650793651,0.06845238095238096,0.15449735449735447,3.361442930877631,0.035934744268077606,0.05555555555555555,1.0,1.0,0.75,0.975783779256462,0.9532484476466228,low_exposure,7,56,0.125
31483,low_exposure_challenger,0.25,30,6,0.35,14,0,0.9944444444444445,False,0.2132936507936507,3.3101933592038435,0.038229875283446714,0.05654761904761905,0.15869853917662669,3.339645962134265,0.03633275662291075,0.05179282868525897,0.9666666666666667,0.9666666666666667,0.7470238095238095,0.9765791739203656,0.9437223814121806,low_exposure,11,56,0.19642857142857142
31484,low_exposure_challenger,0.25,30,6,0.35,14,0,1.0,False,0.27083333333333326,3.2747707586229398,0.04124149659863945,0.07738095238095238,0.20067476383265848,3.3274111677435925,0.0377157468570211,0.06072874493927125,1.0,1.0,0.7351190476190477,0.9706543430300764,0.9355988823352105,low_exposure,16,56,0.2857142857142857
31485,low_exposure_challenger,0.25,30,6,0.35,14,0,0.9944444444444445,False,0.27896825396825387,3.2676383566458034,0.04125921201814058,0.0625,0.19830508474576258,3.3250183680184042,0.03766877334099397,0.059322033898305086,1.0,1.0,0.7023809523809523,0.9796946099786591,0.9446914252418651,low_exposure,18,56,0.32142857142857145
31486,low_exposure_challenger,0.25,30,6,0.35,14,0,0.9944444444444445,False,0.25555555555555554,3.2969554460871167,0.04017857142857142,0.06845238095238096,0.17692307692307674,3.3510266759373253,0.03653846153846155,0.05,1.0,1.0,0.7738095238095238,0.9687049926376635,0.9351646530574177,low_exposure,10,56,0.17857142857142858
31487,low_exposure_challenger,0.25,30,6,0.35,14,0,0.9944444444444445,False,0.22539682539682526,3.3102352918143167,0.03869047619047619,0.05654761904761905,0.18015873015872996,3.3426021171356126,0.036816578483245155,0.051587301587301584,1.0,1.0,0.75,0.9706486991657689,0.9365562767238419,low_exposure,14,56,0.25
31488,low_exposure_challenger,0.25,30,6,0.35,14,0,1.0,False,0.22936507936507922,3.3184908553615142,0.038761337868480725,0.0625,0.16666666666666652,3.355276500119301,0.036472921618798164,0.058365758754863814,1.0,1.0,0.7648809523809523,0.9718121788670011,0.9493513200923024,low_exposure,5,56,0.08928571428571429
31489,low_exposure_challenger,0.25,30,6,0.35,14,0,0.9944444444444445,False,0.2476190476190474,3.2989787272612303,0.039558531746031744,0.05654761904761905,0.20238095238095233,3.333558607692148,0.03757243638196019,0.05555555555555555,1.0,1.0,0.75,0.9741833178553215,0.9425804171186473,low_exposure,11,56,0.19642857142857142
31490,low_exposure_challenger,0.25,30,6,0.35,14,0,1.0,False,0.24345238095238075,3.2933400490232936,0.03943452380952381,0.05357142857142857,0.20998702983138773,3.31978647974545,0.038017229632545536,0.058365758754863814,1.0,1.0,0.7648809523809523,0.9686263538135162,0.9276507990752002,low_exposure,14,56,0.25
31491,low_exposure_challenger,0.25,30,6,0.35,14,0,0.9944444444444445,False,0.2849206349206348,3.2627052522239897,0.04171981292517006,0.07142857142857142,0.2256916996047429,3.31021281304734,0.03866643753222203,0.05928853754940711,1.0,1.0,0.7529761904761905,0.9598705749404082,0.924651819446768,low_exposure,19,56,0.3392857142857143
31492,low_exposure_challenger,0.25,30,6,0.35,14,0,1.0,False,0.25297619047619047,3.2968265427050643,0.040019132653061215,0.0625,0.18925619834710727,3.339619274631709,0.03725838399016462,0.05371900826446281,1.0,1.0,0.7202380952380952,0.9782988949522614,0.9532218383262162,low_exposure,11,56,0.19642857142857142
31493,low_exposure_challenger,0.25,30,6,0.35,14,0,0.9944444444444445,False,0.2313492063492062,3.3130757374123387,0.038779053287981854,0.05952380952380952,0.17325728770595683,3.3479322864463508,0.0366493660454828,0.053231939163498096,1.0,1.0,0.7827380952380952,0.9656927988980678,0.9356347008655295,low_exposure,10,56,0.17857142857142858
31494,low_exposure_challenger,0.25,30,6,0.35,14,0,0.9888888888888889,False,0.2382936507936506,3.3046273287996515,0.039115646258503396,0.05654761904761905,0.17204301075268802,3.3471074144749493,0.03655046826222684,0.05241935483870968,1.0,1.0,0.7380952380952381,0.9755498903469371,0.9437117100593979,low_exposure,12,56,0.21428571428571427
31495,low_exposure_challenger,0.25,30,6,0.35,14,0,1.0,False,0.2523809523809524,3.2901135951075537,0.03984197845804989,0.05357142857142857,0.19365079365079363,3.331567918951536,0.03747795414462081,0.05952380952380952,1.0,1.0,0.75,0.9743000162724375,0.9437048063437011,low_exposure,15,56,0.26785714285714285
31496,low_exposure_challenger,0.25,30,6,0.35,14,0,0.9777777777777777,False,0.24642857142857122,3.299720997312573,0.039540816326530615,0.05654761904761905,0.16336088154269968,3.354561828176927,0.03619971313434876,0.049586776859504134,1.0,1.0,0.7202380952380952,0.9777094940703129,0.9398029724261594,low_exposure,14,56,0.25
31497,low_exposure_challenger,0.25,30,6,0.35,14,0,0.9944444444444445,False,0.22619047619047605,3.3157313650036273,0.03856646825396825,0.05952380952380952,0.18491761723700884,3.3440277353812964,0.03688068354320577,0.053231939163498096,1.0,1.0,0.7827380952380952,0.9630016350891538,0.9281657143334567,low_exposure,12,56,0.21428571428571427
31498,low_exposure_challenger,0.25,30,6,0.35,14,0,1.0,False,0.22003968253968242,3.323539890115509,0.03822987528344671,0.05654761904761905,0.17541827541827537,3.352595858983661,0.036478287443538406,0.05405405405405406,1.0,1.0,0.7708333333333334,0.9729256293142016,0.9424895195612958,low_exposure,8,56,0.14285714285714285
31499,low_exposure_challenger,0.25,30,6,0.35,14,0,1.0,False,0.24503968253968234,3.303163913901815,0.03985969387755101,0.0744047619047619,0.1795783926218708,3.348623731639426,0.0367292099548501,0.05533596837944664,1.0,1.0,0.7529761904761905,0.9727216632076706,0.9475239653208979,low_exposure,10,56,0.17857142857142858
31500,low_exposure_challenger,0.5,30,6,0.35,14,0,0.9777777777777777,False,0.30436507936507917,3.2360409866143027,0.042747307256235836,0.06845238095238096,0.2639575971731447,3.2710282216413447,0.04049245214698648,0.06007067137809187,0.9666666666666667,0.9666666666666667,0.8422619047619048,0.905421144018272,0.845691158703445,low_exposure,21,56,0.375
31501,low_exposure_challenger,0.5,30,6,0.35,14,0,0.9833333333333333,False,0.29007936507936494,3.261812819860152,0.041914682539682536,0.06845238095238096,0.22738095238095224,3.307216105468272,0.038775510204081626,0.05357142857142857,1.0,1.0,0.8333333333333334,0.92385459652187,0.8788458695154397,low_exposure,15,56,0.26785714285714285
31502,low_exposure_challenger,0.5,30,6,0.35,14,0,1.0,False,0.24821428571428572,3.2942814714201476,0.039664824263038544,0.05952380952380952,0.2254769921436588,3.31192280297065,0.03864685009466153,0.05723905723905724,1.0,1.0,0.8839285714285714,0.9061065183001545,0.8651476459496222,low_exposure,14,56,0.25
31503,low_exposure_challenger,0.5,30,6,0.35,14,0,0.9833333333333333,False,0.3013888888888887,3.228651172768894,0.042871315192743766,0.05952380952380952,0.2679623085983509,3.258885845377348,0.04116670204397607,0.05653710247349823,1.0,1.0,0.8422619047619048,0.9080428738396428,0.8414389087009467,low_exposure,24,56,0.42857142857142855
31504,low_exposure_challenger,0.5,30,6,0.35,14,0,0.9888888888888889,False,0.2827380952380951,3.2533822828076318,0.04170209750566894,0.05654761904761905,0.25923261390887276,3.2798983296499253,0.0403188240774287,0.0539568345323741,1.0,1.0,0.8273809523809523,0.9234126349779345,0.8681619824135458,low_exposure,21,56,0.375
31505,low_exposure_challenger,0.5,30,6,0.35,14,0,0.9888888888888889,False,0.2567460317460317,3.2941906114453845,0.04005456349206349,0.05952380952380952,0.22818713450292383,3.3174072025585533,0.03871960603262543,0.06315789473684211,1.0,1.0,0.8482142857142857,0.924019949355772,0.8737234749398634,low_exposure,13,56,0.23214285714285715
31506,low_exposure_challenger,0.5,30,6,0.35,14,0,0.9888888888888889,False,0.28095238095238084,3.2628449873031826,0.04140093537414966,0.05952380952380952,0.24366543665436646,3.2965600950180596,0.03944663062866791,0.055350553505535055,1.0,1.0,0.8065476190476191,0.9430105085228403,0.8965203465175525,low_exposure,20,56,0.35714285714285715
31507,low_exposure_challenger,0.5,30,6,0.35,14,0,0.9888888888888889,False,0.2944444444444443,3.2508575244375213,0.04230442176870748,0.06845238095238096,0.2574269005847951,3.2839877647468705,0.040246229609110486,0.05964912280701754,1.0,1.0,0.8482142857142857,0.9050066219312011,0.8467579689182391,low_exposure,21,56,0.375
31508,low_exposure_challenger,0.5,30,6,0.35,14,0,0.9944444444444445,False,0.26210317460317456,3.2660767538116087,0.04074546485260771,0.07142857142857142,0.23308913308913293,3.29133980555905,0.039165962242885315,0.06227106227106227,0.9666666666666667,0.9666666666666667,0.8125,0.9429349254691171,0.9020296589219269,low_exposure,18,56,0.32142857142857145
31509,low_exposure_challenger,0.5,30,6,0.35,14,0,0.9833333333333333,False,0.3386904761904761,3.204878049767762,0.04492630385487528,0.07142857142857142,0.26867167919799484,3.2638415613992215,0.04087285883882638,0.05639097744360902,1.0,1.0,0.7916666666666666,0.932687733215614,0.8829660847332265,low_exposure,25,56,0.44642857142857145
31510,low_exposure_challenger,0.5,30,6,0.35,14,0,0.9722222222222222,False,0.29702380952380936,3.2526622250594057,0.042286706349206345,0.0625,0.2492753623188404,3.2937068358001236,0.039802562486872514,0.06159420289855073,1.0,1.0,0.8214285714285714,0.9189845286734267,0.8634773646801609,low_exposure,19,56,0.3392857142857143
31511,low_exposure_challenger,0.5,30,6,0.35,14,0,0.9666666666666667,False,0.33412698412698405,3.193826193223196,0.04499716553287981,0.06547619047619048,0.2953086419753086,3.2356277823549213,0.04257887517146777,0.05925925925925926,1.0,1.0,0.8035714285714286,0.9316450516509406,0.8693133228111553,low_exposure,28,56,0.5
31512,low_exposure_challenger,0.5,30,6,0.35,14,0,0.9888888888888889,False,0.247222222222222,3.2966836335657987,0.03970025510204081,0.05952380952380952,0.20578703703703694,3.325408413450154,0.037856867283950615,0.05555555555555555,1.0,1.0,0.8571428571428571,0.9235660835607064,0.8824319525206992,low_exposure,14,56,0.25
31513,low_exposure_challenger,0.5,30,6,0.35,14,0,0.9666666666666667,False,0.2912698412698411,3.262327662276455,0.04209183673469387,0.07142857142857142,0.24528076463560322,3.3005973828096105,0.0395292969000912,0.06093189964157706,1.0,1.0,0.8303571428571429,0.9233638417924737,0.8708685383423047,low_exposure,15,56,0.26785714285714285
31514,low_exposure_challenger,0.5,30,6,0.35,14,0,0.9611111111111111,False,0.3003968253968252,3.237956776231944,0.04281816893424037,0.06547619047619048,0.25269607843137254,3.281595470370627,0.0400897491349481,0.051470588235294115,1.0,1.0,0.8095238095238095,0.9328531475419871,0.8586406900960423,low_exposure,22,56,0.39285714285714285
31515,low_exposure_challenger,0.5,30,6,0.35,14,0,0.9888888888888889,False,0.23809523809523792,3.285574109391531,0.03952310090702947,0.05357142857142857,0.22710495963091115,3.2993620704688342,0.038876450234072865,0.05190311418685121,1.0,1.0,0.8601190476190477,0.915941491890127,0.8593349072607676,low_exposure,18,56,0.32142857142857145
31516,low_exposure_challenger,0.5,30,6,0.35,14,0,0.9777777777777777,False,0.2773809523809523,3.2623697440298933,0.041312358276643986,0.05952380952380952,0.25844748858447475,3.2831504362577353,0.04020454118971663,0.0547945205479452,1.0,1.0,0.8690476190476191,0.8891854746000075,0.841094526123857,low_exposure,20,56,0.35714285714285715
31517,low_exposure_challenger,0.5,30,6,0.35,14,0,0.9944444444444445,False,0.28948412698412684,3.261181025488032,0.041826105442176874,0.06547619047619048,0.2526132404181183,3.2918121142915067,0.03980866588158166,0.05574912891986063,1.0,1.0,0.8541666666666666,0.9118711896305256,0.865310131491372,low_exposure,18,56,0.32142857142857145
31518,low_exposure_challenger,0.5,30,6,0.35,14,0,0.9777777777777777,False,0.32559523809523805,3.207598089253353,0.044182256235827666,0.0744047619047619,0.2816666666666665,3.2458783746697506,0.04155612244897959,0.05714285714285714,0.9666666666666667,0.9666666666666667,0.8333333333333334,0.8948029898074413,0.8364996720861967,low_exposure,26,56,0.4642857142857143
31519,low_exposure_challenger,0.5,30,6,0.35,14,0,0.9777777777777777,False,0.23492063492063475,3.3024801019044796,0.03925736961451247,0.0625,0.20490196078431366,3.331689818318468,0.03762975778546713,0.051470588235294115,1.0,1.0,0.8095238095238095,0.9511230665820674,0.8974414265603835,low_exposure,12,56,0.21428571428571427
31520,low_exposure_challenger,0.5,30,6,0.35,14,0,0.9722222222222222,False,0.2920634920634919,3.2572904426795346,0.04280045351473922,0.08630952380952381,0.2437422552664188,3.305786215092806,0.03942731581929492,0.06319702602230483,1.0,1.0,0.8005952380952381,0.9373806296558224,0.8994853359785369,low_exposure,14,56,0.25
31521,low_exposure_challenger,0.5,30,6,0.35,14,0,0.9944444444444445,False,0.3007936507936506,3.2237812100545087,0.04327876984126984,0.07738095238095238,0.26200716845878125,3.257261072600099,0.04099382073714365,0.06093189964157706,1.0,1.0,0.8303571428571429,0.9221286372549905,0.8546279885670414,low_exposure,26,56,0.4642857142857143
31522,low_exposure_challenger,0.5,30,6,0.35,14,0,0.9833333333333333,False,0.2680555555555555,3.274070146317903,0.04095804988662131,0.07142857142857142,0.23638497652582147,3.3032455828079565,0.03912914104344376,0.056338028169014086,1.0,1.0,0.8452380952380952,0.9134685506241013,0.8616683026828439,low_exposure,19,56,0.3392857142857143
31523,low_exposure_challenger,0.5,30,6,0.35,14,0,0.95,False,0.31865079365079363,3.232919175936177,0.04388109410430839,0.0744047619047619,0.2594527363184078,3.2878285795799593,0.04026509244820673,0.05970149253731343,1.0,1.0,0.7976190476190477,0.9275996616724509,0.852815918213171,low_exposure,17,56,0.30357142857142855
31524,low_exposure_challenger,0.5,30,6,0.35,14,0,1.0,False,0.27083333333333326,3.2676871386970374,0.04109977324263038,0.06845238095238096,0.23235294117647043,3.3019360355821976,0.03903546712802769,0.05514705882352941,1.0,1.0,0.8095238095238095,0.9416051932896421,0.9040061565829435,low_exposure,19,56,0.3392857142857143
31525,low_exposure_challenger,0.5,30,6,0.35,14,0,0.9833333333333333,False,0.3005952380952379,3.253239269780638,0.04257015306122448,0.07142857142857142,0.2575971731448763,3.289490014206789,0.0400679244340671,0.06007067137809187,1.0,1.0,0.8422619047619048,0.9094716666036927,0.8578408163123098,low_exposure,18,56,0.32142857142857145
31526,low_exposure_challenger,0.5,30,6,0.35,14,0,0.9888888888888889,False,0.25416666666666665,3.292640600910629,0.04001913265306122,0.06845238095238096,0.19816849816849813,3.3309965883519226,0.03744850997598251,0.05128205128205128,1.0,1.0,0.8125,0.9533700648015045,0.9153910773913747,low_exposure,10,56,0.17857142857142858
31527,low_exposure_challenger,0.5,30,6,0.35,14,0,0.9722222222222222,False,0.28968253968253954,3.263857893647217,0.04225127551020407,0.0744047619047619,0.24362416107382545,3.3005368004705304,0.03941263907031215,0.05704697986577181,1.0,1.0,0.8869047619047619,0.8838912755286922,0.8554133952358683,low_exposure,14,56,0.25
31528,low_exposure_challenger,0.5,30,6,0.35,14,0,0.9833333333333333,False,0.27162698412698405,3.270807300422325,0.040993480725623574,0.0625,0.2446366782006919,3.2966490513907107,0.03952299421702326,0.058823529411764705,1.0,1.0,0.8601190476190477,0.9063662775580462,0.8449707923213969,low_exposure,18,56,0.32142857142857145
31529,low_exposure_challenger,0.5,30,6,0.35,14,0,0.9833333333333333,False,0.26448412698412693,3.2856960420904224,0.0405860260770975,0.06845238095238096,0.23658536585365852,3.312219491922132,0.03905595551724556,0.0627177700348432,1.0,1.0,0.8541666666666666,0.9220807159085583,0.8750290169392523,low_exposure,15,56,0.26785714285714285
31530,low_exposure_challenger,0.75,30,6,0.35,14,0,0.9666666666666667,False,0.31865079365079363,3.216119897096714,0.04381023242630386,0.06845238095238096,0.28907469342251946,3.242582374395613,0.04204650954687306,0.06020066889632107,1.0,1.0,0.8898809523809523,0.8416659223955872,0.7917102257584117,low_exposure,25,56,0.44642857142857145
31531,low_exposure_challenger,0.75,30,6,0.35,14,0,0.95,False,0.34424603174603163,3.19452599764731,0.04535147392290249,0.06845238095238096,0.29703196347031957,3.2348163221085042,0.04247982735972977,0.06164383561643835,0.9666666666666667,0.9666666666666667,0.8690476190476191,0.8448447064623021,0.7882523190905082,low_exposure,25,56,0.44642857142857145
31532,low_exposure_challenger,0.75,30,6,0.35,14,1,0.9444444444444444,False,0.33452380952380945,3.1979981529709605,0.044802295918367346,0.0625,0.2997762863534674,3.226249387698007,0.042948515832620146,0.06040268456375839,1.0,1.0,0.8869047619047619,0.8409314091609142,0.7633767795658549,low_exposure,26,56,0.4642857142857143
31533,low_exposure_challenger,0.75,30,6,0.35,14,0,0.9666666666666667,False,0.3406746031746031,3.17050484402582,0.04552862811791383,0.06547619047619048,0.32418300653594767,3.186194607053915,0.044576872143192794,0.05555555555555555,0.9666666666666667,0.9666666666666667,0.9107142857142857,0.8146785819935721,0.7624914831285944,low_exposure,30,56,0.5357142857142857
31534,low_exposure_challenger,0.75,30,6,0.35,14,0,0.9444444444444444,False,0.35892857142857126,3.139465228518098,0.04721159297052154,0.08333333333333333,0.3193771626297577,3.1723002000955365,0.04469534608062642,0.058823529411764705,0.9333333333333333,0.9333333333333333,0.8601190476190477,0.8670440172732393,0.7782287882603982,low_exposure,33,56,0.5892857142857143
31535,low_exposure_challenger,0.75,30,6,0.35,14,0,0.9555555555555556,False,0.35099206349206336,3.1879086995470813,0.04588293650793651,0.07142857142857142,0.31218390804597695,3.2241223816424642,0.043424494649227104,0.06206896551724138,1.0,1.0,0.8630952380952381,0.8661394832628555,0.8130713156216688,low_exposure,27,56,0.48214285714285715
31536,low_exposure_challenger,0.75,30,6,0.35,14,0,0.9555555555555556,False,0.34265873015873005,3.18431739863728,0.04547548185941043,0.07142857142857142,0.3114478114478114,3.2123703490580944,0.043589656384269176,0.06060606060606061,0.9666666666666667,0.9666666666666667,0.8839285714285714,0.8245106773299349,0.7593159177802106,low_exposure,28,56,0.5
31537,low_exposure_challenger,0.75,30,6,0.35,14,0,0.9722222222222222,False,0.32638888888888884,3.2040414888504825,0.04451884920634921,0.07738095238095238,0.2970521541950113,3.2315068725203955,0.04264426859179045,0.061224489795918366,1.0,1.0,0.875,0.8582086659249467,0.7971089614142409,low_exposure,27,56,0.48214285714285715
31538,low_exposure_challenger,0.75,30,6,0.35,14,0,0.9444444444444444,False,0.37023809523809503,3.1573746949116916,0.047282454648526075,0.07142857142857142,0.32113821138211374,3.201702945710182,0.04398499435467226,0.059233449477351915,0.9666666666666667,0.9666666666666667,0.8541666666666666,0.8388506468874031,0.7846221388453468,low_exposure,30,56,0.5357142857142857
31539,low_exposure_challenger,0.75,30,6,0.35,14,0,0.95,False,0.34265873015873005,3.1809407132679692,0.045351473922902494,0.06547619047619048,0.31397479954180985,3.208702131990669,0.0435871092689033,0.058419243986254296,0.9666666666666667,0.9666666666666667,0.8660714285714286,0.8679691726219082,0.7593188541323301,low_exposure,28,56,0.5
31540,low_exposure_challenger,0.75,30,6,0.35,14,0,0.9722222222222222,False,0.3121031746031746,3.2218913605848973,0.04352678571428572,0.06845238095238096,0.27952069716775596,3.2472549659658694,0.04167200649322909,0.05555555555555555,1.0,1.0,0.9107142857142857,0.8040417090037798,0.750509806084716,low_exposure,25,56,0.44642857142857145
31541,low_exposure_challenger,0.75,30,6,0.35,14,0,0.9777777777777777,False,0.3091269841269839,3.2252223340429245,0.043154761904761904,0.05952380952380952,0.28258877434135155,3.250123596531408,0.041697665355864943,0.054982817869415807,1.0,1.0,0.8660714285714286,0.8771948938149087,0.8192734316066036,low_exposure,24,56,0.42857142857142855
31542,low_exposure_challenger,0.75,30,6,0.35,14,0,0.9722222222222222,False,0.34226190476190466,3.172751292327281,0.04552862811791383,0.07142857142857142,0.3084726867335561,3.2002900395499934,0.043545374212816415,0.06020066889632107,0.9666666666666667,0.9666666666666667,0.8898809523809523,0.8379638646181777,0.7886912792306174,low_exposure,31,56,0.5535714285714286
31543,low_exposure_challenger,0.75,30,6,0.35,14,0,0.9777777777777777,False,0.32361111111111107,3.2021003251283067,0.044377125850340135,0.07142857142857142,0.28478747203579413,3.231785026371258,0.042272870591414796,0.05704697986577181,1.0,1.0,0.8869047619047619,0.8439579602338783,0.7598555853073176,low_exposure,28,56,0.5
31544,low_exposure_challenger,0.75,30,6,0.35,14,0,0.9666666666666667,False,0.34107142857142847,3.1756513054495454,0.0454046201814059,0.06845238095238096,0.31018826135105204,3.199996802005176,0.04371916424763524,0.059800664451827246,0.9666666666666667,0.9666666666666667,0.8958333333333334,0.8097589359391694,0.7455505926452819,low_exposure,30,56,0.5357142857142857
31545,low_exposure_challenger,0.75,30,6,0.35,14,0,0.9666666666666667,False,0.32380952380952377,3.1987433388243685,0.04435941043083899,0.06547619047619048,0.2993220338983049,3.223346821235292,0.04284975581729389,0.061016949152542375,0.9666666666666667,0.9666666666666667,0.8779761904761905,0.8565644305969218,0.79905794319564,low_exposure,26,56,0.4642857142857143
31546,low_exposure_challenger,0.75,30,6,0.35,14,2,0.9666666666666667,False,0.3396825396825396,3.1548235514421976,0.0457766439909297,0.06845238095238096,0.3159909909909908,3.176324013182385,0.044398283418553695,0.057432432432432436,0.9666666666666667,0.9666666666666667,0.8809523809523809,0.855722413538465,0.7707146152136201,low_exposure,35,56,0.625
31547,low_exposure_challenger,0.75,30,6,0.35,14,0,0.9611111111111111,False,0.35079365079365066,3.1827381446163607,0.0458829365079365,0.07142857142857142,0.30990099009900973,3.2153119061733957,0.043448899345380085,0.056105610561056105,1.0,1.0,0.9017857142857143,0.803434018934769,0.7499686554026526,low_exposure,27,56,0.48214285714285715
31548,low_exposure_challenger,0.75,30,6,0.35,14,0,0.9833333333333333,False,0.3091269841269839,3.2103627507778527,0.0433142006802721,0.05952380952380952,0.28965896589658957,3.2273563113664827,0.042272544086091775,0.0594059405940594,0.9666666666666667,0.9666666666666667,0.9017857142857143,0.8541153906782285,0.8117028196493058,low_exposure,27,56,0.48214285714285715
31549,low_exposure_challenger,0.75,30,6,0.35,14,0,0.9611111111111111,False,0.3569444444444443,3.166998720117182,0.046839569160997734,0.08333333333333333,0.30092915214866434,3.2127079414731705,0.04332940790831502,0.05574912891986063,1.0,1.0,0.8541666666666666,0.8521861434229323,0.7880204181005551,low_exposure,30,56,0.5357142857142857
31550,low_exposure_challenger,0.75,30,6,0.35,14,0,0.95,False,0.33234126984126977,3.21362791633999,0.04453656462585034,0.06845238095238096,0.2957351290684622,3.2461556336151114,0.04236529152354068,0.06060606060606061,1.0,1.0,0.8839285714285714,0.8330589353704463,0.7980138791640313,low_exposure,23,56,0.4107142857142857
31551,low_exposure_challenger,0.75,30,6,0.35,14,0,0.9722222222222222,False,0.32400793650793647,3.209230184731804,0.04421768707482994,0.0625,0.2988425925925924,3.237630707661244,0.042631172839506175,0.059027777777777776,1.0,1.0,0.8571428571428571,0.8827644548218183,0.8242514895304031,low_exposure,25,56,0.44642857142857145
31552,low_exposure_challenger,0.75,30,6,0.35,14,0,0.9555555555555556,False,0.3303571428571428,3.1994744097391936,0.04460742630385488,0.06547619047619048,0.30154525386313447,3.223972439301421,0.04302442875312486,0.059602649006622516,1.0,1.0,0.8988095238095238,0.8263242904284009,0.776116533202489,low_exposure,27,56,0.48214285714285715
31553,low_exposure_challenger,0.75,30,6,0.35,14,0,0.9555555555555556,False,0.35119047619047605,3.1796123339776408,0.045812074829931965,0.06845238095238096,0.3187570621468925,3.209966783816461,0.043723068083883945,0.061016949152542375,0.9666666666666667,0.9666666666666667,0.8779761904761905,0.8371859632320674,0.7883711768420167,low_exposure,27,56,0.48214285714285715
31554,low_exposure_challenger,0.75,30,6,0.35,14,0,0.9722222222222222,False,0.34365079365079354,3.172562997719149,0.04547548185941044,0.06547619047619048,0.30755555555555536,3.1993594887876675,0.04362222222222223,0.056666666666666664,0.9666666666666667,0.9666666666666667,0.8928571428571429,0.8255478860950141,0.7598224712187839,low_exposure,31,56,0.5535714285714286
31555,low_exposure_challenger,0.75,30,6,0.35,14,0,0.9333333333333333,False,0.372222222222222,3.1514675074685217,0.04770762471655328,0.08035714285714286,0.33275261324041794,3.1904594739149292,0.04502907647294492,0.0627177700348432,1.0,1.0,0.8541666666666666,0.8479423047977721,0.7811760310717575,low_exposure,29,56,0.5178571428571429
31556,low_exposure_challenger,0.75,30,6,0.35,14,0,0.9611111111111111,False,0.31765873015873014,3.2013187645565724,0.04414682539682539,0.05952380952380952,0.30488888888888876,3.218070150487986,0.04331111111111112,0.056666666666666664,1.0,1.0,0.8928571428571429,0.8290640003694546,0.7779809580720887,low_exposure,27,56,0.48214285714285715
31557,low_exposure_challenger,0.75,30,6,0.35,14,0,0.9722222222222222,False,0.3234126984126984,3.21758607626027,0.044093679138321996,0.07142857142857142,0.29271523178807946,3.2454377880045198,0.0421472742423578,0.059602649006622516,1.0,1.0,0.8988095238095238,0.831572128006349,0.7747506104449294,low_exposure,25,56,0.44642857142857145
31558,low_exposure_challenger,0.75,30,6,0.35,14,0,0.9555555555555556,False,0.3234126984126984,3.225358087195077,0.044022817460317464,0.07142857142857142,0.28349834983498345,3.2577036549040628,0.04170615081310111,0.0594059405940594,1.0,1.0,0.9017857142857143,0.812488449269856,0.7893695525299198,low_exposure,21,56,0.375
31559,low_exposure_challenger,0.75,30,6,0.35,14,0,0.9666666666666667,False,0.35317460317460303,3.1502017207579236,0.04668013038548752,0.0744047619047619,0.32944640753828014,3.1771349018260615,0.04506236811547155,0.0636042402826855,1.0,1.0,0.8422619047619048,0.8688806953767747,0.8003795911849764,low_exposure,33,56,0.5892857142857143
31560,low_exposure_challenger,0.9,30,6,0.35,14,1,0.9388888888888889,False,0.3761904761904762,3.1389331841533843,0.04786706349206349,0.06845238095238096,0.3451247165532878,3.1707734192553843,0.045767967050765884,0.061224489795918366,0.9666666666666667,0.9666666666666667,0.875,0.8021660044621061,0.737117952296151,low_exposure,30,56,0.5357142857142857
31561,low_exposure_challenger,0.9,30,6,0.35,14,0,0.9444444444444444,False,0.3748015873015873,3.140592446610241,0.047813917233560085,0.0744047619047619,0.3403567447045708,3.1702638596777346,0.04564825896802049,0.06020066889632107,0.9666666666666667,0.9666666666666667,0.8898809523809523,0.8063077086351842,0.7654448031772824,low_exposure,31,56,0.5535714285714286
31562,low_exposure_challenger,0.9,30,6,0.35,14,0,0.9555555555555556,False,0.3396825396825396,3.1851233968874397,0.04529832766439909,0.06845238095238096,0.31153846153846154,3.2061173582537363,0.043782873109796186,0.057692307692307696,1.0,1.0,0.9285714285714286,0.7353924413857248,0.7033943705435188,low_exposure,29,56,0.5178571428571429
31563,low_exposure_challenger,0.9,30,6,0.35,14,0,0.9277777777777778,False,0.3652777777777776,3.1191767117954776,0.04760133219954648,0.06547619047619048,0.3400447427293063,3.1403504581579282,0.04621413449844601,0.06040268456375839,0.9333333333333333,0.9333333333333333,0.8869047619047619,0.8173525041095657,0.7314219946322398,low_exposure,34,56,0.6071428571428571
31564,low_exposure_challenger,0.9,30,6,0.35,14,0,0.95,False,0.33452380952380945,3.1625583334776994,0.045333758503401364,0.05654761904761905,0.3096520763187429,3.1832905284876074,0.04406579827455248,0.05723905723905724,0.9333333333333333,0.9333333333333333,0.8839285714285714,0.8342102225699309,0.7831133149464155,low_exposure,31,56,0.5535714285714286
31565,low_exposure_challenger,0.9,30,6,0.35,14,1,0.95,False,0.3472222222222221,3.149601281250546,0.04636125283446711,0.07142857142857142,0.3295555555555554,3.1689619227250687,0.04513333333333334,0.06,0.9666666666666667,0.9666666666666667,0.8928571428571429,0.8105493132111992,0.747116063765934,low_exposure,33,56,0.5892857142857143
31566,low_exposure_challenger,0.9,30,6,0.35,14,0,0.95,False,0.3621031746031744,3.133289815214698,0.04710530045351474,0.06845238095238096,0.33894389438943895,3.1531650925906085,0.045758041150649714,0.0594059405940594,0.9333333333333333,0.9333333333333333,0.9017857142857143,0.7666717252729298,0.7181051463350467,low_exposure,34,56,0.6071428571428571
31567,low_exposure_challenger,0.9,30,6,0.35,14,0,0.9388888888888889,False,0.36904761904761885,3.126647857133702,0.04751275510204082,0.06845238095238096,0.3389639639639639,3.1515541256077055,0.04576789627465304,0.057432432432432436,0.9333333333333333,0.9333333333333333,0.8809523809523809,0.7929725716553252,0.7159999181369963,low_exposure,34,56,0.6071428571428571
31568,low_exposure_challenger,0.9,30,6,0.35,14,0,0.9444444444444444,False,0.36190476190476173,3.1252919758502102,0.04722930839002268,0.0625,0.3314754098360655,3.145939241746425,0.045740392367643115,0.05573770491803279,0.9333333333333333,0.9333333333333333,0.9077380952380952,0.7681301580171054,0.7146811951309234,low_exposure,35,56,0.625
31569,low_exposure_challenger,0.9,30,6,0.35,14,0,0.9444444444444444,False,0.36765873015872996,3.139544675858717,0.047689909297052156,0.07738095238095238,0.3248062015503874,3.1722887674707625,0.04508780256288562,0.059800664451827246,0.9666666666666667,0.9666666666666667,0.8958333333333334,0.7945761120908292,0.7365934658529855,low_exposure,31,56,0.5535714285714286
31570,low_exposure_challenger,0.9,30,6,0.35,14,0,0.95,False,0.3664682539682538,3.1393815563915455,0.0472470238095238,0.07142857142857142,0.33672131147540973,3.1632688150892485,0.04552539639881753,0.05901639344262295,0.9666666666666667,0.9666666666666667,0.9077380952380952,0.7695073016613,0.7027849954247709,low_exposure,33,56,0.5892857142857143
31571,low_exposure_challenger,0.9,30,6,0.35,14,0,0.9388888888888889,False,0.3367063492063491,3.1789569432533895,0.0454577664399093,0.06547619047619048,0.3055913978494622,3.199951753689704,0.043995837669094685,0.054838709677419356,1.0,1.0,0.9226190476190477,0.7750469467579421,0.7231992308415812,low_exposure,28,56,0.5
31572,low_exposure_challenger,0.9,30,6,0.35,14,0,0.9555555555555556,False,0.35833333333333317,3.116891622366055,0.047123015873015865,0.0625,0.3288888888888888,3.135375980613976,0.04584444444444446,0.056666666666666664,0.9,0.9,0.8928571428571429,0.78735808913549,0.7382463418097802,low_exposure,37,56,0.6607142857142857
31573,low_exposure_challenger,0.9,30,6,0.35,14,0,0.9611111111111111,False,0.30615079365079345,3.2335488283064238,0.042924461451247155,0.06547619047619048,0.2814207650273224,3.2550582312724696,0.04152647137866165,0.05573770491803279,1.0,1.0,0.9077380952380952,0.8342054301049956,0.7710920553155405,low_exposure,26,56,0.4642857142857143
31574,low_exposure_challenger,0.9,30,6,0.35,14,0,0.95,False,0.38749999999999996,3.0906665736192998,0.04953231292517007,0.09226190476190477,0.34067796610169476,3.127206388745565,0.04622809537489228,0.061016949152542375,0.9,0.9,0.8779761904761905,0.7735283702203306,0.7291409029076478,low_exposure,38,56,0.6785714285714286
31575,low_exposure_challenger,0.9,30,6,0.35,14,0,0.9611111111111111,False,0.3371031746031745,3.1743100756606584,0.04547548185941043,0.06547619047619048,0.30240437158469935,3.198874258534556,0.0436764310669175,0.05901639344262295,0.9666666666666667,0.9666666666666667,0.9077380952380952,0.7935056914626736,0.7549021963311967,low_exposure,32,56,0.5714285714285714
31576,low_exposure_challenger,0.9,30,6,0.35,14,0,0.9166666666666666,False,0.3851190476190476,3.114734953836991,0.04889455782312925,0.08035714285714286,0.34586129753914974,3.148894529339866,0.04614656997432548,0.06040268456375839,0.9333333333333333,0.9333333333333333,0.8869047619047619,0.7411371554482299,0.688761944269245,low_exposure,33,56,0.5892857142857143
31577,low_exposure_challenger,0.9,30,6,0.35,14,0,0.9555555555555556,False,0.3482142857142856,3.161145550373938,0.04639668367346938,0.08035714285714286,0.3208333333333333,3.1842624428069763,0.04464594875346261,0.05921052631578947,0.9666666666666667,0.9666666666666667,0.9047619047619048,0.7948150741769405,0.7284396360082172,low_exposure,30,56,0.5357142857142857
31578,low_exposure_challenger,0.9,30,6,0.35,14,0,0.9388888888888889,False,0.3922619047619047,3.1118626905463955,0.04947916666666667,0.08333333333333333,0.354849498327759,3.14610720546469,0.04661021688795427,0.06020066889632107,0.9666666666666667,0.9666666666666667,0.8898809523809523,0.754934341909601,0.723983393482241,low_exposure,34,56,0.6071428571428571
31579,low_exposure_challenger,0.9,30,6,0.35,14,0,0.9444444444444444,False,0.3833333333333333,3.1442123086371763,0.04830994897959183,0.0744047619047619,0.33481228668941965,3.1875162235985974,0.045114095679623524,0.05802047781569966,1.0,1.0,0.8720238095238095,0.800610035204112,0.7410098028056157,low_exposure,30,56,0.5357142857142857
31580,low_exposure_challenger,0.9,30,6,0.35,14,0,0.9333333333333333,False,0.37936507936507935,3.1224237715947925,0.04820365646258503,0.0744047619047619,0.3463276836158191,3.1518140764816613,0.04609020396437806,0.061016949152542375,0.9333333333333333,0.9333333333333333,0.8779761904761905,0.8028484750820786,0.728003527936515,low_exposure,34,56,0.6071428571428571
31581,low_exposure_challenger,0.9,30,6,0.35,14,0,0.95,False,0.3474206349206348,3.1534709782917916,0.04621952947845805,0.06845238095238096,0.3258639910813823,3.1725408580843766,0.04504423887875974,0.06020066889632107,0.9666666666666667,0.9666666666666667,0.8898809523809523,0.8208127816932821,0.7552042212252991,low_exposure,33,56,0.5892857142857143
31582,low_exposure_challenger,0.9,30,6,0.35,14,0,0.9333333333333333,False,0.33591269841269833,3.1889926340139545,0.04510345804988662,0.06547619047619048,0.31656050955413995,3.2049459606568744,0.04403829769970385,0.05732484076433121,1.0,1.0,0.9345238095238095,0.7252537385775608,0.6612107696178626,low_exposure,29,56,0.5178571428571429
31583,low_exposure_challenger,0.9,30,6,0.35,14,0,0.9444444444444444,False,0.38015873015873014,3.1168725279477894,0.04825680272108844,0.07142857142857142,0.3396770472895039,3.1512544371291096,0.04570108116521593,0.06228373702422145,0.9333333333333333,0.9333333333333333,0.8601190476190477,0.8434296645650305,0.7520420807682034,low_exposure,36,56,0.6428571428571429
31584,low_exposure_challenger,0.9,30,6,0.35,14,0,0.9333333333333333,False,0.3557539682539681,3.121806901009275,0.04730017006802721,0.0625,0.32967884828349936,3.1401653864053114,0.04614739351662786,0.05647840531561462,0.9666666666666667,0.9666666666666667,0.8958333333333334,0.8037000777369577,0.734461758624619,low_exposure,36,56,0.6428571428571429
31585,low_exposure_challenger,0.9,30,6,0.35,14,0,0.95,False,0.3226190476190476,3.1852669918535605,0.04499716553287981,0.06845238095238096,0.29740259740259734,3.2040305447712742,0.043789003204587625,0.05519480519480519,1.0,1.0,0.9166666666666666,0.7803617701067495,0.7274455484814015,low_exposure,28,56,0.5
31586,low_exposure_challenger,0.9,30,6,0.35,14,0,0.9666666666666667,False,0.3396825396825396,3.17625218893787,0.045333758503401364,0.06845238095238096,0.319047619047619,3.1969636976999443,0.044028211609143386,0.059800664451827246,0.9666666666666667,0.9666666666666667,0.8958333333333334,0.812952542089089,0.7609398619039262,low_exposure,30,56,0.5357142857142857
31587,low_exposure_challenger,0.9,30,6,0.35,14,0,0.9444444444444444,False,0.3484126984126983,3.1781301315936794,0.045794359410430835,0.06845238095238096,0.3187978142076502,3.2031338171911856,0.04399892502015588,0.05901639344262295,0.9666666666666667,0.9666666666666667,0.9077380952380952,0.7871681208631074,0.7302504490510584,low_exposure,28,56,0.5
31588,low_exposure_challenger,0.9,30,6,0.35,14,0,0.9166666666666666,False,0.39761904761904754,3.0915499206061106,0.04974489795918367,0.07142857142857142,0.3618556701030926,3.1239511175827053,0.047484087339544886,0.061855670103092786,0.9333333333333333,0.9333333333333333,0.8660714285714286,0.7889136991940066,0.7198934603635522,low_exposure,34,56,0.6071428571428571
31589,low_exposure_challenger,0.9,30,6,0.35,14,1,0.9555555555555556,False,0.3448412698412697,3.1845323252262805,0.045528628117913826,0.06845238095238096,0.3153846153846154,3.208041958915567,0.04376232741617358,0.057692307692307696,0.9666666666666667,0.9666666666666667,0.9285714285714286,0.7581011084252508,0.7358115249701646,low_exposure,27,56,0.48214285714285715
31590,low_exposure_challenger,0.98,30,6,0.35,14,1,0.9333333333333333,False,0.37757936507936507,3.125640554944985,0.04836309523809523,0.07738095238095238,0.34384787472035794,3.155688907664925,0.04610152695824512,0.06040268456375839,0.9666666666666667,0.9666666666666667,0.8869047619047619,0.7737152434934638,0.7180059023166013,low_exposure,33,56,0.5892857142857143
31591,low_exposure_challenger,0.98,30,6,0.35,14,1,0.9388888888888889,False,0.37043650793650773,3.107292871718397,0.04820365646258502,0.06845238095238096,0.33378076062639805,3.1322620365042773,0.04634926354668707,0.05704697986577181,0.9333333333333333,0.9333333333333333,0.8869047619047619,0.7874613951475533,0.7006929153154776,low_exposure,35,56,0.625
31592,low_exposure_challenger,0.98,30,6,0.35,14,1,0.95,False,0.39702380952380945,3.0903840325614156,0.04953231292517006,0.0744047619047619,0.3609080841638981,3.1193933252725023,0.047206984470370084,0.059800664451827246,0.9,0.9,0.8958333333333334,0.7803431649981413,0.7039377623789292,low_exposure,36,56,0.6428571428571429
31593,low_exposure_challenger,0.98,30,6,0.35,14,2,0.9277777777777778,False,0.38055555555555554,3.0918026633515723,0.04878826530612245,0.0744047619047619,0.35364238410596016,3.113307678998407,0.04712512609096093,0.059602649006622516,0.9,0.9,0.8988095238095238,0.7560282258377304,0.716400688483478,low_exposure,37,56,0.6607142857142857
31594,low_exposure_challenger,0.98,30,6,0.35,14,0,0.9388888888888889,False,0.3718253968253966,3.1100451453202145,0.04816822562358276,0.0744047619047619,0.3372352285395763,3.135242182595585,0.04631939240053243,0.056856187290969896,0.9333333333333333,0.9333333333333333,0.8898809523809523,0.7824748113179781,0.7251676038284446,low_exposure,36,56,0.6428571428571429
31595,low_exposure_challenger,0.98,30,6,0.35,14,0,0.9222222222222223,False,0.3821428571428571,3.090398451182455,0.04875283446712017,0.06547619047619048,0.36865342163355397,3.1037915164623704,0.04793649401342047,0.059602649006622516,0.9,0.9,0.8988095238095238,0.7821682534715334,0.708814429804541,low_exposure,37,56,0.6607142857142857
31596,low_exposure_challenger,0.98,30,6,0.35,14,0,0.9388888888888889,False,0.37023809523809503,3.1672504741348355,0.04745960884353742,0.07142857142857142,0.3254706533776299,3.2088483474061613,0.04424895972450636,0.059800664451827246,1.0,1.0,0.8958333333333334,0.7789985489625918,0.6908949237350616,low_exposure,29,56,0.5178571428571429
31597,low_exposure_challenger,0.98,30,6,0.35,14,0,0.9333333333333333,False,0.35873015873015857,3.139046011354982,0.04731788548752835,0.07738095238095238,0.3345355191256829,3.1608798619828966,0.04576189196452567,0.05901639344262295,1.0,1.0,0.9077380952380952,0.7782036470374264,0.7150605083934383,low_exposure,33,56,0.5892857142857143
31598,low_exposure_challenger,0.98,30,6,0.35,14,0,0.9388888888888889,False,0.37817460317460316,3.086944773752646,0.04875283446712017,0.07142857142857142,0.34627192982456134,3.1072120225182522,0.0471996191135734,0.05921052631578947,0.9,0.9,0.9047619047619048,0.7313573465701338,0.6800326754920042,low_exposure,38,56,0.6785714285714286
31599,low_exposure_challenger,0.98,30,6,0.35,14,1,0.9444444444444444,False,0.3480158730158729,3.1279431328758895,0.046662414965986394,0.05952380952380952,0.3386206896551722,3.1428098418665504,0.04596908442330559,0.05862068965517241,0.9,0.9,0.8630952380952381,0.8497113070045792,0.7658523252897003,low_exposure,34,56,0.6071428571428571
31600,low_exposure_challenger,0.98,30,6,0.35,14,0,0.9388888888888889,False,0.3757936507936508,3.1112546378470145,0.04854024943310658,0.07738095238095238,0.3325423728813559,3.1426634074250885,0.04613616776788279,0.061016949152542375,0.9666666666666667,0.9666666666666667,0.8779761904761905,0.8168171319223873,0.7284791128416029,low_exposure,35,56,0.625
31601,low_exposure_challenger,0.98,30,6,0.35,14,0,0.9444444444444444,False,0.35853174603174587,3.151856697058965,0.04678642290249432,0.06845238095238096,0.3231693989071036,3.1772262731035505,0.044966406879870996,0.05901639344262295,1.0,1.0,0.9077380952380952,0.7772164126691621,0.7169204985198716,low_exposure,32,56,0.5714285714285714
31602,low_exposure_challenger,0.98,30,6,0.35,14,0,0.9277777777777778,False,0.3630952380952379,3.157445625533582,0.04714073129251701,0.0744047619047619,0.3305010893246185,3.1845272519245027,0.04517493271818531,0.058823529411764705,1.0,1.0,0.9107142857142857,0.7565494470212694,0.7096855407601547,low_exposure,29,56,0.5178571428571429
31603,low_exposure_challenger,0.98,30,6,0.35,14,0,0.9444444444444444,False,0.3716269841269839,3.1414440257445415,0.04761904761904761,0.0744047619047619,0.3410087719298245,3.167815814732646,0.045706371191135735,0.05921052631578947,1.0,1.0,0.9047619047619048,0.7435418648418598,0.6956192907181772,low_exposure,33,56,0.5892857142857143
31604,low_exposure_challenger,0.98,30,6,0.35,14,0,0.9222222222222223,False,0.3652777777777776,3.1356182988377097,0.04753047052154194,0.06845238095238096,0.3285072951739618,3.1646299269418763,0.045494223945402396,0.06060606060606061,1.0,1.0,0.8839285714285714,0.8057350843209484,0.730835989789877,low_exposure,33,56,0.5892857142857143
31605,low_exposure_challenger,0.98,30,6,0.35,14,0,0.9333333333333333,False,0.3640873015873014,3.1239676238137064,0.04767219387755102,0.0744047619047619,0.33616557734204777,3.143851751825787,0.04620017941817249,0.058823529411764705,0.9666666666666667,0.9666666666666667,0.9107142857142857,0.7597502646737412,0.6967434523147888,low_exposure,34,56,0.6071428571428571
31606,low_exposure_challenger,0.98,30,6,0.35,14,0,0.9333333333333333,False,0.385515873015873,3.0785986898163893,0.04933744331065759,0.07738095238095238,0.3525597269624572,3.1030038742932144,0.0474903609826556,0.05802047781569966,0.9,0.9,0.8720238095238095,0.8207063650111249,0.7254869681792342,low_exposure,38,56,0.6785714285714286
31607,low_exposure_challenger,0.98,30,6,0.35,14,1,0.9333333333333333,False,0.37976190476190474,3.0850808798535314,0.048788265306122444,0.06547619047619048,0.35599999999999987,3.102746504008658,0.04755555555555556,0.06,0.9,0.9,0.8928571428571429,0.7755978650006901,0.6779752737244905,low_exposure,38,56,0.6785714285714286
31608,low_exposure_challenger,0.98,30,6,0.35,14,0,0.9388888888888889,False,0.38849206349206344,3.1121801192528076,0.049036281179138316,0.0744047619047619,0.3523489932885906,3.1432059475192875,0.046754650691410285,0.06040268456375839,1.0,1.0,0.8869047619047619,0.7709913296273473,0.7194699013308853,low_exposure,34,56,0.6071428571428571
31609,low_exposure_challenger,0.98,30,6,0.35,14,0,0.9222222222222223,False,0.3934523809523809,3.103903120050061,0.04924886621315192,0.07142857142857142,0.352749719416386,3.1367957743653307,0.04667324195943725,0.06060606060606061,0.9333333333333333,0.9333333333333333,0.8839285714285714,0.7706278689381896,0.7062506443789868,low_exposure,35,56,0.625
31610,low_exposure_challenger,0.98,30,6,0.35,14,0,0.9333333333333333,False,0.37876984126984126,3.105870636517326,0.04836309523809524,0.06845238095238096,0.353030303030303,3.125648539665131,0.04688817675830663,0.05844155844155844,0.9,0.9,0.9166666666666666,0.726156971655686,0.6718184743111203,low_exposure,35,56,0.625
31611,low_exposure_challenger,0.98,30,6,0.35,14,0,0.9277777777777778,False,0.38630952380952377,3.0947284078916457,0.04917800453514738,0.06547619047619048,0.3617614269788181,3.1174386005967154,0.04770640149439044,0.06020066889632107,0.9333333333333333,0.9333333333333333,0.8898809523809523,0.757694074371113,0.6786048252537219,low_exposure,35,56,0.625
31612,low_exposure_challenger,0.98,30,6,0.35,14,0,0.9388888888888889,False,0.35853174603174587,3.1229516217299755,0.04735331632653061,0.06845238095238096,0.3340983606557375,3.1408937963994354,0.046105885514646595,0.05573770491803279,0.9333333333333333,0.9333333333333333,0.9077380952380952,0.7630954037775354,0.7069233754358523,low_exposure,34,56,0.6071428571428571
31613,low_exposure_challenger,0.98,30,6,0.35,14,0,0.9388888888888889,False,0.3742063492063492,3.112933519032377,0.04832766439909296,0.07142857142857142,0.34701986754966874,3.13524900662945,0.04668654883557739,0.059602649006622516,0.9666666666666667,0.9666666666666667,0.8988095238095238,0.7781868164597093,0.7267777354045304,low_exposure,36,56,0.6428571428571429
31614,low_exposure_challenger,0.98,30,6,0.35,14,1,0.9388888888888889,False,0.3827380952380952,3.098286405963195,0.048894557823129244,0.06547619047619048,0.3519274376417232,3.12406702576964,0.04715627747697718,0.061224489795918366,0.9666666666666667,0.9666666666666667,0.875,0.7875078126027559,0.7190139567945891,low_exposure,36,56,0.6428571428571429
31615,low_exposure_challenger,0.98,30,6,0.35,14,0,0.9388888888888889,False,0.3761904761904762,3.1007495777015546,0.04836309523809524,0.06547619047619048,0.3522222222222222,3.1198908507355942,0.0470888888888889,0.06,0.9333333333333333,0.9333333333333333,0.8928571428571429,0.7741559441065037,0.7089267926977879,low_exposure,37,56,0.6607142857142857
31616,low_exposure_challenger,0.98,30,6,0.35,14,0,0.9444444444444444,False,0.3559523809523808,3.139713786903047,0.0468218537414966,0.0625,0.3283166109253064,3.16182050865288,0.045424547823849845,0.06020066889632107,0.9666666666666667,0.9666666666666667,0.8898809523809523,0.8071798929396176,0.7118308930720555,low_exposure,33,56,0.5892857142857143
31617,low_exposure_challenger,0.98,30,6,0.35,14,0,0.9444444444444444,False,0.35119047619047605,3.1271656042556284,0.046680130385487524,0.0625,0.3319031903190317,3.1426621226955667,0.045692688080689256,0.056105610561056105,0.9,0.9,0.9017857142857143,0.7824084729081592,0.7054082163906048,low_exposure,35,56,0.625
31618,low_exposure_challenger,0.98,30,6,0.35,14,0,0.9222222222222223,False,0.36130952380952364,3.1366613443211335,0.04719387755102041,0.0625,0.337037037037037,3.15619940658223,0.04590114913067623,0.058823529411764705,0.9666666666666667,0.9666666666666667,0.9107142857142857,0.7607289779457163,0.7139481290052693,low_exposure,32,56,0.5714285714285714
31619,low_exposure_challenger,0.98,30,6,0.35,14,1,0.9333333333333333,False,0.3912698412698412,3.1072679736306643,0.04919571995464851,0.0744047619047619,0.35916114790286957,3.1351656165655832,0.04712512609096093,0.059602649006622516,0.9666666666666667,0.9666666666666667,0.8988095238095238,0.7418322029164721,0.6855394452289723,low_exposure,34,56,0.6071428571428571
31620,extended_audit,0.0,30,6,0.35,14,0,0.9888888888888889,False,0.18075396825396806,3.344520506574186,0.03683035714285715,0.05654761904761905,0.15543345543345533,3.3599502298354134,0.036079915200794316,0.06227106227106227,1.0,1.0,0.8125,0.9563366186743578,0.9114813904108825,low_discovery,12,56,0.21428571428571427
31621,extended_audit,0.0,30,6,0.35,14,0,0.9944444444444445,False,0.13948412698412693,3.3687852872441937,0.03548398526077097,0.05654761904761905,0.11232704402515714,3.380016940168189,0.034759700961196155,0.052830188679245285,1.0,1.0,0.7886904761904762,0.9719819364336341,0.9440744525807737,low_discovery,2,56,0.03571428571428571
31622,extended_audit,0.0,30,6,0.35,14,0,1.0,False,0.1773809523809522,3.3441208351542446,0.036688633786848064,0.05357142857142857,0.14436183395291202,3.360891198472167,0.03577894169511201,0.055762081784386616,1.0,1.0,0.8005952380952381,0.9658428890609252,0.9305128677210561,low_discovery,6,56,0.10714285714285714
31623,extended_audit,0.0,30,6,0.35,14,0,0.9944444444444445,False,0.14087301587301582,3.366206633058909,0.03585600907029478,0.05654761904761905,0.10505050505050484,3.3831043345433054,0.03455004591368228,0.04924242424242424,1.0,1.0,0.7857142857142857,0.9776246169717178,0.9508701578241375,low_discovery,1,56,0.017857142857142856
31624,extended_audit,0.0,30,6,0.35,14,0,0.9944444444444445,False,0.11924603174603154,3.3789870600538534,0.03479308390022675,0.044642857142857144,0.08656716417910437,3.3890132673271705,0.034139006460236127,0.04477611940298507,1.0,1.0,0.7976190476190477,0.9734747184736857,0.9455824213906247,low_discovery,1,56,0.017857142857142856
31625,extended_audit,0.0,30,6,0.35,14,0,1.0,False,0.18373015873015852,3.343916973686968,0.037007511337868476,0.0625,0.130060606060606,3.371121709932102,0.035186776859504124,0.04727272727272727,1.0,1.0,0.8184523809523809,0.9548108331800819,0.9161374665629131,low_discovery,7,56,0.125
31626,extended_audit,0.0,30,6,0.35,14,0,0.9888888888888889,False,0.13789682539682535,3.36925479323151,0.03562570861678004,0.0625,0.08872549019607834,3.3882324126027554,0.03422361591695502,0.04779411764705882,1.0,1.0,0.8095238095238095,0.9673434498923177,0.9349999991615651,low_discovery,1,56,0.017857142857142856
31627,extended_audit,0.0,30,6,0.35,14,0,0.9944444444444445,False,0.13234126984126982,3.372274003841306,0.03521825396825397,0.050595238095238096,0.11324041811846675,3.3810333725244166,0.034661098228702544,0.04529616724738676,1.0,1.0,0.8541666666666666,0.9505971161797732,0.9186099452538578,low_discovery,3,56,0.05357142857142857
31628,extended_audit,0.0,30,6,0.35,14,0,1.0,False,0.15317460317460307,3.3625259320062932,0.035856009070294785,0.05654761904761905,0.11478787878787866,3.3799589064883215,0.03471074380165289,0.04363636363636364,1.0,1.0,0.8184523809523809,0.9599480842518124,0.9275008983641908,low_discovery,3,56,0.05357142857142857
31629,extended_audit,0.0,30,6,0.35,14,0,0.9888888888888889,False,0.15714285714285703,3.3610135904442155,0.03605087868480727,0.05654761904761905,0.10942028985507246,3.3815775836417155,0.03463032976265491,0.04710144927536232,1.0,1.0,0.8214285714285714,0.955905846295327,0.9250241186190796,low_discovery,4,56,0.07142857142857142
31630,extended_audit,0.0,30,6,0.35,14,0,0.9888888888888889,False,0.1686507936507935,3.3566912796960335,0.03624574829931973,0.050595238095238096,0.1393719806763285,3.3698187919758302,0.03549674438143248,0.05434782608695652,1.0,1.0,0.8214285714285714,0.9590036141754265,0.9192976466937252,low_discovery,3,56,0.05357142857142857
31631,extended_audit,0.0,30,6,0.35,14,0,0.9888888888888889,False,0.17321428571428554,3.3492230931530056,0.036830357142857144,0.06845238095238096,0.1285343709468223,3.3722576234585806,0.035291980196520766,0.054474708171206226,1.0,1.0,0.7648809523809523,0.9779175556394976,0.9475593039221311,low_discovery,3,56,0.05357142857142857
31632,extended_audit,0.0,30,6,0.35,14,0,1.0,False,0.16369047619047605,3.357689407406481,0.03619260204081632,0.05357142857142857,0.11226053639846723,3.3810042078401756,0.03468827527487853,0.04980842911877394,1.0,1.0,0.7767857142857143,0.9750343973495362,0.9439027988906386,low_discovery,5,56,0.08928571428571429
31633,extended_audit,0.0,30,6,0.35,14,0,0.9944444444444445,False,0.1763888888888887,3.349082496217475,0.03656462585034013,0.047619047619047616,0.14630303030303016,3.364534418111184,0.03568925619834711,0.05090909090909091,1.0,1.0,0.8184523809523809,0.9588692881188359,0.9218370130922757,low_discovery,5,56,0.08928571428571429
31634,extended_audit,0.0,30,6,0.35,14,0,0.9888888888888889,False,0.16150793650793638,3.360347803509,0.036068594104308384,0.050595238095238096,0.11194029850746268,3.3800892847984856,0.03480730674983292,0.055970149253731345,1.0,1.0,0.7976190476190477,0.9687275524049301,0.931176960331544,low_discovery,5,56,0.08928571428571429
31635,extended_audit,0.0,30,6,0.35,14,0,0.9888888888888889,False,0.1251984126984127,3.376246459556342,0.035023384353741485,0.050595238095238096,0.08159203980099483,3.3904312356327506,0.034055468924036526,0.04477611940298507,1.0,1.0,0.7976190476190477,0.9705557904797274,0.9334717792025561,low_discovery,4,56,0.07142857142857142
31636,extended_audit,0.0,30,6,0.35,14,0,1.0,False,0.16388888888888875,3.358392807266523,0.03608630952380952,0.050595238095238096,0.12104018912529546,3.37677888229448,0.034882551179518134,0.04609929078014184,1.0,1.0,0.8392857142857143,0.9519111513886039,0.9242933593068571,low_discovery,3,56,0.05357142857142857
31637,extended_audit,0.0,30,6,0.35,14,0,0.9944444444444445,False,0.16111111111111098,3.360740118279561,0.03601544784580498,0.047619047619047616,0.10344403444034422,3.383412848318763,0.034517503846625185,0.04797047970479705,1.0,1.0,0.8065476190476191,0.9659451752564622,0.9360966653539636,low_discovery,4,56,0.07142857142857142
31638,extended_audit,0.0,30,6,0.35,14,0,0.9944444444444445,False,0.17142857142857126,3.352061870491903,0.0364406179138322,0.05357142857142857,0.12372034956304612,3.372366384857547,0.035166715762600116,0.052434456928838954,1.0,1.0,0.7946428571428571,0.9623826453713243,0.9351916046242144,low_discovery,5,56,0.08928571428571429
31639,extended_audit,0.0,30,6,0.35,14,0,1.0,False,0.16964285714285698,3.3533680703335023,0.03631660997732426,0.050595238095238096,0.11882352941176455,3.3762265368715054,0.034925028835063425,0.050980392156862744,1.0,1.0,0.7589285714285714,0.979336436101604,0.9540333240408105,low_discovery,6,56,0.10714285714285714
31640,extended_audit,0.0,30,6,0.35,14,0,0.9944444444444445,False,0.16984126984126968,3.3549486958785053,0.03633432539682539,0.05357142857142857,0.12715151515151502,3.3719601096690366,0.03534545454545454,0.06181818181818182,1.0,1.0,0.8184523809523809,0.9641354451666699,0.9320810355057962,low_discovery,5,56,0.08928571428571429
31641,extended_audit,0.0,30,6,0.35,14,0,0.9944444444444445,False,0.20932539682539675,3.331390483545992,0.037910997732426295,0.0625,0.1525547445255473,3.363002121824136,0.03585699824178167,0.05474452554744526,1.0,1.0,0.8154761904761905,0.9576264643415323,0.9336665410959117,low_discovery,5,56,0.08928571428571429
31642,extended_audit,0.0,30,6,0.35,14,0,0.9888888888888889,False,0.13630952380952377,3.3700075094605975,0.035359977324263034,0.050595238095238096,0.1050179211469533,3.3821628779662527,0.0345704705746329,0.04659498207885305,1.0,1.0,0.8303571428571429,0.9512737931909712,0.9067873054054836,low_discovery,4,56,0.07142857142857142
31643,extended_audit,0.0,30,6,0.35,14,0,0.9944444444444445,False,0.13630952380952377,3.3695611830474985,0.035342261904761904,0.050595238095238096,0.11642156862745079,3.3790394168905196,0.03476427335640139,0.04779411764705882,1.0,1.0,0.8095238095238095,0.9674493439707925,0.9420535269843257,low_discovery,1,56,0.017857142857142856
31644,extended_audit,0.0,30,6,0.35,14,0,0.9833333333333333,False,0.176190476190476,3.352116043982441,0.036564625850340135,0.05357142857142857,0.12428940568475433,3.3758813804139556,0.035033952286521244,0.05426356589147287,1.0,1.0,0.7678571428571429,0.9781056440809509,0.9379885071304196,low_discovery,7,56,0.125
31645,extended_audit,0.0,30,6,0.35,14,0,1.0,False,0.13888888888888884,3.370960658861033,0.03532454648526077,0.047619047619047616,0.09321637426900575,3.3870470351111566,0.03426285010772546,0.042105263157894736,1.0,1.0,0.8482142857142857,0.9521411899260513,0.922997269418426,low_discovery,4,56,0.07142857142857142
31646,extended_audit,0.0,30,6,0.35,14,0,1.0,False,0.13095238095238093,3.373765210384197,0.03511196145124716,0.044642857142857144,0.11990407673860903,3.378533323131412,0.03488432275762124,0.050359712230215826,1.0,1.0,0.8273809523809523,0.9615780150207622,0.933879273611237,low_discovery,3,56,0.05357142857142857
31647,extended_audit,0.0,30,6,0.35,14,0,0.9888888888888889,False,0.20337301587301582,3.3360804820182115,0.037716128117913826,0.05357142857142857,0.13714637146371444,3.371359280540835,0.035361718930842445,0.05166051660516605,1.0,1.0,0.8065476190476191,0.9577236770492162,0.9191948358832679,low_discovery,5,56,0.08928571428571429
31648,extended_audit,0.0,30,6,0.35,14,0,0.9888888888888889,False,0.13829365079365075,3.3714828139599096,0.03532454648526078,0.050595238095238096,0.12157575757575745,3.3776537793496413,0.03494876033057852,0.04727272727272727,1.0,1.0,0.8184523809523809,0.9634357732954687,0.9355182128661966,low_discovery,1,56,0.017857142857142856
31649,extended_audit,0.0,30,6,0.35,14,0,0.9944444444444445,False,0.16170634920634908,3.3580507420092767,0.036298894557823126,0.05952380952380952,0.1284671532846715,3.3728021234448566,0.03529756513399755,0.058394160583941604,1.0,1.0,0.8154761904761905,0.9659937049023704,0.9269551503341739,low_discovery,3,56,0.05357142857142857
31650,extended_audit,0.25,30,6,0.35,14,0,0.9777777777777777,False,0.17400793650793633,3.352720432435288,0.03661777210884354,0.05654761904761905,0.127816091954023,3.3745947309812334,0.03507728894173602,0.05172413793103448,1.0,1.0,0.8630952380952381,0.9361142740858223,0.8959041709923681,low_discovery,5,56,0.08928571428571429
31651,extended_audit,0.25,30,6,0.35,14,0,0.9777777777777777,False,0.1851190476190474,3.3476358848286427,0.036989795918367346,0.05952380952380952,0.14680365296803632,3.3671885264747505,0.03560705573278288,0.0547945205479452,1.0,1.0,0.8690476190476191,0.9272811877663627,0.8989067567642346,low_discovery,5,56,0.08928571428571429
31652,extended_audit,0.25,30,6,0.35,14,0,1.0,False,0.1759920634920633,3.351443040809674,0.036564625850340135,0.05654761904761905,0.13898500576701256,3.370545813545325,0.035332431364567,0.04844290657439446,1.0,1.0,0.8601190476190477,0.9405246367833854,0.9028152505419725,low_discovery,7,56,0.125
31653,extended_audit,0.25,30,6,0.35,14,0,0.9833333333333333,False,0.15238095238095228,3.3639395572331807,0.03582057823129252,0.05654761904761905,0.1364238410596026,3.371205388152602,0.03537125564668216,0.056291390728476824,1.0,1.0,0.8988095238095238,0.9274814578993177,0.8825005263509499,low_discovery,6,56,0.10714285714285714
31654,extended_audit,0.25,30,6,0.35,14,0,0.9666666666666667,False,0.16170634920634908,3.3590750486393404,0.03631660997732426,0.05952380952380952,0.12578397212543546,3.375704089332095,0.03504959390061795,0.05226480836236934,1.0,1.0,0.8541666666666666,0.944896896376117,0.9066598325765419,low_discovery,1,56,0.017857142857142856
31655,extended_audit,0.25,30,6,0.35,14,0,0.9888888888888889,False,0.1690476190476189,3.3571795635800257,0.03626346371882086,0.050595238095238096,0.14174863387978132,3.369779796831875,0.03548508465466273,0.05573770491803279,1.0,1.0,0.9077380952380952,0.9001573649099162,0.8569732472004148,low_discovery,7,56,0.125
31656,extended_audit,0.25,30,6,0.35,14,0,0.9944444444444445,False,0.20892857142857135,3.327441788994944,0.03784013605442176,0.05357142857142857,0.16869369369369358,3.3495197575398996,0.036386048210372536,0.05067567567567568,1.0,1.0,0.8809523809523809,0.9188600148185763,0.87816958996709,low_discovery,8,56,0.14285714285714285
31657,extended_audit,0.25,30,6,0.35,14,0,0.9833333333333333,False,0.18154761904761885,3.3478272848959403,0.03679492630385488,0.05952380952380952,0.14081632653061216,3.367832090248834,0.0354250543754917,0.047619047619047616,1.0,1.0,0.875,0.9242482728276261,0.8910742848106472,low_discovery,5,56,0.08928571428571429
31658,extended_audit,0.25,30,6,0.35,14,0,0.9833333333333333,False,0.1849206349206347,3.346050687349696,0.03683035714285715,0.050595238095238096,0.17076222980659828,3.355000113032472,0.03633123274586775,0.051194539249146756,1.0,1.0,0.8720238095238095,0.9315550652654562,0.8878839604577172,low_discovery,6,56,0.10714285714285714
31659,extended_audit,0.25,30,6,0.35,14,0,0.9833333333333333,False,0.1966269841269841,3.3396238116981616,0.03729095804988661,0.05357142857142857,0.15807909604519765,3.361147684571508,0.03593220338983052,0.05423728813559322,1.0,1.0,0.8779761904761905,0.910560778868505,0.8723727716397605,low_discovery,7,56,0.125
31660,extended_audit,0.25,30,6,0.35,14,0,0.9833333333333333,False,0.17440476190476173,3.3520952970270663,0.036458333333333336,0.05357142857142857,0.150729517396184,3.364473032871335,0.03567663163622759,0.050505050505050504,1.0,1.0,0.8839285714285714,0.9176847312201905,0.8806230573922246,low_discovery,7,56,0.125
31661,extended_audit,0.25,30,6,0.35,14,0,0.9888888888888889,False,0.1759920634920633,3.352453838451675,0.036529195011337875,0.05357142857142857,0.13485380116959056,3.37214491989707,0.03524776854416743,0.05263157894736842,1.0,1.0,0.8482142857142857,0.9425777560470973,0.8969841698789308,low_discovery,7,56,0.125
31662,extended_audit,0.25,30,6,0.35,14,0,0.9944444444444445,False,0.16984126984126968,3.3550548137296743,0.036458333333333336,0.05654761904761905,0.13758389261744952,3.3701923725923533,0.03538128913112022,0.053691275167785234,1.0,1.0,0.8869047619047619,0.9286447337028161,0.9031999194548218,low_discovery,2,56,0.03571428571428571
31663,extended_audit,0.25,30,6,0.35,14,0,0.9833333333333333,False,0.20138888888888884,3.336990199067915,0.037680697278911574,0.0625,0.1691609977324262,3.355827222801979,0.036350594659632564,0.05782312925170068,1.0,1.0,0.875,0.9253175054917069,0.8934737009382226,low_discovery,7,56,0.125
31664,extended_audit,0.25,30,6,0.35,14,0,0.9888888888888889,False,0.16765873015873,3.3560683270754104,0.03642290249433106,0.0625,0.13409337676438637,3.371762136021436,0.035300109284979155,0.05537459283387622,1.0,1.0,0.9136904761904762,0.8888833683470493,0.8497252182122517,low_discovery,8,56,0.14285714285714285
31665,extended_audit,0.25,30,6,0.35,14,0,0.9722222222222222,False,0.20138888888888884,3.3350798972764144,0.037609835600907034,0.0625,0.16066897347174147,3.3581005125884564,0.03614659786161564,0.058823529411764705,1.0,1.0,0.8601190476190477,0.9308260049106017,0.8641705233582946,low_discovery,12,56,0.21428571428571427
31666,extended_audit,0.25,30,6,0.35,14,0,0.9944444444444445,False,0.2212301587301586,3.3185101157539263,0.03856646825396825,0.06547619047619048,0.18327566320645894,3.3429615511206627,0.03688892613833646,0.05536332179930796,1.0,1.0,0.8601190476190477,0.9243645490861353,0.885958554490568,low_discovery,11,56,0.19642857142857142
31667,extended_audit,0.25,30,6,0.35,14,0,0.9888888888888889,False,0.1851190476190474,3.3455832403491126,0.03688350340136055,0.05357142857142857,0.14647887323943642,3.365924497749371,0.03558321761555247,0.04929577464788732,1.0,1.0,0.8452380952380952,0.9432819593662788,0.9039122624782401,low_discovery,10,56,0.17857142857142858
31668,extended_audit,0.25,30,6,0.35,14,0,0.9944444444444445,False,0.2039682539682539,3.334223417966149,0.03762755102040816,0.05952380952380952,0.17931034482758612,3.3506342002415557,0.03664684898929845,0.05172413793103448,1.0,1.0,0.8630952380952381,0.9318293275770823,0.8898365841012826,low_discovery,9,56,0.16071428571428573
31669,extended_audit,0.25,30,6,0.35,14,0,0.9833333333333333,False,0.21190476190476182,3.326610985048783,0.037999574829931965,0.05952380952380952,0.17440273037542653,3.347558096782783,0.03656419993243952,0.051194539249146756,1.0,1.0,0.8720238095238095,0.9218947350394715,0.875653163055553,low_discovery,12,56,0.21428571428571427
31670,extended_audit,0.25,30,6,0.35,14,0,0.9833333333333333,False,0.23492063492063475,3.313032424276714,0.03904478458049886,0.0625,0.1739952718676121,3.350144979687217,0.03651727780292742,0.04964539007092199,1.0,1.0,0.8392857142857143,0.9340705149071482,0.8872180254942358,low_discovery,9,56,0.16071428571428573
31671,extended_audit,0.25,30,6,0.35,14,0,0.9833333333333333,False,0.1882936507936508,3.3428868460800576,0.037042942176870736,0.05654761904761905,0.16622662266226618,3.3547945129071963,0.03626006164972932,0.052805280528052806,1.0,1.0,0.9017857142857143,0.90910012707381,0.8784085137148229,low_discovery,5,56,0.08928571428571429
31672,extended_audit,0.25,30,6,0.35,14,0,0.9888888888888889,False,0.17261904761904745,3.3413862726815364,0.03776927437641723,0.08333333333333333,0.1421296296296295,3.3658728851270743,0.03563850308641975,0.059027777777777776,1.0,1.0,0.8571428571428571,0.9407465366071165,0.904551450257491,low_discovery,7,56,0.125
31673,extended_audit,0.25,30,6,0.35,14,0,1.0,False,0.15456349206349196,3.362195512019454,0.03580286281179138,0.047619047619047616,0.13847072879330935,3.3712568791309003,0.03534127259413419,0.05017921146953405,1.0,1.0,0.8303571428571429,0.9573062616075504,0.9190296883137287,low_discovery,7,56,0.125
31674,extended_audit,0.25,30,6,0.35,14,0,0.9944444444444445,False,0.17916666666666647,3.3484753532097544,0.03672406462585033,0.05357142857142857,0.14930555555555536,3.3640989653081803,0.035734953703703706,0.05555555555555555,1.0,1.0,0.8571428571428571,0.9336134684434102,0.8954130555567912,low_discovery,8,56,0.14285714285714285
31675,extended_audit,0.25,30,6,0.35,14,0,0.9888888888888889,False,0.17261904761904745,3.35244040166568,0.036405187074829926,0.050595238095238096,0.13030303030303014,3.371612385389188,0.03518509462565407,0.045454545454545456,1.0,1.0,0.8511904761904762,0.9416608921784625,0.895955293267932,low_discovery,9,56,0.16071428571428573
31676,extended_audit,0.25,30,6,0.35,14,0,0.9944444444444445,False,0.22480158730158717,3.318821728105328,0.038761337868480725,0.0625,0.1804054054054054,3.3457659452646276,0.03679693206720234,0.05405405405405406,1.0,1.0,0.8809523809523809,0.9030988142833644,0.8724959749456188,low_discovery,11,56,0.19642857142857142
31677,extended_audit,0.25,30,6,0.35,14,0,0.9777777777777777,False,0.1765873015873014,3.348399955852482,0.03661777210884354,0.050595238095238096,0.17024608501118554,3.3550776841774748,0.0363497139768479,0.05704697986577181,1.0,1.0,0.8869047619047619,0.9145556374115748,0.8637199959457678,low_discovery,9,56,0.16071428571428573
31678,extended_audit,0.25,30,6,0.35,14,1,0.9888888888888889,False,0.19285714285714284,3.3389208013329217,0.03722009637188208,0.05357142857142857,0.16572769953051636,3.3530683581398275,0.03647589763935727,0.05985915492957746,1.0,1.0,0.8452380952380952,0.9423252997648416,0.912886450866929,low_discovery,8,56,0.14285714285714285
31679,extended_audit,0.25,30,6,0.35,14,1,0.9888888888888889,False,0.17996031746031727,3.3495255048203747,0.03668863378684807,0.05654761904761905,0.13548022598870046,3.370824476058312,0.03526572823901178,0.04745762711864407,1.0,1.0,0.8779761904761905,0.9218312539021166,0.8851477980112801,low_discovery,9,56,0.16071428571428573
31680,extended_audit,0.5,30,6,0.35,14,0,0.9833333333333333,False,0.19186507936507935,3.3432262311508207,0.03722009637188209,0.05952380952380952,0.1647435897435896,3.358369955652467,0.036139875082182776,0.05448717948717949,1.0,1.0,0.9285714285714286,0.8798601108232184,0.8402025971474067,low_discovery,7,56,0.125
31681,extended_audit,0.5,30,6,0.35,14,0,1.0,False,0.23472222222222205,3.3086154835330546,0.0391687925170068,0.05952380952380952,0.19921962095875134,3.332716237151593,0.03752754443462601,0.056856187290969896,1.0,1.0,0.8898809523809523,0.8989640243800393,0.8568867376052994,low_discovery,14,56,0.25
31682,extended_audit,0.5,30,6,0.35,14,0,0.9833333333333333,False,0.22797619047619033,3.317615458556128,0.03861961451247165,0.05952380952380952,0.20849673202614372,3.3316205589687518,0.03776325344952796,0.058823529411764705,1.0,1.0,0.9107142857142857,0.8836378995473662,0.8304593805642194,low_discovery,12,56,0.21428571428571427
31683,extended_audit,0.5,30,6,0.35,14,0,0.9666666666666667,False,0.28908730158730145,3.2541396380778846,0.041914682539682536,0.0625,0.25690235690235674,3.281229356401087,0.04018864288224558,0.05387205387205387,1.0,1.0,0.8839285714285714,0.8646728325950664,0.8195520229960068,low_discovery,19,56,0.3392857142857143
31684,extended_audit,0.5,30,6,0.35,14,0,0.9888888888888889,False,0.2748015873015872,3.275629102395976,0.041312358276643986,0.07142857142857142,0.22686733556298755,3.310102650196485,0.03871321349873043,0.056856187290969896,1.0,1.0,0.8898809523809523,0.8727350445005407,0.8365182086467734,low_discovery,17,56,0.30357142857142855
31685,extended_audit,0.5,30,6,0.35,14,0,0.9944444444444445,False,0.2388888888888887,3.3004194454280853,0.03920422335600907,0.05952380952380952,0.2082222222222221,3.3197748631709354,0.037955555555555555,0.05333333333333334,1.0,1.0,0.8928571428571429,0.9020636709144388,0.8660230982266005,low_discovery,13,56,0.23214285714285715
31686,extended_audit,0.5,30,6,0.35,14,0,0.9833333333333333,False,0.2515873015873016,3.2941280668857513,0.03975340136054422,0.05654761904761905,0.23117583603020475,3.309222234303152,0.038803531592672885,0.05825242718446602,1.0,1.0,0.9196428571428571,0.8527723399080753,0.8016971481468603,low_discovery,16,56,0.2857142857142857
31687,extended_audit,0.5,30,6,0.35,14,0,0.9944444444444445,False,0.21130952380952372,3.327275493322285,0.03799957482993198,0.0625,0.19180327868852443,3.3406967081601886,0.037097554420854606,0.04918032786885246,1.0,1.0,0.9077380952380952,0.9027122712213657,0.8559911540748878,low_discovery,7,56,0.125
31688,extended_audit,0.5,30,6,0.35,14,0,0.9722222222222222,False,0.22658730158730145,3.3111839708725617,0.03865504535147391,0.05952380952380952,0.19324324324324316,3.331609479532531,0.03732195032870709,0.05405405405405406,1.0,1.0,0.8809523809523809,0.9103299563835193,0.8688343171468346,low_discovery,15,56,0.26785714285714285
31689,extended_audit,0.5,30,6,0.35,14,0,0.9722222222222222,False,0.2676587301587301,3.285895961993872,0.04067460317460317,0.0625,0.23526881720430093,3.309345925939708,0.038980228928199794,0.054838709677419356,1.0,1.0,0.9226190476190477,0.8347067201701827,0.8051881901078365,low_discovery,17,56,0.30357142857142855
31690,extended_audit,0.5,30,6,0.35,14,1,0.9555555555555556,False,0.26230158730158726,3.2867841788131,0.040586026077097506,0.07142857142857142,0.23421052631578942,3.3090316688646055,0.038975934903047085,0.05921052631578947,1.0,1.0,0.9047619047619048,0.8392392403883996,0.8006315732938744,low_discovery,16,56,0.2857142857142857
31691,extended_audit,0.5,30,6,0.35,14,0,0.9777777777777777,False,0.19960317460317456,3.3366684991325064,0.037432681405895694,0.05357142857142857,0.17369614512471654,3.351617058186131,0.036581979730667784,0.05782312925170068,1.0,1.0,0.875,0.9280688852794613,0.8863823890050572,low_discovery,5,56,0.08928571428571429
31692,extended_audit,0.5,30,6,0.35,14,0,0.9666666666666667,False,0.2047619047619047,3.333849732120213,0.03762755102040816,0.05654761904761905,0.17813163481953276,3.348854210939791,0.03659377662379813,0.050955414012738856,1.0,1.0,0.9345238095238095,0.8463755793446309,0.803159257721318,low_discovery,13,56,0.23214285714285715
31693,extended_audit,0.5,30,6,0.35,14,0,0.9722222222222222,False,0.26130952380952377,3.2933286194935865,0.0404797335600907,0.06845238095238096,0.21827242524916923,3.3243578146026764,0.038266685798170004,0.05647840531561462,1.0,1.0,0.8958333333333334,0.8841542157197478,0.8522380056218238,low_discovery,11,56,0.19642857142857142
31694,extended_audit,0.5,30,6,0.35,14,0,0.9833333333333333,False,0.21210317460317452,3.3294516948938555,0.037893282312925165,0.05654761904761905,0.1862106406080346,3.3450444489753632,0.036891638107566134,0.05537459283387622,1.0,1.0,0.9136904761904762,0.8898668676975486,0.8539046516462903,low_discovery,9,56,0.16071428571428573
31695,extended_audit,0.5,30,6,0.35,14,0,0.9722222222222222,False,0.27857142857142847,3.274086369829869,0.04180839002267574,0.0744047619047619,0.22148664343786284,3.317879338045649,0.03847321200937245,0.0627177700348432,1.0,1.0,0.8541666666666666,0.9015821975498707,0.8585168835585474,low_discovery,18,56,0.32142857142857145
31696,extended_audit,0.5,30,6,0.35,14,0,1.0,False,0.23432539682539666,3.3063164743222297,0.039027069160997734,0.05654761904761905,0.21599999999999997,3.3215840064255286,0.03815555555555556,0.05,1.0,1.0,0.8928571428571429,0.8991370241326041,0.8643535127037302,low_discovery,15,56,0.26785714285714285
31697,extended_audit,0.5,30,6,0.35,14,0,0.9777777777777777,False,0.22460317460317447,3.3172563853972217,0.03902706916099773,0.07738095238095238,0.1872131147540983,3.3433916092757627,0.036947057242676704,0.05573770491803279,1.0,1.0,0.9077380952380952,0.8651684042428652,0.8278583781675924,low_discovery,11,56,0.19642857142857142
31698,extended_audit,0.5,30,6,0.35,14,0,0.9833333333333333,False,0.23551587301587285,3.3133508919912904,0.03906249999999999,0.06547619047619048,0.2118210862619807,3.3290925689071544,0.03787932917555552,0.054313099041533544,1.0,1.0,0.9315476190476191,0.8573351189089716,0.8346899528982701,low_discovery,9,56,0.16071428571428573
31699,extended_audit,0.5,30,6,0.35,14,0,0.9555555555555556,False,0.29940476190476173,3.2512874148647533,0.04274730725623582,0.06845238095238096,0.2557077625570776,3.2882830621131007,0.040087258397447915,0.06164383561643835,1.0,1.0,0.8690476190476191,0.8832061207577869,0.8110930657612226,low_discovery,20,56,0.35714285714285715
31700,extended_audit,0.5,30,6,0.35,14,0,0.9944444444444445,False,0.27202380952380945,3.2697282384774904,0.041028911564625854,0.06547619047619048,0.23560090702947845,3.295139191848507,0.03924290804757277,0.05442176870748299,1.0,1.0,0.875,0.8931665696949889,0.8472264959558585,low_discovery,20,56,0.35714285714285715
31701,extended_audit,0.5,30,6,0.35,14,0,0.9777777777777777,False,0.26408730158730154,3.2878173288563293,0.04044430272108843,0.0625,0.22781456953642376,3.3133206493399845,0.03866058506205869,0.052980132450331126,1.0,1.0,0.8988095238095238,0.8781891566732131,0.8426285199941143,low_discovery,14,56,0.25
31702,extended_audit,0.5,30,6,0.35,14,0,0.9888888888888889,False,0.2315476190476189,3.3147242504516985,0.03884991496598639,0.06547619047619048,0.19372937293729353,3.338160744355134,0.037196788985829274,0.04950495049504951,1.0,1.0,0.9017857142857143,0.8946057023918619,0.8666781115379308,low_discovery,13,56,0.23214285714285715
31703,extended_audit,0.5,30,6,0.35,14,0,0.9833333333333333,False,0.2751984126984126,3.2731953417717508,0.041648951247165535,0.08333333333333333,0.23466666666666658,3.3071039906827706,0.03897777777777778,0.06,1.0,1.0,0.8928571428571429,0.8569170587373708,0.8248381328813452,low_discovery,17,56,0.30357142857142855
31704,extended_audit,0.5,30,6,0.35,14,0,0.9666666666666667,False,0.2577380952380952,3.294283253754326,0.04021400226757369,0.0625,0.22086167800453493,3.3242887581751597,0.038271090749224856,0.05442176870748299,1.0,1.0,0.875,0.8902892340264859,0.8510593878585585,low_discovery,14,56,0.25
31705,extended_audit,0.5,30,6,0.35,14,0,0.9888888888888889,False,0.21646825396825387,3.3221207540678597,0.03821215986394558,0.05952380952380952,0.18903365906623226,3.3392517746380532,0.0370614011819754,0.05211726384364821,1.0,1.0,0.9136904761904762,0.8825212272324698,0.8471292574898374,low_discovery,12,56,0.21428571428571427
31706,extended_audit,0.5,30,6,0.35,14,0,0.9555555555555556,False,0.30456349206349187,3.247816933499654,0.042800453514739226,0.07142857142857142,0.2620915032679738,3.28020551956101,0.040369088811995385,0.058823529411764705,1.0,1.0,0.9107142857142857,0.8161112524431636,0.7800026239965647,low_discovery,19,56,0.3392857142857143
31707,extended_audit,0.5,30,6,0.35,14,0,0.9777777777777777,False,0.22400793650793638,3.318144391638395,0.038548752834467126,0.05952380952380952,0.1885993485342019,3.33947773160439,0.037040180797674245,0.05211726384364821,1.0,1.0,0.9136904761904762,0.8769943161452276,0.8402929512377266,low_discovery,8,56,0.14285714285714285
31708,extended_audit,0.5,30,6,0.35,14,0,0.9666666666666667,False,0.2501984126984127,3.2954632307792155,0.03968253968253969,0.05952380952380952,0.21915836101882613,3.3148051875051134,0.03839913466738778,0.04983388704318937,1.0,1.0,0.8958333333333334,0.8779419408912253,0.8292888288305776,low_discovery,13,56,0.23214285714285715
31709,extended_audit,0.5,30,6,0.35,14,0,1.0,False,0.2039682539682539,3.323391728919634,0.0378578514739229,0.05654761904761905,0.19389978213507608,3.331527528898519,0.0374001452432825,0.05228758169934641,1.0,1.0,0.9107142857142857,0.8894429343111709,0.847487655439272,low_discovery,14,56,0.25
31710,extended_audit,0.75,30,6,0.35,14,0,0.9944444444444445,False,0.3311507936507936,3.2004867334024016,0.044731434240362807,0.06547619047619048,0.2809203142536474,3.2403306896340918,0.041617068553095486,0.06060606060606061,0.9333333333333333,0.9333333333333333,0.8839285714285714,0.839666451501088,0.7859018500469043,low_discovery,27,56,0.48214285714285715
31711,extended_audit,0.75,30,6,0.35,14,0,0.9666666666666667,False,0.3206349206349206,3.221649967199268,0.04382794784580498,0.06845238095238096,0.2947019867549667,3.245655222004992,0.042256918556203685,0.059602649006622516,1.0,1.0,0.8988095238095238,0.8291973722911526,0.7857267537585145,low_discovery,25,56,0.44642857142857145
31712,extended_audit,0.75,30,6,0.35,14,0,0.9611111111111111,False,0.3277777777777777,3.2220105744957794,0.04423540249433106,0.06547619047619048,0.2934210526315788,3.2526540304153198,0.042113919667590025,0.05921052631578947,1.0,1.0,0.9047619047619048,0.8174745030524614,0.7445608819178781,low_discovery,22,56,0.39285714285714285
31713,extended_audit,0.75,30,6,0.35,14,0,0.95,False,0.30436507936507917,3.2507182781347876,0.04285359977324263,0.07142857142857142,0.26361655773420467,3.282300459310095,0.04051860395574352,0.058823529411764705,1.0,1.0,0.9107142857142857,0.8191277409411496,0.7588755653489067,low_discovery,19,56,0.3392857142857143
31714,extended_audit,0.75,30,6,0.35,14,1,0.9722222222222222,False,0.3367063492063491,3.19984194191273,0.04517431972789115,0.08035714285714286,0.29022222222222216,3.236612710013172,0.04231111111111112,0.06,1.0,1.0,0.8928571428571429,0.816296438247648,0.7647336462869617,low_discovery,29,56,0.5178571428571429
31715,extended_audit,0.75,30,6,0.35,14,0,0.9722222222222222,False,0.3009920634920633,3.2513629965871194,0.04253472222222222,0.06547619047619048,0.26315789473684204,3.280408803592846,0.04040425900277008,0.05592105263157895,1.0,1.0,0.9047619047619048,0.8449334065397328,0.8051205358370342,low_discovery,20,56,0.35714285714285715
31716,extended_audit,0.75,30,6,0.35,14,0,0.9777777777777777,False,0.3196428571428571,3.2221987577551157,0.04407596371882087,0.08035714285714286,0.27478070175438596,3.256933009611691,0.04131319252077561,0.05921052631578947,1.0,1.0,0.9047619047619048,0.8139668791356759,0.7735336025676941,low_discovery,25,56,0.44642857142857145
31717,extended_audit,0.75,30,6,0.35,14,0,0.9833333333333333,False,0.2757936507936507,3.265633755055802,0.04109977324263038,0.05952380952380952,0.24545454545454537,3.2866730823272174,0.03965677179962894,0.05194805194805195,1.0,1.0,0.9166666666666666,0.8281010050849463,0.7798485200572939,low_discovery,20,56,0.35714285714285715
31718,extended_audit,0.75,30,6,0.35,14,0,0.9777777777777777,False,0.29265873015873,3.2559040734586917,0.04207412131519274,0.06547619047619048,0.26793248945147674,3.27458386161269,0.04069860599262938,0.056962025316455694,1.0,1.0,0.9404761904761905,0.7973496027812222,0.7694972262416395,low_discovery,19,56,0.3392857142857143
31719,extended_audit,0.75,30,6,0.35,14,0,0.9611111111111111,False,0.31865079365079363,3.2186731181781334,0.04370393990929705,0.07142857142857142,0.2871038251366118,3.2448364535244045,0.041827465735017465,0.05901639344262295,0.9666666666666667,0.9666666666666667,0.9077380952380952,0.8099324232378379,0.7638127508263071,low_discovery,25,56,0.44642857142857145
31720,extended_audit,0.75,30,6,0.35,14,0,0.9777777777777777,False,0.2928571428571427,3.2471293689420806,0.04242842970521542,0.07738095238095238,0.2572984749455336,3.274628331370668,0.04028365158699645,0.058823529411764705,1.0,1.0,0.9107142857142857,0.8259255677727927,0.7964118677635851,low_discovery,22,56,0.39285714285714285
31721,extended_audit,0.75,30,6,0.35,14,0,0.9833333333333333,False,0.27341269841269833,3.2702327346649476,0.04099348072562358,0.0625,0.24086021505376332,3.29162916061423,0.03950052029136316,0.054838709677419356,1.0,1.0,0.9226190476190477,0.8207562146098341,0.7829818165407955,low_discovery,20,56,0.35714285714285715
31722,extended_audit,0.75,30,6,0.35,14,0,0.9555555555555556,False,0.27976190476190466,3.259609922738252,0.0416312358276644,0.0625,0.2653763440860215,3.2747937867358266,0.04077003121748179,0.05806451612903226,1.0,1.0,0.9226190476190477,0.8195875857806006,0.7769120469074512,low_discovery,19,56,0.3392857142857143
31723,extended_audit,0.75,30,6,0.35,14,0,0.9722222222222222,False,0.3087301587301585,3.24436397869847,0.04313704648526077,0.0744047619047619,0.2729847494553377,3.2733779606969047,0.04100986799948737,0.05555555555555555,1.0,1.0,0.9107142857142857,0.8056301542876191,0.7532418512677675,low_discovery,23,56,0.4107142857142857
31724,extended_audit,0.75,30,6,0.35,14,0,0.9555555555555556,False,0.35238095238095224,3.181613005758178,0.04611323696145124,0.07738095238095238,0.3201092896174862,3.2105348710252466,0.043934426229508196,0.05901639344262295,1.0,1.0,0.9077380952380952,0.7853900997230944,0.7483059338845091,low_discovery,28,56,0.5
31725,extended_audit,0.75,30,6,0.35,14,0,0.9833333333333333,False,0.2740079365079364,3.2734882432032895,0.040975765306122444,0.05952380952380952,0.25213675213675213,3.2905238767443823,0.039879191321499016,0.05448717948717949,1.0,1.0,0.9285714285714286,0.8302868891905293,0.7935514950285638,low_discovery,20,56,0.35714285714285715
31726,extended_audit,0.75,30,6,0.35,14,0,0.9833333333333333,False,0.2757936507936507,3.2758854734024485,0.04109977324263039,0.05952380952380952,0.2582534611288605,3.2911297368464076,0.040084108238320273,0.05750798722044728,1.0,1.0,0.9315476190476191,0.8025766711760709,0.7622101731436114,low_discovery,18,56,0.32142857142857145
31727,extended_audit,0.75,30,6,0.35,14,0,0.9722222222222222,False,0.28095238095238084,3.250623899823125,0.04173752834467121,0.05357142857142857,0.28047767393561784,3.2557436500357064,0.041546568841529095,0.056074766355140186,1.0,1.0,0.9553571428571429,0.7914536960445367,0.7557857921278791,low_discovery,23,56,0.4107142857142857
31728,extended_audit,0.75,30,6,0.35,14,0,0.9833333333333333,False,0.28769841269841256,3.2543366875800332,0.04195011337868481,0.06845238095238096,0.26190476190476186,3.277642189579071,0.04045209214026335,0.05647840531561462,1.0,1.0,0.8958333333333334,0.8489505891562735,0.7979106276876798,low_discovery,20,56,0.35714285714285715
31729,extended_audit,0.75,30,6,0.35,14,0,0.9611111111111111,False,0.3206349206349206,3.218928242385221,0.04396967120181406,0.07142857142857142,0.28191721132897585,3.2489855457547034,0.04165064718697936,0.058823529411764705,1.0,1.0,0.9107142857142857,0.7959951856614803,0.7406169388971161,low_discovery,25,56,0.44642857142857145
31730,extended_audit,0.75,30,6,0.35,14,0,0.9666666666666667,False,0.310515873015873,3.2170092161599753,0.043526785714285705,0.06547619047619048,0.2795379537953795,3.2404817688470815,0.04198934744959644,0.052805280528052806,1.0,1.0,0.9017857142857143,0.8230771680291323,0.7304269036466434,low_discovery,28,56,0.5
31731,extended_audit,0.75,30,6,0.35,14,0,0.9555555555555556,False,0.3033730158730157,3.2320850499308587,0.04295989229024943,0.06547619047619048,0.2787878787878786,3.2519150037631674,0.04170180468881768,0.05844155844155844,1.0,1.0,0.9166666666666666,0.7966179481420673,0.740992503433315,low_discovery,25,56,0.44642857142857145
31732,extended_audit,0.75,30,6,0.35,14,0,0.9833333333333333,False,0.3468253968253967,3.1747318427985167,0.0455640589569161,0.07142857142857142,0.31225806451612903,3.200504888781037,0.04351716961498439,0.05806451612903226,0.9333333333333333,0.9333333333333333,0.9226190476190477,0.7616229831103293,0.7207571331121733,low_discovery,31,56,0.5535714285714286
31733,extended_audit,0.75,30,6,0.35,14,0,0.9666666666666667,False,0.3468253968253967,3.168840857548907,0.04584750566893424,0.07142857142857142,0.3161616161616161,3.193264724769693,0.04408847169789931,0.06060606060606061,0.9666666666666667,0.9666666666666667,0.8839285714285714,0.8148492131362497,0.776172468729019,low_discovery,31,56,0.5535714285714286
31734,extended_audit,0.75,30,6,0.35,14,0,0.9722222222222222,False,0.2682539682539682,3.2763048619755692,0.040780895691609975,0.06547619047619048,0.23267326732673266,3.3011977902311354,0.03909202801468266,0.052805280528052806,1.0,1.0,0.9017857142857143,0.8485156987098432,0.807070247764864,low_discovery,20,56,0.35714285714285715
31735,extended_audit,0.75,30,6,0.35,14,0,0.9722222222222222,False,0.3103174603174601,3.2172784992694496,0.0441468253968254,0.08333333333333333,0.2831111111111111,3.24715343847226,0.041933333333333336,0.06,1.0,1.0,0.8928571428571429,0.8323846623941122,0.799263601160258,low_discovery,26,56,0.4642857142857143
31736,extended_audit,0.75,30,6,0.35,14,0,0.9555555555555556,False,0.3234126984126984,3.2176199524613707,0.04414682539682539,0.06845238095238096,0.29128540305010886,3.2440955616044187,0.042270067068221624,0.058823529411764705,1.0,1.0,0.9107142857142857,0.8033521466447872,0.7709819588867401,low_discovery,23,56,0.4107142857142857
31737,extended_audit,0.75,30,6,0.35,14,0,0.9888888888888889,False,0.27857142857142847,3.2635540784101793,0.04133007369614512,0.05952380952380952,0.24871794871794872,3.2831528079645906,0.039981919789612096,0.05448717948717949,1.0,1.0,0.9285714285714286,0.8103690416801402,0.7716874525240193,low_discovery,20,56,0.35714285714285715
31738,extended_audit,0.75,30,6,0.35,14,0,0.9444444444444444,False,0.3309523809523809,3.2041478651353468,0.044713718820861684,0.0625,0.3066882416396979,3.225293354901062,0.04334893853227342,0.05825242718446602,1.0,1.0,0.9196428571428571,0.7919528581440276,0.7462476696754821,low_discovery,24,56,0.42857142857142855
31739,extended_audit,0.75,30,6,0.35,14,0,0.95,False,0.26408730158730154,3.28418240973905,0.040515164399092966,0.06547619047619048,0.24169346195069652,3.3020293630154014,0.03933995719647232,0.05787781350482315,1.0,1.0,0.9255952380952381,0.8339010581193097,0.7952707998189834,low_discovery,18,56,0.32142857142857145
31740,extended_audit,0.9,30,6,0.35,14,0,0.95,False,0.35337301587301573,3.1650862248459486,0.0460955215419501,0.06845238095238096,0.32653508771929807,3.188217371602664,0.04449445983379501,0.05921052631578947,0.9666666666666667,0.9666666666666667,0.9047619047619048,0.7925306332886876,0.7357416748692795,low_discovery,31,56,0.5535714285714286
31741,extended_audit,0.9,30,6,0.35,14,0,0.9722222222222222,False,0.35178571428571415,3.1496936555475314,0.04634353741496598,0.07142857142857142,0.32666666666666666,3.172483638110725,0.044872163171502444,0.061016949152542375,0.9666666666666667,0.9666666666666667,0.8779761904761905,0.8271893071719031,0.7708694803354108,low_discovery,35,56,0.625
31742,extended_audit,0.9,30,6,0.35,14,0,0.9444444444444444,False,0.3660714285714284,3.1578866772839804,0.04763676303854875,0.09226190476190477,0.32436781609195386,3.199177336404807,0.044304399524375745,0.06206896551724138,0.9666666666666667,0.9666666666666667,0.8630952380952381,0.8228828770056512,0.7635793310204965,low_discovery,30,56,0.5357142857142857
31743,extended_audit,0.9,30,6,0.35,14,1,0.95,False,0.331547619047619,3.1901045096740273,0.04494401927437641,0.06845238095238096,0.30325732899022784,3.21192289434977,0.04344873685662448,0.05863192182410423,1.0,1.0,0.9136904761904762,0.786866340753852,0.7396870937078002,low_discovery,29,56,0.5178571428571429
31744,extended_audit,0.9,30,6,0.35,14,0,0.9388888888888889,False,0.37857142857142856,3.141761441190035,0.04822137188208616,0.08035714285714286,0.3303030303030301,3.183617009725629,0.044814021244997684,0.06060606060606061,0.9666666666666667,0.9666666666666667,0.8839285714285714,0.7813847081147788,0.7167860801564206,low_discovery,31,56,0.5535714285714286
31745,extended_audit,0.9,30,6,0.35,14,0,0.9388888888888889,False,0.3666666666666665,3.149546832870903,0.04740646258503402,0.08333333333333333,0.31812080536912735,3.187953358494258,0.044277284806990676,0.06040268456375839,0.9333333333333333,0.9333333333333333,0.8869047619047619,0.7891373700916725,0.7235677743182832,low_discovery,30,56,0.5357142857142857
31746,extended_audit,0.9,30,6,0.35,14,1,0.95,False,0.3650793650793649,3.1616227207199006,0.04694586167800453,0.06845238095238096,0.3344444444444443,3.192296682109511,0.04486666666666667,0.06,1.0,1.0,0.8928571428571429,0.8015000357538399,0.7582697226341755,low_discovery,29,56,0.5178571428571429
31747,extended_audit,0.9,30,6,0.35,14,0,0.9666666666666667,False,0.346626984126984,3.1765682462552727,0.045617205215419496,0.06845238095238096,0.31266666666666665,3.2042770606296385,0.04364444444444446,0.06,0.9666666666666667,0.9666666666666667,0.8928571428571429,0.8224746160696084,0.7641015110789958,low_discovery,30,56,0.5357142857142857
31748,extended_audit,0.9,30,6,0.35,14,0,0.9444444444444444,False,0.3107142857142857,3.212010166773991,0.043597647392290245,0.05952380952380952,0.29153439153439153,3.2263020105320916,0.042700932224741736,0.05714285714285714,1.0,1.0,0.9375,0.7734634064180232,0.7091144095858013,low_discovery,28,56,0.5
31749,extended_audit,0.9,30,6,0.35,14,0,0.9611111111111111,False,0.33472222222222214,3.167736227691092,0.045475481859410416,0.06547619047619048,0.32113289760348573,3.1807695672336593,0.04470502798069119,0.058823529411764705,1.0,1.0,0.9107142857142857,0.7980486893905164,0.7304907210408591,low_discovery,33,56,0.5892857142857143
31750,extended_audit,0.9,30,6,0.35,14,0,0.9722222222222222,False,0.3214285714285714,3.216455393903834,0.04396967120181406,0.0625,0.2962841530054643,3.2396774721346504,0.042515452835259336,0.05901639344262295,1.0,1.0,0.9077380952380952,0.8174493427173496,0.748252940401533,low_discovery,25,56,0.44642857142857145
31751,extended_audit,0.9,30,6,0.35,14,0,0.9444444444444444,False,0.3490079365079364,3.165919048434236,0.046130952380952384,0.0744047619047619,0.3272017837235228,3.188655130319787,0.04464155881925257,0.06020066889632107,0.9666666666666667,0.9666666666666667,0.8898809523809523,0.8157738848746865,0.7576816583476361,low_discovery,31,56,0.5535714285714286
31752,extended_audit,0.9,30,6,0.35,14,0,0.9666666666666667,False,0.36150793650793633,3.158341680969594,0.046697845804988654,0.0744047619047619,0.32163355408388505,3.190169456705728,0.04420858734266041,0.059602649006622516,0.9333333333333333,0.9333333333333333,0.8988095238095238,0.7969927661310353,0.773403377110916,low_discovery,31,56,0.5535714285714286
31753,extended_audit,0.9,30,6,0.35,14,0,0.9555555555555556,False,0.35277777777777763,3.180962401378339,0.04613095238095238,0.07142857142857142,0.32446689113355776,3.2099028141842707,0.04422451223798025,0.06060606060606061,0.9666666666666667,0.9666666666666667,0.8839285714285714,0.8237755153351553,0.7608704964717125,low_discovery,26,56,0.4642857142857143
31754,extended_audit,0.9,30,6,0.35,14,0,0.95,False,0.346626984126984,3.191293218051745,0.04554634353741497,0.06845238095238096,0.31486338797814195,3.218814094625815,0.04359043267938727,0.05901639344262295,1.0,1.0,0.9077380952380952,0.7802382887905331,0.7463743303880254,low_discovery,27,56,0.48214285714285715
31755,extended_audit,0.9,30,6,0.35,14,0,0.9555555555555556,False,0.35337301587301573,3.1658791422370025,0.04648526077097505,0.0744047619047619,0.31628162816281624,3.197117231815262,0.04399350826171726,0.0594059405940594,0.9666666666666667,0.9666666666666667,0.9017857142857143,0.7609167766823753,0.7231812234398339,low_discovery,29,56,0.5178571428571429
31756,extended_audit,0.9,30,6,0.35,14,0,0.9666666666666667,False,0.36051587301587285,3.1626588979003984,0.04653840702947846,0.07142857142857142,0.32781456953642363,3.1915706274456777,0.04447173369589054,0.059602649006622516,0.9666666666666667,0.9666666666666667,0.8988095238095238,0.7883592918285731,0.7485363118007827,low_discovery,30,56,0.5357142857142857
31757,extended_audit,0.9,30,6,0.35,14,0,0.9666666666666667,False,0.3492063492063491,3.1633840934706052,0.045794359410430835,0.07142857142857142,0.31682847896440114,3.1873160572016856,0.043893549501995165,0.05825242718446602,0.9333333333333333,0.9333333333333333,0.9196428571428571,0.7706780766298355,0.7359840232386358,low_discovery,34,56,0.6071428571428571
31758,extended_audit,0.9,30,6,0.35,14,0,0.9444444444444444,False,0.3464285714285713,3.180014492147376,0.04586522108843537,0.0744047619047619,0.3075055187637967,3.21206452830576,0.04337529055743169,0.059602649006622516,0.9666666666666667,0.9666666666666667,0.8988095238095238,0.7947232680357589,0.7453178801449166,low_discovery,28,56,0.5
31759,extended_audit,0.9,30,6,0.35,14,0,0.9555555555555556,False,0.3626984126984125,3.153075888798882,0.04680413832199545,0.0625,0.3346405228758169,3.1770403924933435,0.04508949549318638,0.058823529411764705,0.9333333333333333,0.9333333333333333,0.9107142857142857,0.7709857851618095,0.7244395329652725,low_discovery,30,56,0.5357142857142857
31760,extended_audit,0.9,30,6,0.35,14,0,0.9666666666666667,False,0.3224206349206349,3.1981306010727453,0.04443027210884353,0.05952380952380952,0.3066239316239314,3.21335447945753,0.04353632478632479,0.057692307692307696,1.0,1.0,0.9285714285714286,0.7698380381703701,0.7120781026711144,low_discovery,27,56,0.48214285714285715
31761,extended_audit,0.9,30,6,0.35,14,0,0.9666666666666667,False,0.34444444444444433,3.174231383422809,0.04570578231292518,0.07142857142857142,0.31573770491803277,3.1976673371149578,0.044041924213920974,0.05901639344262295,0.9666666666666667,0.9666666666666667,0.9077380952380952,0.7714509766533836,0.7300268326738807,low_discovery,31,56,0.5535714285714286
31762,extended_audit,0.9,30,6,0.35,14,0,0.9333333333333333,False,0.3621031746031744,3.1580751321158647,0.04715844671201814,0.07738095238095238,0.32901439645625685,3.1878957569441515,0.04504365293981302,0.059800664451827246,1.0,1.0,0.8958333333333334,0.794557733974059,0.7255849494569638,low_discovery,28,56,0.5
31763,extended_audit,0.9,30,6,0.35,14,0,0.9388888888888889,False,0.3545634920634919,3.1535125760147027,0.04678642290249432,0.07738095238095238,0.31056105610561047,3.1851197940765807,0.04423313618490562,0.0594059405940594,0.9666666666666667,0.9666666666666667,0.9017857142857143,0.7798183136768557,0.72683040117361,low_discovery,32,56,0.5714285714285714
31764,extended_audit,0.9,30,6,0.35,14,0,0.9611111111111111,False,0.3085317460317458,3.217319000440752,0.04352678571428571,0.05952380952380952,0.292938733125649,3.2285681823718937,0.04278879281062877,0.056074766355140186,1.0,1.0,0.9553571428571429,0.7479550034763025,0.7281753793216822,low_discovery,24,56,0.42857142857142855
31765,extended_audit,0.9,30,6,0.35,14,0,0.9388888888888889,False,0.3819444444444444,3.103943738354638,0.048487103174603176,0.06547619047619048,0.35315005727376847,3.130409869029768,0.04670469172541655,0.061855670103092786,0.9,0.9,0.8660714285714286,0.8139430771844914,0.7595748040966096,low_discovery,35,56,0.625
31766,extended_audit,0.9,30,6,0.35,14,0,0.9555555555555556,False,0.35218253968253954,3.1490381533892777,0.04671556122448979,0.07738095238095238,0.32458471760797325,3.1735355444541637,0.044977428505204135,0.059800664451827246,0.9666666666666667,0.9666666666666667,0.8958333333333334,0.7740496852283649,0.7260607624589138,low_discovery,32,56,0.5714285714285714
31767,extended_audit,0.9,30,6,0.35,14,0,0.95,False,0.3821428571428571,3.1215795531946746,0.048416241496598636,0.0744047619047619,0.35315614617940194,3.147530003054652,0.046500590501208604,0.059800664451827246,0.9666666666666667,0.9666666666666667,0.8958333333333334,0.7606708640330592,0.6948866420591256,low_discovery,34,56,0.6071428571428571
31768,extended_audit,0.9,30,6,0.35,14,0,0.9444444444444444,False,0.3712301587301585,3.1595593508486086,0.04726473922902494,0.07142857142857142,0.33887079261672093,3.188138613887971,0.04510392683211493,0.05863192182410423,0.9666666666666667,0.9666666666666667,0.9136904761904762,0.7129305989902162,0.6851790071342055,low_discovery,29,56,0.5178571428571429
31769,extended_audit,0.9,30,6,0.35,14,1,0.9388888888888889,False,0.348611111111111,3.158622733736214,0.046042375283446714,0.06547619047619048,0.32970297029702955,3.1767648703691007,0.044864882527856746,0.0594059405940594,0.9333333333333333,0.9333333333333333,0.9017857142857143,0.7985553472630086,0.7214822373854372,low_discovery,31,56,0.5535714285714286
31770,extended_audit,0.98,30,6,0.35,14,1,0.95,False,0.37896825396825395,3.0926836158944044,0.048398526077097506,0.06845238095238096,0.35395763656633217,3.1118526032391607,0.04701289694746143,0.06020066889632107,0.8666666666666667,0.8666666666666667,0.8898809523809523,0.7976938745330476,0.761737247395604,low_discovery,37,56,0.6607142857142857
31771,extended_audit,0.98,30,6,0.35,14,0,0.9388888888888889,False,0.37757936507936507,3.0967317345678054,0.04864654195011337,0.07142857142857142,0.3355855855855854,3.1236172746532587,0.04663531775018262,0.060810810810810814,0.9333333333333333,0.9333333333333333,0.8809523809523809,0.786211357441963,0.7152396837132469,low_discovery,37,56,0.6607142857142857
31772,extended_audit,0.98,30,6,0.35,14,0,0.9166666666666666,False,0.40396825396825387,3.0718663596369344,0.050435799319727886,0.07738095238095238,0.36499402628434874,3.106632380002055,0.04793103891265529,0.06451612903225806,0.9333333333333333,0.9333333333333333,0.8303571428571429,0.8200047063017464,0.7395853645727072,low_discovery,37,56,0.6607142857142857
31773,extended_audit,0.98,30,6,0.35,14,1,0.9388888888888889,False,0.3642857142857141,3.1425565639352593,0.04733560090702947,0.0744047619047619,0.33806380638063804,3.1668396083809536,0.04567090372403577,0.0594059405940594,1.0,1.0,0.9017857142857143,0.7701908859842437,0.7196309189531352,low_discovery,32,56,0.5714285714285714
31774,extended_audit,0.98,30,6,0.35,14,0,0.9277777777777778,False,0.3714285714285712,3.112633595016177,0.04804421768707482,0.06547619047619048,0.34496124031007747,3.134040441879833,0.046566814935817484,0.059800664451827246,0.9333333333333333,0.9333333333333333,0.8958333333333334,0.7734292166907882,0.7196134342641853,low_discovery,35,56,0.625
31775,extended_audit,0.98,30,6,0.35,14,0,0.9333333333333333,False,0.3708333333333331,3.117432056497207,0.047867063492063495,0.06845238095238096,0.3389261744966441,3.1416916008414284,0.04616909148236566,0.06040268456375839,0.9333333333333333,0.9333333333333333,0.8869047619047619,0.8055994617704845,0.7324065340139678,low_discovery,34,56,0.6071428571428571
31776,extended_audit,0.98,30,6,0.35,14,0,0.9277777777777778,False,0.3759920634920635,3.083044469144877,0.04900085034013605,0.07738095238095238,0.3585792349726775,3.0993064355515454,0.047782854071486164,0.05901639344262295,0.9,0.9,0.9077380952380952,0.740923258151609,0.6869640753762365,low_discovery,38,56,0.6785714285714286
31777,extended_audit,0.98,30,6,0.35,14,0,0.9277777777777778,False,0.3575396825396824,3.1276997703536766,0.04724702380952381,0.06547619047619048,0.3382882882882883,3.1463791242138663,0.046155953250547846,0.057432432432432436,0.9666666666666667,0.9666666666666667,0.8809523809523809,0.8103215825303662,0.7400993246933113,low_discovery,34,56,0.6071428571428571
31778,extended_audit,0.98,30,6,0.35,14,0,0.9277777777777778,False,0.4287698412698411,3.0374969251437367,0.052278202947845805,0.08035714285714286,0.3878787878787877,3.0740239033454686,0.04936671719888503,0.06293706293706294,0.8666666666666667,0.8666666666666667,0.8511904761904762,0.7875687930651297,0.7298063636143707,low_discovery,39,56,0.6964285714285714
31779,extended_audit,0.98,30,6,0.35,14,0,0.9222222222222223,False,0.4073412698412697,3.086007152662625,0.05094954648526077,0.08333333333333333,0.359009009009009,3.1282121249480594,0.04732012417823228,0.060810810810810814,0.9666666666666667,0.9666666666666667,0.8809523809523809,0.7425826182124063,0.6873166977101888,low_discovery,34,56,0.6071428571428571
31780,extended_audit,0.98,30,6,0.35,14,1,0.9333333333333333,False,0.3646825396825395,3.137353303587533,0.047796201814058956,0.08333333333333333,0.332456140350877,3.1649894081295753,0.04555488227146815,0.05921052631578947,0.9666666666666667,0.9666666666666667,0.9047619047619048,0.780526935263354,0.7280352635102628,low_discovery,32,56,0.5714285714285714
31781,extended_audit,0.98,30,6,0.35,14,0,0.9444444444444444,False,0.3569444444444443,3.149809812008125,0.04687499999999999,0.0744047619047619,0.3319031903190317,3.1730990551767713,0.04523521659096603,0.0594059405940594,0.9666666666666667,0.9666666666666667,0.9017857142857143,0.7821637476193146,0.7305216368262336,low_discovery,31,56,0.5535714285714286
31782,extended_audit,0.98,30,6,0.35,14,0,0.95,False,0.35515873015873,3.134664171250492,0.04705215419501133,0.06547619047619048,0.3345434543454344,3.1514032260278544,0.04601945343049156,0.0594059405940594,1.0,1.0,0.9017857142857143,0.7751858152282513,0.7033697486782627,low_discovery,34,56,0.6071428571428571
31783,extended_audit,0.98,30,6,0.35,14,0,0.9666666666666667,False,0.3095238095238093,3.2000606894502264,0.043509070294784576,0.05654761904761905,0.29290322580645145,3.2136039206365874,0.04268470343392299,0.05806451612903226,0.9333333333333333,0.9333333333333333,0.9226190476190477,0.7964510114683961,0.7366610697117345,low_discovery,29,56,0.5178571428571429
31784,extended_audit,0.98,30,6,0.35,14,0,0.9388888888888889,False,0.3561507936507935,3.122806682924936,0.047123015873015865,0.0625,0.35114155251141543,3.133365504894536,0.04672546443985737,0.06164383561643835,0.9333333333333333,0.9333333333333333,0.8690476190476191,0.83202655146884,0.7547233290695163,low_discovery,35,56,0.625
31785,extended_audit,0.98,30,6,0.35,14,0,0.9222222222222223,False,0.3988095238095237,3.0584717815226155,0.050807823129251695,0.09226190476190477,0.3605855855855855,3.08861238936653,0.04805058436815194,0.060810810810810814,0.8666666666666667,0.8666666666666667,0.8809523809523809,0.7619894684969033,0.7180664642458012,low_discovery,38,56,0.6785714285714286
31786,extended_audit,0.98,30,6,0.35,14,0,0.95,False,0.372222222222222,3.128099393390421,0.04790249433106576,0.07142857142857142,0.33189368770764105,3.157822962019685,0.045639672851293035,0.059800664451827246,0.9666666666666667,0.9666666666666667,0.8958333333333334,0.7701512121020798,0.7247661426335884,low_discovery,33,56,0.5892857142857143
31787,extended_audit,0.98,30,6,0.35,14,0,0.9388888888888889,False,0.3569444444444443,3.1083244659178946,0.04742417800453515,0.05952380952380952,0.35143487858719635,3.1163073318915693,0.04708126836542257,0.059602649006622516,0.9,0.9,0.8988095238095238,0.8014420878300564,0.7069197084876676,low_discovery,36,56,0.6428571428571429
31788,extended_audit,0.98,30,6,0.35,14,1,0.95,False,0.375,3.1129652540323614,0.04809736394557823,0.06845238095238096,0.343018018018018,3.1381979825653437,0.046338568298027766,0.060810810810810814,0.9333333333333333,0.9333333333333333,0.8809523809523809,0.8165327409468676,0.7435367338216813,low_discovery,35,56,0.625
31789,extended_audit,0.98,30,6,0.35,14,0,0.9555555555555556,False,0.35972222222222205,3.1430717544752453,0.046839569160997734,0.06547619047619048,0.3336633663366335,3.164964309982648,0.045365922730886944,0.0594059405940594,0.9333333333333333,0.9333333333333333,0.9017857142857143,0.7751001975172005,0.7101890361649117,low_discovery,32,56,0.5714285714285714
31790,extended_audit,0.98,30,6,0.35,14,2,0.9222222222222223,False,0.3771825396825397,3.0658933828092634,0.04926658163265306,0.0625,0.3609649122807017,3.078999008358167,0.048433171745152354,0.05921052631578947,0.9,0.9,0.9047619047619048,0.756658650957794,0.6939693483597971,low_discovery,38,56,0.6785714285714286
31791,extended_audit,0.98,30,6,0.35,14,0,0.95,False,0.34365079365079354,3.144432141521711,0.04634353741496598,0.06547619047619048,0.32804746494066883,3.1585028046019623,0.045443596108126226,0.05825242718446602,0.9666666666666667,0.9666666666666667,0.9196428571428571,0.7559623817290029,0.7090634797029679,low_discovery,34,56,0.6071428571428571
31792,extended_audit,0.98,30,6,0.35,14,0,0.9555555555555556,False,0.34265873015873005,3.143121750366041,0.04625496031746031,0.06547619047619048,0.3126245847176079,3.1624612484036025,0.044999503316740436,0.059800664451827246,0.9666666666666667,0.9666666666666667,0.8958333333333334,0.809457977504736,0.7501208916729646,low_discovery,35,56,0.625
31793,extended_audit,0.98,30,6,0.35,14,0,0.9333333333333333,False,0.3934523809523809,3.0705576564099903,0.0496031746031746,0.07142857142857142,0.352004581901489,3.099244398282189,0.047342379046067,0.061855670103092786,0.8666666666666667,0.8666666666666667,0.8660714285714286,0.8173055738852067,0.7240236310524985,low_discovery,39,56,0.6964285714285714
31794,extended_audit,0.98,30,6,0.35,14,1,0.95,False,0.36170634920634903,3.109526057479575,0.04745960884353741,0.06547619047619048,0.3374307862679955,3.1271866120509397,0.04623569276277304,0.05647840531561462,0.9,0.9,0.8958333333333334,0.7873068288397379,0.7105188805023509,low_discovery,37,56,0.6607142857142857
31795,extended_audit,0.98,30,6,0.35,14,0,0.9333333333333333,False,0.3628968253968252,3.167964849985111,0.04694586167800454,0.0744047619047619,0.3241417497231449,3.2018885027690427,0.04446970783986932,0.059800664451827246,1.0,1.0,0.8958333333333334,0.7887909273519144,0.7412105559023927,low_discovery,28,56,0.5
31796,extended_audit,0.98,30,6,0.35,14,0,0.9388888888888889,False,0.3839285714285714,3.0962980156160516,0.04882369614512472,0.0744047619047619,0.34648526077097497,3.1243171278469686,0.04671664584201026,0.05782312925170068,0.9333333333333333,0.9333333333333333,0.875,0.7847817714061271,0.6887987234177598,low_discovery,37,56,0.6607142857142857
31797,extended_audit,0.98,30,6,0.35,14,0,0.9555555555555556,False,0.35892857142857126,3.1612765076866802,0.046502976190476206,0.0744047619047619,0.3212429378531072,3.193867763737413,0.04406779661016949,0.061016949152542375,0.9333333333333333,0.9333333333333333,0.8779761904761905,0.8023618480668325,0.7513535105001207,low_discovery,30,56,0.5357142857142857
31798,extended_audit,0.98,30,6,0.35,14,0,0.9277777777777778,False,0.3708333333333331,3.1002654798674305,0.048522534013605435,0.07738095238095238,0.33920265780730885,3.123179013773878,0.04674341342810785,0.059800664451827246,0.9333333333333333,0.9333333333333333,0.8958333333333334,0.7694455222904186,0.7047984614919809,low_discovery,36,56,0.6428571428571429
31799,extended_audit,0.98,30,6,0.35,14,0,0.9388888888888889,False,0.3664682539682538,3.149013166451944,0.047229308390022665,0.07142857142857142,0.33766233766233755,3.1731386698609425,0.04547562826783606,0.05844155844155844,1.0,1.0,0.9166666666666666,0.7338630924944871,0.7043333174145866,low_discovery,32,56,0.5714285714285714
31800,homogeneous,0.0,42,5,0.4,14,0,0.7095238095238096,True,0.41468253968253976,3.4198859032123172,0.03647604875283446,0.05654761904761905,0.38415300546448106,3.4494959994623886,0.03481859715130341,0.04918032786885246,0.9285714285714286,0.9285714285714286,0.9077380952380952,0.7927157440081144,0.7521299932936237,none,0,0,
31801,homogeneous,0.0,42,5,0.4,14,0,0.6571428571428571,True,0.43934240362811794,3.326676429938789,0.03854875283446712,0.05357142857142857,0.4220921155347386,3.3431402884050447,0.03769954313356624,0.04918032786885246,0.8095238095238095,0.8095238095238095,0.9077380952380952,0.802709990863216,0.760762063030457,none,0,0,
31802,homogeneous,0.0,42,5,0.4,14,0,0.6857142857142857,True,0.44246031746031744,3.388479761203914,0.03830073696145124,0.0625,0.4034705407586765,3.431517668220896,0.035771330077563925,0.05084745762711865,0.9285714285714286,0.9285714285714286,0.8779761904761905,0.7994255318544522,0.7545416726948854,none,0,0,
31803,homogeneous,0.0,42,5,0.4,14,0,0.6476190476190476,True,0.46754535147392295,3.311673069957606,0.03994827097505669,0.0625,0.44027974225994027,3.339087997787845,0.03822065374854317,0.04950495049504951,0.8095238095238095,0.8095238095238095,0.9017857142857143,0.7602568027120543,0.7102158391955605,none,0,0,
31804,homogeneous,0.0,42,5,0.4,14,0,0.6904761904761905,True,0.4237528344671202,3.401547114930818,0.03729095804988662,0.05952380952380952,0.4023888625217529,3.4287064252402,0.035926755775322575,0.04983388704318937,0.9285714285714286,0.9285714285714286,0.8958333333333334,0.8127144175953783,0.7492300905528245,none,0,0,
31805,homogeneous,0.0,42,5,0.4,14,0,0.6619047619047619,True,0.43140589569161003,3.3649776997496934,0.03784013605442176,0.0625,0.408040593286495,3.387993229180578,0.0364740661112604,0.04590163934426229,0.8809523809523809,0.8809523809523809,0.9077380952380952,0.7991198525788992,0.7360310053435652,none,0,0,
31806,homogeneous,0.0,42,5,0.4,14,0,0.6714285714285714,True,0.431264172335601,3.376642761768454,0.037716128117913826,0.05357142857142857,0.40540323873657225,3.4046760151634787,0.03628881406659183,0.050505050505050504,0.9047619047619048,0.9047619047619048,0.8839285714285714,0.816223351984961,0.768018323058301,none,0,0,
31807,homogeneous,0.0,42,5,0.4,14,0,0.7285714285714285,True,0.4058956916099774,3.432869946312329,0.03615717120181405,0.05654761904761905,0.38568376068376087,3.4519014656110376,0.035092044707429326,0.04807692307692308,0.9761904761904762,0.9761904761904762,0.9285714285714286,0.7754206868084882,0.738854024534696,none,0,0,
31808,homogeneous,0.0,42,5,0.4,14,0,0.680952380952381,True,0.44387755102040827,3.369053068205539,0.03886763038548752,0.0744047619047619,0.40492170022371377,3.4085039434928213,0.03630467096076753,0.050335570469798654,0.9285714285714286,0.9285714285714286,0.8869047619047619,0.79749202746247,0.7673048379804137,none,0,0,
31809,homogeneous,0.0,42,5,0.4,14,0,0.6952380952380952,True,0.42290249433106575,3.412990086870116,0.03732638888888889,0.0625,0.3973263724094289,3.4428721223229255,0.03577223209456849,0.04983388704318937,1.0,1.0,0.8958333333333334,0.8250943227538224,0.7732569794307818,none,0,0,
31810,homogeneous,0.0,42,5,0.4,14,0,0.6904761904761905,True,0.4397675736961453,3.3786846222291285,0.03835388321995464,0.06845238095238096,0.4060665362035225,3.4173362607213535,0.03605273034340401,0.05136986301369863,0.9047619047619048,0.9047619047619048,0.8690476190476191,0.8497330080671969,0.7944829236847818,none,0,0,
31811,homogeneous,0.0,42,5,0.4,14,2,0.6666666666666666,True,0.43735827664399096,3.336575218990765,0.03817672902494332,0.05654761904761905,0.41384711779448624,3.3566665118269388,0.03696329639889196,0.049342105263157895,0.7857142857142857,0.7857142857142857,0.9047619047619048,0.789642174007606,0.7374179014170795,none,0,0,
31812,homogeneous,0.0,42,5,0.4,14,1,0.6714285714285714,True,0.44968820861678016,3.3435279710072394,0.03904478458049886,0.0625,0.4187580437580438,3.3758917942360323,0.037093681519357186,0.05067567567567568,0.8571428571428571,0.8571428571428571,0.8809523809523809,0.8094764565045046,0.7609389803719998,none,0,0,
31813,homogeneous,0.0,42,5,0.4,14,0,0.680952380952381,True,0.46754535147392295,3.34735464473064,0.0402140022675737,0.07142857142857142,0.4209690893901421,3.4019450274470198,0.03687288396429671,0.05263157894736842,0.9047619047619048,0.9047619047619048,0.8482142857142857,0.8320774273579624,0.7737671654675228,none,0,0,
31814,homogeneous,0.0,42,5,0.4,14,0,0.6619047619047619,True,0.4597505668934241,3.3345740032306006,0.039469954648526075,0.0625,0.4337474120082816,3.3635483338396814,0.03775125557879665,0.05016722408026756,0.8571428571428571,0.8571428571428571,0.8898809523809523,0.7826457654628046,0.738052611466722,none,0,0,
31815,homogeneous,0.0,42,5,0.4,14,0,0.7285714285714285,True,0.38265306122448983,3.460382781749064,0.034669075963718814,0.05357142857142857,0.3614718614718615,3.4818602278881907,0.033584921571934566,0.048701298701298704,0.9285714285714286,0.9285714285714286,0.9166666666666666,0.8135026034903353,0.7419512306464663,none,0,0,
31816,homogeneous,0.0,42,5,0.4,14,0,0.6666666666666666,True,0.43735827664399096,3.351411278232051,0.03805272108843537,0.05654761904761905,0.41803278688524603,3.370503328707737,0.03701155603332438,0.04918032786885246,0.8333333333333334,0.8333333333333334,0.9077380952380952,0.8008683950428371,0.7383512749956043,none,0,0,
31817,homogeneous,0.0,42,5,0.4,14,0,0.6952380952380952,True,0.41709183673469385,3.4188143074296287,0.036918934240362807,0.05952380952380952,0.3829039812646371,3.4511598762322455,0.03507659231389412,0.04918032786885246,0.9761904761904762,0.9761904761904762,0.9077380952380952,0.8025925309230489,0.7597112073438242,none,0,0,
31818,homogeneous,0.0,42,5,0.4,14,1,0.6476190476190476,True,0.4488378684807257,3.3462812897278726,0.03876133786848072,0.05952380952380952,0.4180249280920423,3.3764913983887124,0.03700283771001306,0.050335570469798654,0.8571428571428571,0.8571428571428571,0.8869047619047619,0.8002415110003644,0.7452010388453053,none,0,0,
31819,homogeneous,0.0,42,5,0.4,14,0,0.6523809523809524,True,0.46952947845804993,3.313540279909117,0.04019628684807256,0.05952380952380952,0.43548906048906066,3.347467115126234,0.03809806428049671,0.05067567567567568,0.8333333333333334,0.8333333333333334,0.8809523809523809,0.7927466712862001,0.75545578593016,none,0,0,
31820,homogeneous,0.0,42,5,0.4,14,1,0.680952380952381,True,0.43154761904761907,3.369886366567367,0.037928713151927446,0.0625,0.4055425448868073,3.3954572404540992,0.036388067723730176,0.04918032786885246,0.8809523809523809,0.8809523809523809,0.9077380952380952,0.7906456061870464,0.7530665293436503,none,0,0,
31821,homogeneous,0.0,42,5,0.4,14,0,0.6857142857142857,True,0.4168083900226758,3.389259807686166,0.0368657879818594,0.050595238095238096,0.3921658986175116,3.409296657000305,0.035775234131113436,0.04838709677419355,0.9047619047619048,0.9047619047619048,0.9226190476190477,0.787516411673446,0.7263999927092275,none,0,0,
31822,homogeneous,0.0,42,5,0.4,14,1,0.6761904761904762,True,0.4384920634920635,3.362412458293644,0.03830073696145125,0.06547619047619048,0.4103925353925355,3.3926384417862208,0.036523009495982466,0.05067567567567568,0.8809523809523809,0.8809523809523809,0.8809523809523809,0.8498044888553711,0.7863005578888348,none,0,0,
31823,homogeneous,0.0,42,5,0.4,14,0,0.6857142857142857,True,0.4319727891156464,3.3714124341102583,0.03759212018140589,0.05357142857142857,0.41156462585034026,3.39394670358142,0.03645655125219368,0.04983388704318937,0.8809523809523809,0.8809523809523809,0.8958333333333334,0.8084533217759833,0.7436490482529851,none,0,0,
31824,homogeneous,0.0,42,5,0.4,14,0,0.6761904761904762,True,0.4474206349206351,3.3669554115185716,0.038708191609977315,0.0625,0.40327895864228047,3.411904158380244,0.0360268674944026,0.05190311418685121,0.9047619047619048,0.9047619047619048,0.8601190476190477,0.8378642668330066,0.7830833477848586,none,0,0,
31825,homogeneous,0.0,42,5,0.4,14,0,0.6904761904761905,True,0.4384920634920635,3.3819702206149738,0.03808815192743764,0.0625,0.40870387890255455,3.4136214037171895,0.03627033902021841,0.04966887417218543,0.9285714285714286,0.9285714285714286,0.8988095238095238,0.7837220378904023,0.7480514783000584,none,0,0,
31826,homogeneous,0.0,42,5,0.4,14,0,0.6714285714285714,True,0.43835034013605445,3.3754380712111725,0.03808815192743764,0.05654761904761905,0.4061857301059959,3.407086109331066,0.036279952759903304,0.04983388704318937,0.9047619047619048,0.9047619047619048,0.8958333333333334,0.8082717257059913,0.7655211651024922,none,0,0,
31827,homogeneous,0.0,42,5,0.4,14,0,0.6714285714285714,True,0.4509637188208617,3.3583790823678172,0.03870819160997733,0.05654761904761905,0.4165867689357623,3.3944181362345303,0.03657492905724967,0.050335570469798654,0.8571428571428571,0.8571428571428571,0.8869047619047619,0.7836594900453212,0.7321322255621844,none,0,0,
31828,homogeneous,0.0,42,5,0.4,14,0,0.7047619047619048,True,0.4007936507936509,3.4261670737521945,0.03571428571428571,0.05654761904761905,0.3787322002756086,3.446214166133633,0.034625365742703244,0.04823151125401929,0.9047619047619048,0.9047619047619048,0.9255952380952381,0.8182351894034884,0.7630522128186977,none,0,0,
31829,homogeneous,0.0,42,5,0.4,14,0,0.6714285714285714,True,0.4413265306122449,3.357712762259271,0.038194444444444434,0.05357142857142857,0.42135877152163803,3.3788788216174255,0.03706140118197541,0.048859934853420196,0.8571428571428571,0.8571428571428571,0.9136904761904762,0.7909169815191673,0.7513250916861139,none,0,0,
31830,homogeneous,0.25,42,5,0.4,14,0,0.6666666666666666,True,0.43310657596371893,3.3525875447911884,0.03796414399092971,0.06547619047619048,0.40553999377528793,3.3765835888126055,0.03641761715579478,0.049019607843137254,0.8095238095238095,0.8095238095238095,0.9107142857142857,0.7729576255780399,0.7279476714863734,none,0,0,
31831,homogeneous,0.25,42,5,0.4,14,0,0.6761904761904762,True,0.42247732426303863,3.368635980941652,0.03730867346938776,0.05357142857142857,0.4062146892655367,3.389229879045706,0.03634587762137317,0.04745762711864407,0.8571428571428571,0.8571428571428571,0.8779761904761905,0.8345086729314607,0.7645030860569714,none,0,0,
31832,homogeneous,0.25,42,5,0.4,14,0,0.680952380952381,True,0.4305555555555556,3.3785927673293354,0.03730867346938775,0.05357142857142857,0.3928167877320421,3.412028572753659,0.03538063774777363,0.05084745762711865,0.8333333333333334,0.8333333333333334,0.8779761904761905,0.8460399801582924,0.7879065359528282,none,0,0,
31833,homogeneous,0.25,42,5,0.4,14,0,0.680952380952381,True,0.4529478458049887,3.352362360248248,0.038938492063492064,0.05952380952380952,0.42587301587301596,3.382075607762897,0.03724444444444445,0.05,0.8809523809523809,0.8809523809523809,0.8928571428571429,0.7838441821622845,0.7295154773532011,none,0,0,
31834,homogeneous,0.25,42,5,0.4,14,0,0.6666666666666666,True,0.44699546485260777,3.3428710069167895,0.03876133786848073,0.0625,0.41399904443382707,3.3733250880418537,0.03687878211653114,0.05016722408026756,0.8571428571428571,0.8571428571428571,0.8898809523809523,0.810063974957883,0.7680391680269957,none,0,0,
31835,homogeneous,0.25,42,5,0.4,14,0,0.680952380952381,True,0.4423185941043084,3.354167486187884,0.038424744897959176,0.05654761904761905,0.42158730158730173,3.378282103449642,0.03717777777777779,0.05,0.8809523809523809,0.8809523809523809,0.8928571428571429,0.8140770906313736,0.7618567701537371,none,0,0,
31836,homogeneous,0.25,42,5,0.4,14,0,0.6904761904761905,True,0.4409013605442178,3.3633163105589303,0.03815901360544217,0.05357142857142857,0.4188419553868059,3.388202250478585,0.036853897859847023,0.04983388704318937,0.8809523809523809,0.8809523809523809,0.8958333333333334,0.7999527671663458,0.7441161237831677,none,0,0,
31837,homogeneous,0.25,42,5,0.4,14,0,0.6666666666666666,True,0.46301020408163285,3.338579403005532,0.039930555555555546,0.06547619047619048,0.4325663151166508,3.374015482629263,0.03781361199945948,0.050335570469798654,0.9047619047619048,0.9047619047619048,0.8869047619047619,0.7779692184698153,0.7306930480406074,none,0,0,
31838,homogeneous,0.25,42,5,0.4,14,0,0.680952380952381,True,0.44685374149659873,3.372866346287161,0.03872590702947846,0.0625,0.42263882297104893,3.40096544391043,0.03711879559828258,0.04983388704318937,0.9523809523809523,0.9523809523809523,0.8958333333333334,0.8107929689741568,0.7701702291436744,none,0,0,
31839,homogeneous,0.25,42,5,0.4,14,0,0.6523809523809524,True,0.43764172335600926,3.347047418412792,0.03835388321995465,0.05654761904761905,0.41183404054691186,3.3698774731721617,0.03708786720256184,0.04950495049504951,0.8809523809523809,0.8809523809523809,0.9017857142857143,0.8030500165886837,0.7447657932726597,none,0,0,
31840,homogeneous,0.25,42,5,0.4,14,0,0.6619047619047619,True,0.4494047619047621,3.3538339565610285,0.03893849206349205,0.05952380952380952,0.4237462426831198,3.381804327814551,0.03742784295979073,0.04983388704318937,0.9047619047619048,0.9047619047619048,0.8958333333333334,0.7985235076590417,0.7291376205226001,none,0,0,
31841,homogeneous,0.25,42,5,0.4,14,0,0.680952380952381,True,0.44246031746031744,3.3548069290266547,0.038584183673469385,0.06547619047619048,0.4081176094598915,3.3877180895818135,0.03657492905724966,0.050335570469798654,0.8809523809523809,0.8809523809523809,0.8869047619047619,0.818454358428372,0.7529508890086044,none,0,0,
31842,homogeneous,0.25,42,5,0.4,14,0,0.6952380952380952,True,0.42219387755102056,3.399615358907197,0.037184665532879815,0.05952380952380952,0.39482812992746785,3.4275581069826497,0.035700188588219814,0.04966887417218543,0.9523809523809523,0.9523809523809523,0.8988095238095238,0.8164361575150499,0.7698798195322046,none,0,0,
31843,homogeneous,0.25,42,5,0.4,14,0,0.7,True,0.4196428571428572,3.400756645170692,0.03672406462585034,0.05357142857142857,0.3999028182701654,3.425952493314661,0.0355407469110093,0.05102040816326531,0.8809523809523809,0.8809523809523809,0.875,0.8696350277125723,0.8003379540744177,none,0,0,
31844,homogeneous,0.25,42,5,0.4,14,0,0.6904761904761905,True,0.4199263038548753,3.3925004746873926,0.036918934240362807,0.05654761904761905,0.39698101462807345,3.413980445339416,0.035734119355803326,0.049019607843137254,0.9047619047619048,0.9047619047619048,0.9107142857142857,0.7998392193215942,0.7259392389275128,none,0,0,
31845,homogeneous,0.25,42,5,0.4,14,0,0.6904761904761905,True,0.4162414965986396,3.3918982002321405,0.03667091836734694,0.05357142857142857,0.39945355191256837,3.409691297027466,0.03574307981725343,0.04918032786885246,0.8809523809523809,0.8809523809523809,0.9077380952380952,0.8257908026665239,0.7796094771993133,none,0,0,
31846,homogeneous,0.25,42,5,0.4,14,1,0.6904761904761905,True,0.4220521541950115,3.392281236564867,0.03739725056689342,0.05357142857142857,0.39936507936507937,3.4178378721629548,0.036199999999999996,0.04666666666666667,0.9523809523809523,0.9523809523809523,0.8928571428571429,0.8262499818297754,0.761620573023682,none,0,0,
31847,homogeneous,0.25,42,5,0.4,14,0,0.6857142857142857,True,0.4464285714285716,3.354718169506231,0.03851332199546485,0.0625,0.42380952380952386,3.3817492469903248,0.037035334673944265,0.05084745762711865,0.8571428571428571,0.8571428571428571,0.8779761904761905,0.8437973699477852,0.7799146404669325,none,0,0,
31848,homogeneous,0.25,42,5,0.4,14,0,0.7,True,0.42106009070294803,3.3990165674557256,0.03707837301587301,0.05357142857142857,0.39536340852130336,3.4248872727068402,0.03577302631578948,0.049342105263157895,0.9285714285714286,0.9285714285714286,0.9047619047619048,0.8085248611005279,0.7592515854787828,none,0,0,
31849,homogeneous,0.25,42,5,0.4,14,0,0.6952380952380952,True,0.40405328798185947,3.423381155023895,0.03610402494331065,0.05654761904761905,0.38189845474613704,3.448317839623804,0.034888820665760274,0.04966887417218543,0.9523809523809523,0.9523809523809523,0.8988095238095238,0.8213995753522386,0.7692977224732095,none,0,0,
31850,homogeneous,0.25,42,5,0.4,14,0,0.6761904761904762,True,0.43764172335600926,3.3561039187671082,0.03821215986394558,0.05654761904761905,0.41631537861046075,3.377451239005243,0.03703305563020693,0.04918032786885246,0.8809523809523809,0.8809523809523809,0.9077380952380952,0.8009069202123872,0.7521984795228774,none,0,0,
31851,homogeneous,0.25,42,5,0.4,14,0,0.6714285714285714,True,0.44373582766439923,3.355977367438411,0.03851332199546484,0.05654761904761905,0.4061904761904762,3.388080208170625,0.03662222222222223,0.05,0.9047619047619048,0.9047619047619048,0.8928571428571429,0.8097789877479449,0.7598727130875348,none,0,0,
31852,homogeneous,0.25,42,5,0.4,14,0,0.680952380952381,True,0.433390022675737,3.364698734536505,0.03826530612244898,0.07142857142857142,0.40319548872180455,3.394744050523219,0.0362707756232687,0.049342105263157895,0.8809523809523809,0.8809523809523809,0.9047619047619048,0.7949375677776424,0.7673187558576545,none,0,0,
31853,homogeneous,0.25,42,5,0.4,14,0,0.6428571428571429,True,0.47817460317460325,3.290503356704165,0.04117063492063492,0.07142857142857142,0.4422003284072251,3.328079470193061,0.038692033293697976,0.05172413793103448,0.8333333333333334,0.8333333333333334,0.8630952380952381,0.817365976829158,0.7783198145679449,none,0,0,
31854,homogeneous,0.25,42,5,0.4,14,0,0.6761904761904762,True,0.4430272108843538,3.3555862996833192,0.03835388321995464,0.05654761904761905,0.4157268170426065,3.381531296781972,0.0368334487534626,0.049342105263157895,0.8809523809523809,0.8809523809523809,0.9047619047619048,0.7759513070865566,0.7092316715251282,none,0,0,
31855,homogeneous,0.25,42,5,0.4,14,0,0.6666666666666666,True,0.4652777777777779,3.3278451348936717,0.040036848072562345,0.06547619047619048,0.43031358885017434,3.3688296960260344,0.03769622066554165,0.05226480836236934,0.8809523809523809,0.8809523809523809,0.8541666666666666,0.8164985040793876,0.7896452136296878,none,0,0,
31856,homogeneous,0.25,42,5,0.4,14,0,0.638095238095238,True,0.44586167800453524,3.2974351498477996,0.03931051587301587,0.05654761904761905,0.42957312374788104,3.3108109811790465,0.03851027953205349,0.04854368932038835,0.7857142857142857,0.7857142857142857,0.9196428571428571,0.7773059129576807,0.7305076153020716,none,0,0,
31857,homogeneous,0.25,42,5,0.4,14,0,0.7095238095238096,True,0.3996598639455784,3.420218434979941,0.03590915532879818,0.05357142857142857,0.3825917252146762,3.439193379770062,0.03503359312012899,0.04918032786885246,0.9285714285714286,0.9285714285714286,0.9077380952380952,0.8361254123295058,0.7639808354762998,none,0,0,
31858,homogeneous,0.25,42,5,0.4,14,0,0.6904761904761905,True,0.43735827664399096,3.3751514537235194,0.03810586734693877,0.05952380952380952,0.4076479076479078,3.4069448404917386,0.03640218118332595,0.050505050505050504,0.9047619047619048,0.9047619047619048,0.8839285714285714,0.8181923118884522,0.728361286527781,none,0,0,
31859,homogeneous,0.25,42,5,0.4,14,0,0.7,True,0.4117063492063493,3.3969800735794724,0.03647604875283447,0.050595238095238096,0.39984639016897083,3.4112909831128504,0.035816857440166494,0.04838709677419355,0.8809523809523809,0.8809523809523809,0.9226190476190477,0.7959576300033389,0.7341873103390695,none,0,0,
31860,homogeneous,0.5,42,5,0.4,14,0,0.6952380952380952,True,0.4100056689342404,3.4048467107106317,0.03640518707482993,0.05654761904761905,0.38448844884488453,3.429068388947101,0.035105490747094514,0.04950495049504951,0.8809523809523809,0.8809523809523809,0.9017857142857143,0.8337513333464672,0.7704846623867198,none,0,0,
31861,homogeneous,0.5,42,5,0.4,14,0,0.6857142857142857,True,0.4274376417233561,3.3840676891181953,0.03755668934240363,0.05654761904761905,0.4074248120300752,3.405971469004773,0.03642226454293629,0.049342105263157895,0.9285714285714286,0.9285714285714286,0.9047619047619048,0.8229225434658608,0.7850190627031507,none,0,0,
31862,homogeneous,0.5,42,5,0.4,14,0,0.6857142857142857,True,0.43735827664399096,3.3876331381252642,0.03835388321995464,0.07142857142857142,0.40755390103924305,3.4198374367721005,0.03633990811573598,0.048859934853420196,0.9523809523809523,0.9523809523809523,0.9136904761904762,0.7653823700644984,0.7364311889435035,none,0,0,
31863,homogeneous,0.5,42,5,0.4,14,0,0.6666666666666666,True,0.431264172335601,3.3676268536003002,0.03776927437641723,0.050595238095238096,0.40586201477290595,3.391830873928833,0.03649968957291768,0.0462046204620462,0.8809523809523809,0.8809523809523809,0.9017857142857143,0.8216437171210674,0.7702611015098727,none,0,0,
31864,homogeneous,0.5,42,5,0.4,14,0,0.6523809523809524,True,0.45549886621315205,3.3210525727219173,0.0394345238095238,0.05952380952380952,0.4302944862155389,3.3451741080856188,0.03791551246537395,0.049342105263157895,0.8333333333333334,0.8333333333333334,0.9047619047619048,0.7786425418740359,0.730872689308408,none,0,0,
31865,homogeneous,0.5,42,5,0.4,14,0,0.6857142857142857,True,0.4380668934240364,3.3789811406634778,0.03810586734693877,0.0625,0.402876001885903,3.412191520136726,0.0361293555098084,0.04950495049504951,0.9285714285714286,0.9285714285714286,0.9017857142857143,0.7767581682774147,0.7195100212621762,none,0,0,
31866,homogeneous,0.5,42,5,0.4,14,0,0.6571428571428571,True,0.4308390022675739,3.3396667869169705,0.03821215986394558,0.05357142857142857,0.41607732201791614,3.3562191474745755,0.03743641690901763,0.04950495049504951,0.8571428571428571,0.8571428571428571,0.9017857142857143,0.7898667696655628,0.7117844954342494,none,0,0,
31867,homogeneous,0.5,42,5,0.4,14,0,0.6904761904761905,True,0.4343820861678005,3.40115043625208,0.03789328231292516,0.0625,0.3967721316714605,3.441825791288164,0.035606504211522005,0.050335570469798654,0.9761904761904762,0.9761904761904762,0.8869047619047619,0.8310542791872487,0.7746190263313281,none,0,0,
31868,homogeneous,0.5,42,5,0.4,14,0,0.6761904761904762,True,0.4607426303854876,3.350243091731486,0.03971797052154195,0.06845238095238096,0.42102615694165,3.3975639120542303,0.036947034318587584,0.0528169014084507,0.9047619047619048,0.9047619047619048,0.8452380952380952,0.8352473483580929,0.7826147418228891,none,0,0,
31869,homogeneous,0.5,42,5,0.4,14,0,0.6857142857142857,True,0.4322562358276645,3.3750441201183974,0.03778698979591836,0.05952380952380952,0.3999356499356501,3.4069329740249903,0.03588385682980278,0.05067567567567568,0.8809523809523809,0.8809523809523809,0.8809523809523809,0.8492510436542,0.8045822689027156,none,0,0,
31870,homogeneous,0.5,42,5,0.4,14,0,0.6666666666666666,True,0.44727891156462585,3.345319314748909,0.03877905328798186,0.06547619047619048,0.41805094130675524,3.374061895332984,0.036964271917528504,0.04983388704318937,0.8571428571428571,0.8571428571428571,0.8958333333333334,0.7874070449606078,0.7429772728874956,none,0,0,
31871,homogeneous,0.5,42,5,0.4,14,0,0.638095238095238,True,0.4780328798185942,3.29015838516857,0.04090490362811791,0.06547619047619048,0.44249464491679036,3.327012789507708,0.03858909735276159,0.05190311418685121,0.8095238095238095,0.8095238095238095,0.8601190476190477,0.8218902083060389,0.7588855980222218,none,0,0,
31872,homogeneous,0.5,42,5,0.4,14,0,0.7047619047619048,True,0.4145408163265307,3.400708272703167,0.03672406462585033,0.05357142857142857,0.3858730158730159,3.427915787810748,0.0352888888888889,0.05,0.9047619047619048,0.9047619047619048,0.8928571428571429,0.8389746679856804,0.7884171911451475,none,0,0,
31873,homogeneous,0.5,42,5,0.4,14,0,0.6952380952380952,True,0.4389172335600908,3.3808867308104795,0.03831845238095238,0.06845238095238096,0.40968253968253987,3.414968665998859,0.0362888888888889,0.05,0.9285714285714286,0.9285714285714286,0.8928571428571429,0.7937041369331941,0.7460929031395714,none,0,0,
31874,homogeneous,0.5,42,5,0.4,14,0,0.6857142857142857,True,0.41496598639455784,3.396339247573218,0.03679492630385488,0.05654761904761905,0.3913308913308915,3.41638532299032,0.03564677843523997,0.04487179487179487,0.9047619047619048,0.9047619047619048,0.9285714285714286,0.7856505866003118,0.7405717274585757,none,0,0,
31875,homogeneous,0.5,42,5,0.4,14,0,0.6857142857142857,True,0.431264172335601,3.3878653883404994,0.037627551020408156,0.0625,0.39933302311152485,3.417568397114036,0.03580939850820698,0.048859934853420196,0.9047619047619048,0.9047619047619048,0.9136904761904762,0.7898683381517763,0.7611541450487143,none,0,0,
31876,homogeneous,0.5,42,5,0.4,14,0,0.680952380952381,True,0.44373582766439923,3.3660391693999454,0.03821215986394558,0.05952380952380952,0.41454224787558136,3.397735028517028,0.036402181183325964,0.050505050505050504,0.8571428571428571,0.8571428571428571,0.8839285714285714,0.8119673606152166,0.749583151689019,none,0,0,
31877,homogeneous,0.5,42,5,0.4,14,0,0.7047619047619048,True,0.41184807256235834,3.4051153630711317,0.036476048752834465,0.050595238095238096,0.3843312902718845,3.430227710702859,0.035192628173708454,0.0462046204620462,0.9047619047619048,0.9047619047619048,0.9017857142857143,0.8247347703011773,0.775696179007622,none,0,0,
31878,homogeneous,0.5,42,5,0.4,14,0,0.6714285714285714,True,0.46513605442176886,3.333051021502427,0.03973568594104308,0.05952380952380952,0.4344236010902678,3.367474179143325,0.037694566314094936,0.050505050505050504,0.8571428571428571,0.8571428571428571,0.8839285714285714,0.8090725485169797,0.7469459105910543,none,0,0,
31879,homogeneous,0.5,42,5,0.4,14,1,0.6619047619047619,True,0.4360827664399094,3.3497312012804525,0.038212159863945584,0.05952380952380952,0.4180764411027569,3.3694467144282707,0.03709314404432133,0.049342105263157895,0.8571428571428571,0.8571428571428571,0.9047619047619048,0.8082016860596096,0.7408020290326287,none,0,0,
31880,homogeneous,0.5,42,5,0.4,14,0,0.6571428571428571,True,0.4306972789115646,3.3392650148238427,0.03803500566893423,0.050595238095238096,0.4136904761904763,3.355041600282001,0.03724463296398891,0.046052631578947366,0.8333333333333334,0.8333333333333334,0.9047619047619048,0.809357226835139,0.7500703175135777,none,0,0,
31881,homogeneous,0.5,42,5,0.4,14,1,0.6476190476190476,True,0.46853741496598644,3.3188696324154328,0.04014314058956916,0.0625,0.43330014932802396,3.358259506203316,0.03786618752200464,0.05226480836236934,0.8333333333333334,0.8333333333333334,0.8541666666666666,0.8425055863502203,0.7755251574836229,none,0,0,
31882,homogeneous,0.5,42,5,0.4,14,0,0.6857142857142857,True,0.4308390022675739,3.384235510365428,0.03760983560090703,0.05357142857142857,0.410140800506249,3.4096848563173197,0.0363682520060485,0.04983388704318937,0.9047619047619048,0.9047619047619048,0.8958333333333334,0.7966911370263715,0.7332162504499095,none,0,0,
31883,homogeneous,0.5,42,5,0.4,14,0,0.6523809523809524,True,0.4693877551020409,3.313614781439795,0.040178571428571425,0.05952380952380952,0.43307593307593306,3.3491816336177975,0.03798392987582177,0.05067567567567568,0.8333333333333334,0.8333333333333334,0.8809523809523809,0.8004072410099944,0.7534923349715267,none,0,0,
31884,homogeneous,0.5,42,5,0.4,14,0,0.6857142857142857,True,0.4172335600907031,3.389627452125975,0.03693664965986395,0.050595238095238096,0.40046185698359626,3.4107325307218916,0.03598393753984855,0.046822742474916385,0.9047619047619048,0.9047619047619048,0.8898809523809523,0.8366276450428584,0.7827448624805754,none,0,0,
31885,homogeneous,0.5,42,5,0.4,14,0,0.6714285714285714,True,0.47165532879818595,3.337835684557931,0.04079861111111112,0.0744047619047619,0.4196428571428572,3.396420088961484,0.03689236111111112,0.052083333333333336,0.9047619047619048,0.9047619047619048,0.8571428571428571,0.8273666192113912,0.7677721703146606,none,0,0,
31886,homogeneous,0.5,42,5,0.4,14,0,0.6523809523809524,True,0.44869614512471667,3.3420998573087037,0.03915107709750566,0.05654761904761905,0.4321309919316565,3.364962779985461,0.03809008730587963,0.04983388704318937,0.9047619047619048,0.9047619047619048,0.8958333333333334,0.7886797592719251,0.7283365951558493,none,0,0,
31887,homogeneous,0.5,42,5,0.4,14,0,0.7238095238095238,True,0.4138321995464853,3.4108376018310387,0.036458333333333336,0.05654761904761905,0.387926887926888,3.4385853110814066,0.034996428935822874,0.050505050505050504,0.8809523809523809,0.8809523809523809,0.8839285714285714,0.8494229077404194,0.7795967964204508,none,0,0,
31888,homogeneous,0.5,42,5,0.4,14,0,0.7,True,0.429280045351474,3.3836838509064644,0.03734410430839002,0.05952380952380952,0.39900404606286966,3.4107848189094554,0.035734119355803326,0.049019607843137254,0.8809523809523809,0.8809523809523809,0.9107142857142857,0.7940903027245061,0.753188809165322,none,0,0,
31889,homogeneous,0.5,42,5,0.4,14,0,0.6619047619047619,True,0.4607426303854876,3.322239563898673,0.03961167800453515,0.0625,0.42937580437580447,3.353829184142094,0.03766435354273192,0.05067567567567568,0.8333333333333334,0.8333333333333334,0.8809523809523809,0.8185837276276442,0.7583830228198618,none,0,0,
31890,homogeneous,0.75,42,5,0.4,14,0,0.7,True,0.39852607709750565,3.4412117407956715,0.035607993197278906,0.047619047619047616,0.37070324818669187,3.4693073986854106,0.03425288364545415,0.046357615894039736,0.9761904761904762,0.9761904761904762,0.8988095238095238,0.8355236008467638,0.7781024025136675,none,0,0,
31891,homogeneous,0.75,42,5,0.4,14,0,0.6904761904761905,True,0.40702947845804993,3.3973757630787125,0.03663548752834466,0.05357142857142857,0.39067524115755625,3.413440108770857,0.035866047704221415,0.04823151125401929,0.9285714285714286,0.9285714285714286,0.9255952380952381,0.8038681421552735,0.7380728849941468,none,0,0,
31892,homogeneous,0.75,42,5,0.4,14,0,0.7,True,0.4037698412698414,3.4106999085080063,0.03606859410430839,0.05952380952380952,0.3786885245901641,3.433613643554138,0.03477559795753829,0.04918032786885246,0.8809523809523809,0.8809523809523809,0.9077380952380952,0.8155434903857718,0.7870865694471436,none,0,0,
31893,homogeneous,0.75,42,5,0.4,14,0,0.6476190476190476,True,0.4742063492063493,3.318571085748354,0.04051516439909297,0.05952380952380952,0.4385192433137639,3.3582730372333076,0.03816382060424094,0.05136986301369863,0.8809523809523809,0.8809523809523809,0.8690476190476191,0.8029536840449519,0.7412883630892275,none,0,0,
31894,homogeneous,0.75,42,5,0.4,14,0,0.6666666666666666,True,0.461592970521542,3.31534935962528,0.03977111678004535,0.0625,0.4230399230399231,3.349058483321336,0.03760387262070764,0.050505050505050504,0.8333333333333334,0.8333333333333334,0.8839285714285714,0.8119706114921729,0.7578012002686952,none,0,0,
31895,homogeneous,0.75,42,5,0.4,14,0,0.6476190476190476,True,0.45719954648526095,3.3202025088955773,0.03964710884353741,0.06547619047619048,0.4289749798224376,3.349246063127356,0.0379316288422867,0.05084745762711865,0.8571428571428571,0.8571428571428571,0.8779761904761905,0.8222955167045153,0.7735194866872663,none,0,0,
31896,homogeneous,0.75,42,5,0.4,14,0,0.6904761904761905,True,0.42049319727891166,3.3878688739057417,0.037131519274376405,0.050595238095238096,0.40148321623731476,3.408247346339021,0.03615157215802204,0.04918032786885246,0.9047619047619048,0.9047619047619048,0.9077380952380952,0.8128387080308275,0.7718236553955343,none,0,0,
31897,homogeneous,0.75,42,5,0.4,14,0,0.719047619047619,True,0.4063208616780045,3.427941182611426,0.03617488662131519,0.05654761904761905,0.3795518207282913,3.4541875863463196,0.03473023196206587,0.049019607843137254,0.9523809523809523,0.9523809523809523,0.9107142857142857,0.8148356170320586,0.7812864450312224,none,0,0,
31898,homogeneous,0.75,42,5,0.4,14,0,0.7095238095238096,True,0.4264455782312926,3.393943962387142,0.037202380952380945,0.0625,0.3982259570494866,3.4224617169380847,0.0354564483745568,0.049019607843137254,0.8809523809523809,0.8809523809523809,0.9107142857142857,0.7665967178606555,0.7386079400938166,none,0,0,
31899,homogeneous,0.75,42,5,0.4,14,0,0.6428571428571429,True,0.4515306122448981,3.3196091864311636,0.039399092970521535,0.0625,0.4281705948372616,3.3439695394309656,0.03801199424095047,0.050505050505050504,0.8571428571428571,0.8571428571428571,0.8839285714285714,0.8106093641724286,0.7570065549569786,none,0,0,
31900,homogeneous,0.75,42,5,0.4,14,0,0.6904761904761905,True,0.4063208616780045,3.4038390408086303,0.03668863378684807,0.05654761904761905,0.3897002890613115,3.421113151435674,0.03575620859659688,0.04792332268370607,0.9523809523809523,0.9523809523809523,0.9315476190476191,0.7721283320033926,0.7215283445397666,none,0,0,
31901,homogeneous,0.75,42,5,0.4,14,0,0.6857142857142857,True,0.44416099773242634,3.3762008164537956,0.03846017573696144,0.05654761904761905,0.4115873015873017,3.41106944827592,0.03653333333333334,0.05,0.9285714285714286,0.9285714285714286,0.8928571428571429,0.7914506154923164,0.722697084542217,none,0,0,
31902,homogeneous,0.75,42,5,0.4,14,0,0.6476190476190476,True,0.4365079365079365,3.3173014251450734,0.03872590702947846,0.05952380952380952,0.41106906338694427,3.33583040808093,0.03765185737467655,0.04966887417218543,0.8095238095238095,0.8095238095238095,0.8988095238095238,0.8052737869712562,0.7478091264038603,none,0,0,
31903,homogeneous,0.75,42,5,0.4,14,0,0.7047619047619048,True,0.42417800453514753,3.3957632786437957,0.03722009637188208,0.05654761904761905,0.4033749422098938,3.4179328433125593,0.03601763701678868,0.04854368932038835,0.9285714285714286,0.9285714285714286,0.9196428571428571,0.7747612951986316,0.7227885907528478,none,0,0,
31904,homogeneous,0.75,42,5,0.4,14,0,0.6476190476190476,True,0.4583333333333335,3.3163921510981607,0.03968253968253968,0.05654761904761905,0.4320896743577156,3.3443820477794794,0.03822581216565699,0.05154639175257732,0.8571428571428571,0.8571428571428571,0.8660714285714286,0.8272758522436404,0.7619567213749706,none,0,0,
31905,homogeneous,0.75,42,5,0.4,14,0,0.6904761904761905,True,0.43211451247165544,3.370486270314905,0.037609835600907034,0.05654761904761905,0.4024276377217555,3.396159917930904,0.036075868255799046,0.0457516339869281,0.8571428571428571,0.8571428571428571,0.9107142857142857,0.7736735892067128,0.7409043689385285,none,0,0,
31906,homogeneous,0.75,42,5,0.4,14,0,0.6952380952380952,True,0.39810090702947853,3.417676939405867,0.035891439909297045,0.047619047619047616,0.38274785323965665,3.434718398324478,0.03516259070142434,0.04918032786885246,0.9285714285714286,0.9285714285714286,0.9077380952380952,0.838039896926915,0.7803850538147253,none,0,0,
31907,homogeneous,0.75,42,5,0.4,14,0,0.6571428571428571,True,0.4535147392290251,3.334853492674877,0.039328231292517,0.06845238095238096,0.4250559284116331,3.3645984416652848,0.03749831088689698,0.050335570469798654,0.8571428571428571,0.8571428571428571,0.8869047619047619,0.7954047749984396,0.7608258512447842,none,0,0,
31908,homogeneous,0.75,42,5,0.4,14,0,0.6571428571428571,True,0.4550736961451247,3.3173838589268487,0.039523100907029464,0.05952380952380952,0.4284912618245953,3.3440939235482476,0.03789862712421635,0.050505050505050504,0.8333333333333334,0.8333333333333334,0.8839285714285714,0.8202054381650848,0.7621397295028925,none,0,0,
31909,homogeneous,0.75,42,5,0.4,14,0,0.6714285714285714,True,0.4505385487528346,3.3309319634952717,0.039381377551020405,0.06845238095238096,0.40763822307446484,3.3686462717734127,0.036755101121571106,0.04697986577181208,0.8333333333333334,0.8333333333333334,0.8869047619047619,0.8087122936252463,0.7531796938749798,none,0,0,
31910,homogeneous,0.75,42,5,0.4,14,0,0.7142857142857143,True,0.4155328798185942,3.417193048226154,0.03686578798185941,0.06547619047619048,0.38032581453634084,3.4515475119508827,0.03473424515235456,0.049342105263157895,0.9285714285714286,0.9285714285714286,0.9047619047619048,0.8178004289549978,0.7828289572868217,none,0,0,
31911,homogeneous,0.75,42,5,0.4,14,0,0.6952380952380952,True,0.4418934240362813,3.370597250555829,0.03897392290249433,0.0744047619047619,0.40668590668590676,3.4119991721301117,0.03622079379655138,0.050505050505050504,0.9285714285714286,0.9285714285714286,0.8839285714285714,0.8142875366086587,0.777468605905035,none,0,0,
31912,homogeneous,0.75,42,5,0.4,14,0,0.7,True,0.41524943310657614,3.4151240687369895,0.03679492630385488,0.05654761904761905,0.3994881340158214,3.436990211820525,0.0357457373553035,0.048859934853420196,0.9761904761904762,0.9761904761904762,0.9136904761904762,0.7984445998830242,0.7580134520754777,none,0,0,
31913,homogeneous,0.75,42,5,0.4,14,0,0.6523809523809524,True,0.44756235827664415,3.3129494161010897,0.03897392290249432,0.05654761904761905,0.42084726867335576,3.334736425200365,0.03768414223554547,0.05016722408026756,0.7857142857142857,0.7857142857142857,0.8898809523809523,0.819066999576837,0.7680151592009032,none,0,0,
31914,homogeneous,0.75,42,5,0.4,14,0,0.6666666666666666,True,0.44798752834467126,3.3507017849278258,0.03897392290249434,0.05654761904761905,0.42122083732822,3.3798015727469104,0.03740822485473628,0.050335570469798654,0.9285714285714286,0.9285714285714286,0.8869047619047619,0.813086860036483,0.7582302789891355,none,0,0,
31915,homogeneous,0.75,42,5,0.4,14,0,0.680952380952381,True,0.43622448979591844,3.3660147318296896,0.03822987528344671,0.05654761904761905,0.4148533585619678,3.390057390556296,0.03699399149160126,0.04966887417218543,0.9285714285714286,0.9285714285714286,0.8988095238095238,0.8065194902921117,0.7294924308183002,none,0,0,
31916,homogeneous,0.75,42,5,0.4,14,0,0.6904761904761905,True,0.42559523809523814,3.3885860064021487,0.037485827664399084,0.0625,0.4047619047619049,3.4108091379363703,0.03622710277437396,0.04854368932038835,0.9285714285714286,0.9285714285714286,0.9196428571428571,0.788068636923336,0.7307967634152713,none,0,0,
31917,homogeneous,0.75,42,5,0.4,14,0,0.6761904761904762,True,0.4445861678004537,3.3520751974084555,0.03904478458049886,0.07142857142857142,0.4068185413700365,3.3888848065598953,0.03654485049833887,0.04983388704318937,0.8809523809523809,0.8809523809523809,0.8958333333333334,0.8159934914779017,0.7671340262747207,none,0,0,
31918,homogeneous,0.75,42,5,0.4,14,0,0.7095238095238096,True,0.3993764172335601,3.428308103719714,0.035873724489795915,0.05357142857142857,0.380030721966206,3.4480290337363413,0.03490114464099896,0.04516129032258064,0.9523809523809523,0.9523809523809523,0.9226190476190477,0.8221904426737594,0.7768004246421,none,0,0,
31919,homogeneous,0.75,42,5,0.4,14,0,0.7142857142857143,True,0.39498299319727903,3.435789895238129,0.03550170068027211,0.05654761904761905,0.36993373401140395,3.4583609742571704,0.03425812465307233,0.04854368932038835,0.9285714285714286,0.9285714285714286,0.9196428571428571,0.8112219644806292,0.765939542800646,none,0,0,
31920,homogeneous,0.9,42,5,0.4,14,0,0.7,True,0.42091836734693877,3.3844477547914473,0.03697208049886622,0.05357142857142857,0.39674681753889685,3.4072027535452616,0.035737237090045636,0.0462046204620462,0.8809523809523809,0.8809523809523809,0.9017857142857143,0.824076406816966,0.754481261975685,none,0,0,
31921,homogeneous,0.9,42,5,0.4,14,0,0.6714285714285714,True,0.4495464852607711,3.3489914142841055,0.03886763038548753,0.0625,0.414189837008629,3.3824563276471866,0.03684518715373182,0.04697986577181208,0.8809523809523809,0.8809523809523809,0.8869047619047619,0.7835302880013111,0.7178554192802653,none,0,0,
31922,homogeneous,0.9,42,5,0.4,14,0,0.6476190476190476,True,0.4363662131519275,3.333550494952234,0.03861961451247165,0.06845238095238096,0.40821939336790836,3.35751905605268,0.03708786720256184,0.04950495049504951,0.8333333333333334,0.8333333333333334,0.9017857142857143,0.8255947156680788,0.7578726076538982,none,0,0,
31923,homogeneous,0.9,42,5,0.4,14,0,0.6571428571428571,True,0.4811507936507937,3.2986854637368905,0.04111748866213152,0.0625,0.4443099273607749,3.337141651785169,0.038735995403619654,0.05084745762711865,0.8571428571428571,0.8571428571428571,0.8779761904761905,0.788570113260089,0.7458983125471673,none,0,0,
31924,homogeneous,0.9,42,5,0.4,14,0,0.6857142857142857,True,0.43863378684807275,3.377242441180546,0.03815901360544217,0.0625,0.40873015873015883,3.407688605841155,0.03644444444444445,0.04666666666666667,0.9047619047619048,0.9047619047619048,0.8928571428571429,0.802476598432235,0.733613938988284,none,0,0,
31925,homogeneous,0.9,42,5,0.4,14,1,0.6666666666666666,True,0.45549886621315205,3.3308467156722585,0.03925736961451246,0.05952380952380952,0.41978267817194004,3.363237779428845,0.037250574298455026,0.050335570469798654,0.8333333333333334,0.8333333333333334,0.8869047619047619,0.7955088025588264,0.7338503871442733,none,0,0,
31926,homogeneous,0.9,42,5,0.4,14,0,0.6571428571428571,True,0.4563492063492065,3.333717116091087,0.039275085034013606,0.05654761904761905,0.42920634920634937,3.3616035428052173,0.03771111111111112,0.05,0.8571428571428571,0.8571428571428571,0.8928571428571429,0.7843692889336863,0.7003760670449215,none,0,0,
31927,homogeneous,0.9,42,5,0.4,14,0,0.6761904761904762,True,0.46400226757369634,3.3500157953292096,0.03993055555555555,0.0625,0.42627257799671603,3.3946157013113307,0.0373602853745541,0.05172413793103448,0.9285714285714286,0.9285714285714286,0.8630952380952381,0.8143483412973654,0.7351266755897276,none,0,0,
31928,homogeneous,0.9,42,5,0.4,14,0,0.6904761904761905,True,0.4172335600907031,3.3945833617838646,0.03674178004535146,0.05952380952380952,0.395669594698721,3.4151566108838916,0.0355777589258596,0.04854368932038835,0.9047619047619048,0.9047619047619048,0.9196428571428571,0.7884753034169973,0.7356333969996393,none,0,0,
31929,homogeneous,0.9,42,5,0.4,14,0,0.680952380952381,True,0.4416099773242632,3.3732496468095357,0.038336167800453506,0.0625,0.40760012614317254,3.407208185534194,0.03624841015744923,0.04966887417218543,0.9047619047619048,0.9047619047619048,0.8988095238095238,0.760537870662902,0.7114350252935733,none,0,0,
31930,homogeneous,0.9,42,5,0.4,14,0,0.6904761904761905,True,0.43154761904761907,3.4020606886857383,0.03771612811791383,0.06845238095238096,0.3965625985493535,3.43945341686723,0.035415113372220516,0.04966887417218543,0.9523809523809523,0.9523809523809523,0.8988095238095238,0.7854923919550111,0.7333748948609813,none,0,0,
31931,homogeneous,0.9,42,5,0.4,14,0,0.6904761904761905,True,0.4282879818594105,3.4026893535220557,0.03725552721088435,0.05357142857142857,0.40429042904290435,3.4298544300436156,0.03582437451665959,0.04950495049504951,0.9285714285714286,0.9285714285714286,0.9017857142857143,0.8031587083739947,0.7271784036085295,none,0,0,
31932,homogeneous,0.9,42,5,0.4,14,0,0.6857142857142857,True,0.4288548752834469,3.3751711165102596,0.03760983560090703,0.05952380952380952,0.4057206775327582,3.4006446387835814,0.036192063420566654,0.050335570469798654,0.8809523809523809,0.8809523809523809,0.8869047619047619,0.8353967232626532,0.7676579457559725,none,0,0,
31933,homogeneous,0.9,42,5,0.4,14,0,0.6904761904761905,True,0.4323979591836735,3.3710337504273684,0.03769841269841269,0.05654761904761905,0.4118885649497894,3.396408863645835,0.03644314868804665,0.05102040816326531,0.8571428571428571,0.8571428571428571,0.875,0.8484226587630118,0.7792772235663649,none,0,0,
31934,homogeneous,0.9,42,5,0.4,14,0,0.6952380952380952,True,0.4340986394557824,3.390818037271376,0.03799957482993198,0.07142857142857142,0.3974603174603175,3.4288665919121852,0.03560000000000001,0.05,0.9285714285714286,0.9285714285714286,0.8928571428571429,0.8012607511148705,0.7554757190098931,none,0,0,
31935,homogeneous,0.9,42,5,0.4,14,0,0.7,True,0.42191043083900226,3.4076520096224256,0.037007511337868476,0.05952380952380952,0.39335799044536923,3.4353443145982068,0.03534734659251578,0.04854368932038835,0.9285714285714286,0.9285714285714286,0.9196428571428571,0.7797529841492398,0.7303762687558195,none,0,0,
31936,homogeneous,0.9,42,5,0.4,14,0,0.6714285714285714,True,0.4570578231292517,3.348648219934865,0.03936366213151927,0.06547619047619048,0.4221674876847292,3.3884399117700448,0.03707491082045185,0.05172413793103448,0.8809523809523809,0.8809523809523809,0.8630952380952381,0.8502686529369163,0.7831235002507021,none,0,0,
31937,homogeneous,0.9,42,5,0.4,14,0,0.6476190476190476,True,0.4509637188208617,3.3130007233308327,0.039097930839002266,0.05357142857142857,0.42203389830508486,3.337504211667202,0.037701809824763004,0.05084745762711865,0.7857142857142857,0.7857142857142857,0.8779761904761905,0.8302595372939355,0.7469857652957695,none,0,0,
31938,homogeneous,0.9,42,5,0.4,14,0,0.6714285714285714,True,0.4471371882086168,3.362112684551021,0.03877905328798186,0.06845238095238096,0.40830115830115843,3.401150763389194,0.03636322132943755,0.05067567567567568,0.8809523809523809,0.8809523809523809,0.8809523809523809,0.823446143390736,0.7469068033955159,none,0,0,
31939,homogeneous,0.9,42,5,0.4,14,0,0.6666666666666666,True,0.4608843537414966,3.313073932729217,0.03984197845804988,0.0625,0.42767755566390386,3.3450306904092644,0.03777562930261274,0.051194539249146756,0.8095238095238095,0.8095238095238095,0.8720238095238095,0.8357637614203673,0.7868701431225288,none,0,0,
31940,homogeneous,0.9,42,5,0.4,14,0,0.6952380952380952,True,0.4281462585034015,3.4030679581808334,0.037556689342403624,0.07142857142857142,0.3955749502373298,3.434779082993057,0.03545248705038203,0.04823151125401929,0.9285714285714286,0.9285714285714286,0.9255952380952381,0.7438212668658305,0.725886559533286,none,0,0,
31941,homogeneous,0.9,42,5,0.4,14,0,0.6619047619047619,True,0.4389172335600908,3.364450750624558,0.038407029478458046,0.05952380952380952,0.40881114350502124,3.3962553889647005,0.03669767226618537,0.05102040816326531,0.9285714285714286,0.9285714285714286,0.875,0.8257608362166132,0.7600486187340186,none,0,0,
31942,homogeneous,0.9,42,5,0.4,14,0,0.7142857142857143,True,0.3925736961451247,3.447144256158844,0.0353422619047619,0.050595238095238096,0.38245931283905965,3.459916738136595,0.034770068899214863,0.04746835443037975,0.9761904761904762,0.9761904761904762,0.9404761904761905,0.7803594020275231,0.7342107409989543,none,0,0,
31943,homogeneous,0.9,42,5,0.4,14,0,0.6952380952380952,True,0.4392006802721089,3.3854699437649223,0.03819444444444444,0.0625,0.39722623055956396,3.428230061575257,0.035540591096146656,0.050505050505050504,0.9285714285714286,0.9285714285714286,0.8839285714285714,0.815918946139031,0.7670778557921252,none,0,0,
31944,homogeneous,0.9,42,5,0.4,14,0,0.6523809523809524,True,0.4519557823129252,3.3337883851897887,0.039328231292517,0.06845238095238096,0.42400521852576656,3.3659730403497954,0.03746012385062862,0.05136986301369863,0.8571428571428571,0.8571428571428571,0.8690476190476191,0.826378923536534,0.7554764834398804,none,0,0,
31945,homogeneous,0.9,42,5,0.4,14,0,0.6476190476190476,True,0.45719954648526095,3.3122460218730656,0.03961167800453515,0.05654761904761905,0.43072089947089953,3.340572813439041,0.038097993827160496,0.052083333333333336,0.8333333333333334,0.8333333333333334,0.8571428571428571,0.8318490321939228,0.7432384070324679,none,0,0,
31946,homogeneous,0.9,42,5,0.4,14,1,0.6857142857142857,True,0.435515873015873,3.387143737998817,0.037804705215419496,0.05654761904761905,0.40317987660180354,3.419576503607958,0.036015055021467755,0.04983388704318937,0.9285714285714286,0.9285714285714286,0.8958333333333334,0.7978723778720561,0.7362394954888402,none,0,0,
31947,homogeneous,0.9,42,5,0.4,14,0,0.680952380952381,True,0.42998866213151943,3.3757437577716845,0.03768069727891156,0.05952380952380952,0.41055764411027584,3.3983596868672303,0.03650882963988919,0.049342105263157895,0.8809523809523809,0.8809523809523809,0.9047619047619048,0.7991627792051839,0.7294790982145328,none,0,0,
31948,homogeneous,0.9,42,5,0.4,14,0,0.680952380952381,True,0.42729591836734704,3.388107289972173,0.03745039682539682,0.05357142857142857,0.39181847235538525,3.4207551179510194,0.035696590243682706,0.04697986577181208,0.9285714285714286,0.9285714285714286,0.8869047619047619,0.8295898519368682,0.7821532999412669,none,0,0,
31949,homogeneous,0.9,42,5,0.4,14,0,0.6619047619047619,True,0.4542233560090705,3.3280764619047756,0.03904478458049886,0.05952380952380952,0.4241917502787069,3.3562681837005592,0.03732620440487242,0.05016722408026756,0.8095238095238095,0.8095238095238095,0.8898809523809523,0.808997672628679,0.7768735410201827,none,0,0,
31950,homogeneous,0.98,42,5,0.4,14,0,0.6857142857142857,True,0.4203514739229026,3.385322787582071,0.03713151927437642,0.05654761904761905,0.40521114106019773,3.39911672401407,0.03635141014991495,0.04716981132075472,0.9047619047619048,0.9047619047619048,0.9464285714285714,0.7729773127828152,0.7388355469388742,none,0,0,
31951,homogeneous,0.98,42,5,0.4,14,0,0.6714285714285714,True,0.435374149659864,3.3641118159172367,0.0382298752834467,0.05952380952380952,0.4100877192982457,3.3889764899773667,0.036876731301939046,0.046052631578947366,0.9047619047619048,0.9047619047619048,0.9047619047619048,0.79770734823808,0.7478577946133441,none,0,0,
31952,homogeneous,0.98,42,5,0.4,14,0,0.6857142857142857,True,0.4316893424036281,3.3866010494735024,0.03778698979591837,0.06845238095238096,0.3946608946608947,3.423298847894756,0.03556326451949347,0.04713804713804714,0.9047619047619048,0.9047619047619048,0.8839285714285714,0.8380548413193525,0.756661941381652,none,0,0,
31953,homogeneous,0.98,42,5,0.4,14,0,0.6761904761904762,True,0.43480725623582783,3.370787750210642,0.03792871315192744,0.05357142857142857,0.4093959731543626,3.399039618151285,0.036484843025088955,0.04697986577181208,0.9047619047619048,0.9047619047619048,0.8869047619047619,0.8181990512731846,0.7636499443524701,none,0,0,
31954,homogeneous,0.98,42,5,0.4,14,0,0.7142857142857143,True,0.40150226757369634,3.4242621238518414,0.035838293650793655,0.050595238095238096,0.37806401249024213,3.446865180782633,0.034711099166890635,0.04590163934426229,0.9285714285714286,0.9285714285714286,0.9077380952380952,0.8124606797579027,0.7473628387272743,none,0,0,
31955,homogeneous,0.98,42,5,0.4,14,0,0.6714285714285714,True,0.44727891156462585,3.3685536248421326,0.03884991496598639,0.06547619047619048,0.4147619047619049,3.4036794754399495,0.03671111111111111,0.05,0.9285714285714286,0.9285714285714286,0.8928571428571429,0.8064067752961378,0.7612341910396486,none,0,0,
31956,homogeneous,0.98,42,5,0.4,14,0,0.6857142857142857,True,0.42970521541950113,3.370657025891276,0.0375921201814059,0.05654761904761905,0.41136256482791134,3.3917458966565173,0.03645612085961071,0.04950495049504951,0.8571428571428571,0.8571428571428571,0.9017857142857143,0.8053935965454242,0.7509283101957115,none,0,0,
31957,homogeneous,0.98,42,5,0.4,14,0,0.680952380952381,True,0.435374149659864,3.3579399105838084,0.03784013605442176,0.05654761904761905,0.41316526610644266,3.3790495588963867,0.03660985091204238,0.049019607843137254,0.8333333333333334,0.8333333333333334,0.9107142857142857,0.7716895034223997,0.7170245343388721,none,0,0,
31958,homogeneous,0.98,42,5,0.4,14,0,0.6857142857142857,True,0.43905895691609986,3.367945080323197,0.03835388321995464,0.06547619047619048,0.41491022638563635,3.3937356245823205,0.036839559258263904,0.04918032786885246,0.9047619047619048,0.9047619047619048,0.9077380952380952,0.7959100464580718,0.7594808244855681,none,0,0,
31959,homogeneous,0.98,42,5,0.4,14,0,0.6857142857142857,True,0.4243197278911566,3.3699688347249164,0.03734410430839002,0.05357142857142857,0.39910419613389925,3.391983579906665,0.036151139866461894,0.04950495049504951,0.8571428571428571,0.8571428571428571,0.9017857142857143,0.8099452915958715,0.7413255624828309,none,0,0,
31960,homogeneous,0.98,42,5,0.4,14,0,0.6476190476190476,True,0.44798752834467126,3.33396595536086,0.0390093537414966,0.05654761904761905,0.42423498609065624,3.360506627865399,0.03765897899174548,0.05154639175257732,0.8809523809523809,0.8809523809523809,0.8660714285714286,0.8430548299797526,0.7675553691729956,none,0,0,
31961,homogeneous,0.98,42,5,0.4,14,0,0.719047619047619,True,0.41397392290249435,3.4422663315055666,0.03652919501133787,0.05654761904761905,0.38617511520737335,3.471672913761281,0.03485952133194589,0.04838709677419355,0.9761904761904762,0.9761904761904762,0.9226190476190477,0.7817012149387451,0.74224012041648,none,0,0,
31962,homogeneous,0.98,42,5,0.4,14,0,0.6571428571428571,True,0.4611678004535149,3.3148028679380523,0.039576247165532874,0.05357142857142857,0.432915057915058,3.343716428284218,0.0379154492330168,0.05067567567567568,0.8095238095238095,0.8095238095238095,0.8809523809523809,0.8060794266963861,0.7726050483421233,none,0,0,
31963,homogeneous,0.98,42,5,0.4,14,1,0.7047619047619048,True,0.4124149659863947,3.3997430226809433,0.036546910430839,0.05654761904761905,0.3974123411422448,3.415121007209581,0.03576265754076157,0.04823151125401929,0.9047619047619048,0.9047619047619048,0.9255952380952381,0.7927793075045962,0.7487030828106512,none,0,0,
31964,homogeneous,0.98,42,5,0.4,14,0,0.6619047619047619,True,0.46201814058956914,3.3455053463853925,0.039647108843537414,0.05654761904761905,0.4319727891156464,3.3836503954564288,0.03755053478857338,0.05226480836236934,0.9047619047619048,0.9047619047619048,0.8541666666666666,0.8385554613635092,0.7759091183784079,none,0,0,
31965,homogeneous,0.98,42,5,0.4,14,0,0.6666666666666666,True,0.4461451247165533,3.3467652152926464,0.038601899092970515,0.05654761904761905,0.41739867468022807,3.370648581912853,0.037148752107749185,0.04854368932038835,0.8571428571428571,0.8571428571428571,0.9196428571428571,0.7595119784921444,0.7239960935605326,none,0,0,
31966,homogeneous,0.98,42,5,0.4,14,0,0.6857142857142857,True,0.45578231292517013,3.3460757679716733,0.039345946712018146,0.05952380952380952,0.4252819548872182,3.3771672020604617,0.03743940443213297,0.049342105263157895,0.8809523809523809,0.8809523809523809,0.9047619047619048,0.7649825755062917,0.7377784423895486,none,0,0,
31967,homogeneous,0.98,42,5,0.4,14,0,0.6904761904761905,True,0.42970521541950113,3.3860942890291055,0.03750354308390023,0.05952380952380952,0.3983700862895494,3.4171974832074374,0.03574163325976307,0.050335570469798654,0.9047619047619048,0.9047619047619048,0.8869047619047619,0.82363665293167,0.7809232924192807,none,0,0,
31968,homogeneous,0.98,42,5,0.4,14,0,0.6619047619047619,True,0.46130952380952395,3.341104153827641,0.03970025510204082,0.06845238095238096,0.4203042328042328,3.385846484053395,0.036940586419753084,0.052083333333333336,0.8571428571428571,0.8571428571428571,0.8571428571428571,0.8432668509038095,0.7929527071293418,none,0,0,
31969,homogeneous,0.98,42,5,0.4,14,0,0.6619047619047619,True,0.43523242630385495,3.3691373135401186,0.03803500566893423,0.0625,0.40460157126823804,3.3996626581611027,0.0363341609132855,0.050505050505050504,0.9047619047619048,0.9047619047619048,0.8839285714285714,0.8267586554802393,0.7876662713242243,none,0,0,
31970,homogeneous,0.98,42,5,0.4,14,0,0.6857142857142857,True,0.4308390022675739,3.3715387091043834,0.037645266439909286,0.05357142857142857,0.41145347027699986,3.3918706122956253,0.036545772993293174,0.049019607843137254,0.8809523809523809,0.8809523809523809,0.9107142857142857,0.8126379180986526,0.7591156143397257,none,0,0,
31971,homogeneous,0.98,42,5,0.4,14,0,0.7047619047619048,True,0.4243197278911566,3.4088670946933988,0.03723781179138322,0.05654761904761905,0.3973997493734336,3.43868063749556,0.03562153739612189,0.049342105263157895,0.9285714285714286,0.9285714285714286,0.9047619047619048,0.8058810381602576,0.7692357559239471,none,0,0,
31972,homogeneous,0.98,42,5,0.4,14,0,0.6857142857142857,True,0.43310657596371893,3.3733529168759175,0.0377515589569161,0.05952380952380952,0.4036761284318289,3.4000495242470374,0.03610648388842322,0.048859934853420196,0.8809523809523809,0.8809523809523809,0.9136904761904762,0.8026846740106021,0.7462809400485799,none,0,0,
31973,homogeneous,0.98,42,5,0.4,14,0,0.6761904761904762,True,0.4566326530612246,3.345266428447496,0.03945223922902495,0.06845238095238096,0.42457654202620665,3.3799530500857955,0.03729561731453537,0.050335570469798654,0.8809523809523809,0.8809523809523809,0.8869047619047619,0.7786065793994269,0.736791081209204,none,0,0,
31974,homogeneous,0.98,42,5,0.4,14,0,0.6523809523809524,True,0.4641439909297054,3.3141564795125813,0.03982426303854875,0.05654761904761905,0.4305621914317568,3.344570719561738,0.03799733783738437,0.046822742474916385,0.8333333333333334,0.8333333333333334,0.8898809523809523,0.7865982816465554,0.7207610262248952,none,0,0,
31975,homogeneous,0.98,42,5,0.4,14,0,0.680952380952381,True,0.4254535147392291,3.3774096017894375,0.03730867346938774,0.050595238095238096,0.40522875816993476,3.396950711755321,0.03631082062454611,0.0457516339869281,0.8809523809523809,0.8809523809523809,0.9107142857142857,0.8079093733059128,0.7529005874407462,none,0,0,
31976,homogeneous,0.98,42,5,0.4,14,0,0.6666666666666666,True,0.4440192743764173,3.349002782197331,0.03872590702947846,0.05952380952380952,0.42406692406692414,3.372175471459833,0.037527392257122,0.05067567567567568,0.9047619047619048,0.9047619047619048,0.8809523809523809,0.8378921869251753,0.7637702592029408,none,0,0,
31977,homogeneous,0.98,42,5,0.4,14,0,0.6666666666666666,True,0.47406462585034026,3.323025686935533,0.04060374149659864,0.06845238095238096,0.4324995991662659,3.3678077620343925,0.03760387262070765,0.050505050505050504,0.8571428571428571,0.8571428571428571,0.8839285714285714,0.769164592670108,0.7309832528771792,none,0,0,
31978,homogeneous,0.98,42,5,0.4,14,0,0.6476190476190476,True,0.43835034013605445,3.3292209966369537,0.03847789115646258,0.050595238095238096,0.42333333333333334,3.345947611603851,0.0376888888888889,0.05,0.8333333333333334,0.8333333333333334,0.8928571428571429,0.8183504498490032,0.7517801894962507,none,0,0,
31979,homogeneous,0.98,42,5,0.4,14,0,0.6666666666666666,True,0.43424036281179146,3.3361856387332525,0.03824759070294784,0.05357142857142857,0.41772053083528493,3.352168584469944,0.037420048374092976,0.04918032786885246,0.8333333333333334,0.8333333333333334,0.9077380952380952,0.8016342830349167,0.7442654195697923,none,0,0,
31980,prompt_diverse,0.0,42,5,0.4,14,0,0.6761904761904762,True,0.4899376417233561,3.316335976213145,0.043827947845804995,0.08630952380952381,0.4175550817341862,3.416203756476138,0.03645021162842504,0.055970149253731345,0.8809523809523809,0.8809523809523809,0.7976190476190477,0.8744263883749888,0.8324393258863519,none,0,0,
31981,prompt_diverse,0.0,42,5,0.4,14,0,0.6666666666666666,True,0.4873866213151927,3.3180258918797922,0.04221584467120181,0.0744047619047619,0.42045454545454564,3.4018212760337825,0.03687442607897153,0.056818181818181816,0.9047619047619048,0.9047619047619048,0.7857142857142857,0.9026548847788073,0.8112337064867373,none,0,0,
31982,prompt_diverse,0.0,42,5,0.4,14,0,0.6476190476190476,True,0.4827097505668936,3.2983621365886435,0.041135204081632654,0.06845238095238096,0.4339239571797713,3.357193223664895,0.037738116699717564,0.05813953488372093,0.8095238095238095,0.8095238095238095,0.7678571428571429,0.9219820842179786,0.840611303803905,none,0,0,
31983,prompt_diverse,0.0,42,5,0.4,14,0,0.680952380952381,True,0.4824263038548753,3.334606032391739,0.04166666666666667,0.06845238095238096,0.4129967776584318,3.4200922883023446,0.03646333879812312,0.05639097744360902,0.9047619047619048,0.9047619047619048,0.7916666666666666,0.9149247731039093,0.8300802051573983,none,0,0,
31984,prompt_diverse,0.0,42,5,0.4,14,0,0.6619047619047619,True,0.5031179138321997,3.2873851022114504,0.043827947845804995,0.08928571428571429,0.4390048154093098,3.3728782642400574,0.037944142855138946,0.056179775280898875,0.8571428571428571,0.8571428571428571,0.7946428571428571,0.8804988434953511,0.8079159521656462,none,0,0,
31985,prompt_diverse,0.0,42,5,0.4,14,0,0.6428571428571429,True,0.5021258503401362,3.289666783171808,0.04334963151927437,0.07738095238095238,0.45377128953771306,3.356513108135762,0.03916031754488786,0.05474452554744526,0.9047619047619048,0.9047619047619048,0.8154761904761905,0.8470683876700523,0.7732786305634135,none,0,0,
31986,prompt_diverse,0.0,42,5,0.4,14,0,0.6761904761904762,True,0.45734126984127,3.344824654862755,0.039735685941043083,0.07142857142857142,0.41058941058941056,3.3949906513526447,0.03648100151596655,0.04895104895104895,0.8809523809523809,0.8809523809523809,0.8511904761904762,0.8577426053530935,0.8053713067810425,none,0,0,
31987,prompt_diverse,0.0,42,5,0.4,14,0,0.6571428571428571,True,0.491638321995465,3.2960339457422436,0.04304846938775509,0.08928571428571429,0.4239189928845102,3.380372184331518,0.037271913213252884,0.04980842911877394,0.8809523809523809,0.8809523809523809,0.7767857142857143,0.9030065946483404,0.8332874272429809,none,0,0,
31988,prompt_diverse,0.0,42,5,0.4,14,0,0.6619047619047619,True,0.47123015873015883,3.337781809087726,0.04055059523809525,0.06845238095238096,0.41855120426549,3.404048477946319,0.036746619758202766,0.05791505791505792,0.8809523809523809,0.8809523809523809,0.7708333333333334,0.9225875421971432,0.8621299019472634,none,0,0,
31989,prompt_diverse,0.0,42,5,0.4,14,0,0.6666666666666666,True,0.4944727891156464,3.2972793389013666,0.04327876984126984,0.08630952380952381,0.41392632524707995,3.3905781880384316,0.03649697401210395,0.04905660377358491,0.8571428571428571,0.8571428571428571,0.7886904761904762,0.9023338881521541,0.859182514382059,none,0,0,
31990,prompt_diverse,0.0,42,5,0.4,14,0,0.6666666666666666,True,0.47335600907029485,3.3203450711004563,0.041206065759637193,0.08035714285714286,0.4163216011042099,3.3828351338281464,0.03712455366519639,0.05434782608695652,0.8809523809523809,0.8809523809523809,0.8214285714285714,0.8908257894108766,0.8302222972645827,none,0,0,
31991,prompt_diverse,0.0,42,5,0.4,14,0,0.6857142857142857,True,0.47137188208616787,3.323425281919732,0.04421768707482993,0.11607142857142858,0.39952904238618525,3.4250800982180003,0.03546270579237613,0.054945054945054944,0.8571428571428571,0.8571428571428571,0.8125,0.8915133352431024,0.8261751517433646,none,0,0,
31992,prompt_diverse,0.0,42,5,0.4,14,0,0.6428571428571429,True,0.5768140589569162,3.1435456125050005,0.055537840136054416,0.10714285714285714,0.4742941424357354,3.3233598342883015,0.04084109953794346,0.06637168141592921,0.8333333333333334,0.8333333333333334,0.6726190476190477,0.9294170281003197,0.8658281663895574,none,0,0,
31993,prompt_diverse,0.0,42,5,0.4,14,0,0.7238095238095238,True,0.4199263038548753,3.4257869359961015,0.03681264172335601,0.0625,0.38781275221953204,3.464062832423119,0.03478310830221201,0.05084745762711865,0.9523809523809523,0.9523809523809523,0.8779761904761905,0.8570620376173289,0.8117236524191217,none,0,0,
31994,prompt_diverse,0.0,42,5,0.4,14,0,0.6142857142857143,True,0.5338718820861679,3.2030786160964473,0.04584750566893423,0.0744047619047619,0.47234432234432244,3.2769791645695006,0.040502958579881655,0.057692307692307696,0.7380952380952381,0.7380952380952381,0.7738095238095238,0.9081749106458705,0.7988028269458153,none,0,0,
31995,prompt_diverse,0.0,42,5,0.4,14,0,0.680952380952381,True,0.4944727891156464,3.2992942180542335,0.04271187641723355,0.08333333333333333,0.42975734355044715,3.3807920549099477,0.03724255369122591,0.05747126436781609,0.8333333333333334,0.8333333333333334,0.7767857142857143,0.8975420940481761,0.8531292123310187,none,0,0,
31996,prompt_diverse,0.0,42,5,0.4,14,0,0.638095238095238,True,0.5168650793650795,3.2371436869497043,0.04492630385487528,0.08630952380952381,0.44859307359307365,3.3182000777845557,0.038682277318640955,0.056818181818181816,0.7380952380952381,0.7380952380952381,0.7857142857142857,0.9053185429620242,0.827454028304877,none,0,0,
31997,prompt_diverse,0.0,42,5,0.4,14,0,0.6619047619047619,True,0.48979591836734704,3.3082764014150863,0.04214498299319727,0.07142857142857142,0.430952380952381,3.3850476269702656,0.037633136094674564,0.05384615384615385,0.9047619047619048,0.9047619047619048,0.7738095238095238,0.9040221911315895,0.8163400923833511,none,0,0,
31998,prompt_diverse,0.0,42,5,0.4,14,0,0.6571428571428571,True,0.5148809523809526,3.266808291009589,0.045209750566893435,0.08630952380952381,0.4431115957833516,3.36354253412527,0.03819707476254297,0.05725190839694656,0.8333333333333334,0.8333333333333334,0.7797619047619048,0.8808807013792809,0.8299974702482557,none,0,0,
31999,prompt_diverse,0.0,42,5,0.4,14,0,0.638095238095238,True,0.5128968253968256,3.242919867282577,0.04432397959183673,0.08035714285714286,0.4485786710121311,3.317907355943409,0.03881796758663563,0.057034220532319393,0.7619047619047619,0.7619047619047619,0.7827380952380952,0.9088347405247119,0.8366178976309264,none,0,0,
32000,prompt_diverse,0.0,42,5,0.4,14,0,0.6238095238095238,True,0.523809523809524,3.2549079715253235,0.04574121315192744,0.08928571428571429,0.4588991490132175,3.3457501606541906,0.03956974945423527,0.057034220532319393,0.8809523809523809,0.8809523809523809,0.7827380952380952,0.8588457538274672,0.8083600937586072,none,0,0,
32001,prompt_diverse,0.0,42,5,0.4,14,0,0.6285714285714286,True,0.5484693877551021,3.2105003607657605,0.04905399659863945,0.08928571428571429,0.46270797475616754,3.3378069605212586,0.03953162045773455,0.05622489959839357,0.8333333333333334,0.8333333333333334,0.7410714285714286,0.8985126593084569,0.8214555190994033,none,0,0,
32002,prompt_diverse,0.0,42,5,0.4,14,0,0.6333333333333333,True,0.5117630385487528,3.261574327111092,0.044589710884353734,0.08333333333333333,0.44456845238095255,3.3500237662433183,0.038604736328125,0.05859375,0.8571428571428571,0.8571428571428571,0.7619047619047619,0.9098296976627154,0.8084453275667487,none,0,0,
32003,prompt_diverse,0.0,42,5,0.4,14,0,0.6428571428571429,True,0.522108843537415,3.2604533651833796,0.04528061224489796,0.07738095238095238,0.4520202020202022,3.355132114271116,0.038997933884297516,0.05303030303030303,0.8571428571428571,0.8571428571428571,0.7857142857142857,0.8781870561657829,0.799968436031148,none,0,0,
32004,prompt_diverse,0.0,42,5,0.4,14,0,0.6761904761904762,True,0.4717970521541952,3.3325230513650186,0.040444302721088426,0.06547619047619048,0.4051120448179273,3.4029893218032585,0.0359537197231834,0.05514705882352941,0.8571428571428571,0.8571428571428571,0.8095238095238095,0.9093904972221701,0.8201376220504747,none,0,0,
32005,prompt_diverse,0.0,42,5,0.4,14,2,0.638095238095238,True,0.5055272108843538,3.2641787091370205,0.04338506235827664,0.07738095238095238,0.44622487778381315,3.334517293705222,0.038760138212204885,0.057034220532319393,0.8333333333333334,0.8333333333333334,0.7827380952380952,0.9002317349425107,0.8376673333082044,none,0,0,
32006,prompt_diverse,0.0,42,5,0.4,14,0,0.6714285714285714,True,0.4710884353741498,3.3343927550305583,0.040373441043083894,0.06845238095238096,0.42307692307692313,3.393310643053994,0.03688497095090502,0.054945054945054944,0.8571428571428571,0.8571428571428571,0.8125,0.8880340958010643,0.8352568414465451,none,0,0,
32007,prompt_diverse,0.0,42,5,0.4,14,0,0.6476190476190476,True,0.5059523809523809,3.2767369572652756,0.044146825396825386,0.08630952380952381,0.4364454443194601,3.3693422183474024,0.03791307582615165,0.05511811023622047,0.8571428571428571,0.8571428571428571,0.7559523809523809,0.9223909409247099,0.8173112187986343,none,0,0,
32008,prompt_diverse,0.0,42,5,0.4,14,0,0.6428571428571429,True,0.5073696145124718,3.286029291173969,0.04402281746031746,0.07738095238095238,0.429904761904762,3.3881532444998532,0.037568000000000004,0.056,0.9047619047619048,0.9047619047619048,0.7440476190476191,0.9186877498823846,0.8523685539516282,none,0,0,
32009,prompt_diverse,0.0,42,5,0.4,14,0,0.6571428571428571,True,0.4988662131519275,3.297926505942623,0.043668509070294785,0.08630952380952381,0.42875318066157764,3.3910021678566813,0.03743954315016607,0.05725190839694656,0.9047619047619048,0.9047619047619048,0.7797619047619048,0.9055825394360745,0.8534812996747595,none,0,0,
32010,prompt_diverse,0.25,42,5,0.4,14,0,0.6761904761904762,True,0.47066326530612246,3.3408207002396066,0.04136550453514738,0.08928571428571429,0.41472475515028706,3.4095298320982654,0.0365675770836477,0.05319148936170213,0.9047619047619048,0.9047619047619048,0.8392857142857143,0.8472420097631551,0.7871147390904246,none,0,0,
32011,prompt_diverse,0.25,42,5,0.4,14,0,0.7047619047619048,True,0.43594104308390036,3.402689780309598,0.03821215986394558,0.06547619047619048,0.39366786140979704,3.454993944918472,0.03531557919348415,0.05017921146953405,0.9761904761904762,0.9761904761904762,0.8303571428571429,0.9010055673070124,0.8308686077270521,none,0,0,
32012,prompt_diverse,0.25,42,5,0.4,14,0,0.6619047619047619,True,0.48398526077097515,3.3266006956953524,0.0419501133786848,0.07142857142857142,0.42771497088043864,3.3967218748032595,0.0375756948398116,0.0539568345323741,0.9285714285714286,0.9285714285714286,0.8273809523809523,0.8473478506307145,0.7883585523656108,none,0,0,
32013,prompt_diverse,0.25,42,5,0.4,14,0,0.6428571428571429,True,0.5011337868480727,3.2690383711082496,0.04370393990929705,0.08333333333333333,0.444973544973545,3.3382763633051318,0.0386556927297668,0.05555555555555555,0.8333333333333334,0.8333333333333334,0.8035714285714286,0.8559967074490618,0.8083680014740285,none,0,0,
32014,prompt_diverse,0.25,42,5,0.4,14,0,0.6714285714285714,True,0.4794501133786848,3.3355036229468467,0.04140093537414965,0.0744047619047619,0.4164420485175202,3.415360254774675,0.0364684941260235,0.05660377358490566,0.9047619047619048,0.9047619047619048,0.7886904761904762,0.8907965274576171,0.7995834479160675,none,0,0,
32015,prompt_diverse,0.25,42,5,0.4,14,0,0.6619047619047619,True,0.4732142857142858,3.331074985082785,0.040532879818594096,0.06547619047619048,0.42823370482944956,3.383765047914459,0.0374478144962527,0.05319148936170213,0.9047619047619048,0.9047619047619048,0.8392857142857143,0.8624111342171804,0.8008522282219754,none,0,0,
32016,prompt_diverse,0.25,42,5,0.4,14,0,0.6857142857142857,True,0.4961734693877551,3.308507499079129,0.04301303854875284,0.0744047619047619,0.42900432900432905,3.392932821801821,0.03738181818181818,0.05454545454545454,0.9047619047619048,0.9047619047619048,0.8184523809523809,0.844411037253161,0.8090138083875642,none,0,0,
32017,prompt_diverse,0.25,42,5,0.4,14,0,0.680952380952381,True,0.48327664399092973,3.298589302471428,0.04372165532879818,0.09821428571428571,0.41299019607843146,3.387447286533274,0.03649437716262976,0.05514705882352941,0.8333333333333334,0.8333333333333334,0.8095238095238095,0.8964418722590882,0.8186723808912594,none,0,0,
32018,prompt_diverse,0.25,42,5,0.4,14,0,0.6619047619047619,True,0.4872448979591837,3.3161946866593084,0.04198554421768707,0.07142857142857142,0.4403508771929825,3.3756775805977166,0.03817790089258233,0.05263157894736842,0.9047619047619048,0.9047619047619048,0.8482142857142857,0.817156160050109,0.748422103824926,none,0,0,
32019,prompt_diverse,0.25,42,5,0.4,14,0,0.6428571428571429,True,0.48341836734693877,3.3048114004796427,0.04156037414965986,0.0744047619047619,0.43760862009037194,3.3617528958333542,0.03801481165752038,0.05474452554744526,0.8571428571428571,0.8571428571428571,0.8154761904761905,0.8806887255631307,0.7836209243155396,none,0,0,
32020,prompt_diverse,0.25,42,5,0.4,14,0,0.6714285714285714,True,0.4734977324263039,3.318620170798894,0.04196782879818595,0.09523809523809523,0.4162907268170426,3.3865486763938124,0.036700523237919364,0.05263157894736842,0.8333333333333334,0.8333333333333334,0.8482142857142857,0.8251602007493061,0.7703259945240081,none,0,0,
32021,prompt_diverse,0.25,42,5,0.4,14,0,0.7047619047619048,True,0.44897959183673475,3.3842276210733133,0.038867630385487524,0.0625,0.4055829228243022,3.4342993942607842,0.035909631391200944,0.05172413793103448,0.9523809523809523,0.9523809523809523,0.8630952380952381,0.8396603652020608,0.7846894712608425,none,0,0,
32022,prompt_diverse,0.25,42,5,0.4,14,0,0.6619047619047619,True,0.4899376417233561,3.292799955334475,0.04200325963718821,0.0744047619047619,0.43471861471861484,3.355447767379936,0.03783140495867768,0.05454545454545454,0.8333333333333334,0.8333333333333334,0.8184523809523809,0.855356220855211,0.7947054486086681,none,0,0,
32023,prompt_diverse,0.25,42,5,0.4,14,1,0.6428571428571429,True,0.5031179138321997,3.2629517221489266,0.042782738095238096,0.06845238095238096,0.4501380262249828,3.3221555602383575,0.03885738290275152,0.05434782608695652,0.7619047619047619,0.7619047619047619,0.8214285714285714,0.8468103341667353,0.7817639989867072,none,0,0,
32024,prompt_diverse,0.25,42,5,0.4,14,0,0.638095238095238,True,0.48356009070294803,3.2882001137149026,0.04145408163265306,0.06547619047619048,0.446236559139785,3.3318991227725245,0.03878418828123996,0.053763440860215055,0.8333333333333334,0.8333333333333334,0.8303571428571429,0.8630520528461797,0.8080578764033297,none,0,0,
32025,prompt_diverse,0.25,42,5,0.4,14,1,0.6857142857142857,True,0.44827097505668934,3.368007292189992,0.038655045351473925,0.05952380952380952,0.4090136054421769,3.4126033166601855,0.036173469387755106,0.05,0.9047619047619048,0.9047619047619048,0.8333333333333334,0.8843156053420187,0.802719195174456,none,0,0,
32026,prompt_diverse,0.25,42,5,0.4,14,0,0.680952380952381,True,0.4631519274376419,3.3632337049617558,0.04010770975056689,0.06845238095238096,0.40286404416839217,3.4333965239076183,0.035864314219701744,0.05434782608695652,0.9523809523809523,0.9523809523809523,0.8214285714285714,0.8999102302282463,0.8058321550624643,none,0,0,
32027,prompt_diverse,0.25,42,5,0.4,14,0,0.6857142857142857,True,0.4753401360544218,3.3462150327840137,0.040922619047619034,0.0625,0.41212938005390853,3.4275220625267124,0.03624065503737985,0.05660377358490566,0.9285714285714286,0.9285714285714286,0.7886904761904762,0.9114650971180317,0.8248374856764622,none,0,0,
32028,prompt_diverse,0.25,42,5,0.4,14,0,0.638095238095238,True,0.5045351473922903,3.2697869987712362,0.0433673469387755,0.07738095238095238,0.4479433350401094,3.336519283799996,0.038578641076039616,0.053763440860215055,0.8095238095238095,0.8095238095238095,0.8303571428571429,0.8165214885602787,0.7622328788132199,none,0,0,
32029,prompt_diverse,0.25,42,5,0.4,14,0,0.6476190476190476,True,0.4859693877551021,3.301621632228267,0.041950113378684796,0.07142857142857142,0.4305114638447973,3.366185249031338,0.03794238683127572,0.05185185185185185,0.9047619047619048,0.9047619047619048,0.8035714285714286,0.8574632039208966,0.8084124588972906,none,0,0,
32030,prompt_diverse,0.25,42,5,0.4,14,0,0.6666666666666666,True,0.46130952380952395,3.3386714152702575,0.04005456349206348,0.07142857142857142,0.42029356545485586,3.388197618460533,0.037011343636387,0.053763440860215055,0.8809523809523809,0.8809523809523809,0.8303571428571429,0.8885946136246092,0.8219589341439973,none,0,0,
32031,prompt_diverse,0.25,42,5,0.4,14,0,0.680952380952381,True,0.4759070294784582,3.33061609956241,0.04074546485260771,0.06845238095238096,0.4302721088435375,3.3861558002439462,0.03729591836734694,0.05357142857142857,0.8571428571428571,0.8571428571428571,0.8333333333333334,0.8455227578709376,0.8026541957141659,none,0,0,
32032,prompt_diverse,0.25,42,5,0.4,14,0,0.6904761904761905,True,0.4474206349206351,3.3657245567870016,0.038619614512471645,0.0625,0.39922077922077936,3.4177790819225367,0.03558347107438016,0.05090909090909091,0.8571428571428571,0.8571428571428571,0.8184523809523809,0.9088845879300819,0.8354968936293338,none,0,0,
32033,prompt_diverse,0.25,42,5,0.4,14,0,0.6666666666666666,True,0.45691609977324266,3.3302877823927153,0.039452239229024945,0.0625,0.4372987629215388,3.3595758514073077,0.0379807753194615,0.0498220640569395,0.8571428571428571,0.8571428571428571,0.8363095238095238,0.8795270807796013,0.8106427738555548,none,0,0,
32034,prompt_diverse,0.25,42,5,0.4,14,0,0.6904761904761905,True,0.44486961451247176,3.380424638439723,0.038796768707482984,0.06845238095238096,0.392857142857143,3.440309223033589,0.035440095155709346,0.051470588235294115,0.9523809523809523,0.9523809523809523,0.8095238095238095,0.9249204311780223,0.8348479202997298,none,0,0,
32035,prompt_diverse,0.25,42,5,0.4,14,0,0.6714285714285714,True,0.47406462585034026,3.3279750672428996,0.040780895691609975,0.06547619047619048,0.42207792207792205,3.387668226028817,0.037170247933884286,0.05454545454545454,0.9047619047619048,0.9047619047619048,0.8184523809523809,0.8863315028689516,0.8040413492202512,none,0,0,
32036,prompt_diverse,0.25,42,5,0.4,14,0,0.7047619047619048,True,0.431264172335601,3.3974122370990134,0.037698412698412696,0.05952380952380952,0.39009721535673103,3.4409356094646366,0.035380323511452205,0.04844290657439446,0.9523809523809523,0.9523809523809523,0.8601190476190477,0.8678250141844773,0.7864360356470378,none,0,0,
32037,prompt_diverse,0.25,42,5,0.4,14,0,0.680952380952381,True,0.4842687074829932,3.320626510973535,0.0420032596371882,0.06845238095238096,0.4236394557823131,3.393542055629151,0.03706632653061225,0.05357142857142857,0.8809523809523809,0.8809523809523809,0.8333333333333334,0.8350175518390511,0.7821968381671707,none,0,0,
32038,prompt_diverse,0.25,42,5,0.4,14,0,0.6952380952380952,True,0.4281462585034015,3.3867608912940237,0.03743268140589569,0.050595238095238096,0.40409356725146206,3.420595058431283,0.03588796552785471,0.04912280701754386,0.9047619047619048,0.9047619047619048,0.8482142857142857,0.8955104166273175,0.8044952645298286,none,0,0,
32039,prompt_diverse,0.25,42,5,0.4,14,0,0.6857142857142857,True,0.4477040816326532,3.3753679897949516,0.038779053287981854,0.06845238095238096,0.40393518518518534,3.4231066527844622,0.0359519675925926,0.04861111111111111,0.9285714285714286,0.9285714285714286,0.8571428571428571,0.8616957272231115,0.7894804236292333,none,0,0,
32040,prompt_diverse,0.5,42,5,0.4,14,0,0.6857142857142857,True,0.44557823129251717,3.3755884324969645,0.038779053287981854,0.0744047619047619,0.40623973727422014,3.4212156819686523,0.03598097502972652,0.05172413793103448,0.9047619047619048,0.9047619047619048,0.8630952380952381,0.8497051688791636,0.7963535203661539,none,0,0,
32041,prompt_diverse,0.5,42,5,0.4,14,0,0.6761904761904762,True,0.4688208616780045,3.3521485601183314,0.04040887188208616,0.0625,0.41079812206572774,3.4176376139549265,0.036277524300733985,0.04929577464788732,0.9285714285714286,0.9285714285714286,0.8452380952380952,0.8422127836316952,0.7695110874082327,none,0,0,
32042,prompt_diverse,0.5,42,5,0.4,14,0,0.7,True,0.4216269841269842,3.4103866316403204,0.03704294217687074,0.06845238095238096,0.38888888888888906,3.4461954438171056,0.034951082089129226,0.050505050505050504,0.9285714285714286,0.9285714285714286,0.8839285714285714,0.8367220197568969,0.7660745173451465,none,0,0,
32043,prompt_diverse,0.5,42,5,0.4,14,0,0.6761904761904762,True,0.45308956916099774,3.342081350713387,0.03906249999999999,0.05952380952380952,0.424156417533901,3.3709960827266943,0.03734485329590807,0.04966887417218543,0.8571428571428571,0.8571428571428571,0.8988095238095238,0.8016079947674326,0.7329014885053442,none,0,0,
32044,prompt_diverse,0.5,42,5,0.4,14,0,0.7047619047619048,True,0.4302721088435375,3.39334776923056,0.03762755102040816,0.06845238095238096,0.39562289562289576,3.4302360916600474,0.03535920370937205,0.050505050505050504,0.9047619047619048,0.9047619047619048,0.8839285714285714,0.8454714615189679,0.7946588778166075,none,0,0,
32045,prompt_diverse,0.5,42,5,0.4,14,0,0.6904761904761905,True,0.44373582766439923,3.377815503780254,0.03865504535147392,0.06547619047619048,0.40970505849398586,3.4184142700215814,0.03645789681636953,0.05190311418685121,0.9523809523809523,0.9523809523809523,0.8601190476190477,0.8603031073775639,0.8025038859952325,none,0,0,
32046,prompt_diverse,0.5,42,5,0.4,14,0,0.7,True,0.4134070294784582,3.418878207075675,0.03652919501133787,0.05654761904761905,0.3891041162227604,3.448110723574519,0.035104854926745185,0.05084745762711865,0.9523809523809523,0.9523809523809523,0.8779761904761905,0.8579010808305968,0.7962066771884193,none,0,0,
32047,prompt_diverse,0.5,42,5,0.4,14,0,0.6761904761904762,True,0.43792517006802734,3.3689361015882504,0.03807043650793651,0.06547619047619048,0.403027436140019,3.40168718911382,0.036007192666988284,0.046357615894039736,0.8571428571428571,0.8571428571428571,0.8988095238095238,0.8028901858159574,0.731290211474552,none,0,0,
32048,prompt_diverse,0.5,42,5,0.4,14,0,0.6761904761904762,True,0.44997165532879824,3.354082295616943,0.038956207482993194,0.05952380952380952,0.4123414071510958,3.3932639561762956,0.03676919577112343,0.04844290657439446,0.9047619047619048,0.9047619047619048,0.8601190476190477,0.8613824672992548,0.8073790830735198,none,0,0,
32049,prompt_diverse,0.5,42,5,0.4,14,0,0.680952380952381,True,0.4770408163265307,3.3207940445428665,0.041117488662131524,0.07142857142857142,0.42438982761563415,3.381888295617986,0.037037037037037035,0.053763440860215055,0.8571428571428571,0.8571428571428571,0.8303571428571429,0.8675672411380148,0.8132834533456467,none,0,0,
32050,prompt_diverse,0.5,42,5,0.4,14,0,0.7142857142857143,True,0.4097222222222223,3.430688762234521,0.03629889455782313,0.05952380952380952,0.3819945486612155,3.4623178212308536,0.03467900100896734,0.050505050505050504,0.9523809523809523,0.9523809523809523,0.8839285714285714,0.8289943675295421,0.7911053005033679,none,0,0,
32051,prompt_diverse,0.5,42,5,0.4,14,0,0.6428571428571429,True,0.47165532879818595,3.3268455565821826,0.04040887188208616,0.0625,0.4259834368530022,3.38100433236908,0.03733459357277883,0.050724637681159424,0.8809523809523809,0.8809523809523809,0.8214285714285714,0.8668080880844214,0.8016241220876146,none,0,0,
32052,prompt_diverse,0.5,42,5,0.4,14,0,0.680952380952381,True,0.44529478458049887,3.3619536919033868,0.03844246031746031,0.05952380952380952,0.40577149587750294,3.4037596893955415,0.036172258362571645,0.04946996466431095,0.8809523809523809,0.8809523809523809,0.8422619047619048,0.8731644121480233,0.8067838153844163,none,0,0,
32053,prompt_diverse,0.5,42,5,0.4,14,0,0.6714285714285714,True,0.4481292517006803,3.3363127780439874,0.039328231292517,0.07142857142857142,0.4205816554809845,3.366728264551085,0.03720553128237466,0.050335570469798654,0.8333333333333334,0.8333333333333334,0.8869047619047619,0.8248352774047948,0.7545569524404813,none,0,0,
32054,prompt_diverse,0.5,42,5,0.4,14,0,0.6952380952380952,True,0.43664965986394577,3.3917682999234913,0.03803500566893424,0.0625,0.3919540229885059,3.4379086832013206,0.03536266349583829,0.04827586206896552,0.9285714285714286,0.9285714285714286,0.8630952380952381,0.8532627625639027,0.8087844730262753,none,0,0,
32055,prompt_diverse,0.5,42,5,0.4,14,0,0.680952380952381,True,0.4392006802721089,3.365764420524706,0.038318452380952384,0.0625,0.40871642774756967,3.3996787527996797,0.03648184288981215,0.05190311418685121,0.9047619047619048,0.9047619047619048,0.8601190476190477,0.8544139173290078,0.7951823777107955,none,0,0,
32056,prompt_diverse,0.5,42,5,0.4,14,0,0.6571428571428571,True,0.46485260770975056,3.323472918104844,0.039877409297052156,0.06845238095238096,0.42630385487528355,3.3612301555814303,0.03748438150770511,0.05102040816326531,0.8333333333333334,0.8333333333333334,0.875,0.8274206894245074,0.7617129115166402,none,0,0,
32057,prompt_diverse,0.5,42,5,0.4,14,0,0.680952380952381,True,0.4532312925170068,3.364888299679111,0.039469954648526075,0.06547619047619048,0.4089984748347739,3.4173484618427254,0.03656235356695077,0.05338078291814947,0.9761904761904762,0.9761904761904762,0.8363095238095238,0.8846888669307219,0.8195610253010915,none,0,0,
32058,prompt_diverse,0.5,42,5,0.4,14,0,0.6666666666666666,True,0.4308390022675739,3.376123368638732,0.03771612811791383,0.05357142857142857,0.4098972922502335,3.3973473157722376,0.036631210218292104,0.0457516339869281,0.9047619047619048,0.9047619047619048,0.9107142857142857,0.7984740448092423,0.7374985214770349,none,0,0,
32059,prompt_diverse,0.5,42,5,0.4,14,0,0.6857142857142857,True,0.4501133786848073,3.3625645675627807,0.03874362244897958,0.05654761904761905,0.41625615763546797,3.4010631532819557,0.03664684898929845,0.05172413793103448,0.9047619047619048,0.9047619047619048,0.8630952380952381,0.8521853017361916,0.7650424862690649,none,0,0,
32060,prompt_diverse,0.5,42,5,0.4,14,0,0.6714285714285714,True,0.459467120181406,3.3306097591254313,0.039487670068027204,0.05952380952380952,0.4313962873284909,3.3616252492886014,0.037770755530020114,0.05084745762711865,0.8571428571428571,0.8571428571428571,0.8779761904761905,0.8120764654734071,0.7457336793507457,none,0,0,
32061,prompt_diverse,0.5,42,5,0.4,14,0,0.6714285714285714,True,0.46230158730158744,3.3287239101488373,0.039629393424036284,0.05952380952380952,0.4203554661301141,3.371221423461386,0.03712061098988296,0.0528169014084507,0.8571428571428571,0.8571428571428571,0.8452380952380952,0.8644830571883202,0.8041186483138344,none,0,0,
32062,prompt_diverse,0.5,42,5,0.4,14,0,0.6952380952380952,True,0.4457199546485262,3.368470843028101,0.039292800453514735,0.08035714285714286,0.40849991873882674,3.414980611637885,0.03621474915258187,0.051194539249146756,0.9047619047619048,0.9047619047619048,0.8720238095238095,0.8175678833828609,0.7845283413232967,none,0,0,
32063,prompt_diverse,0.5,42,5,0.4,14,0,0.6761904761904762,True,0.4372165532879819,3.366624055790395,0.03814129818594103,0.05952380952380952,0.4145466405740379,3.3949022808891636,0.03673297053856258,0.05136986301369863,0.9047619047619048,0.9047619047619048,0.8690476190476191,0.8554503904864624,0.7964182375020966,none,0,0,
32064,prompt_diverse,0.5,42,5,0.4,14,0,0.6714285714285714,True,0.455215419501134,3.366040102087471,0.039292800453514735,0.0625,0.4037523136463066,3.42176617779853,0.03599745283372248,0.053003533568904596,0.9285714285714286,0.9285714285714286,0.8422619047619048,0.8716914887803481,0.7900431621137939,none,0,0,
32065,prompt_diverse,0.5,42,5,0.4,14,0,0.6523809523809524,True,0.4756235827664399,3.323841345016781,0.040727749433106565,0.06547619047619048,0.43087557603686655,3.3771976391290206,0.03752521164938785,0.053763440860215055,0.8809523809523809,0.8809523809523809,0.8303571428571429,0.862340669252842,0.7986092667067547,none,0,0,
32066,prompt_diverse,0.5,42,5,0.4,14,0,0.6857142857142857,True,0.46272675736961455,3.3474319700272974,0.04017857142857143,0.08035714285714286,0.4220926465824426,3.395321266122423,0.03690591883011709,0.05102040816326531,0.8809523809523809,0.8809523809523809,0.875,0.8039438081553835,0.7529866721510787,none,0,0,
32067,prompt_diverse,0.5,42,5,0.4,14,0,0.6952380952380952,True,0.4121315192743764,3.3948233559099132,0.0367063492063492,0.05357142857142857,0.40038872691933935,3.4159024018232547,0.03584154750335509,0.05102040816326531,0.9047619047619048,0.9047619047619048,0.875,0.8685092768336388,0.7763823467021204,none,0,0,
32068,prompt_diverse,0.5,42,5,0.4,14,0,0.6714285714285714,True,0.46060090702947853,3.3466282693767035,0.03961167800453514,0.05952380952380952,0.41498993963782715,3.395755032472309,0.03679825431462012,0.0528169014084507,0.8809523809523809,0.8809523809523809,0.8452380952380952,0.8518149167051767,0.7684319389426143,none,0,0,
32069,prompt_diverse,0.5,42,5,0.4,14,0,0.6904761904761905,True,0.4326814058956916,3.3797057672640487,0.03759212018140589,0.0625,0.40776775826609724,3.406535430171858,0.03608127945607664,0.04983388704318937,0.8809523809523809,0.8809523809523809,0.8958333333333334,0.8108437614664831,0.7536219043209438,none,0,0,
32070,prompt_diverse,0.75,42,5,0.4,14,0,0.6952380952380952,True,0.40873015873015883,3.412054739944395,0.03617488662131519,0.050595238095238096,0.39836065573770507,3.4279002446501563,0.03552808384842784,0.04918032786885246,0.9285714285714286,0.9285714285714286,0.9077380952380952,0.8277567042775846,0.7735356371480088,none,0,0,
32071,prompt_diverse,0.75,42,5,0.4,14,0,0.7,True,0.4265873015873016,3.409891591017927,0.03741496598639456,0.06547619047619048,0.3837772397094432,3.453049736241406,0.03489801781097386,0.05084745762711865,0.9523809523809523,0.9523809523809523,0.8779761904761905,0.84835356480633,0.8074391572167744,none,0,0,
32072,prompt_diverse,0.75,42,5,0.4,14,0,0.6571428571428571,True,0.45308956916099774,3.352268259919716,0.039487670068027204,0.0744047619047619,0.40935960591133,3.3989239416065167,0.03648038049940546,0.05172413793103448,0.9047619047619048,0.9047619047619048,0.8630952380952381,0.83473001639628,0.7889250106512252,none,0,0,
32073,prompt_diverse,0.75,42,5,0.4,14,0,0.6761904761904762,True,0.4536564625850341,3.3613841930231887,0.03900935374149659,0.05357142857142857,0.41666666666666674,3.404688227485389,0.03656877462938637,0.05136986301369863,0.9047619047619048,0.9047619047619048,0.8690476190476191,0.8202423173796168,0.7530977562849904,none,0,0,
32074,prompt_diverse,0.75,42,5,0.4,14,0,0.6619047619047619,True,0.45918367346938793,3.335355953528598,0.03952310090702948,0.07142857142857142,0.4143835616438356,3.378878591289151,0.03666260086320135,0.05136986301369863,0.8333333333333334,0.8333333333333334,0.8690476190476191,0.8101416207100764,0.7697907546354531,none,0,0,
32075,prompt_diverse,0.75,42,5,0.4,14,0,0.6714285714285714,True,0.4457199546485262,3.3459191986984083,0.03874362244897958,0.05357142857142857,0.41952380952380963,3.3731023970973872,0.03731111111111113,0.05,0.8809523809523809,0.8809523809523809,0.8928571428571429,0.8096303240955794,0.7478037199931141,none,0,0,
32076,prompt_diverse,0.75,42,5,0.4,14,0,0.6571428571428571,True,0.4464285714285716,3.3232091827859818,0.03892077664399092,0.05952380952380952,0.42183908045977025,3.3482857591604014,0.03747919143876338,0.04827586206896552,0.8095238095238095,0.8095238095238095,0.8630952380952381,0.8640264201301907,0.7873326110360209,none,0,0,
32077,prompt_diverse,0.75,42,5,0.4,14,0,0.6523809523809524,True,0.46201814058956914,3.3106173591380204,0.039647108843537414,0.05952380952380952,0.43107344632768374,3.339443200789895,0.03786268313702959,0.05084745762711865,0.7857142857142857,0.7857142857142857,0.8779761904761905,0.8029926596817142,0.7517803152461209,none,0,0,
32078,prompt_diverse,0.75,42,5,0.4,14,0,0.6904761904761905,True,0.4237528344671202,3.4000509084304955,0.037166950113378686,0.05654761904761905,0.38894269572235673,3.4346195453112065,0.035357655846021255,0.04745762711864407,0.9523809523809523,0.9523809523809523,0.8779761904761905,0.8405598645654712,0.795001782973847,none,0,0,
32079,prompt_diverse,0.75,42,5,0.4,14,0,0.680952380952381,True,0.43041383219954654,3.3846284442025385,0.03768069727891157,0.05952380952380952,0.3970658970658971,3.4176791754353912,0.035858019023002195,0.050505050505050504,0.9285714285714286,0.9285714285714286,0.8839285714285714,0.8256514609351545,0.7501269144166148,none,0,0,
32080,prompt_diverse,0.75,42,5,0.4,14,0,0.7142857142857143,True,0.4298469387755104,3.405816471826394,0.03757440476190476,0.0625,0.3922558922558923,3.44556199089299,0.03524583659263794,0.050505050505050504,0.9523809523809523,0.9523809523809523,0.8839285714285714,0.8387892243997466,0.7863667981688848,none,0,0,
32081,prompt_diverse,0.75,42,5,0.4,14,0,0.680952380952381,True,0.4336734693877551,3.367436098598248,0.03835388321995465,0.06845238095238096,0.4071192833569073,3.395381048122361,0.0366521800694921,0.04950495049504951,0.9285714285714286,0.9285714285714286,0.9017857142857143,0.7941077279647953,0.7556039220874734,none,0,0,
32082,prompt_diverse,0.75,42,5,0.4,14,0,0.6714285714285714,True,0.45649092970521554,3.341471437820217,0.03915107709750567,0.0625,0.4136288998357964,3.383539871953438,0.036575505350772884,0.04827586206896552,0.8333333333333334,0.8333333333333334,0.8630952380952381,0.8495276406341189,0.8024516377833465,none,0,0,
32083,prompt_diverse,0.75,42,5,0.4,14,1,0.6476190476190476,True,0.469812925170068,3.310966801925378,0.040338010204081634,0.0625,0.43842364532019706,3.3451791026949556,0.038382877526753865,0.05172413793103448,0.8571428571428571,0.8571428571428571,0.8630952380952381,0.8208722265452074,0.7680000644728211,none,0,0,
32084,prompt_diverse,0.75,42,5,0.4,14,0,0.6761904761904762,True,0.427154195011338,3.3578852937176045,0.03782242063492063,0.05654761904761905,0.3990476190476191,3.3815959063936476,0.03653333333333334,0.04666666666666667,0.8809523809523809,0.8809523809523809,0.8928571428571429,0.8313758922771547,0.7840343908458802,none,0,0,
32085,prompt_diverse,0.75,42,5,0.4,14,0,0.7238095238095238,True,0.37967687074829937,3.4373355559935037,0.03475765306122449,0.047619047619047616,0.3623824934504547,3.453213465213292,0.03402771231972853,0.045307443365695796,0.9047619047619048,0.9047619047619048,0.9196428571428571,0.8254211220953919,0.7711058855962588,none,0,0,
32086,prompt_diverse,0.75,42,5,0.4,14,0,0.6571428571428571,True,0.4583333333333335,3.338199340128203,0.03931051587301587,0.0625,0.4254864736592312,3.3707502010088817,0.03729539409057295,0.04983388704318937,0.8571428571428571,0.8571428571428571,0.8958333333333334,0.7776012131139654,0.7228917921205991,none,0,0,
32087,prompt_diverse,0.75,42,5,0.4,14,0,0.6714285714285714,True,0.4464285714285716,3.3524650174513573,0.03872590702947846,0.05654761904761905,0.4251936068545066,3.3803908211713978,0.037391793680631225,0.05190311418685121,0.9047619047619048,0.9047619047619048,0.8601190476190477,0.8631313571723765,0.7965415237271541,none,0,0,
32088,prompt_diverse,0.75,42,5,0.4,14,0,0.6952380952380952,True,0.4309807256235829,3.379012022755791,0.0377515589569161,0.0625,0.4065255731922399,3.407041378109333,0.03626614064324503,0.050505050505050504,0.9047619047619048,0.9047619047619048,0.8839285714285714,0.8356090850646601,0.7762476001790467,none,0,0,
32089,prompt_diverse,0.75,42,5,0.4,14,0,0.680952380952381,True,0.4298469387755104,3.3672781309092747,0.0379109977324263,0.06547619047619048,0.39476190476190487,3.3984221763865836,0.03595555555555557,0.05,0.8809523809523809,0.8809523809523809,0.8928571428571429,0.8166351315763368,0.749972689412623,none,0,0,
32090,prompt_diverse,0.75,42,5,0.4,14,0,0.6904761904761905,True,0.44075963718820876,3.390216832697808,0.03844246031746031,0.06547619047619048,0.3905740378343119,3.439824149291782,0.03541940326515293,0.05136986301369863,0.9523809523809523,0.9523809523809523,0.8690476190476191,0.8336862497223,0.7793009846935351,none,0,0,
32091,prompt_diverse,0.75,42,5,0.4,14,0,0.6761904761904762,True,0.4047619047619049,3.3743629857353774,0.03660005668934241,0.050595238095238096,0.406057661159702,3.3840948887875837,0.0363968716738396,0.05102040816326531,0.8333333333333334,0.8333333333333334,0.875,0.8788126013846588,0.8090277896488075,none,0,0,
32092,prompt_diverse,0.75,42,5,0.4,14,0,0.680952380952381,True,0.42970521541950113,3.382000155594234,0.03746811224489796,0.05654761904761905,0.40272556390977443,3.407539723557911,0.03601108033240997,0.049342105263157895,0.8809523809523809,0.8809523809523809,0.9047619047619048,0.8230119669383958,0.7723049549269457,none,0,0,
32093,prompt_diverse,0.75,42,5,0.4,14,1,0.680952380952381,True,0.4370748299319729,3.3609149562879006,0.03810586734693877,0.05952380952380952,0.4026563006154844,3.392983037163855,0.036234902124114954,0.05102040816326531,0.8571428571428571,0.8571428571428571,0.875,0.8532887164341206,0.8034119374431983,none,0,0,
32094,prompt_diverse,0.75,42,5,0.4,14,0,0.680952380952381,True,0.45068027210884365,3.3690374954192235,0.039097930839002266,0.0625,0.41118800461361027,3.4137358373848126,0.036505788963254744,0.05190311418685121,0.9285714285714286,0.9285714285714286,0.8601190476190477,0.8271614499669737,0.7727803955921319,none,0,0,
32095,prompt_diverse,0.75,42,5,0.4,14,1,0.6952380952380952,True,0.4172335600907031,3.394480961613765,0.036918934240362807,0.050595238095238096,0.3926632542267723,3.416441677653856,0.03576695773960467,0.04560260586319218,0.9285714285714286,0.9285714285714286,0.9136904761904762,0.798668093486083,0.7526435838386045,none,0,0,
32096,prompt_diverse,0.75,42,5,0.4,14,0,0.6761904761904762,True,0.4322562358276645,3.354692291922879,0.037893282312925165,0.05952380952380952,0.406984126984127,3.3767955270315957,0.036644444444444445,0.05,0.8571428571428571,0.8571428571428571,0.8928571428571429,0.8383071203948637,0.7791567373156397,none,0,0,
32097,prompt_diverse,0.75,42,5,0.4,14,0,0.6761904761904762,True,0.4632936507936509,3.350018379800181,0.039735685941043083,0.0625,0.425170068027211,3.393846074542483,0.03702161136563468,0.05102040816326531,0.8809523809523809,0.8809523809523809,0.875,0.7971710124364685,0.7737870351595193,none,0,0,
32098,prompt_diverse,0.75,42,5,0.4,14,0,0.6666666666666666,True,0.4426020408163267,3.3585914173804348,0.038389314058956917,0.05654761904761905,0.4175455417066156,3.386985792913421,0.036867708661772,0.050335570469798654,0.8809523809523809,0.8809523809523809,0.8869047619047619,0.7963760665608196,0.7235920239902803,none,0,0,
32099,prompt_diverse,0.75,42,5,0.4,14,0,0.6761904761904762,True,0.44005102040816335,3.3513152412330345,0.038442460317460306,0.05952380952380952,0.4086523498288206,3.3782135586948807,0.03671664744329104,0.049019607843137254,0.8571428571428571,0.8571428571428571,0.9107142857142857,0.7612073212009903,0.7017547944160184,none,0,0,
32100,prompt_diverse,0.9,42,5,0.4,14,0,0.6952380952380952,True,0.41468253968253976,3.3998326615380807,0.03688350340136055,0.06547619047619048,0.39258028792912514,3.425458449114717,0.03546318473306034,0.04983388704318937,0.9285714285714286,0.9285714285714286,0.8958333333333334,0.8101393923718846,0.7572492085309078,none,0,0,
32101,prompt_diverse,0.9,42,5,0.4,14,0,0.7047619047619048,True,0.4503968253968256,3.3666849739643308,0.03876133786848072,0.05952380952380952,0.41773453567473506,3.4013564613001623,0.03672144899062925,0.04983388704318937,0.9047619047619048,0.9047619047619048,0.8958333333333334,0.7712788430679995,0.7186279792807636,none,0,0,
32102,prompt_diverse,0.9,42,5,0.4,14,0,0.6904761904761905,True,0.44756235827664415,3.3578000520126614,0.038495606575963716,0.05952380952380952,0.4148200534339148,3.389638498789437,0.03652147392957118,0.04950495049504951,0.8333333333333334,0.8333333333333334,0.9017857142857143,0.7909193489406969,0.7485613786132869,none,0,0,
32103,prompt_diverse,0.9,42,5,0.4,14,0,0.6666666666666666,True,0.4631519274376419,3.341007676067707,0.040001417233560085,0.06547619047619048,0.4239060489060489,3.3826927485504648,0.03734477720964207,0.05067567567567568,0.9047619047619048,0.9047619047619048,0.8809523809523809,0.7704026788850484,0.7419957867375149,none,0,0,
32104,prompt_diverse,0.9,42,5,0.4,14,1,0.6761904761904762,True,0.4518140589569162,3.3661424384957277,0.038920776643990934,0.05952380952380952,0.4144768275203059,3.405506598777588,0.03643135982818984,0.05016722408026756,0.9047619047619048,0.9047619047619048,0.8898809523809523,0.7923638308310897,0.7227502702763565,none,0,0,
32105,prompt_diverse,0.9,42,5,0.4,14,0,0.6285714285714286,True,0.4461451247165533,3.3218358615391614,0.03872590702947845,0.05654761904761905,0.42699463891516887,3.3409504791670304,0.03765185737467655,0.04966887417218543,0.7857142857142857,0.7857142857142857,0.8988095238095238,0.8005698436152392,0.7299592275488561,none,0,0,
32106,prompt_diverse,0.9,42,5,0.4,14,0,0.6666666666666666,True,0.4536564625850341,3.3365769172367292,0.0391156462585034,0.05654761904761905,0.4231746031746033,3.366050067791078,0.03735555555555556,0.05,0.8571428571428571,0.8571428571428571,0.8928571428571429,0.7923965494423366,0.7416306194874743,none,0,0,
32107,prompt_diverse,0.9,42,5,0.4,14,0,0.6857142857142857,True,0.4492630385487528,3.368163882668156,0.03881448412698413,0.06845238095238096,0.41341991341991347,3.4076490810634517,0.036447528030019605,0.050505050505050504,0.9047619047619048,0.9047619047619048,0.8839285714285714,0.813054364064493,0.7414473719936397,none,0,0,
32108,prompt_diverse,0.9,42,5,0.4,14,0,0.6761904761904762,True,0.42970521541950113,3.3697369482544746,0.0375921201814059,0.05952380952380952,0.41081382385730225,3.392406720091726,0.03643135982818984,0.05016722408026756,0.8571428571428571,0.8571428571428571,0.8898809523809523,0.8224362703164186,0.7442518815596447,none,0,0,
32109,prompt_diverse,0.9,42,5,0.4,14,1,0.6857142857142857,True,0.44274376417233574,3.351464927474158,0.03847789115646259,0.06547619047619048,0.4106349206349207,3.382428206189563,0.03655555555555556,0.04666666666666667,0.8571428571428571,0.8571428571428571,0.8928571428571429,0.8128445000021052,0.7626842391479296,none,0,0,
32110,prompt_diverse,0.9,42,5,0.4,14,0,0.6904761904761905,True,0.4143990929705217,3.375832005710124,0.03700751133786847,0.05357142857142857,0.40033577533577547,3.3897366184411846,0.036304240631163706,0.04807692307692308,0.8809523809523809,0.8809523809523809,0.9285714285714286,0.7828076289390496,0.7232729645191213,none,0,0,
32111,prompt_diverse,0.9,42,5,0.4,14,0,0.6857142857142857,True,0.4323979591836735,3.399563374258799,0.037857851473922906,0.06547619047619048,0.3936988936988939,3.4410283675125397,0.03538187713271888,0.050505050505050504,0.9285714285714286,0.9285714285714286,0.8839285714285714,0.8276039679614654,0.7863950282973233,none,0,0,
32112,prompt_diverse,0.9,42,5,0.4,14,0,0.680952380952381,True,0.4340986394557824,3.3825680223173102,0.03799957482993197,0.05952380952380952,0.4017960125226563,3.4191454450241654,0.03617054393505825,0.05190311418685121,0.9523809523809523,0.9523809523809523,0.8601190476190477,0.8495989955996829,0.7775385571941547,none,0,0,
32113,prompt_diverse,0.9,42,5,0.4,14,0,0.7,True,0.4234693877551021,3.4115605797113018,0.037273242630385485,0.05952380952380952,0.38488055154721823,3.4512233640902954,0.034996428935822874,0.050505050505050504,0.9523809523809523,0.9523809523809523,0.8839285714285714,0.8206037122679023,0.7712293269452174,none,0,0,
32114,prompt_diverse,0.9,42,5,0.4,14,0,0.7047619047619048,True,0.40873015873015883,3.4163004556272267,0.036476048752834465,0.05654761904761905,0.39266574797121434,3.434481372230688,0.035576555246533845,0.04823151125401929,0.9523809523809523,0.9523809523809523,0.9255952380952381,0.7653438479933837,0.7304133355352816,none,0,0,
32115,prompt_diverse,0.9,42,5,0.4,14,0,0.6619047619047619,True,0.4491213151927438,3.356561451742051,0.03881448412698413,0.05952380952380952,0.41763191763191765,3.3894502115143017,0.036979547114682244,0.05067567567567568,0.9047619047619048,0.9047619047619048,0.8809523809523809,0.8167146163383053,0.7583668529386115,none,0,0,
32116,prompt_diverse,0.9,42,5,0.4,14,0,0.6857142857142857,True,0.429280045351474,3.3855075648157062,0.03773384353741497,0.0625,0.4023649728347716,3.4155367877707294,0.03610197738840592,0.050335570469798654,0.9285714285714286,0.9285714285714286,0.8869047619047619,0.8361418692705028,0.7825368117211878,none,0,0,
32117,prompt_diverse,0.9,42,5,0.4,14,0,0.680952380952381,True,0.43523242630385495,3.3812791276510237,0.037893282312925165,0.0625,0.4012226512226513,3.416919488563112,0.03590668371073777,0.05067567567567568,0.9047619047619048,0.9047619047619048,0.8809523809523809,0.8151068852578258,0.7578335774923448,none,0,0,
32118,prompt_diverse,0.9,42,5,0.4,14,0,0.6666666666666666,True,0.4471371882086168,3.3425573578095022,0.038849914965986394,0.0625,0.4276954929128842,3.366217790895277,0.03750517332020894,0.05016722408026756,0.8571428571428571,0.8571428571428571,0.8898809523809523,0.8225615830683242,0.7757351832828108,none,0,0,
32119,prompt_diverse,0.9,42,5,0.4,14,0,0.680952380952381,True,0.4206349206349207,3.380962264329839,0.0376452664399093,0.0625,0.4031422092646584,3.4059082486031738,0.03646628719515017,0.05102040816326531,0.9523809523809523,0.9523809523809523,0.875,0.849547731034609,0.7727030971182063,none,0,0,
32120,prompt_diverse,0.9,42,5,0.4,14,0,0.6952380952380952,True,0.4392006802721089,3.367649026686858,0.038159013605442174,0.05952380952380952,0.4104501869006989,3.398592767756102,0.036471013057810815,0.04778156996587031,0.8809523809523809,0.8809523809523809,0.8720238095238095,0.828563146257938,0.7752277279777903,none,0,0,
32121,prompt_diverse,0.9,42,5,0.4,14,0,0.6714285714285714,True,0.44827097505668934,3.341919368522516,0.038672760770975055,0.05952380952380952,0.4228135698723934,3.365613259005642,0.037229270793284634,0.049019607843137254,0.8333333333333334,0.8333333333333334,0.9107142857142857,0.7638610474873606,0.7252372872130297,none,0,0,
32122,prompt_diverse,0.9,42,5,0.4,14,0,0.6619047619047619,True,0.4440192743764173,3.336975754698148,0.038424744897959176,0.05952380952380952,0.42261904761904767,3.3575989289713317,0.03722299168975069,0.049342105263157895,0.8095238095238095,0.8095238095238095,0.9047619047619048,0.7860725797594214,0.7123217932703131,none,0,0,
32123,prompt_diverse,0.9,42,5,0.4,14,1,0.6714285714285714,True,0.4583333333333335,3.3410160181043698,0.03954081632653061,0.0625,0.4341029341029341,3.3722572976584804,0.037875953700869526,0.050505050505050504,0.8809523809523809,0.8809523809523809,0.8839285714285714,0.8055928878247355,0.750860854037442,none,0,0,
32124,prompt_diverse,0.9,42,5,0.4,14,0,0.6857142857142857,True,0.4413265306122449,3.3762031087648645,0.03824759070294784,0.05357142857142857,0.41428571428571437,3.4048549469352345,0.03664606288632087,0.04918032786885246,0.9047619047619048,0.9047619047619048,0.9077380952380952,0.7884448144942384,0.731018002197073,none,0,0,
32125,prompt_diverse,0.9,42,5,0.4,14,0,0.7142857142857143,True,0.4413265306122449,3.386458110199719,0.03838931405895691,0.07142857142857142,0.39584328714763495,3.4337770406705146,0.03517857742083422,0.05016722408026756,0.8809523809523809,0.8809523809523809,0.8898809523809523,0.8132816532755015,0.7676387378684922,none,0,0,
32126,prompt_diverse,0.9,42,5,0.4,14,1,0.6714285714285714,True,0.4418934240362813,3.355661957568298,0.03835388321995464,0.05357142857142857,0.4208934388087484,3.3774232229521637,0.03718872348778238,0.048859934853420196,0.8809523809523809,0.8809523809523809,0.9136904761904762,0.7682418512370678,0.7010206437606629,none,0,0,
32127,prompt_diverse,0.9,42,5,0.4,14,0,0.6571428571428571,True,0.4484126984126986,3.3392195970006835,0.03884991496598639,0.05357142857142857,0.4228135698723934,3.3629259502508533,0.037506941774531156,0.049019607843137254,0.8571428571428571,0.8571428571428571,0.9107142857142857,0.7636446359525902,0.7224263757025097,none,0,0,
32128,prompt_diverse,0.9,42,5,0.4,14,0,0.6666666666666666,True,0.44756235827664415,3.3543112031615605,0.038938492063492064,0.05654761904761905,0.4211605171870074,3.382497742673388,0.03741063988421561,0.04966887417218543,0.9285714285714286,0.9285714285714286,0.8988095238095238,0.788437966321461,0.7454403903627079,none,0,0,
32129,prompt_diverse,0.9,42,5,0.4,14,0,0.6952380952380952,True,0.431264172335601,3.3807605340174804,0.03766298185941042,0.05952380952380952,0.4060445727112394,3.4095634722114396,0.03610742667981724,0.050505050505050504,0.9047619047619048,0.9047619047619048,0.8839285714285714,0.832633784196329,0.7535647152368807,none,0,0,
32130,prompt_diverse,0.98,42,5,0.4,14,0,0.6571428571428571,True,0.4340986394557824,3.357438826465888,0.03812358276643991,0.05952380952380952,0.41686311488291694,3.377150232527133,0.037066082845908344,0.04950495049504951,0.8809523809523809,0.8809523809523809,0.9017857142857143,0.7991371386485064,0.7274472010309386,none,0,0,
32131,prompt_diverse,0.98,42,5,0.4,14,0,0.6571428571428571,True,0.4536564625850341,3.3360066030239803,0.03904478458049886,0.05357142857142857,0.42318982387475557,3.3676690957121824,0.03729592794145242,0.04794520547945205,0.8571428571428571,0.8571428571428571,0.8690476190476191,0.8446729479353433,0.7951089824117513,none,0,0,
32132,prompt_diverse,0.98,42,5,0.4,14,0,0.6904761904761905,True,0.44047619047619047,3.364294986144315,0.03810586734693878,0.05952380952380952,0.40319548872180455,3.3978741602937435,0.03588123268698061,0.049342105263157895,0.8333333333333334,0.8333333333333334,0.9047619047619048,0.7786768829479566,0.7343856694276995,none,0,0,
32133,prompt_diverse,0.98,42,5,0.4,14,0,0.6857142857142857,True,0.43735827664399096,3.374314451886703,0.03819444444444444,0.06845238095238096,0.3979591836734695,3.410615331648961,0.035882606152249974,0.046511627906976744,0.8809523809523809,0.8809523809523809,0.8958333333333334,0.8154661107974198,0.7403934898054166,none,0,0,
32134,prompt_diverse,0.98,42,5,0.4,14,0,0.6904761904761905,True,0.41950113378684817,3.4062869628640637,0.03688350340136055,0.05654761904761905,0.39721829325789737,3.4315871742180564,0.03562831530677821,0.04950495049504951,0.9523809523809523,0.9523809523809523,0.9017857142857143,0.8242496906527516,0.7341968396221553,none,0,0,
32135,prompt_diverse,0.98,42,5,0.4,14,0,0.7047619047619048,True,0.4196428571428572,3.4031661984549726,0.03700751133786848,0.0625,0.3874458874458875,3.4333347647152648,0.03535920370937206,0.050505050505050504,0.9285714285714286,0.9285714285714286,0.8839285714285714,0.8427746835150355,0.7927402801958957,none,0,0,
32136,prompt_diverse,0.98,42,5,0.4,14,1,0.680952380952381,True,0.4443027210884354,3.3713129479011372,0.03842474489795918,0.05654761904761905,0.41425353925353936,3.4053174051414614,0.03659149013878744,0.05067567567567568,0.9047619047619048,0.9047619047619048,0.8809523809523809,0.8209206437667963,0.756221824449689,none,0,0,
32137,prompt_diverse,0.98,42,5,0.4,14,0,0.6761904761904762,True,0.44075963718820876,3.3488702195022744,0.038424744897959176,0.06547619047619048,0.41570141570141583,3.3759689912951494,0.03686541271000731,0.05067567567567568,0.8571428571428571,0.8571428571428571,0.8809523809523809,0.8221948510611078,0.761447465153073,none,0,0,
32138,prompt_diverse,0.98,42,5,0.4,14,0,0.6952380952380952,True,0.42460317460317465,3.3813984688137433,0.037166950113378686,0.05357142857142857,0.40044742729306493,3.404923006198993,0.03587676230800414,0.050335570469798654,0.8571428571428571,0.8571428571428571,0.8869047619047619,0.8374773732187474,0.790778929787843,none,0,0,
32139,prompt_diverse,0.98,42,5,0.4,14,0,0.719047619047619,True,0.4061791383219955,3.4305253299691802,0.036033163265306124,0.0625,0.3816690555820992,3.460197264444599,0.03448507287390522,0.05016722408026756,0.9285714285714286,0.9285714285714286,0.8898809523809523,0.8468582373171573,0.799251421586234,none,0,0,
32140,prompt_diverse,0.98,42,5,0.4,14,0,0.6857142857142857,True,0.4336734693877551,3.358201816118246,0.03784013605442177,0.05654761904761905,0.41440820701270864,3.3764495952428404,0.03675520310997612,0.04823151125401929,0.8333333333333334,0.8333333333333334,0.9255952380952381,0.7722585783688977,0.7261847004552351,none,0,0,
32141,prompt_diverse,0.98,42,5,0.4,14,0,0.680952380952381,True,0.4411848072562359,3.3747980764485788,0.03846017573696145,0.05952380952380952,0.41081382385730225,3.408019080022701,0.036699813201194614,0.05016722408026756,0.9523809523809523,0.9523809523809523,0.8898809523809523,0.8098056444741787,0.7457057549149084,none,0,0,
32142,prompt_diverse,0.98,42,5,0.4,14,0,0.6523809523809524,True,0.44316893424036286,3.347244675717306,0.03846017573696145,0.05952380952380952,0.4215404282518378,3.370904931707778,0.037205531282374665,0.050335570469798654,0.8571428571428571,0.8571428571428571,0.8869047619047619,0.8127004947625561,0.7315322927768199,none,0,0,
32143,prompt_diverse,0.98,42,5,0.4,14,1,0.6857142857142857,True,0.41524943310657614,3.392126882067091,0.0369720804988662,0.06547619047619048,0.39687594783136193,3.4106062197715734,0.03584323907663598,0.04777070063694268,0.9047619047619048,0.9047619047619048,0.9345238095238095,0.7906276882455816,0.7473475646444504,none,0,0,
32144,prompt_diverse,0.98,42,5,0.4,14,0,0.6904761904761905,True,0.435374149659864,3.3900590152464316,0.037893282312925165,0.05952380952380952,0.4068322981366461,3.422707769510986,0.036095793111933866,0.05016722408026756,0.9285714285714286,0.9285714285714286,0.8898809523809523,0.824664551789332,0.7634107464042477,none,0,0,
32145,prompt_diverse,0.98,42,5,0.4,14,0,0.7,True,0.4377834467120183,3.386663480172237,0.03879676870748299,0.08333333333333333,0.3970917225950783,3.4337299197434663,0.03549389667132111,0.050335570469798654,0.9285714285714286,0.9285714285714286,0.8869047619047619,0.8096549522179809,0.7894607514905716,none,0,0,
32146,prompt_diverse,0.98,42,5,0.4,14,0,0.6523809523809524,True,0.4865362811791385,3.302236204386151,0.041932397959183666,0.06845238095238096,0.43998015873015883,3.356057729700551,0.03819444444444444,0.052083333333333336,0.8571428571428571,0.8571428571428571,0.8571428571428571,0.8115522028523913,0.7687001855674103,none,0,0,
32147,prompt_diverse,0.98,42,5,0.4,14,0,0.680952380952381,True,0.435515873015873,3.3788077911400594,0.03785785147392289,0.0625,0.40398126463700246,3.4083108495901535,0.036108572964256916,0.04918032786885246,0.9047619047619048,0.9047619047619048,0.9077380952380952,0.7736723471924157,0.724152345223009,none,0,0,
32148,prompt_diverse,0.98,42,5,0.4,14,0,0.6857142857142857,True,0.4168083900226758,3.3893857581146913,0.03688350340136054,0.05357142857142857,0.3954895489548955,3.410636389717388,0.03582437451665958,0.04950495049504951,0.9047619047619048,0.9047619047619048,0.9017857142857143,0.8216483931269405,0.7660787924778085,none,0,0,
32149,prompt_diverse,0.98,42,5,0.4,14,1,0.7,True,0.42460317460317465,3.4076179957257793,0.03725552721088435,0.06547619047619048,0.3962189526973581,3.440287888850798,0.035286586240769975,0.04983388704318937,0.9047619047619048,0.9047619047619048,0.8958333333333334,0.8115209511978684,0.7709842203293144,none,0,0,
32150,prompt_diverse,0.98,42,5,0.4,14,0,0.7,True,0.4158163265306123,3.4056769306503125,0.03691893424036281,0.05952380952380952,0.3915774778966963,3.4302564938164393,0.03553353351229191,0.048859934853420196,0.9523809523809523,0.9523809523809523,0.9136904761904762,0.7812155211891655,0.7490723218402637,none,0,0,
32151,prompt_diverse,0.98,42,5,0.4,14,0,0.6857142857142857,True,0.43324829931972797,3.3806404119102567,0.03784013605442176,0.05952380952380952,0.4022473675939022,3.410641613484954,0.03610757115315492,0.04950495049504951,0.9285714285714286,0.9285714285714286,0.9017857142857143,0.8045177168002984,0.7536133099869046,none,0,0,
32152,prompt_diverse,0.98,42,5,0.4,14,0,0.680952380952381,True,0.44557823129251717,3.3709916678854457,0.03844246031746032,0.0625,0.4076773566569485,3.4099686279943944,0.036142348095700855,0.05102040816326531,0.8809523809523809,0.8809523809523809,0.875,0.8245842831514879,0.7616250877856211,none,0,0,
32153,prompt_diverse,0.98,42,5,0.4,14,0,0.6428571428571429,True,0.4529478458049887,3.3288135497995155,0.03909793083900227,0.05952380952380952,0.4188532555879496,3.3605655614020495,0.03720671942246286,0.05102040816326531,0.8095238095238095,0.8095238095238095,0.875,0.8442371189976935,0.7769177112084326,none,0,0,
32154,prompt_diverse,0.98,42,5,0.4,14,0,0.6857142857142857,True,0.4382086167800454,3.3789649076861425,0.03808815192743764,0.05654761904761905,0.4076973255055447,3.4143712910509363,0.03628729592794145,0.05136986301369863,0.9285714285714286,0.9285714285714286,0.8690476190476191,0.8504550036614709,0.785516612677473,none,0,0,
32155,prompt_diverse,0.98,42,5,0.4,14,0,0.7,True,0.439484126984127,3.3847664915968934,0.038495606575963716,0.06845238095238096,0.3998248128682913,3.427969022951397,0.035670741938009655,0.05016722408026756,0.9047619047619048,0.9047619047619048,0.8898809523809523,0.7975556641893119,0.7615188103606392,none,0,0,
32156,prompt_diverse,0.98,42,5,0.4,14,0,0.6761904761904762,True,0.4539399092970522,3.354295877294095,0.03909793083900226,0.0625,0.42053083528493373,3.3866201032358654,0.0370975544208546,0.04918032786885246,0.9047619047619048,0.9047619047619048,0.9077380952380952,0.7863681129142498,0.7449839053607211,none,0,0,
32157,prompt_diverse,0.98,42,5,0.4,14,0,0.6857142857142857,True,0.40844671201814076,3.4135465845515487,0.036369756235827666,0.050595238095238096,0.38946135831381734,3.434720912458427,0.035399086267132486,0.04590163934426229,0.9285714285714286,0.9285714285714286,0.9077380952380952,0.811454911677397,0.763197490356264,none,0,0,
32158,prompt_diverse,0.98,42,5,0.4,14,0,0.6714285714285714,True,0.4302721088435375,3.3552147509369545,0.03792871315192743,0.05357142857142857,0.40860990860990865,3.377080643331257,0.03687832307360927,0.050505050505050504,0.8809523809523809,0.8809523809523809,0.8839285714285714,0.8207079356344881,0.7589724667633523,none,0,0,
32159,prompt_diverse,0.98,42,5,0.4,14,0,0.7047619047619048,True,0.423044217687075,3.418541737271664,0.03720238095238095,0.0625,0.3820016142050042,3.460895133232161,0.034852054007469116,0.05084745762711865,0.9761904761904762,0.9761904761904762,0.8779761904761905,0.8312257888578237,0.7591519039418362,none,0,0,
32160,route_partitioned,0.0,42,5,0.4,14,0,0.9571428571428572,False,0.19798752834467126,3.674106008685772,0.026909722222222217,0.044642857142857144,0.11160101900842645,3.715556753401725,0.024843773814967232,0.03292181069958848,1.0,1.0,0.7232142857142857,0.9949947651054898,0.9893532976413321,none,0,0,
32161,route_partitioned,0.0,42,5,0.4,14,0,0.9333333333333333,False,0.24886621315192747,3.636773173974952,0.028858418367346938,0.05654761904761905,0.10973544973544991,3.713529544131995,0.02486913580246914,0.035555555555555556,1.0,1.0,0.6696428571428571,0.995310979332976,0.9940528594225526,none,0,0,
32162,route_partitioned,0.0,42,5,0.4,14,0,0.9142857142857143,False,0.25807823129251717,3.627876264273048,0.028769841269841268,0.050595238095238096,0.1496598639455784,3.6944581524462463,0.02566964285714286,0.03571428571428571,1.0,1.0,0.6666666666666666,0.9974596545469606,0.9910545855956948,none,0,0,
32163,route_partitioned,0.0,42,5,0.4,14,0,0.9238095238095239,False,0.2512755102040818,3.627299880056449,0.0287875566893424,0.05357142857142857,0.12579013906447534,3.6927414161322827,0.025413109875479675,0.03982300884955752,0.9761904761904762,0.9761904761904762,0.6726190476190477,0.9962128807786726,0.9902978806115926,none,0,0,
32164,route_partitioned,0.0,42,5,0.4,14,0,0.9285714285714286,False,0.23242630385487528,3.648150331948382,0.027813208616780046,0.041666666666666664,0.1387726638772664,3.6961621104415903,0.02568232348873444,0.04602510460251046,1.0,1.0,0.7113095238095238,0.9936653594921934,0.9839553407199588,none,0,0,
32165,route_partitioned,0.0,42,5,0.4,14,0,0.9571428571428572,False,0.2111678004535149,3.6681262238393613,0.027122307256235826,0.041666666666666664,0.12593467138921688,3.709678401229456,0.025237347175739364,0.04132231404958678,1.0,1.0,0.7202380952380952,0.9950204733545022,0.9888018119777967,none,0,0,
32166,route_partitioned,0.0,42,5,0.4,14,0,0.9285714285714286,False,0.22548185941043086,3.6579053087132243,0.027582908163265307,0.041666666666666664,0.12701733413030492,3.71088283640872,0.025052082421526234,0.03347280334728033,1.0,1.0,0.7113095238095238,0.9952240479057842,0.9868256345054224,none,0,0,
32167,route_partitioned,0.0,42,5,0.4,14,0,0.9142857142857143,False,0.24872448979591844,3.637057160992839,0.02855725623582766,0.047619047619047616,0.15215614142652778,3.695436246524768,0.025732653023632777,0.03862660944206009,1.0,1.0,0.6934523809523809,0.9936659540697925,0.9873810126952148,none,0,0,
32168,route_partitioned,0.0,42,5,0.4,14,0,0.9238095238095239,False,0.22293083900226773,3.6571794185793625,0.027724631519274373,0.05357142857142857,0.1086245657061109,3.7164409182489098,0.02477481626112104,0.034334763948497854,1.0,1.0,0.6934523809523809,0.9949729739747357,0.9890943097242877,none,0,0,
32169,route_partitioned,0.0,42,5,0.4,14,0,0.9047619047619048,False,0.2626133786848073,3.6246636833014483,0.02901785714285714,0.050595238095238096,0.15542611894543223,3.690167768197693,0.025843172650076445,0.04291845493562232,1.0,1.0,0.6934523809523809,0.9944127841991941,0.9864942146721908,none,0,0,
32170,route_partitioned,0.0,42,5,0.4,14,0,0.9428571428571428,False,0.20932539682539697,3.6658758746563156,0.02728174603174603,0.05357142857142857,0.12337662337662336,3.7120708468869434,0.024998292466361594,0.03305785123966942,1.0,1.0,0.7202380952380952,0.9948881565871188,0.9881245362588741,none,0,0,
32171,route_partitioned,0.0,42,5,0.4,14,0,0.9380952380952381,False,0.22604875283446724,3.6513464420481814,0.028043509070294778,0.05952380952380952,0.12128612128612137,3.7091326809143514,0.025056614800204543,0.03418803418803419,1.0,1.0,0.6964285714285714,0.9965062565858444,0.9902344423268504,none,0,0,
32172,route_partitioned,0.0,42,5,0.4,14,0,0.9238095238095239,False,0.2606292517006803,3.6292663110260883,0.02887613378684807,0.047619047619047616,0.17689885871704059,3.6834682938165573,0.02633016870432348,0.045454545454545456,1.0,1.0,0.7202380952380952,0.9874752943504852,0.9795374697402327,none,0,0,
32173,route_partitioned,0.0,42,5,0.4,14,0,0.9,False,0.26147959183673475,3.6159958135720704,0.028840702947845805,0.044642857142857144,0.1542899097965178,3.6767559884347794,0.025946554367443576,0.03524229074889868,0.9761904761904762,0.9761904761904762,0.6755952380952381,0.996092906483764,0.9895696900196135,none,0,0,
32174,route_partitioned,0.0,42,5,0.4,14,0,0.8904761904761904,True,0.2536848072562359,3.631203784243909,0.028557256235827666,0.047619047619047616,0.14800514800514808,3.698805055534873,0.025525525525525523,0.036036036036036036,1.0,1.0,0.6607142857142857,0.9969473490002329,0.990451577876453,none,0,0,
32175,route_partitioned,0.0,42,5,0.4,14,0,0.9428571428571428,False,0.24178004535147402,3.6435021512731347,0.02832695578231292,0.05654761904761905,0.1298975286317059,3.7072476221388264,0.025156224963948082,0.03375527426160337,1.0,1.0,0.7053571428571429,0.9954268732908238,0.988785068999784,none,0,0,
32176,route_partitioned,0.0,42,5,0.4,14,0,0.9476190476190476,False,0.2304421768707483,3.650672576371994,0.02822066326530612,0.05357142857142857,0.10478288231592203,3.7167258608072227,0.024782161501290534,0.03524229074889868,1.0,1.0,0.6755952380952381,0.9983492859920259,0.9939523552281612,none,0,0,
32177,route_partitioned,0.0,42,5,0.4,14,0,0.8857142857142857,True,0.27182539682539697,3.6150776454885043,0.029443027210884352,0.05357142857142857,0.1826078070713264,3.681233093607606,0.02632209103133231,0.03862660944206009,1.0,1.0,0.6934523809523809,0.9920201339498624,0.9798883855382506,none,0,0,
32178,route_partitioned,0.0,42,5,0.4,14,0,0.9285714285714286,False,0.23327664399092973,3.6481919685798343,0.02781320861678005,0.044642857142857144,0.14054651396423568,3.696829039265438,0.025619113746016484,0.04219409282700422,1.0,1.0,0.7053571428571429,0.9935986432637893,0.9864714613960753,none,0,0,
32179,route_partitioned,0.0,42,5,0.4,14,0,0.9333333333333333,False,0.20436507936507953,3.669686870241606,0.02690972222222222,0.041666666666666664,0.11924603174603177,3.7096836320241113,0.025069444444444443,0.0375,1.0,1.0,0.7142857142857143,0.9937510100029944,0.9865113533203566,none,0,0,
32180,route_partitioned,0.0,42,5,0.4,14,0,0.9333333333333333,False,0.2490079365079365,3.6409321616226213,0.028628117913832195,0.047619047619047616,0.12171592775041051,3.712887852823214,0.02500743162901308,0.03879310344827586,1.0,1.0,0.6904761904761905,0.9965069907300883,0.9902711039825184,none,0,0,
32181,route_partitioned,0.0,42,5,0.4,14,0,0.8904761904761904,True,0.2674319727891157,3.6219029962926546,0.02919501133786848,0.05654761904761905,0.16130694702123272,3.6920689024109112,0.025805363467701133,0.03463203463203463,1.0,1.0,0.6875,0.992953127085153,0.98464249877764,none,0,0,
32182,route_partitioned,0.0,42,5,0.4,14,0,0.9285714285714286,False,0.2251984126984128,3.645046847942174,0.02779549319727891,0.050595238095238096,0.13090298360007901,3.6912400579818234,0.02546443759577142,0.03734439834024896,0.9761904761904762,0.9761904761904762,0.7172619047619048,0.9946596884151685,0.9861578752837724,none,0,0,
32183,route_partitioned,0.0,42,5,0.4,14,0,0.9095238095238095,False,0.2541099773242632,3.6281637859704543,0.028840702947845798,0.05654761904761905,0.15450861195542065,3.6897890344496225,0.02580353100950656,0.03829787234042553,1.0,1.0,0.6994047619047619,0.9940582505450398,0.9844125130555464,none,0,0,
32184,route_partitioned,0.0,42,5,0.4,14,0,0.9523809523809523,False,0.20719954648526095,3.6694186300977263,0.02699829931972789,0.044642857142857144,0.10488505747126453,3.7180513880257893,0.02471016646848989,0.034482758620689655,1.0,1.0,0.6904761904761905,0.9970340577787082,0.9918991083702252,none,0,0,
32185,route_partitioned,0.0,42,5,0.4,14,0,0.9285714285714286,False,0.219812925170068,3.6545991763932903,0.027458900226757368,0.044642857142857144,0.14482487209759953,3.695245406601883,0.025578853903421902,0.0371900826446281,1.0,1.0,0.7202380952380952,0.9934550770952483,0.9836717932762706,none,0,0,
32186,route_partitioned,0.0,42,5,0.4,14,0,0.9238095238095239,False,0.24801587301587302,3.640053203548664,0.02850410997732426,0.05357142857142857,0.11841550779603893,3.710828848186873,0.02502153653379278,0.035398230088495575,1.0,1.0,0.6726190476190477,0.9971931982800895,0.9924437932253448,none,0,0,
32187,route_partitioned,0.0,42,5,0.4,14,0,0.919047619047619,False,0.2225056689342404,3.6527726097822737,0.02761833900226757,0.050595238095238096,0.14326414326414327,3.698164971995771,0.025604499963474324,0.042735042735042736,1.0,1.0,0.6964285714285714,0.9946939901697959,0.9876680213562851,none,0,0,
32188,route_partitioned,0.0,42,5,0.4,14,0,0.9380952380952381,False,0.22264739229024944,3.654534002363659,0.027494331065759634,0.044642857142857144,0.1261799874134677,3.7058514715774797,0.025170292456674882,0.03524229074889868,1.0,1.0,0.6755952380952381,0.997004816679644,0.9922643656572424,none,0,0,
32189,route_partitioned,0.0,42,5,0.4,14,0,0.9142857142857143,False,0.25949546485260777,3.62362543626104,0.029513888888888885,0.06547619047619048,0.1393374741200828,3.699303120972203,0.025444234404536865,0.034782608695652174,1.0,1.0,0.6845238095238095,0.9963611068859289,0.9895641404721278,none,0,0,
32190,route_partitioned,0.25,42,5,0.4,14,0,0.8809523809523809,True,0.3066893424036281,3.57706937536023,0.03121456916099773,0.05952380952380952,0.245851370851371,3.6284087108415464,0.02855257116620753,0.05303030303030303,0.9761904761904762,0.9761904761904762,0.7857142857142857,0.9718590205181149,0.9455498135348209,none,0,0,
32191,route_partitioned,0.25,42,5,0.4,14,0,0.861904761904762,True,0.28387188208616787,3.6057806451904977,0.03011621315192744,0.05654761904761905,0.22732012513034427,3.650332556337404,0.027918376045607117,0.051094890510948905,1.0,1.0,0.8154761904761905,0.9654400909768776,0.9416471497059775,none,0,0,
32192,route_partitioned,0.25,42,5,0.4,14,0,0.8571428571428571,True,0.3015873015873016,3.572781328469866,0.03041737528344671,0.047619047619047616,0.2578483245149912,3.608792254172117,0.028779149519890263,0.044444444444444446,0.9761904761904762,0.9761904761904762,0.8035714285714286,0.9686559878535075,0.9377508799741854,none,0,0,
32193,route_partitioned,0.25,42,5,0.4,14,0,0.9095238095238095,False,0.26147959183673475,3.630216990643591,0.02901785714285714,0.050595238095238096,0.18684722959815914,3.6810110988368523,0.026492171197191855,0.04460966542750929,1.0,1.0,0.8005952380952381,0.9761810861899368,0.9571921671236278,none,0,0,
32194,route_partitioned,0.25,42,5,0.4,14,0,0.8761904761904762,True,0.2932256235827666,3.601665867335947,0.030204790249433105,0.047619047619047616,0.2201919527500924,3.6570668656029444,0.027612523285860224,0.046511627906976744,1.0,1.0,0.7678571428571429,0.9813222620772151,0.9586758319156065,none,0,0,
32195,route_partitioned,0.25,42,5,0.4,14,0,0.861904761904762,True,0.29478458049886624,3.5852681904637818,0.03039965986394558,0.05654761904761905,0.21826905667209862,3.639044448511339,0.027656898321502407,0.049429657794676805,0.9761904761904762,0.9761904761904762,0.7827380952380952,0.9795665849254056,0.9467662393875845,none,0,0,
32196,route_partitioned,0.25,42,5,0.4,14,0,0.8666666666666667,True,0.298044217687075,3.589177076811262,0.03041737528344671,0.05654761904761905,0.2332603539500091,3.6410303900779493,0.02790622568664582,0.04597701149425287,1.0,1.0,0.7767857142857143,0.9774793630797491,0.9484284514663237,none,0,0,
32197,route_partitioned,0.25,42,5,0.4,14,0,0.8857142857142857,True,0.2984693877551021,3.5747098176205285,0.030594529478458046,0.05357142857142857,0.2368606701940037,3.619911166199242,0.028175582990397803,0.044444444444444446,0.9523809523809523,0.9523809523809523,0.8035714285714286,0.9705593163055474,0.9513811822009618,none,0,0,
32198,route_partitioned,0.25,42,5,0.4,14,0,0.861904761904762,True,0.3058390022675739,3.5794449469096747,0.030771683673469385,0.05357142857142857,0.22253468316460445,3.6452079960158947,0.02759005518011036,0.04330708661417323,0.9761904761904762,0.9761904761904762,0.7559523809523809,0.9779381586635648,0.9590905827856733,none,0,0,
32199,route_partitioned,0.25,42,5,0.4,14,0,0.8666666666666667,True,0.30342970521541957,3.5873093942654597,0.03103741496598639,0.0625,0.2324875896304468,3.647242767176029,0.027981097479166977,0.05019305019305019,1.0,1.0,0.7708333333333334,0.9790915963951142,0.9544585059491872,none,0,0,
32200,route_partitioned,0.25,42,5,0.4,14,0,0.8761904761904762,True,0.29265873015873023,3.599581745199716,0.03008078231292517,0.050595238095238096,0.22614622057001244,3.6526864926823985,0.027542460717789964,0.040892193308550186,1.0,1.0,0.8005952380952381,0.9705826930036704,0.941289176861308,none,0,0,
32201,route_partitioned,0.25,42,5,0.4,14,0,0.8904761904761904,True,0.27210884353741505,3.609944583338052,0.029283588435374146,0.047619047619047616,0.22258297258297266,3.647041472031834,0.02754820936639119,0.041666666666666664,0.9761904761904762,0.9761904761904762,0.7857142857142857,0.9763708425251436,0.9597251886190415,none,0,0,
32202,route_partitioned,0.25,42,5,0.4,14,0,0.8809523809523809,True,0.27791950113378694,3.6125964966412805,0.02942531179138321,0.047619047619047616,0.21926083866382373,3.6586029829077877,0.027316774337268878,0.041044776119402986,1.0,1.0,0.7976190476190477,0.9740027019454084,0.9480186861482899,none,0,0,
32203,route_partitioned,0.25,42,5,0.4,14,0,0.9095238095238095,False,0.2585034013605443,3.6271843673045603,0.028805272108843535,0.05357142857142857,0.22190476190476205,3.657402632942864,0.02751735537190083,0.04363636363636364,1.0,1.0,0.8184523809523809,0.9709734179137167,0.9523025472556538,none,0,0,
32204,route_partitioned,0.25,42,5,0.4,14,0,0.8714285714285714,True,0.30300453514739245,3.5877042873890614,0.030594529478458046,0.05357142857142857,0.23584905660377364,3.645475626981444,0.027867568529725877,0.04150943396226415,1.0,1.0,0.7886904761904762,0.9716020675312976,0.9496446119916845,none,0,0,
32205,route_partitioned,0.25,42,5,0.4,14,0,0.9095238095238095,False,0.24078798185941053,3.6424638223709014,0.02813208616780045,0.044642857142857144,0.17948051948051957,3.679504740400356,0.0263801652892562,0.04363636363636364,1.0,1.0,0.8184523809523809,0.9738782133118208,0.9550837779858052,none,0,0,
32206,route_partitioned,0.25,42,5,0.4,14,0,0.8761904761904762,True,0.2602040816326532,3.618243051014504,0.02905328798185941,0.05654761904761905,0.22187715665976548,3.6473825565008737,0.027751522789329974,0.05434782608695652,1.0,1.0,0.8214285714285714,0.9664097144932423,0.9477073730464323,none,0,0,
32207,route_partitioned,0.25,42,5,0.4,14,0,0.9095238095238095,False,0.2650226757369616,3.623497981843298,0.02954931972789115,0.05952380952380952,0.20550489699425878,3.6682513293965413,0.02706101302751371,0.04609929078014184,1.0,1.0,0.8392857142857143,0.96511193140824,0.9473939131543053,none,0,0,
32208,route_partitioned,0.25,42,5,0.4,14,0,0.8857142857142857,True,0.29166666666666674,3.6004536930838107,0.030381944444444448,0.0625,0.2271268057784912,3.652091193621786,0.027788298334946483,0.04868913857677903,1.0,1.0,0.7946428571428571,0.9713327572385707,0.9459135692558688,none,0,0,
32209,route_partitioned,0.25,42,5,0.4,14,0,0.8809523809523809,True,0.3025793650793651,3.593562798895115,0.030718537414965982,0.05357142857142857,0.21502976190476208,3.6618966013652705,0.027313232421875,0.046875,1.0,1.0,0.7619047619047619,0.9801812123671213,0.9633593563923183,none,0,0,
32210,route_partitioned,0.25,42,5,0.4,14,0,0.8761904761904762,True,0.27763605442176886,3.6103145634698497,0.029691043083900227,0.05654761904761905,0.2118165784832453,3.660875628990225,0.02713305898491084,0.040740740740740744,1.0,1.0,0.8035714285714286,0.969488733447584,0.9451242514476991,none,0,0,
32211,route_partitioned,0.25,42,5,0.4,14,0,0.8857142857142857,True,0.28344671201814076,3.6101108990558326,0.029832766439909297,0.05654761904761905,0.21195846759756543,3.6646576387990764,0.02716377409689637,0.041353383458646614,1.0,1.0,0.7916666666666666,0.976532850363587,0.9556573713868469,none,0,0,
32212,route_partitioned,0.25,42,5,0.4,14,0,0.9095238095238095,False,0.28486394557823136,3.6112646675094005,0.030009920634920636,0.050595238095238096,0.20348734289254744,3.6718059231625992,0.026962037561669962,0.048327137546468404,1.0,1.0,0.8005952380952381,0.9725884605583394,0.9570515415934923,none,0,0,
32213,route_partitioned,0.25,42,5,0.4,14,0,0.8571428571428571,True,0.314484126984127,3.572640434402096,0.031019699546485258,0.047619047619047616,0.26154672395273915,3.61916948989643,0.028888009497427775,0.04887218045112782,0.9761904761904762,0.9761904761904762,0.7916666666666666,0.9724661500866681,0.9379931740655922,none,0,0,
32214,route_partitioned,0.25,42,5,0.4,14,0,0.8428571428571429,True,0.3125,3.568115955750368,0.03087797619047619,0.047619047619047616,0.22969768820391234,3.633299467386668,0.027805995075842357,0.03734439834024896,0.9761904761904762,0.9761904761904762,0.7172619047619048,0.9855000846588348,0.964754189537837,none,0,0,
32215,route_partitioned,0.25,42,5,0.4,14,0,0.861904761904762,True,0.29620181405895707,3.597801569688442,0.030541383219954647,0.05654761904761905,0.2281221922731358,3.6525307946739596,0.027839088643645423,0.04905660377358491,1.0,1.0,0.7886904761904762,0.9743438037801972,0.9494397979183148,none,0,0,
32216,route_partitioned,0.25,42,5,0.4,14,0,0.8761904761904762,True,0.2862811791383222,3.595349490244404,0.029815051020408163,0.047619047619047616,0.22692640692640698,3.6384175942376595,0.027702479338842977,0.03636363636363636,0.9761904761904762,0.9761904761904762,0.8184523809523809,0.9654150760653196,0.9373468136035915,none,0,0,
32217,route_partitioned,0.25,42,5,0.4,14,0,0.8476190476190476,True,0.31746031746031744,3.564369779214901,0.03149801587301587,0.06547619047619048,0.2395295467584626,3.6280232685843434,0.02820922243189626,0.04819277108433735,0.9761904761904762,0.9761904761904762,0.7410714285714286,0.9783439595275917,0.9634974235038124,none,0,0,
32218,route_partitioned,0.25,42,5,0.4,14,0,0.8904761904761904,True,0.2876984126984128,3.60218163220924,0.029832766439909293,0.047619047619047616,0.22061011904761907,3.653705834270791,0.0274658203125,0.04296875,1.0,1.0,0.7619047619047619,0.9807454309507203,0.965905850038273,none,0,0,
32219,route_partitioned,0.25,42,5,0.4,14,0,0.8857142857142857,True,0.2929421768707483,3.600110622293404,0.030399659863945577,0.05357142857142857,0.20603674540682415,3.6644686039944014,0.027156054312108626,0.04330708661417323,1.0,1.0,0.7559523809523809,0.9817537358934422,0.9647954126681171,none,0,0,
32220,route_partitioned,0.5,42,5,0.4,14,0,0.8,True,0.35685941043083913,3.516680651508313,0.033234126984126984,0.05357142857142857,0.3131209318259678,3.5659341268343887,0.031002536100615905,0.046762589928057555,1.0,1.0,0.8273809523809523,0.94019123581489,0.9024705323844255,none,0,0,
32221,route_partitioned,0.5,42,5,0.4,14,0,0.7952380952380952,True,0.3588435374149661,3.5205218181350797,0.03332270408163265,0.05654761904761905,0.32280531260123113,3.557451360765447,0.031422092646582446,0.05102040816326531,0.9761904761904762,0.9761904761904762,0.875,0.9074764051771473,0.8649645561341034,none,0,0,
32222,route_partitioned,0.5,42,5,0.4,14,0,0.8333333333333334,True,0.2956349206349207,3.5899696465440822,0.030187074829931968,0.047619047619047616,0.27060591678531876,3.610882479576671,0.02921601306828843,0.04983388704318937,0.9761904761904762,0.9761904761904762,0.8958333333333334,0.9170246501454634,0.8657879169174071,none,0,0,
32223,route_partitioned,0.5,42,5,0.4,14,0,0.8095238095238095,True,0.33843537414965996,3.5414469333563963,0.03222434807256236,0.050595238095238096,0.317353787152445,3.5666214565359784,0.03114724561956669,0.050335570469798654,0.9761904761904762,0.9761904761904762,0.8869047619047619,0.9102289077930865,0.8684482875165651,none,0,0,
32224,route_partitioned,0.5,42,5,0.4,14,0,0.8428571428571429,True,0.32808956916099774,3.5565228670223603,0.03187003968253968,0.05357142857142857,0.27281746031746046,3.6034611356249426,0.02934510030864198,0.04861111111111111,0.9761904761904762,0.9761904761904762,0.8571428571428571,0.9413367271978115,0.8998389570066703,none,0,0,
32225,route_partitioned,0.5,42,5,0.4,14,0,0.8,True,0.3453798185941044,3.5276586751597723,0.032560941043083894,0.05357142857142857,0.3117684784351451,3.559643745075405,0.03091521273339455,0.04377104377104377,0.9761904761904762,0.9761904761904762,0.8839285714285714,0.9070422482127333,0.867983103633594,none,0,0,
32226,route_partitioned,0.5,42,5,0.4,14,0,0.8523809523809524,True,0.31434240362811794,3.574893779210847,0.03162202380952381,0.06547619047619048,0.2668308702791462,3.618460106454527,0.029131985731272292,0.05172413793103448,1.0,1.0,0.8630952380952381,0.9272669360627156,0.8990807719668124,none,0,0,
32227,route_partitioned,0.5,42,5,0.4,14,0,0.8095238095238095,True,0.3317743764172336,3.537284233040054,0.031994047619047616,0.05357142857142857,0.31464947089947093,3.561259386127961,0.031057098765432098,0.04513888888888889,0.9523809523809523,0.9523809523809523,0.8571428571428571,0.9312847664775323,0.893688027367833,none,0,0,
32228,route_partitioned,0.5,42,5,0.4,14,0,0.7904761904761904,True,0.3540249433106577,3.5221107978925588,0.033163265306122444,0.050595238095238096,0.3038825286212046,3.5726823212700323,0.03055761269409608,0.04878048780487805,0.9523809523809523,0.9523809523809523,0.8541666666666666,0.9186784628638655,0.8704033779646378,none,0,0,
32229,route_partitioned,0.5,42,5,0.4,14,0,0.819047619047619,True,0.33900226757369634,3.5411613222851552,0.032171201814058956,0.05357142857142857,0.28095238095238106,3.5905990241267194,0.029668367346938774,0.04285714285714286,0.9761904761904762,0.9761904761904762,0.8333333333333334,0.9355128438049335,0.9012982988284416,none,0,0,
32230,route_partitioned,0.5,42,5,0.4,14,0,0.8428571428571429,True,0.33092403628117917,3.5527464326078175,0.032171201814058956,0.05952380952380952,0.2857142857142858,3.5970360167102817,0.02980324074074074,0.04861111111111111,0.9761904761904762,0.9761904761904762,0.8571428571428571,0.923709561097161,0.8945007123442769,none,0,0,
32231,route_partitioned,0.5,42,5,0.4,14,0,0.7952380952380952,True,0.3550170068027212,3.52932769918028,0.03316326530612245,0.05357142857142857,0.3166335978835979,3.5722290744663594,0.031177662037037045,0.04861111111111111,1.0,1.0,0.8571428571428571,0.9183628661813729,0.8655105138332922,none,0,0,
32232,route_partitioned,0.5,42,5,0.4,14,0,0.7952380952380952,True,0.35076530612244916,3.5225217522328034,0.03282667233560091,0.05357142857142857,0.31102231102231115,3.5615549345561357,0.03085725463347841,0.04895104895104895,0.9523809523809523,0.9523809523809523,0.8511904761904762,0.9261563753618507,0.879018987794227,none,0,0,
32233,route_partitioned,0.5,42,5,0.4,14,0,0.7761904761904762,True,0.3422619047619049,3.518631032641864,0.03257865646258504,0.050595238095238096,0.3091896407685881,3.554049796323032,0.031012619267466915,0.042105263157894736,0.9761904761904762,0.9761904761904762,0.8482142857142857,0.9310830718883788,0.8868800864742913,none,0,0,
32234,route_partitioned,0.5,42,5,0.4,14,0,0.8571428571428571,True,0.2874149659863947,3.6003213333067734,0.0298859126984127,0.050595238095238096,0.25308641975308643,3.629370617839326,0.02853450328197803,0.04377104377104377,1.0,1.0,0.8839285714285714,0.9321956770156773,0.9063380686922882,none,0,0,
32235,route_partitioned,0.5,42,5,0.4,14,0,0.8238095238095238,True,0.3496315192743764,3.5426901662394736,0.0329329648526077,0.05654761904761905,0.2953712953712955,3.5963481684934586,0.030172624578218985,0.045454545454545456,1.0,1.0,0.8511904761904762,0.9199360200256216,0.8880913327519521,none,0,0,
32236,route_partitioned,0.5,42,5,0.4,14,0,0.8,True,0.3499149659863947,3.5324665575863436,0.0327203798185941,0.050595238095238096,0.30502830502830514,3.575626058231048,0.030612743899457187,0.045454545454545456,1.0,1.0,0.8511904761904762,0.9278113568480005,0.9028985237413236,none,0,0,
32237,route_partitioned,0.5,42,5,0.4,14,0,0.819047619047619,True,0.32667233560090714,3.5526472012788712,0.031639739229024945,0.05357142857142857,0.2889983579638753,3.5882276212023405,0.0298692033293698,0.04482758620689655,0.9761904761904762,0.9761904761904762,0.8630952380952381,0.9270643456937,0.8795376881528415,none,0,0,
32238,route_partitioned,0.5,42,5,0.4,14,0,0.8428571428571429,True,0.31717687074829937,3.5628679670430943,0.031125992063492064,0.044642857142857144,0.2805086192182966,3.6001687979837778,0.02956025744787451,0.04659498207885305,0.9761904761904762,0.9761904761904762,0.8303571428571429,0.9503357622040723,0.9250598730605376,none,0,0,
32239,route_partitioned,0.5,42,5,0.4,14,0,0.7619047619047619,True,0.3836451247165533,3.48537170256376,0.03470450680272109,0.05952380952380952,0.33882783882783896,3.5283239931703325,0.03222559031778168,0.046822742474916385,0.9761904761904762,0.9761904761904762,0.8898809523809523,0.8897194557948932,0.8339936657252345,none,0,0,
32240,route_partitioned,0.5,42,5,0.4,14,0,0.8095238095238095,True,0.34311224489795933,3.5188042707822604,0.0324546485260771,0.047619047619047616,0.3166335978835979,3.5486407734527887,0.03115354938271605,0.04513888888888889,0.9523809523809523,0.9523809523809523,0.8571428571428571,0.9294170807360779,0.8905995721427892,none,0,0,
32241,route_partitioned,0.5,42,5,0.4,14,0,0.8285714285714286,True,0.336592970521542,3.546486351799387,0.03204719387755102,0.050595238095238096,0.3014800514800515,3.578449393357467,0.030428232286340402,0.0472972972972973,0.9761904761904762,0.9761904761904762,0.8809523809523809,0.914566687193974,0.8854926828493305,none,0,0,
32242,route_partitioned,0.5,42,5,0.4,14,0,0.8095238095238095,True,0.3412698412698414,3.542450361915277,0.0324015022675737,0.05654761904761905,0.30033416875522145,3.5848418776631656,0.030421668205601726,0.04912280701754386,1.0,1.0,0.8482142857142857,0.9340503057889439,0.8921840824361547,none,0,0,
32243,route_partitioned,0.5,42,5,0.4,14,0,0.8142857142857143,True,0.3310657596371882,3.5430918632799164,0.03178146258503401,0.050595238095238096,0.3052397429560061,3.5718040253150374,0.030639000969815974,0.05190311418685121,0.9761904761904762,0.9761904761904762,0.8601190476190477,0.9331772716093951,0.8956302138129454,none,0,0,
32244,route_partitioned,0.5,42,5,0.4,14,0,0.8333333333333334,True,0.3255385487528346,3.5613759068191704,0.031852324263038544,0.05654761904761905,0.2881112176414191,3.5964036040643697,0.030043691725597944,0.050335570469798654,1.0,1.0,0.8869047619047619,0.9143313879039465,0.886096029794496,none,0,0,
32245,route_partitioned,0.5,42,5,0.4,14,0,0.8,True,0.3275226757369616,3.5641973454252596,0.031746031746031744,0.050595238095238096,0.28757062146892665,3.601178208311355,0.029819017523700087,0.04745762711864407,1.0,1.0,0.8779761904761905,0.9093593179714885,0.8707573883207367,none,0,0,
32246,route_partitioned,0.5,42,5,0.4,14,0,0.8238095238095238,True,0.30952380952380953,3.5751587449976188,0.030736252834467116,0.047619047619047616,0.28522167487684746,3.600170822741089,0.02970273483947681,0.041379310344827586,1.0,1.0,0.8630952380952381,0.9399244044398328,0.9111697431075593,none,0,0,
32247,route_partitioned,0.5,42,5,0.4,14,0,0.8428571428571429,True,0.31604308390022684,3.573704183893733,0.031196853741496593,0.05654761904761905,0.26603835978835977,3.616355421388413,0.029007523148148147,0.04861111111111111,1.0,1.0,0.8571428571428571,0.9258317480081734,0.8915459789468496,none,0,0,
32248,route_partitioned,0.5,42,5,0.4,14,0,0.8142857142857143,True,0.3272392290249433,3.5473015802704015,0.03169288548752834,0.050595238095238096,0.29024144869215296,3.582511766608371,0.03010315413608411,0.04225352112676056,1.0,1.0,0.8452380952380952,0.9403244217794731,0.9057078428500996,none,0,0,
32249,route_partitioned,0.5,42,5,0.4,14,0,0.8571428571428571,True,0.3069727891156464,3.5764905308211588,0.030700821995464853,0.047619047619047616,0.2690802348336596,3.608133869731705,0.029156502158003375,0.0410958904109589,1.0,1.0,0.8690476190476191,0.9398583432544251,0.9144258112276226,none,0,0,
32250,route_partitioned,0.75,42,5,0.4,14,0,0.7333333333333333,True,0.40334467120181405,3.436513063151366,0.03622803287981859,0.06845238095238096,0.36767087787495956,3.475122916255419,0.034059882456383916,0.04421768707482993,0.9761904761904762,0.9761904761904762,0.875,0.890558177826008,0.8200926926389002,none,0,0,
32251,route_partitioned,0.75,42,5,0.4,14,0,0.719047619047619,True,0.4264455782312926,3.396334532466879,0.037220096371882096,0.05654761904761905,0.39671592775041065,3.4307761952826943,0.03543400713436384,0.05172413793103448,0.9047619047619048,0.9047619047619048,0.8630952380952381,0.8724845358126848,0.8125601701621683,none,0,0,
32252,route_partitioned,0.75,42,5,0.4,14,0,0.7238095238095238,True,0.39469954648526095,3.444993248374537,0.035501700680272114,0.050595238095238096,0.3766868310842253,3.4672940187241164,0.03447251429723393,0.04560260586319218,0.9523809523809523,0.9523809523809523,0.9136904761904762,0.8251651618055647,0.7713837413091414,none,0,0,
32253,route_partitioned,0.75,42,5,0.4,14,0,0.7476190476190476,True,0.39200680272108857,3.4658248213336744,0.03511196145124716,0.05357142857142857,0.36223921006529713,3.4973571003723336,0.03352311495397143,0.046822742474916385,0.9761904761904762,0.9761904761904762,0.8898809523809523,0.8720327127584412,0.8254428347318977,none,0,0,
32254,route_partitioned,0.75,42,5,0.4,14,0,0.7571428571428571,True,0.3643707482993197,3.50467175004668,0.033588435374149656,0.05654761904761905,0.3385820781986917,3.5278505813567467,0.0323265522767406,0.04472843450479233,0.9761904761904762,0.9761904761904762,0.9315476190476191,0.8331943536505362,0.8074878463677478,none,0,0,
32255,route_partitioned,0.75,42,5,0.4,14,0,0.7428571428571429,True,0.3839285714285716,3.4878077846923556,0.03481079931972789,0.0625,0.3547297297297298,3.523410048335111,0.0329391891891892,0.05067567567567568,1.0,1.0,0.8809523809523809,0.8687676852730287,0.8197800853060441,none,0,0,
32256,route_partitioned,0.75,42,5,0.4,14,0,0.780952380952381,True,0.3475056689342404,3.534420579956383,0.03268494897959184,0.05357142857142857,0.31595467769101226,3.5636020584297095,0.031048066086992485,0.04823151125401929,0.9761904761904762,0.9761904761904762,0.9255952380952381,0.8389633604424463,0.8036577149420134,none,0,0,
32257,route_partitioned,0.75,42,5,0.4,14,0,0.7523809523809524,True,0.3633786848072562,3.498846026941699,0.033677012471655325,0.05952380952380952,0.3467841682127397,3.5184279334315423,0.03269944341372912,0.048701298701298704,0.9761904761904762,0.9761904761904762,0.9166666666666666,0.8653624937320531,0.8198275957638557,none,0,0,
32258,route_partitioned,0.75,42,5,0.4,14,0,0.7476190476190476,True,0.3959750566893425,3.465585092190814,0.035678854875283446,0.0625,0.347324496809033,3.515757590493788,0.03267557067110686,0.05154639175257732,0.9523809523809523,0.9523809523809523,0.8660714285714286,0.885540095200628,0.8498378326427587,none,0,0,
32259,route_partitioned,0.75,42,5,0.4,14,0,0.7333333333333333,True,0.39158163265306123,3.4522476546474956,0.035147392290249435,0.05357142857142857,0.3675015460729747,3.4757523056976005,0.033922246584584245,0.045454545454545456,0.9523809523809523,0.9523809523809523,0.9166666666666666,0.8391998798841581,0.7899094629485468,none,0,0,
32260,route_partitioned,0.75,42,5,0.4,14,0,0.7428571428571429,True,0.4107142857142858,3.449897111899537,0.03621031746031746,0.05654761904761905,0.3729626078619368,3.49153408664304,0.03393991261654881,0.050335570469798654,0.9761904761904762,0.9761904761904762,0.8869047619047619,0.8373598226414726,0.8075045302228471,none,0,0,
32261,route_partitioned,0.75,42,5,0.4,14,0,0.7333333333333333,True,0.39710884353741505,3.4487107620753195,0.03530683106575963,0.05357142857142857,0.3731699799660966,3.4723652954359783,0.034048658895487055,0.04854368932038835,0.9523809523809523,0.9523809523809523,0.9196428571428571,0.810021656010222,0.7652289702471721,none,0,0,
32262,route_partitioned,0.75,42,5,0.4,14,0,0.7571428571428571,True,0.38336167800453524,3.4741437380476388,0.03486394557823129,0.0625,0.3484991356278486,3.5096001111823023,0.03273099587186441,0.0462046204620462,0.9523809523809523,0.9523809523809523,0.9017857142857143,0.8636554482175355,0.8189699974624879,none,0,0,
32263,route_partitioned,0.75,42,5,0.4,14,0,0.780952380952381,True,0.36139455782312924,3.512252463694762,0.03341128117913832,0.05654761904761905,0.34152020429622953,3.531103565078258,0.0323517996994696,0.0473186119873817,0.9761904761904762,0.9761904761904762,0.9434523809523809,0.8205118705390189,0.7942678383990445,none,0,0,
32264,route_partitioned,0.75,42,5,0.4,14,0,0.7666666666666667,True,0.3822278911564627,3.487966928015595,0.03466907596371882,0.0625,0.34917980570154494,3.524732535333051,0.032740125949374164,0.05016722408026756,1.0,1.0,0.8898809523809523,0.8721796183443592,0.8288437271913431,none,0,0,
32265,route_partitioned,0.75,42,5,0.4,14,0,0.7238095238095238,True,0.4134070294784582,3.440599341392087,0.03640518707482993,0.05654761904761905,0.35999329309188477,3.494716849652064,0.03352509422733584,0.045774647887323945,0.9761904761904762,0.9761904761904762,0.8452380952380952,0.8850316342113903,0.8386209293849604,none,0,0,
32266,route_partitioned,0.75,42,5,0.4,14,0,0.7,True,0.4172335600907031,3.4202331587658814,0.036688633786848064,0.0625,0.3811121764141898,3.457219989837261,0.03454799333363362,0.050335570469798654,0.9285714285714286,0.9285714285714286,0.8869047619047619,0.8454245242295845,0.8102835827167488,none,0,0,
32267,route_partitioned,0.75,42,5,0.4,14,0,0.7523809523809524,True,0.36748866213151943,3.4916800599858906,0.033765589569160995,0.05654761904761905,0.34398496240601517,3.5169103193666413,0.032461911357340716,0.049342105263157895,0.9523809523809523,0.9523809523809523,0.9047619047619048,0.8549378072907032,0.794044179320137,none,0,0,
32268,route_partitioned,0.75,42,5,0.4,14,0,0.7476190476190476,True,0.3894557823129252,3.4558230981526323,0.034828514739229016,0.05654761904761905,0.35572842998585585,3.486491311067798,0.03310132993497369,0.04950495049504951,0.9047619047619048,0.9047619047619048,0.9017857142857143,0.8683490016782258,0.8318110541719331,none,0,0,
32269,route_partitioned,0.75,42,5,0.4,14,0,0.7666666666666667,True,0.3803854875283448,3.492011407267414,0.034970238095238096,0.0744047619047619,0.33349312879514237,3.5413489847618798,0.03191297689293275,0.050335570469798654,0.9761904761904762,0.9761904761904762,0.8869047619047619,0.8716511391626108,0.837235770716039,none,0,0,
32270,route_partitioned,0.75,42,5,0.4,14,0,0.780952380952381,True,0.3677721088435375,3.51172104162291,0.033818735827664405,0.0625,0.33467805726941946,3.5468084451366964,0.0319091400757166,0.04983388704318937,1.0,1.0,0.8958333333333334,0.8784209150785368,0.8452867448559985,none,0,0,
32271,route_partitioned,0.75,42,5,0.4,14,0,0.7238095238095238,True,0.435374149659864,3.4078137505032866,0.037981859410430835,0.06547619047619048,0.3970137207425344,3.452434454075217,0.03533467394426889,0.05084745762711865,0.9523809523809523,0.9523809523809523,0.8779761904761905,0.834433902620083,0.7700883097988814,none,0,0,
32272,route_partitioned,0.75,42,5,0.4,14,0,0.780952380952381,True,0.34254535147392295,3.5277115932207903,0.032348356009070295,0.047619047619047616,0.3262589380800245,3.54345727844345,0.03159162592248568,0.04472843450479233,1.0,1.0,0.9315476190476191,0.8336046874906614,0.7971858781118285,none,0,0,
32273,route_partitioned,0.75,42,5,0.4,14,0,0.7238095238095238,True,0.4102891156462587,3.441072333977015,0.03633432539682539,0.0625,0.3707717569786537,3.4840681755425167,0.034078478002378114,0.05172413793103448,1.0,1.0,0.8630952380952381,0.872999951147999,0.8253637149036114,none,0,0,
32274,route_partitioned,0.75,42,5,0.4,14,0,0.7238095238095238,True,0.3976757369614514,3.4513198531792266,0.03557256235827664,0.05654761904761905,0.37874487543361735,3.4746574239658985,0.03451602999868427,0.04966887417218543,0.9761904761904762,0.9761904761904762,0.8988095238095238,0.8477054241251155,0.7959142478025089,none,0,0,
32275,route_partitioned,0.75,42,5,0.4,14,0,0.7380952380952381,True,0.42148526077097515,3.4378684954954983,0.03722009637188208,0.06547619047619048,0.3785228377065113,3.4876962753738048,0.03426812902031561,0.05102040816326531,0.9761904761904762,0.9761904761904762,0.875,0.8395699682266912,0.803154218139003,none,0,0,
32276,route_partitioned,0.75,42,5,0.4,14,0,0.719047619047619,True,0.41709183673469385,3.4372180280304248,0.03681264172335601,0.05952380952380952,0.3849206349206351,3.4801845998442014,0.034770447530864196,0.052083333333333336,0.9523809523809523,0.9523809523809523,0.8571428571428571,0.8533069831852261,0.7964208212813381,none,0,0,
32277,route_partitioned,0.75,42,5,0.4,14,0,0.7285714285714285,True,0.4037698412698414,3.4347438249666626,0.035856009070294785,0.0625,0.37576206953369584,3.4693318870970966,0.03413512769243663,0.04844290657439446,0.9285714285714286,0.9285714285714286,0.8601190476190477,0.8821378625168811,0.8131833189391341,none,0,0,
32278,route_partitioned,0.75,42,5,0.4,14,0,0.719047619047619,True,0.38888888888888906,3.4586067379335037,0.034987953514739226,0.050595238095238096,0.36401249024199855,3.483384832831038,0.03378661650094061,0.04918032786885246,0.9523809523809523,0.9523809523809523,0.9077380952380952,0.8423635218620492,0.7831298351759773,none,0,0,
32279,route_partitioned,0.75,42,5,0.4,14,0,0.7523809523809524,True,0.4126984126984128,3.447439657631768,0.03652919501133787,0.06845238095238096,0.37167070217917675,3.4925371408294152,0.033886814133869576,0.04745762711864407,0.9761904761904762,0.9761904761904762,0.8779761904761905,0.860332212024857,0.8335911818006488,none,0,0,
32280,route_partitioned,0.9,42,5,0.4,14,0,0.6857142857142857,True,0.4261621315192745,3.373493987159862,0.03759212018140589,0.05654761904761905,0.4101767797419973,3.3949159044812403,0.036610328743526356,0.05016722408026756,0.8809523809523809,0.8809523809523809,0.8898809523809523,0.82704741648605,0.7606924981842038,none,0,0,
32281,route_partitioned,0.9,42,5,0.4,14,1,0.680952380952381,True,0.4512471655328798,3.36162728850042,0.03899163832199545,0.0625,0.41509281678773213,3.400088315938264,0.03682849755817293,0.05084745762711865,0.9285714285714286,0.9285714285714286,0.8779761904761905,0.811706838864653,0.7665414143932398,none,0,0,
32282,route_partitioned,0.9,42,5,0.4,14,0,0.7095238095238096,True,0.4148242630385488,3.399989856561818,0.036653202947845805,0.050595238095238096,0.38813559322033897,3.4278759636294054,0.03528871014076414,0.04745762711864407,0.9047619047619048,0.9047619047619048,0.8779761904761905,0.8403874552886951,0.7911357339168982,none,0,0,
32283,route_partitioned,0.9,42,5,0.4,14,0,0.7238095238095238,True,0.40334467120181405,3.443765618908626,0.035980017006802714,0.05952380952380952,0.37591127656274237,3.471788018164195,0.03440885314433045,0.048859934853420196,0.9761904761904762,0.9761904761904762,0.9136904761904762,0.8168228347054035,0.7617172493615659,none,0,0,
32284,route_partitioned,0.9,42,5,0.4,14,0,0.719047619047619,True,0.4078798185941044,3.4140323825165115,0.036228032879818586,0.05654761904761905,0.3923124805477747,3.4331956763622644,0.03528557392455892,0.049019607843137254,0.9047619047619048,0.9047619047619048,0.9107142857142857,0.8297803105800248,0.7806544014997815,none,0,0,
32285,route_partitioned,0.9,42,5,0.4,14,0,0.7238095238095238,True,0.38917233560090714,3.4621618440994832,0.03520053854875284,0.05654761904761905,0.36691086691086694,3.484359022585204,0.034023668639053255,0.04807692307692308,1.0,1.0,0.9285714285714286,0.792820388559823,0.7568597761411332,none,0,0,
32286,route_partitioned,0.9,42,5,0.4,14,0,0.7047619047619048,True,0.4153911564625852,3.4283471416748963,0.036600056689342395,0.05952380952380952,0.38054882970137216,3.466883123695344,0.034530307382935936,0.05084745762711865,0.9523809523809523,0.9523809523809523,0.8779761904761905,0.8471771199454715,0.8017810060121845,none,0,0,
32287,route_partitioned,0.9,42,5,0.4,14,0,0.7142857142857143,True,0.40192743764172345,3.444029799467571,0.035785147392290245,0.0625,0.3705013358478706,3.475840208532956,0.03397270420111318,0.04950495049504951,0.9523809523809523,0.9523809523809523,0.9017857142857143,0.8437151805541644,0.8056067709894076,none,0,0,
32288,route_partitioned,0.9,42,5,0.4,14,0,0.719047619047619,True,0.39640022675736963,3.4436588774835823,0.03562570861678005,0.050595238095238096,0.3729128014842302,3.468043593148921,0.034428234103558775,0.045454545454545456,0.9523809523809523,0.9523809523809523,0.9166666666666666,0.7932600721495654,0.721311525745416,none,0,0,
32289,route_partitioned,0.9,42,5,0.4,14,0,0.6761904761904762,True,0.4484126984126986,3.379033766604654,0.038779053287981854,0.06845238095238096,0.40540323873657225,3.4249955222190636,0.03585801902300219,0.050505050505050504,0.9047619047619048,0.9047619047619048,0.8839285714285714,0.7989916682339219,0.7544224593746679,none,0,0,
32290,route_partitioned,0.9,42,5,0.4,14,0,0.7,True,0.42729591836734704,3.4063617474279284,0.03720238095238096,0.05952380952380952,0.3859691033604078,3.445935972160251,0.03484301070457825,0.05016722408026756,0.9285714285714286,0.9285714285714286,0.8898809523809523,0.8235282926581068,0.7539213190126679,none,0,0,
32291,route_partitioned,0.9,42,5,0.4,14,0,0.6857142857142857,True,0.45918367346938793,3.363602318576603,0.03959396258503401,0.06845238095238096,0.40656193748977265,3.4196551417023495,0.03598209751892396,0.05154639175257732,0.9047619047619048,0.9047619047619048,0.8660714285714286,0.8239209480181336,0.7755324691855083,none,0,0,
32292,route_partitioned,0.9,42,5,0.4,14,0,0.7238095238095238,True,0.4244614512471656,3.414966223090071,0.037007511337868476,0.0625,0.39434022767356103,3.4505303990795637,0.03506444920586335,0.050505050505050504,0.9285714285714286,0.9285714285714286,0.8839285714285714,0.8399552993720544,0.7836506070015338,none,0,0,
32293,route_partitioned,0.9,42,5,0.4,14,0,0.7333333333333333,True,0.3842120181405897,3.4636949640600907,0.034987953514739226,0.0625,0.3562211981566821,3.4896761987112894,0.03350676378772112,0.04838709677419355,0.9761904761904762,0.9761904761904762,0.9226190476190477,0.7958302870889984,0.7631873449282409,none,0,0,
32294,route_partitioned,0.9,42,5,0.4,14,0,0.6428571428571429,True,0.4737811791383222,3.2884371281105818,0.04090490362811791,0.06845238095238096,0.44308943089430897,3.321351434832271,0.038740302783814295,0.05226480836236934,0.8095238095238095,0.8095238095238095,0.8541666666666666,0.8353626028422978,0.7711354474437749,none,0,0,
32295,route_partitioned,0.9,42,5,0.4,14,0,0.7047619047619048,True,0.4392006802721089,3.3907967122912366,0.03808815192743764,0.05357142857142857,0.4075727513227514,3.4315810471265777,0.03602430555555557,0.052083333333333336,0.9285714285714286,0.9285714285714286,0.8571428571428571,0.8510057359620588,0.7924244980639017,none,0,0,
32296,route_partitioned,0.9,42,5,0.4,14,0,0.7,True,0.43523242630385495,3.378528925203908,0.0376984126984127,0.05654761904761905,0.4103360407708234,3.4055165303221315,0.036185277569602124,0.05016722408026756,0.8571428571428571,0.8571428571428571,0.8898809523809523,0.8247265491100807,0.7800963713969646,none,0,0,
32297,route_partitioned,0.9,42,5,0.4,14,0,0.7380952380952381,True,0.40575396825396837,3.4430598121781277,0.035944586167800455,0.05357142857142857,0.3752986144290493,3.4757317177042117,0.03430610395856869,0.05016722408026756,1.0,1.0,0.8898809523809523,0.8617857090573443,0.8169004821438647,none,0,0,
32298,route_partitioned,0.9,42,5,0.4,14,1,0.6952380952380952,True,0.4122732426303857,3.4099269279714517,0.03635204081632652,0.05654761904761905,0.3769031422092648,3.4419616256075036,0.03466148364107548,0.047619047619047616,0.9047619047619048,0.9047619047619048,0.875,0.8706839390361055,0.7940253553824936,none,0,0,
32299,route_partitioned,0.9,42,5,0.4,14,0,0.7142857142857143,True,0.3900226757369616,3.437271307684437,0.03504109977324263,0.047619047619047616,0.3718419843821774,3.4548292193334245,0.03417044902347992,0.04501607717041801,0.9047619047619048,0.9047619047619048,0.9255952380952381,0.8300115020985483,0.8047669281301623,none,0,0,
32300,route_partitioned,0.9,42,5,0.4,14,0,0.7285714285714285,True,0.4172335600907031,3.426857282577731,0.036564625850340135,0.05952380952380952,0.37730158730158747,3.4661688576394423,0.03424444444444445,0.05,0.9285714285714286,0.9285714285714286,0.8928571428571429,0.8373661543597368,0.8087367827083386,none,0,0,
32301,route_partitioned,0.9,42,5,0.4,14,0,0.7238095238095238,True,0.40121882086167804,3.4304612378311683,0.035944586167800455,0.0625,0.3807977736549166,3.4533157339652947,0.03463906223646483,0.048701298701298704,0.9285714285714286,0.9285714285714286,0.9166666666666666,0.8487806567403097,0.7961620185106285,none,0,0,
32302,route_partitioned,0.9,42,5,0.4,14,0,0.6904761904761905,True,0.4443027210884354,3.361478603937646,0.03835388321995464,0.05952380952380952,0.41459797033567525,3.390375961515224,0.03656006449879065,0.04918032786885246,0.8571428571428571,0.8571428571428571,0.9077380952380952,0.7817295247135226,0.7448431446164445,none,0,0,
32303,route_partitioned,0.9,42,5,0.4,14,0,0.7047619047619048,True,0.3901643990929706,3.433519229625835,0.035235969387755105,0.05357142857142857,0.3827361563517917,3.4466912325588006,0.03468471814024553,0.048859934853420196,0.9047619047619048,0.9047619047619048,0.9136904761904762,0.8426588050412515,0.8007154272923599,none,0,0,
32304,route_partitioned,0.9,42,5,0.4,14,0,0.7476190476190476,True,0.37414965986394577,3.493264384859394,0.03404903628117914,0.05654761904761905,0.34976958525345636,3.5170757900265084,0.03281997918834547,0.04838709677419355,1.0,1.0,0.9226190476190477,0.8347377699754528,0.7967156967810217,none,0,0,
32305,route_partitioned,0.9,42,5,0.4,14,0,0.7095238095238096,True,0.4261621315192745,3.4109063685283987,0.03739725056689342,0.06845238095238096,0.3951450286955174,3.443167689256288,0.03540621120648495,0.048859934853420196,0.9523809523809523,0.9523809523809523,0.9136904761904762,0.7705706872484335,0.7410688751289674,none,0,0,
32306,route_partitioned,0.9,42,5,0.4,14,0,0.6952380952380952,True,0.43183106575963737,3.385823303840651,0.03764526643990929,0.05952380952380952,0.39682539682539697,3.4195466689261638,0.03566666666666668,0.05,0.9047619047619048,0.9047619047619048,0.8928571428571429,0.8100793497247186,0.7584675017587785,none,0,0,
32307,route_partitioned,0.9,42,5,0.4,14,0,0.7047619047619048,True,0.42148526077097515,3.4083596175755697,0.03695436507936507,0.05952380952380952,0.3913146654010442,3.4395321697729258,0.03519828699462479,0.04983388704318937,0.9285714285714286,0.9285714285714286,0.8958333333333334,0.8235366408493691,0.7685845197485506,none,0,0,
32308,route_partitioned,0.9,42,5,0.4,14,0,0.7238095238095238,True,0.4016439909297054,3.4389521189465038,0.035749716553287986,0.05357142857142857,0.3827361563517917,3.4610726512548924,0.03468471814024552,0.048859934853420196,0.9523809523809523,0.9523809523809523,0.9136904761904762,0.8278289928601495,0.7852661359310281,none,0,0,
32309,route_partitioned,0.9,42,5,0.4,14,0,0.7238095238095238,True,0.4148242630385488,3.425784124628222,0.03642290249433106,0.05357142857142857,0.38606003457488614,3.456491947574234,0.03477872539729221,0.04950495049504951,0.9285714285714286,0.9285714285714286,0.9017857142857143,0.8263633255543749,0.7837662369598069,none,0,0,
32310,route_partitioned,0.98,42,5,0.4,14,0,0.6619047619047619,True,0.4336734693877551,3.359181420721895,0.03814129818594104,0.0625,0.4080841638981174,3.384635335453958,0.03667729936755665,0.046511627906976744,0.8809523809523809,0.8809523809523809,0.8958333333333334,0.8161130096419088,0.7646502727346052,none,0,0,
32311,route_partitioned,0.98,42,5,0.4,14,0,0.6666666666666666,True,0.43664965986394577,3.376675083932685,0.03805272108843537,0.05654761904761905,0.41400375939849643,3.401472637668515,0.03676852493074792,0.049342105263157895,0.9285714285714286,0.9285714285714286,0.9047619047619048,0.7814905068061471,0.7238339632150371,none,0,0,
32312,route_partitioned,0.98,42,5,0.4,14,0,0.6952380952380952,True,0.4274376417233561,3.383884474554775,0.037609835600907034,0.06547619047619048,0.3925396825396825,3.4178895521135257,0.035488888888888896,0.04666666666666667,0.8809523809523809,0.8809523809523809,0.8928571428571429,0.8257815604210625,0.7585291725740008,none,0,0,
32313,route_partitioned,0.98,42,5,0.4,14,0,0.7,True,0.4281462585034015,3.396771951646147,0.03743268140589569,0.05654761904761905,0.3968769325912185,3.4257167055921687,0.03571428571428571,0.048701298701298704,0.9523809523809523,0.9523809523809523,0.9166666666666666,0.7800532819379042,0.7398992112655675,none,0,0,
32314,route_partitioned,0.98,42,5,0.4,14,0,0.6904761904761905,True,0.43735827664399096,3.397959812503184,0.03792871315192743,0.05654761904761905,0.4006486315456417,3.435356935419252,0.03577223209456849,0.04983388704318937,0.9523809523809523,0.9523809523809523,0.8958333333333334,0.7986899534241382,0.7422104077396418,none,0,0,
32315,route_partitioned,0.98,42,5,0.4,14,0,0.7238095238095238,True,0.3820861678004537,3.439227793889908,0.034970238095238096,0.050595238095238096,0.3724053724053724,3.4517704130749136,0.03447567389875082,0.04807692307692308,0.9285714285714286,0.9285714285714286,0.9285714285714286,0.8116355190841363,0.7599893757927331,none,0,0,
32316,route_partitioned,0.98,42,5,0.4,14,0,0.6571428571428571,True,0.4859693877551021,3.303421132567523,0.04187925170068027,0.0744047619047619,0.4337692823608317,3.362982479572044,0.037914104344376115,0.0528169014084507,0.8571428571428571,0.8571428571428571,0.8452380952380952,0.8195512151818032,0.7557461193266216,none,0,0,
32317,route_partitioned,0.98,42,5,0.4,14,0,0.6761904761904762,True,0.42701247165532896,3.3651642112536244,0.03746811224489795,0.05952380952380952,0.4065021357380163,3.3856510721810493,0.0363682520060485,0.04983388704318937,0.8571428571428571,0.8571428571428571,0.8958333333333334,0.820864813165943,0.7687967413505618,none,0,0,
32318,route_partitioned,0.98,42,5,0.4,14,0,0.719047619047619,True,0.4016439909297054,3.452015318841613,0.03573200113378685,0.05654761904761905,0.3758881330309902,3.4766913913764546,0.034275636180398084,0.047619047619047616,0.9761904761904762,0.9761904761904762,0.9375,0.7618648261786696,0.7494613288669361,none,0,0,
32319,route_partitioned,0.98,42,5,0.4,14,0,0.6904761904761905,True,0.43013038548752847,3.3913185829114583,0.03746811224489796,0.05357142857142857,0.40125816212772736,3.4215514822260036,0.03587208196776324,0.046822742474916385,0.9285714285714286,0.9285714285714286,0.8898809523809523,0.8187026980613022,0.7704879489668292,none,0,0,
32320,route_partitioned,0.98,42,5,0.4,14,0,0.7095238095238096,True,0.41808390022675734,3.41440509170326,0.03661777210884353,0.0625,0.3909570342795099,3.441638288663268,0.03493936275185944,0.048859934853420196,0.9047619047619048,0.9047619047619048,0.9136904761904762,0.8098040164785404,0.7725085035362326,none,0,0,
32321,route_partitioned,0.98,42,5,0.4,14,0,0.7047619047619048,True,0.41836734693877564,3.4174351728909347,0.036812641723356,0.050595238095238096,0.39437519974432744,3.448741570402288,0.03531372460699969,0.050335570469798654,0.9285714285714286,0.9285714285714286,0.8869047619047619,0.837221304997411,0.7744791140173825,none,0,0,
32322,route_partitioned,0.98,42,5,0.4,14,0,0.6952380952380952,True,0.41950113378684817,3.402147517005761,0.03702522675736962,0.05952380952380952,0.3996598639455784,3.423781018089722,0.03590403103390116,0.048701298701298704,0.9523809523809523,0.9523809523809523,0.9166666666666666,0.7815312547845482,0.7312587000732735,none,0,0,
32323,route_partitioned,0.98,42,5,0.4,14,0,0.680952380952381,True,0.425028344671202,3.370955885263476,0.03743268140589569,0.05952380952380952,0.39906660338554034,3.3951482228614385,0.03605920464454034,0.04983388704318937,0.8571428571428571,0.8571428571428571,0.8958333333333334,0.8321167018004759,0.7616532888980357,none,0,0,
32324,route_partitioned,0.98,42,5,0.4,14,0,0.680952380952381,True,0.45138888888888906,3.3539980474788713,0.03888534580498866,0.0625,0.413900913900914,3.3914377544514296,0.03656089514675374,0.050505050505050504,0.8571428571428571,0.8571428571428571,0.8839285714285714,0.8084644082439851,0.7594224389072578,none,0,0,
32325,route_partitioned,0.98,42,5,0.4,14,0,0.6714285714285714,True,0.45578231292517013,3.3357414495748805,0.039221938775510196,0.06547619047619048,0.41818472355385117,3.371332657959127,0.03689023016981216,0.050335570469798654,0.8095238095238095,0.8095238095238095,0.8869047619047619,0.8075054541808672,0.767393150194949,none,0,0,
32326,route_partitioned,0.98,42,5,0.4,14,0,0.7142857142857143,True,0.40235260770975056,3.418206178011677,0.03599773242630385,0.05952380952380952,0.3761904761904762,3.4418961850025283,0.03471109916689062,0.04918032786885246,0.9047619047619048,0.9047619047619048,0.9077380952380952,0.8178307973876682,0.7815872009097012,none,0,0,
32327,route_partitioned,0.98,42,5,0.4,14,0,0.6857142857142857,True,0.42389455782312924,3.3865723144396087,0.037450396825396824,0.06845238095238096,0.3933782267115602,3.4189255152024693,0.035517917672799826,0.04713804713804714,0.8809523809523809,0.8809523809523809,0.8839285714285714,0.8370493827877826,0.7466945277804825,none,0,0,
32328,route_partitioned,0.98,42,5,0.4,14,0,0.6952380952380952,True,0.4481292517006803,3.3837868262122495,0.0389030612244898,0.06547619047619048,0.40022675736961455,3.4353815366031135,0.035679577953630436,0.05102040816326531,0.9285714285714286,0.9285714285714286,0.875,0.8226708956538945,0.785175538417442,none,0,0,
32329,route_partitioned,0.98,42,5,0.4,14,0,0.7095238095238096,True,0.39299886621315205,3.433270738155576,0.03541312358276644,0.047619047619047616,0.37867358164387865,3.452933838654619,0.03460445054406431,0.04950495049504951,0.9285714285714286,0.9285714285714286,0.9017857142857143,0.8411676375038457,0.7611181067752427,none,0,0,
32330,route_partitioned,0.98,42,5,0.4,14,0,0.680952380952381,True,0.42318594104308405,3.3867380136801035,0.03707837301587301,0.050595238095238096,0.39875019775352016,3.4112846425923595,0.03579430690610479,0.04983388704318937,0.8809523809523809,0.8809523809523809,0.8958333333333334,0.8246291918970533,0.7711404243337978,none,0,0,
32331,route_partitioned,0.98,42,5,0.4,14,0,0.7,True,0.4185090702947847,3.4143975721778768,0.03681264172335601,0.050595238095238096,0.395669594698721,3.438201346195421,0.035598705501618116,0.04854368932038835,0.9523809523809523,0.9523809523809523,0.9196428571428571,0.7975754996738078,0.7500737433633278,none,0,0,
32332,route_partitioned,0.98,42,5,0.4,14,0,0.680952380952381,True,0.4471371882086168,3.3632310410791124,0.03861961451247165,0.05952380952380952,0.42335290280495763,3.39423082087019,0.037061362356914984,0.05136986301369863,0.9047619047619048,0.9047619047619048,0.8690476190476191,0.83708927450455,0.7733534062225086,none,0,0,
32333,route_partitioned,0.98,42,5,0.4,14,0,0.6619047619047619,True,0.44586167800453524,3.3416198853219408,0.0389030612244898,0.06547619047619048,0.4197994987468672,3.367271813999398,0.037331198060941824,0.049342105263157895,0.8809523809523809,0.8809523809523809,0.9047619047619048,0.7658820895228867,0.7086416770717093,none,0,0,
32334,route_partitioned,0.98,42,5,0.4,14,0,0.680952380952381,True,0.435374149659864,3.3775059127304283,0.03796414399092969,0.0625,0.4061857301059959,3.4074497789582714,0.036213728325294424,0.04983388704318937,0.9047619047619048,0.9047619047619048,0.8958333333333334,0.809907473824664,0.7496726340780001,none,0,0,
32335,route_partitioned,0.98,42,5,0.4,14,0,0.680952380952381,True,0.44146825396825395,3.355575004913244,0.03853103741496597,0.06547619047619048,0.4123623390724369,3.3816505664285588,0.036849197338963816,0.048859934853420196,0.8809523809523809,0.8809523809523809,0.9136904761904762,0.7908259621912856,0.756371780790595,none,0,0,
32336,route_partitioned,0.98,42,5,0.4,14,0,0.6857142857142857,True,0.44685374149659873,3.3601315977037722,0.03851332199546485,0.05952380952380952,0.41764890774791774,3.3901121280212467,0.03669574878279906,0.04950495049504951,0.8333333333333334,0.8333333333333334,0.9017857142857143,0.780151140361775,0.7408532439869858,none,0,0,
32337,route_partitioned,0.98,42,5,0.4,14,0,0.6952380952380952,True,0.4217687074829932,3.391864576901945,0.037166950113378686,0.05952380952380952,0.39445262641138945,3.422714302806818,0.03562782678522927,0.05154639175257732,0.9285714285714286,0.9285714285714286,0.8660714285714286,0.8532408893015635,0.7838793012505642,none,0,0,
32338,route_partitioned,0.98,42,5,0.4,14,0,0.6857142857142857,True,0.4440192743764173,3.3639302332201946,0.03860189909297052,0.06845238095238096,0.40327380952380953,3.4070416658254064,0.03590374228395062,0.052083333333333336,0.8571428571428571,0.8571428571428571,0.8571428571428571,0.8549439908067827,0.7993223357857104,none,0,0,
32339,route_partitioned,0.98,42,5,0.4,14,0,0.680952380952381,True,0.44075963718820876,3.3644651586348195,0.03844246031746032,0.05357142857142857,0.42214912280701755,3.3889716522626303,0.037222991689750684,0.049342105263157895,0.9047619047619048,0.9047619047619048,0.9047619047619048,0.7730204190406883,0.7164264926516255,none,0,0,
32340,low_exposure_challenger,0.0,42,5,0.4,14,0,0.9904761904761905,False,0.22052154195011342,3.6584262750289254,0.027352607709750565,0.03869047619047619,0.1387726638772664,3.703836924139157,0.02533218956250766,0.03765690376569038,1.0,1.0,0.7113095238095238,0.9945048501488621,0.9860433775558847,low_exposure,13,80,0.1625
32341,low_exposure_challenger,0.0,42,5,0.4,14,0,0.9952380952380953,False,0.23270975056689358,3.649707709625537,0.02836238662131519,0.05654761904761905,0.11634856371698477,3.714926630760101,0.02486518382533725,0.032388663967611336,1.0,1.0,0.7351190476190477,0.9920125105907864,0.9815487007301466,low_exposure,13,80,0.1625
32342,low_exposure_challenger,0.0,42,5,0.4,14,0,0.9857142857142858,False,0.27168367346938793,3.6143890132987164,0.029319019274376416,0.050595238095238096,0.18732782369146017,3.6721454703350673,0.026535072740933,0.0371900826446281,1.0,1.0,0.7202380952380952,0.9913786828583552,0.9786178292811489,low_exposure,21,80,0.2625
32343,low_exposure_challenger,0.0,42,5,0.4,14,0,0.9904761904761905,False,0.24022108843537415,3.6455138075448,0.02818523242630385,0.050595238095238096,0.12778124350176756,3.7080307893530233,0.025152075665986536,0.034934497816593885,1.0,1.0,0.6815476190476191,0.9969829451971947,0.9899693341484417,low_exposure,14,80,0.175
32344,low_exposure_challenger,0.0,42,5,0.4,14,0,1.0,False,0.267715419501134,3.6232338818528294,0.029035572562358277,0.044642857142857144,0.15428144351911177,3.693403207707426,0.025840053087735525,0.04484304932735426,1.0,1.0,0.6636904761904762,0.9975237207969014,0.9921516060486034,low_exposure,17,80,0.2125
32345,low_exposure_challenger,0.0,42,5,0.4,14,0,0.9904761904761905,False,0.24248866213151943,3.6409773152561336,0.0285749716553288,0.05952380952380952,0.13465045592705183,3.702740788275575,0.0254051607062019,0.03829787234042553,1.0,1.0,0.6994047619047619,0.9948043620208212,0.9881273606388028,low_exposure,16,80,0.2
32346,low_exposure_challenger,0.0,42,5,0.4,14,0,0.9904761904761905,False,0.2708333333333335,3.6216367718271703,0.02928358843537415,0.050595238095238096,0.16809728183118744,3.6909156354455486,0.02599053215200133,0.03862660944206009,1.0,1.0,0.6934523809523809,0.9958869049723119,0.9861059126215483,low_exposure,17,80,0.2125
32347,low_exposure_challenger,0.0,42,5,0.4,14,1,0.9857142857142858,False,0.24348072562358292,3.637886684923397,0.028149801587301588,0.044642857142857144,0.156728778467909,3.6930022228915815,0.025746691871455576,0.034782608695652174,1.0,1.0,0.6845238095238095,0.9954690413913401,0.987888309400858,low_exposure,19,80,0.2375
32348,low_exposure_challenger,0.0,42,5,0.4,14,0,1.0,False,0.21074263038548757,3.665065677163366,0.027069160997732426,0.041666666666666664,0.14196054991034068,3.7018313124418243,0.025472243132998368,0.03765690376569038,1.0,1.0,0.7113095238095238,0.9933595309012188,0.9851714473123252,low_exposure,12,80,0.15
32349,low_exposure_challenger,0.0,42,5,0.4,14,0,0.9952380952380953,False,0.24348072562358292,3.6346656535036717,0.028202947845804988,0.044642857142857144,0.15629629629629638,3.687525308873236,0.025896296296296303,0.04,1.0,1.0,0.6696428571428571,0.9956358436891847,0.9883952355903954,low_exposure,18,80,0.225
32350,low_exposure_challenger,0.0,42,5,0.4,14,0,1.0,False,0.22619047619047628,3.656966673950529,0.027689200680272107,0.047619047619047616,0.11337386018237083,3.714633984399879,0.024861928474422812,0.03404255319148936,1.0,1.0,0.6994047619047619,0.9948368579768161,0.9898609479061102,low_exposure,11,80,0.1375
32351,low_exposure_challenger,0.0,42,5,0.4,14,0,0.9857142857142858,False,0.2850056689342404,3.5984563910799574,0.029992205215419496,0.047619047619047616,0.15779220779220782,3.6787890165201618,0.02595041322314049,0.03636363636363636,0.9761904761904762,0.9761904761904762,0.6547619047619048,0.9972856696775819,0.9914696813536691,low_exposure,21,80,0.2625
32352,low_exposure_challenger,0.0,42,5,0.4,14,0,1.0,False,0.2413548752834469,3.641424043487248,0.02816751700680272,0.050595238095238096,0.13121460037759602,3.701872336556951,0.025325544838828616,0.03524229074889868,1.0,1.0,0.6755952380952381,0.9961185150281424,0.991352369102434,low_exposure,17,80,0.2125
32353,low_exposure_challenger,0.0,42,5,0.4,14,0,0.9809523809523809,False,0.23809523809523814,3.645531320125921,0.02793721655328798,0.041666666666666664,0.1339668914776211,3.7027464750459216,0.02536425426882057,0.03862660944206009,1.0,1.0,0.6934523809523809,0.9945294355493094,0.9863556456163233,low_exposure,16,80,0.2
32354,low_exposure_challenger,0.0,42,5,0.4,14,0,0.9904761904761905,False,0.2321428571428572,3.6512796741012976,0.02770691609977324,0.041666666666666664,0.1449668474984931,3.7014063040327527,0.025476686428456977,0.0379746835443038,1.0,1.0,0.7053571428571429,0.9948930149187253,0.9860588403365339,low_exposure,17,80,0.2125
32355,low_exposure_challenger,0.0,42,5,0.4,14,0,0.9904761904761905,False,0.27451814058956914,3.6170479055739384,0.02935445011337868,0.050595238095238096,0.14419225634178923,3.699046822920613,0.025504410865577778,0.037383177570093455,1.0,1.0,0.6369047619047619,0.9986522680484837,0.993152582328659,low_exposure,22,80,0.275
32356,low_exposure_challenger,0.0,42,5,0.4,14,0,0.9952380952380953,False,0.2365362811791385,3.6481749406223463,0.028061224489795915,0.047619047619047616,0.11511387163561082,3.712338591383937,0.02491493383742911,0.030434782608695653,1.0,1.0,0.6845238095238095,0.996182436659303,0.9922494503999709,low_exposure,13,80,0.1625
32357,low_exposure_challenger,0.0,42,5,0.4,14,0,0.9904761904761905,False,0.2799036281179139,3.606625283170538,0.02995677437641723,0.05952380952380952,0.17570825798673906,3.6775062611232165,0.026331250333814022,0.0379746835443038,1.0,1.0,0.7053571428571429,0.993125047359903,0.9819896983717727,low_exposure,19,80,0.2375
32358,low_exposure_challenger,0.0,42,5,0.4,14,0,1.0,False,0.2620464852607711,3.6233811133369684,0.028982426303854874,0.047619047619047616,0.1541900603035975,3.68874544296717,0.025838561430941438,0.039301310043668124,1.0,1.0,0.6815476190476191,0.9961579270425974,0.9882063436432018,low_exposure,17,80,0.2125
32359,low_exposure_challenger,0.0,42,5,0.4,14,0,1.0,False,0.26729024943310664,3.6120705923634886,0.029620181405895687,0.05952380952380952,0.1515430206417332,3.6821736334216664,0.025843172650076445,0.03862660944206009,0.9761904761904762,0.9761904761904762,0.6934523809523809,0.9946908749810218,0.9893004351470654,low_exposure,17,80,0.2125
32360,low_exposure_challenger,0.0,42,5,0.4,14,0,1.0,False,0.2640306122448981,3.625107976760297,0.028893849206349204,0.044642857142857144,0.16607142857142865,3.6879045738906986,0.025937500000000002,0.0375,1.0,1.0,0.7142857142857143,0.9912156601489722,0.9820764537819578,low_exposure,21,80,0.2625
32361,low_exposure_challenger,0.0,42,5,0.4,14,0,0.9952380952380953,False,0.25085034013605445,3.632756651130096,0.028911564625850338,0.05952380952380952,0.15570830842797379,3.695206389349139,0.02571733688135712,0.03765690376569038,1.0,1.0,0.7113095238095238,0.9928562950642665,0.9827711012215771,low_exposure,15,80,0.1875
32362,low_exposure_challenger,0.0,42,5,0.4,14,0,1.0,False,0.23370181405895707,3.643653658584928,0.02793721655328798,0.047619047619047616,0.1502463054187193,3.693234010649107,0.025713436385255646,0.03879310344827586,1.0,1.0,0.6904761904761905,0.9961700160937693,0.9903266056082224,low_exposure,16,80,0.2
32363,low_exposure_challenger,0.0,42,5,0.4,14,0,0.9904761904761905,False,0.23738662131519273,3.6469164780019794,0.028025793650793645,0.047619047619047616,0.1460249335785817,3.7017436154326404,0.02547477389526423,0.03862660944206009,1.0,1.0,0.6934523809523809,0.9961930856117264,0.9885786878644397,low_exposure,15,80,0.1875
32364,low_exposure_challenger,0.0,42,5,0.4,14,0,1.0,False,0.23781179138322006,3.634281802253059,0.028645833333333332,0.05952380952380952,0.1576523613560652,3.6863032035903913,0.025961489610323626,0.0411522633744856,1.0,1.0,0.7232142857142857,0.9924369500071157,0.984306364015428,low_exposure,15,80,0.1875
32365,low_exposure_challenger,0.0,42,5,0.4,14,0,0.9952380952380953,False,0.23767006802721102,3.6466241401871606,0.027990362811791382,0.047619047619047616,0.14059934318555012,3.7015121444944716,0.02545332936979786,0.03879310344827586,1.0,1.0,0.6904761904761905,0.9958735271597362,0.9902020514668607,low_exposure,14,80,0.175
32366,low_exposure_challenger,0.0,42,5,0.4,14,0,1.0,False,0.2060657596371882,3.665564211834879,0.02714002267573696,0.050595238095238096,0.1450892857142858,3.700309864654386,0.025482177734375,0.0390625,1.0,1.0,0.7619047619047619,0.9906463605773698,0.9799701206849085,low_exposure,11,80,0.1375
32367,low_exposure_challenger,0.0,42,5,0.4,14,0,0.9809523809523809,False,0.2633219954648527,3.623533328654622,0.028876133786848075,0.044642857142857144,0.14774659863945594,3.6935529726106338,0.025669642857142856,0.03571428571428571,1.0,1.0,0.6666666666666666,0.9962704077252073,0.9894144017889334,low_exposure,16,80,0.2
32368,low_exposure_challenger,0.0,42,5,0.4,14,0,1.0,False,0.2423469387755104,3.6422486003802192,0.028273809523809527,0.047619047619047616,0.1473401075911538,3.697268477045194,0.025612296703489083,0.04184100418410042,1.0,1.0,0.7113095238095238,0.9945645521360827,0.9872143853436123,low_exposure,15,80,0.1875
32369,low_exposure_challenger,0.0,42,5,0.4,14,0,0.9904761904761905,False,0.2423469387755104,3.643682521250975,0.028149801587301584,0.047619047619047616,0.13233190271816886,3.7040451136521635,0.025290574517858128,0.03862660944206009,1.0,1.0,0.6934523809523809,0.9957372795590828,0.9893617243096821,low_exposure,14,80,0.175
32370,low_exposure_challenger,0.25,42,5,0.4,14,0,0.9809523809523809,False,0.3008786848072562,3.58704942641169,0.030505952380952377,0.05357142857142857,0.24534903567161637,3.6316328082159113,0.02822420061407227,0.03942652329749104,1.0,1.0,0.8303571428571429,0.9559915548916682,0.9286520699883497,low_exposure,25,80,0.3125
32371,low_exposure_challenger,0.25,42,5,0.4,14,0,0.9809523809523809,False,0.28543083900226773,3.6067671364950056,0.0298327664399093,0.050595238095238096,0.20826694990263772,3.6632504174672236,0.02704495515540139,0.040892193308550186,1.0,1.0,0.8005952380952381,0.9747360802601408,0.9557353664522176,low_exposure,20,80,0.25
32372,low_exposure_challenger,0.25,42,5,0.4,14,0,0.9809523809523809,False,0.2903911564625852,3.5978432979062593,0.029956774376417236,0.050595238095238096,0.21318257032542753,3.6535072416089722,0.027354988744950137,0.04633204633204633,1.0,1.0,0.7708333333333334,0.978233721300671,0.9539369165366028,low_exposure,26,80,0.325
32373,low_exposure_challenger,0.25,42,5,0.4,14,0,0.9714285714285714,False,0.2628968253968256,3.6140976757214966,0.028893849206349208,0.03869047619047619,0.22167784081141484,3.6469069286491242,0.02751241382006803,0.039711191335740074,1.0,1.0,0.8244047619047619,0.9596618953160495,0.9322687591475937,low_exposure,22,80,0.275
32374,low_exposure_challenger,0.25,42,5,0.4,14,0,0.9666666666666667,False,0.2872732426303857,3.606573563342451,0.02981505102040816,0.047619047619047616,0.22514937533948953,3.6567574180865132,0.027570154259856292,0.045627376425855515,1.0,1.0,0.7827380952380952,0.9769086844888267,0.9551910357398019,low_exposure,22,80,0.275
32375,low_exposure_challenger,0.25,42,5,0.4,14,0,0.9904761904761905,False,0.2732426303854876,3.6110001343971185,0.029230442176870746,0.044642857142857144,0.22627737226277378,3.6485570122492668,0.0275986999840162,0.040145985401459854,1.0,1.0,0.8154761904761905,0.9684911634324234,0.9468263231421351,low_exposure,25,80,0.3125
32376,low_exposure_challenger,0.25,42,5,0.4,14,0,0.9904761904761905,False,0.24744897959183687,3.6375689124586277,0.028521825396825396,0.050595238095238096,0.16374749133369826,3.6888337966344498,0.025909778188811086,0.038314176245210725,1.0,1.0,0.7767857142857143,0.9849514124707176,0.9712917348359706,low_exposure,13,80,0.1625
32377,low_exposure_challenger,0.25,42,5,0.4,14,0,0.9809523809523809,False,0.2772108843537415,3.616455965237964,0.029496173469387755,0.050595238095238096,0.22167784081141484,3.6590948709619826,0.027486348056145655,0.04693140794223827,1.0,1.0,0.8244047619047619,0.9636835748250218,0.9426441542287659,low_exposure,19,80,0.2375
32378,low_exposure_challenger,0.25,42,5,0.4,14,0,0.9857142857142858,False,0.29691043083900226,3.571461490531215,0.03036422902494331,0.05357142857142857,0.25420694593626925,3.607424302092148,0.028718412572785346,0.045112781954887216,0.9523809523809523,0.9523809523809523,0.7916666666666666,0.9691140354105698,0.94635360150053,low_exposure,31,80,0.3875
32379,low_exposure_challenger,0.25,42,5,0.4,14,0,0.9904761904761905,False,0.28387188208616787,3.600692431741399,0.029815051020408163,0.05357142857142857,0.21961620469083165,3.6482698425921574,0.02745600356426821,0.041044776119402986,1.0,1.0,0.7976190476190477,0.9747204658887196,0.9498560836067013,low_exposure,25,80,0.3125
32380,low_exposure_challenger,0.25,42,5,0.4,14,0,0.9904761904761905,False,0.3113662131519275,3.569147483169953,0.030842545351473922,0.050595238095238096,0.26281352235550726,3.6119160071352048,0.0289901520890391,0.04961832061068702,1.0,1.0,0.7797619047619048,0.9683544893815612,0.9386310453803332,low_exposure,30,80,0.375
32381,low_exposure_challenger,0.25,42,5,0.4,14,0,0.9857142857142858,False,0.2767857142857144,3.6139525632571234,0.029921343537414963,0.0625,0.1995073891625616,3.672786339813461,0.026819923371647503,0.0421455938697318,1.0,1.0,0.7767857142857143,0.9818670385881912,0.9589527947907599,low_exposure,20,80,0.25
32382,low_exposure_challenger,0.25,42,5,0.4,14,0,0.9857142857142858,False,0.26658163265306123,3.620754088084599,0.02915958049886621,0.05357142857142857,0.20096697682904585,3.6685774195482956,0.02684928289367449,0.038314176245210725,1.0,1.0,0.7767857142857143,0.9802121141626747,0.964546336144995,low_exposure,18,80,0.225
32383,low_exposure_challenger,0.25,42,5,0.4,14,0,0.9619047619047619,False,0.3259637188208617,3.563004329029842,0.03171060090702947,0.05654761904761905,0.25004492362982944,3.626415501179738,0.02843716625133499,0.04150943396226415,1.0,1.0,0.7886904761904762,0.9616531940597052,0.9377482831461363,low_exposure,28,80,0.35
32384,low_exposure_challenger,0.25,42,5,0.4,14,0,0.9714285714285714,False,0.3368764172335601,3.552739330732556,0.03220663265306122,0.05654761904761905,0.25196850393700787,3.627393715888402,0.028458056916113833,0.04330708661417323,1.0,1.0,0.7559523809523809,0.9737158662419853,0.9454903590120721,low_exposure,29,80,0.3625
32385,low_exposure_challenger,0.25,42,5,0.4,14,0,0.9952380952380953,False,0.2675736961451247,3.622918966838602,0.029195011337868476,0.050595238095238096,0.2057387057387059,3.6662003070766733,0.027090125991224893,0.047619047619047616,1.0,1.0,0.8125,0.9742343289371109,0.9544717196896125,low_exposure,18,80,0.225
32386,low_exposure_challenger,0.25,42,5,0.4,14,0,0.9714285714285714,False,0.28032879818594103,3.60054077207639,0.029513888888888885,0.041666666666666664,0.23539159253444986,3.6375749711426297,0.027895181741335588,0.040293040293040296,0.9761904761904762,0.9761904761904762,0.8125,0.9661363985347013,0.9356241710547962,low_exposure,24,80,0.3
32387,low_exposure_challenger,0.25,42,5,0.4,14,0,0.9809523809523809,False,0.2774943310657598,3.6150223641840404,0.02953160430839002,0.050595238095238096,0.20447110141766633,3.6669095438401986,0.027038051395606316,0.04580152671755725,1.0,1.0,0.7797619047619048,0.9801811195772442,0.9541849535010246,low_exposure,18,80,0.225
32388,low_exposure_challenger,0.25,42,5,0.4,14,0,0.9761904761904762,False,0.27962018140589584,3.6080636112970894,0.02954931972789115,0.050595238095238096,0.2372448979591837,3.643491251275907,0.027933673469387754,0.039285714285714285,1.0,1.0,0.8333333333333334,0.9577072118304225,0.9358419443500453,low_exposure,21,80,0.2625
32389,low_exposure_challenger,0.25,42,5,0.4,14,0,0.9714285714285714,False,0.2626133786848073,3.62707712236064,0.02887613378684807,0.044642857142857144,0.18676443961615075,3.6809413293454787,0.026384652084026083,0.03802281368821293,1.0,1.0,0.7827380952380952,0.9785669651244441,0.9561016459872942,low_exposure,16,80,0.2
32390,low_exposure_challenger,0.25,42,5,0.4,14,0,0.9523809523809523,False,0.35147392290249435,3.533248149410171,0.03318098072562358,0.05654761904761905,0.24453551912568305,3.6258653851911538,0.028285407148615962,0.045081967213114756,0.9761904761904762,0.9761904761904762,0.7261904761904762,0.9836385172431962,0.9537789737784221,low_exposure,27,80,0.3375
32391,low_exposure_challenger,0.25,42,5,0.4,14,0,0.9857142857142858,False,0.26218820861678016,3.619428888735217,0.02896471088435374,0.050595238095238096,0.21046955367512865,3.655023290495151,0.027182556544331,0.04529616724738676,0.9761904761904762,0.9761904761904762,0.8541666666666666,0.9536674471310919,0.9348983294062007,low_exposure,19,80,0.2375
32392,low_exposure_challenger,0.25,42,5,0.4,14,0,0.9714285714285714,False,0.3286564625850341,3.545378975985359,0.031834608843537414,0.05952380952380952,0.2764857881136953,3.594083062927483,0.029505438375097653,0.046511627906976744,0.9761904761904762,0.9761904761904762,0.7678571428571429,0.9760507785012206,0.939800670709458,low_exposure,31,80,0.3875
32393,low_exposure_challenger,0.25,42,5,0.4,14,0,0.9857142857142858,False,0.2884070294784582,3.595252143539725,0.0301516439909297,0.05952380952380952,0.23050008533879507,3.641278723079154,0.027787412803021543,0.043010752688172046,1.0,1.0,0.8303571428571429,0.9634501638404934,0.9327136151991335,low_exposure,23,80,0.2875
32394,low_exposure_challenger,0.25,42,5,0.4,14,0,0.9952380952380953,False,0.3032879818594105,3.570104124011535,0.030559098639455783,0.050595238095238096,0.24822112753147252,3.611794413542561,0.02858149469326639,0.04980842911877394,0.9523809523809523,0.9523809523809523,0.7767857142857143,0.970770656186961,0.9504746402955012,low_exposure,29,80,0.3625
32395,low_exposure_challenger,0.25,42,5,0.4,14,0,0.9857142857142858,False,0.23015873015873023,3.6536126906435156,0.027742346938775506,0.044642857142857144,0.15444261995986142,3.6964481936217,0.025704261534622214,0.038314176245210725,1.0,1.0,0.7767857142857143,0.9846470703325029,0.9702375248304067,low_exposure,12,80,0.15
32396,low_exposure_challenger,0.25,42,5,0.4,14,0,0.9761904761904762,False,0.27933673469387754,3.601918997063118,0.02956703514739229,0.047619047619047616,0.2150072150072151,3.6459483050089334,0.02743342516069789,0.041666666666666664,0.9761904761904762,0.9761904761904762,0.7857142857142857,0.979137923351897,0.9610829299936863,low_exposure,20,80,0.25
32397,low_exposure_challenger,0.25,42,5,0.4,14,0,0.9809523809523809,False,0.2878401360544218,3.602061049509617,0.03006306689342404,0.05357142857142857,0.22141965400392372,3.6522336589205224,0.027535804962897502,0.0449438202247191,1.0,1.0,0.7946428571428571,0.9710389008140207,0.951503888678405,low_exposure,20,80,0.25
32398,low_exposure_challenger,0.25,42,5,0.4,14,0,0.9904761904761905,False,0.27862811791383235,3.612537966773364,0.029637896825396824,0.05357142857142857,0.21051212938005404,3.6639430160797026,0.02712709149163403,0.04150943396226415,1.0,1.0,0.7886904761904762,0.9746693240128845,0.9588953023855112,low_exposure,22,80,0.275
32399,low_exposure_challenger,0.25,42,5,0.4,14,0,0.9904761904761905,False,0.29407596371882105,3.5963129112584,0.030169359410430835,0.050595238095238096,0.21484375,3.6534365208275106,0.0274658203125,0.05078125,1.0,1.0,0.7619047619047619,0.9802837300436255,0.9607779614427595,low_exposure,24,80,0.3
32400,low_exposure_challenger,0.5,42,5,0.4,14,0,0.9619047619047619,False,0.32057823129251717,3.565161497385884,0.03132086167800453,0.05357142857142857,0.2893217893217894,3.594522483718254,0.029872235259440643,0.04713804713804714,1.0,1.0,0.8839285714285714,0.9130745178409049,0.8738409386283986,low_exposure,28,80,0.35
32401,low_exposure_challenger,0.5,42,5,0.4,14,0,0.9571428571428572,False,0.3238378684807257,3.5411985576565312,0.0314094387755102,0.047619047619047616,0.29044300647088117,3.5712622784390042,0.02999915016571769,0.04529616724738676,0.9285714285714286,0.9285714285714286,0.8541666666666666,0.9335579985208277,0.8934178665080633,low_exposure,30,80,0.375
32402,low_exposure_challenger,0.5,42,5,0.4,14,0,0.9619047619047619,False,0.330215419501134,3.5531119448103543,0.03185232426303855,0.050595238095238096,0.2923875432525953,3.58720689879943,0.03027980986817686,0.05190311418685121,1.0,1.0,0.8601190476190477,0.9337713363843826,0.8844403790365111,low_exposure,30,80,0.375
32403,low_exposure_challenger,0.5,42,5,0.4,14,0,0.9571428571428572,False,0.3424036281179139,3.5390452144916447,0.032348356009070295,0.05357142857142857,0.2945910071345612,3.5825145393284497,0.030120555063191248,0.04529616724738676,0.9761904761904762,0.9761904761904762,0.8541666666666666,0.9257739133141286,0.8888238110889599,low_exposure,29,80,0.3625
32404,low_exposure_challenger,0.5,42,5,0.4,14,0,0.9476190476190476,False,0.2908163265306123,3.5987149475182174,0.030009920634920636,0.047619047619047616,0.24694337194337201,3.63242902621445,0.028328159240321404,0.0472972972972973,1.0,1.0,0.8809523809523809,0.9258710683282673,0.9044915957739343,low_exposure,23,80,0.2875
32405,low_exposure_challenger,0.5,42,5,0.4,14,0,0.9523809523809523,False,0.306264172335601,3.589226773641438,0.030753968253968252,0.050595238095238096,0.2507598784194529,3.635774715853329,0.028419093606961418,0.0425531914893617,1.0,1.0,0.8392857142857143,0.9428322528166393,0.9165122194921448,low_exposure,23,80,0.2875
32406,low_exposure_challenger,0.5,42,5,0.4,14,0,0.9476190476190476,False,0.3248299319727892,3.556550844140717,0.031551162131519275,0.050595238095238096,0.28212654924983704,3.593887512058856,0.029789829236254457,0.04452054794520548,1.0,1.0,0.8690476190476191,0.9176545050550696,0.8632662012441285,low_exposure,28,80,0.35
32407,low_exposure_challenger,0.5,42,5,0.4,14,0,0.9523809523809523,False,0.33248299319727903,3.5379536626536385,0.031923185941043083,0.05654761904761905,0.31279659630175094,3.5616576961102546,0.030904217002633416,0.048109965635738834,0.9523809523809523,0.9523809523809523,0.8660714285714286,0.9191908781991266,0.8750625458506412,low_exposure,31,80,0.3875
32408,low_exposure_challenger,0.5,42,5,0.4,14,0,0.9523809523809523,False,0.3550170068027212,3.5247433541564956,0.03332270408163265,0.05654761904761905,0.3083375699034063,3.573688842907614,0.030787350717442787,0.0498220640569395,0.9761904761904762,0.9761904761904762,0.8363095238095238,0.9328260369246971,0.9006163911336494,low_exposure,29,80,0.3625
32409,low_exposure_challenger,0.5,42,5,0.4,14,0,0.9571428571428572,False,0.35459183673469385,3.5222149374454217,0.033110119047619055,0.0625,0.2992145311732941,3.571253164609875,0.03033738382872191,0.044673539518900345,0.9761904761904762,0.9761904761904762,0.8660714285714286,0.9208827305796207,0.8748351108359227,low_exposure,34,80,0.425
32410,low_exposure_challenger,0.5,42,5,0.4,14,0,0.9619047619047619,False,0.3072562358276645,3.5754616698805046,0.030665391156462586,0.044642857142857144,0.26808061108402415,3.6094289955120598,0.029109249962142838,0.04436860068259386,1.0,1.0,0.8720238095238095,0.9322923947216956,0.8994918270683564,low_exposure,27,80,0.3375
32411,low_exposure_challenger,0.5,42,5,0.4,14,0,0.9523809523809523,False,0.32468820861678016,3.5650298513078544,0.03174603174603174,0.05952380952380952,0.2782126549249837,3.6064769439618938,0.02957872021017076,0.05136986301369863,1.0,1.0,0.8690476190476191,0.908155319623957,0.8716884471732637,low_exposure,28,80,0.35
32412,low_exposure_challenger,0.5,42,5,0.4,14,0,0.9571428571428572,False,0.3470804988662133,3.54029187594832,0.032844387755102046,0.05952380952380952,0.2863994518670778,3.598768582576846,0.029760364370374204,0.046762589928057555,1.0,1.0,0.8273809523809523,0.9494513253117008,0.9069654401386987,low_exposure,28,80,0.35
32413,low_exposure_challenger,0.5,42,5,0.4,14,0,0.9428571428571428,False,0.3581349206349207,3.51479103490959,0.03330498866213152,0.05654761904761905,0.3213058419243988,3.5527935757217395,0.03142381407871896,0.044673539518900345,1.0,1.0,0.8660714285714286,0.9063196437996898,0.8592292236426179,low_exposure,33,80,0.4125
32414,low_exposure_challenger,0.5,42,5,0.4,14,0,0.9571428571428572,False,0.32709750566893425,3.5588753848834203,0.03153344671201814,0.050595238095238096,0.2835648148148149,3.5981328766617717,0.029658564814814818,0.04513888888888889,1.0,1.0,0.8571428571428571,0.9334689710741225,0.894067906922056,low_exposure,28,80,0.35
32415,low_exposure_challenger,0.5,42,5,0.4,14,0,0.9571428571428572,False,0.3509070294784582,3.53019012669092,0.03358843537414966,0.07142857142857142,0.29452957653649703,3.5863652717901227,0.03016007950096383,0.04844290657439446,0.9761904761904762,0.9761904761904762,0.8601190476190477,0.9196229888709722,0.8839843840325865,low_exposure,30,80,0.375
32416,low_exposure_challenger,0.5,42,5,0.4,14,0,0.9333333333333333,False,0.3224206349206351,3.558586086483854,0.03151573129251701,0.047619047619047616,0.303632793323515,3.5843133408069234,0.03054994626893873,0.044673539518900345,1.0,1.0,0.8660714285714286,0.9167383122967436,0.867498914552148,low_exposure,28,80,0.35
32417,low_exposure_challenger,0.5,42,5,0.4,14,0,0.9761904761904762,False,0.3024376417233561,3.5908645553987917,0.03059452947845805,0.050595238095238096,0.2620712620712622,3.6267689193684127,0.02885226661450438,0.04895104895104895,1.0,1.0,0.8511904761904762,0.945867770262112,0.9213586270801614,low_exposure,24,80,0.3
32418,low_exposure_challenger,0.5,42,5,0.4,14,0,0.9619047619047619,False,0.3422619047619049,3.5419774512634215,0.03233064058956916,0.050595238095238096,0.28148148148148167,3.598413720818596,0.029629629629629627,0.044444444444444446,1.0,1.0,0.8035714285714286,0.9537120766147825,0.9180315495571784,low_exposure,29,80,0.3625
32419,low_exposure_challenger,0.5,42,5,0.4,14,0,0.9619047619047619,False,0.31604308390022684,3.5637066070264534,0.031037414965986398,0.047619047619047616,0.2877184543851212,3.5890651135082097,0.029849561836093826,0.04713804713804714,0.9761904761904762,0.9761904761904762,0.8839285714285714,0.9195089370391235,0.8805216581902351,low_exposure,28,80,0.35
32420,low_exposure_challenger,0.5,42,5,0.4,14,0,0.9476190476190476,False,0.3602607709750567,3.5246421498923275,0.03335813492063492,0.05654761904761905,0.3024566717146224,3.5797630547903547,0.03047859256577058,0.04946996466431095,1.0,1.0,0.8422619047619048,0.9299291457883251,0.893155501411781,low_exposure,31,80,0.3875
32421,low_exposure_challenger,0.5,42,5,0.4,14,0,0.9619047619047619,False,0.34311224489795933,3.5287825888765165,0.03241921768707483,0.05654761904761905,0.3082101806239739,3.5629584776868684,0.030820451843043994,0.04827586206896552,0.9761904761904762,0.9761904761904762,0.8630952380952381,0.9064611108427267,0.851213335796718,low_exposure,33,80,0.4125
32422,low_exposure_challenger,0.5,42,5,0.4,14,0,0.9571428571428572,False,0.3265306122448981,3.56694832556435,0.031834608843537414,0.05357142857142857,0.2771694043471047,3.6124064424954567,0.02951353057582343,0.05226480836236934,1.0,1.0,0.8541666666666666,0.9355643771249712,0.8970735796384609,low_exposure,26,80,0.325
32423,low_exposure_challenger,0.5,42,5,0.4,14,0,0.9666666666666667,False,0.32808956916099774,3.544363422138172,0.03160430839002268,0.050595238095238096,0.29696673189823874,3.5720341553911155,0.030258960405329327,0.04794520547945205,0.9523809523809523,0.9523809523809523,0.8690476190476191,0.9309045470787338,0.898235263572627,low_exposure,33,80,0.4125
32424,low_exposure_challenger,0.5,42,5,0.4,14,0,0.9476190476190476,False,0.3537414965986396,3.5237158109631537,0.03309240362811791,0.05357142857142857,0.3163731245923027,3.5615413486444565,0.031197222743479074,0.04794520547945205,1.0,1.0,0.8690476190476191,0.9143174782391582,0.8778574397263242,low_exposure,31,80,0.3875
32425,low_exposure_challenger,0.5,42,5,0.4,14,0,0.9476190476190476,False,0.34495464852607727,3.5322377939687204,0.03249007936507936,0.047619047619047616,0.3167239404352806,3.563364707055637,0.031140397491763203,0.048109965635738834,1.0,1.0,0.8660714285714286,0.9177126244577853,0.8768038079042123,low_exposure,31,80,0.3875
32426,low_exposure_challenger,0.5,42,5,0.4,14,0,0.9380952380952381,False,0.3629535147392291,3.5137261590613393,0.03415532879818593,0.06547619047619048,0.3037886687521725,3.575456301646266,0.030608982897330706,0.051094890510948905,0.9761904761904762,0.9761904761904762,0.8154761904761905,0.9357825199756716,0.8999563557400635,low_exposure,30,80,0.375
32427,low_exposure_challenger,0.5,42,5,0.4,14,0,0.9428571428571428,False,0.3721655328798186,3.5088682068509254,0.03401360544217687,0.05357142857142857,0.3291708291708293,3.556147100811392,0.031713042202552694,0.04895104895104895,1.0,1.0,0.8511904761904762,0.9120247573881493,0.8681896551664451,low_exposure,33,80,0.4125
32428,low_exposure_challenger,0.5,42,5,0.4,14,0,0.9619047619047619,False,0.32808956916099774,3.553400571911063,0.03238378684807256,0.06547619047619048,0.27215608465608465,3.604701168492118,0.02936921296296297,0.052083333333333336,0.9761904761904762,0.9761904761904762,0.8571428571428571,0.9210730223000664,0.8882021665787893,low_exposure,25,80,0.3125
32429,low_exposure_challenger,0.5,42,5,0.4,14,0,0.9380952380952381,False,0.3533163265306123,3.515604198235375,0.03293296485260771,0.05357142857142857,0.3157851375844456,3.552753770945886,0.031189760658995938,0.04844290657439446,0.9761904761904762,0.9761904761904762,0.8601190476190477,0.9222929465977562,0.871866914968233,low_exposure,34,80,0.425
32430,low_exposure_challenger,0.75,42,5,0.4,14,0,0.919047619047619,False,0.41907596371882105,3.4081595675059666,0.036741780045351474,0.05952380952380952,0.3825291706086409,3.4412727416355864,0.03482303407745274,0.04966887417218543,0.9047619047619048,0.9047619047619048,0.8988095238095238,0.8275173191109092,0.7730684839144728,low_exposure,42,80,0.525
32431,low_exposure_challenger,0.75,42,5,0.4,14,0,0.9285714285714286,False,0.4047619047619049,3.439153090394327,0.035785147392290245,0.05952380952380952,0.37146074646074645,3.473534583775643,0.03387509130752374,0.05067567567567568,0.9047619047619048,0.9047619047619048,0.8809523809523809,0.8590956582356878,0.8085739260861841,low_exposure,40,80,0.5
32432,low_exposure_challenger,0.75,42,5,0.4,14,0,0.9333333333333333,False,0.3467970521541952,3.533406007138274,0.0326672335600907,0.047619047619047616,0.3334830787660976,3.548261756642419,0.031980538744511684,0.04716981132075472,1.0,1.0,0.9464285714285714,0.8140787433136892,0.7834093623199035,low_exposure,31,80,0.3875
32433,low_exposure_challenger,0.75,42,5,0.4,14,0,0.9333333333333333,False,0.39030612244897966,3.468780672304355,0.034987953514739226,0.05952380952380952,0.35810162991371053,3.502574229146416,0.0332192243592631,0.04697986577181208,0.9761904761904762,0.9761904761904762,0.8869047619047619,0.8646625754796059,0.8029024310451339,low_exposure,37,80,0.4625
32434,low_exposure_challenger,0.75,42,5,0.4,14,0,0.919047619047619,False,0.3745748299319729,3.4857441707139007,0.034102182539682536,0.050595238095238096,0.35093842097099426,3.5095776804665224,0.03292342624324927,0.04560260586319218,0.9761904761904762,0.9761904761904762,0.9136904761904762,0.8650115750232441,0.8067509351288759,low_exposure,36,80,0.45
32435,low_exposure_challenger,0.75,42,5,0.4,14,0,0.9238095238095239,False,0.3438208616780045,3.5088844511889317,0.0328266723356009,0.044642857142857144,0.3306878306878307,3.5233308360285056,0.03219954648526077,0.04126984126984127,0.9523809523809523,0.9523809523809523,0.9375,0.8441433399543917,0.8119449093567302,low_exposure,33,80,0.4125
32436,low_exposure_challenger,0.75,42,5,0.4,14,0,0.919047619047619,False,0.37372448979591844,3.498937984426887,0.03411989795918367,0.05654761904761905,0.33052749719416386,3.5412365667923087,0.03179947624392069,0.04713804713804714,0.9761904761904762,0.9761904761904762,0.8839285714285714,0.8783545576869644,0.8299131553369695,low_exposure,36,80,0.45
32437,low_exposure_challenger,0.75,42,5,0.4,14,0,0.9238095238095239,False,0.39923469387755106,3.447602761535819,0.035590277777777776,0.05654761904761905,0.35993431855500835,3.4882327446677714,0.033412604042806174,0.04827586206896552,0.9285714285714286,0.9285714285714286,0.8630952380952381,0.8779893779688693,0.8308157916889881,low_exposure,39,80,0.4875
32438,low_exposure_challenger,0.75,42,5,0.4,14,0,0.9333333333333333,False,0.3755668934240364,3.4958078992324033,0.034190759637188206,0.05654761904761905,0.3403908794788275,3.528483919971952,0.032392916635720276,0.04560260586319218,0.9761904761904762,0.9761904761904762,0.9136904761904762,0.8359192188326502,0.8016116625296276,low_exposure,32,80,0.4
32439,low_exposure_challenger,0.75,42,5,0.4,14,0,0.919047619047619,False,0.39540816326530615,3.4571971557702943,0.03530683106575964,0.05952380952380952,0.3593144098030092,3.4900226689701084,0.03336905431357362,0.04560260586319218,0.9523809523809523,0.9523809523809523,0.9136904761904762,0.8160358896710641,0.7826790494894116,low_exposure,39,80,0.4875
32440,low_exposure_challenger,0.75,42,5,0.4,14,0,0.9333333333333333,False,0.38477891156462585,3.490646658340205,0.03468679138321995,0.05952380952380952,0.3457591790925125,3.531394778870509,0.03252502579101906,0.04713804713804714,1.0,1.0,0.8839285714285714,0.8595669321561098,0.8179530992018152,low_exposure,34,80,0.425
32441,low_exposure_challenger,0.75,42,5,0.4,14,0,0.9523809523809523,False,0.3511904761904763,3.531686521815973,0.032968395691609975,0.0625,0.3106239195348106,3.568852664725352,0.030857541199664516,0.0429042904290429,1.0,1.0,0.9017857142857143,0.8759106500225418,0.8473717660670287,low_exposure,31,80,0.3875
32442,low_exposure_challenger,0.75,42,5,0.4,14,0,0.9428571428571428,False,0.38435374149659873,3.486718173832616,0.03475765306122449,0.05952380952380952,0.334942084942085,3.533941132878276,0.03202611395178963,0.04391891891891892,0.9761904761904762,0.9761904761904762,0.8809523809523809,0.8746937138605414,0.841468338281917,low_exposure,33,80,0.4125
32443,low_exposure_challenger,0.75,42,5,0.4,14,0,0.9285714285714286,False,0.3880385487528346,3.4659521336409087,0.03488166099773242,0.05952380952380952,0.3585907335907337,3.4991364268564515,0.03321311176040906,0.0472972972972973,0.9523809523809523,0.9523809523809523,0.8809523809523809,0.881824941605375,0.8228388115781439,low_exposure,38,80,0.475
32444,low_exposure_challenger,0.75,42,5,0.4,14,0,0.919047619047619,False,0.37131519274376434,3.4967395701223603,0.033871882086167794,0.05357142857142857,0.3431191246725229,3.5235255120957834,0.03247766571359747,0.04854368932038835,0.9761904761904762,0.9761904761904762,0.9196428571428571,0.841408565288241,0.8079817936050636,low_exposure,35,80,0.4375
32445,low_exposure_challenger,0.75,42,5,0.4,14,0,0.9380952380952381,False,0.3677721088435375,3.5057521913956142,0.033730158730158735,0.05952380952380952,0.33946021405304805,3.533502884781627,0.03224437394561216,0.048859934853420196,1.0,1.0,0.9136904761904762,0.8403559564691981,0.8093075650439285,low_exposure,37,80,0.4625
32446,low_exposure_challenger,0.75,42,5,0.4,14,0,0.9095238095238095,False,0.398951247165533,3.449065226086695,0.035448554421768703,0.050595238095238096,0.37570621468926557,3.478743433172227,0.034070669347888535,0.04745762711864407,0.9285714285714286,0.9285714285714286,0.8779761904761905,0.8721164103458904,0.8168898372889558,low_exposure,38,80,0.475
32447,low_exposure_challenger,0.75,42,5,0.4,14,0,0.9333333333333333,False,0.3422619047619049,3.538578393683802,0.03238378684807256,0.05357142857142857,0.3070092723558071,3.570567801759492,0.030683266346436623,0.04950495049504951,0.9761904761904762,0.9761904761904762,0.9017857142857143,0.8872896614423819,0.8409631646497555,low_exposure,32,80,0.4
32448,low_exposure_challenger,0.75,42,5,0.4,14,0,0.9285714285714286,False,0.3526077097505669,3.51697945380786,0.03303925736961451,0.05357142857142857,0.3263397768348264,3.543102472868847,0.03175069982245749,0.0462046204620462,1.0,1.0,0.9017857142857143,0.8702159146832463,0.8237472714282953,low_exposure,34,80,0.425
32449,low_exposure_challenger,0.75,42,5,0.4,14,0,0.9285714285714286,False,0.3962585034013606,3.4352905702764076,0.035448554421768703,0.0625,0.36830111582586844,3.4626970764700737,0.03382021370453877,0.04950495049504951,0.8809523809523809,0.8809523809523809,0.9017857142857143,0.8514496253167384,0.8137812468356332,low_exposure,41,80,0.5125
32450,low_exposure_challenger,0.75,42,5,0.4,14,0,0.9380952380952381,False,0.3803854875283448,3.473772503821264,0.03442106009070295,0.05357142857142857,0.3512304250559284,3.5036766424363943,0.03292644475474078,0.050335570469798654,0.9523809523809523,0.9523809523809523,0.8869047619047619,0.8826743062738687,0.8273816966631781,low_exposure,38,80,0.475
32451,low_exposure_challenger,0.75,42,5,0.4,14,0,0.9,False,0.41836734693877564,3.4096499838516974,0.036759495464852604,0.05654761904761905,0.3907936507936509,3.439023322914133,0.03517777777777778,0.05,0.9285714285714286,0.9285714285714286,0.8928571428571429,0.8289671621189756,0.77806876692731,low_exposure,43,80,0.5375
32452,low_exposure_challenger,0.75,42,5,0.4,14,0,0.919047619047619,False,0.3982426303854876,3.441372559778175,0.03541312358276644,0.050595238095238096,0.3730684326710818,3.465206838058741,0.0342090259199158,0.046357615894039736,0.9523809523809523,0.9523809523809523,0.8988095238095238,0.8543559371110451,0.788117837235863,low_exposure,41,80,0.5125
32453,low_exposure_challenger,0.75,42,5,0.4,14,0,0.8952380952380953,True,0.4039115646258504,3.4232175271151606,0.03599773242630386,0.05357142857142857,0.3869441816461685,3.4438000968626543,0.03510810929345204,0.04966887417218543,0.9523809523809523,0.9523809523809523,0.8988095238095238,0.8444482267523021,0.7871539404615723,low_exposure,42,80,0.525
32454,low_exposure_challenger,0.75,42,5,0.4,14,0,0.9428571428571428,False,0.35558390022675734,3.517168616388895,0.03300382653061225,0.050595238095238096,0.32955771305285886,3.541359004975443,0.03180737528932458,0.045307443365695796,1.0,1.0,0.9196428571428571,0.8703330957147978,0.8286927386388281,low_exposure,33,80,0.4125
32455,low_exposure_challenger,0.75,42,5,0.4,14,0,0.9,False,0.40943877551020424,3.432411021478371,0.03621031746031746,0.05357142857142857,0.3909570342795099,3.4542203083000125,0.0351727869791722,0.048859934853420196,0.9523809523809523,0.9523809523809523,0.9136904761904762,0.8242081021031974,0.7853906027653945,low_exposure,40,80,0.5
32456,low_exposure_challenger,0.75,42,5,0.4,14,0,0.9476190476190476,False,0.3917233560090705,3.4538837134096325,0.034970238095238096,0.05357142857142857,0.37045739348370943,3.4776474471924437,0.0338036703601108,0.049342105263157895,0.9285714285714286,0.9285714285714286,0.9047619047619048,0.8563853230176974,0.8169748311183441,low_exposure,40,80,0.5
32457,low_exposure_challenger,0.75,42,5,0.4,14,0,0.9095238095238095,False,0.37755102040816335,3.458913142831265,0.03458049886621315,0.05654761904761905,0.344185293164885,3.490104135779576,0.0329723726225184,0.04081632653061224,0.9285714285714286,0.9285714285714286,0.875,0.8909970463276061,0.8281560951613648,low_exposure,39,80,0.4875
32458,low_exposure_challenger,0.75,42,5,0.4,14,0,0.9142857142857143,False,0.3781179138321997,3.4983833043619863,0.03442106009070295,0.05654761904761905,0.3455168020385413,3.5343510645457163,0.03262827037728885,0.05016722408026756,1.0,1.0,0.8898809523809523,0.8600973618537596,0.824510281527964,low_exposure,32,80,0.4
32459,low_exposure_challenger,0.75,42,5,0.4,14,0,0.9238095238095239,False,0.38619614512471667,3.4705923992303864,0.034881660997732426,0.05357142857142857,0.35899214054553874,3.4965696810674136,0.03350404792576533,0.04854368932038835,0.9761904761904762,0.9761904761904762,0.9196428571428571,0.834849716889555,0.7902676792779045,low_exposure,36,80,0.45
32460,low_exposure_challenger,0.9,42,5,0.4,14,0,0.9095238095238095,False,0.42318594104308405,3.391794315548309,0.03760983560090703,0.0744047619047619,0.39274156264447524,3.422267211407834,0.03551491919858401,0.04854368932038835,0.9285714285714286,0.9285714285714286,0.9196428571428571,0.7947647430400903,0.7753505442822615,low_exposure,43,80,0.5375
32461,low_exposure_challenger,0.9,42,5,0.4,14,0,0.8904761904761904,True,0.4285714285714286,3.3700958695954792,0.037733843537414956,0.05357142857142857,0.4084366865717348,3.3886227588649502,0.036713847044592164,0.04823151125401929,0.9047619047619048,0.9047619047619048,0.9255952380952381,0.7691761714160462,0.7248386921473454,low_exposure,44,80,0.55
32462,low_exposure_challenger,0.9,42,5,0.4,14,0,0.919047619047619,False,0.38860544217687076,3.4598856005388763,0.03493480725623582,0.05357142857142857,0.3726467331118495,3.4831008030524115,0.03394002273705588,0.04983388704318937,0.9523809523809523,0.9523809523809523,0.8958333333333334,0.8624467674826973,0.7930700868882617,low_exposure,39,80,0.4875
32463,low_exposure_challenger,0.9,42,5,0.4,14,0,0.9142857142857143,False,0.3757086167800454,3.4802949783866532,0.034279336734693876,0.05357142857142857,0.35020804438280173,3.5045891752273377,0.03304322325907772,0.045307443365695796,0.9761904761904762,0.9761904761904762,0.9196428571428571,0.8166839985037909,0.7613000148395228,low_exposure,36,80,0.45
32464,low_exposure_challenger,0.9,42,5,0.4,14,0,0.9095238095238095,False,0.38647959183673475,3.461403330793872,0.034899376417233556,0.050595238095238096,0.36720745080366535,3.4787032728014293,0.03400372180039606,0.0473186119873817,0.9761904761904762,0.9761904761904762,0.9434523809523809,0.7674681739901882,0.7375620838762097,low_exposure,39,80,0.4875
32465,low_exposure_challenger,0.9,42,5,0.4,14,0,0.9142857142857143,False,0.3962585034013606,3.454097003356723,0.03544855442176871,0.050595238095238096,0.36822794691647154,3.4827863618414483,0.03398011287288363,0.04590163934426229,0.9523809523809523,0.9523809523809523,0.9077380952380952,0.8326680217113962,0.789038042644493,low_exposure,36,80,0.45
32466,low_exposure_challenger,0.9,42,5,0.4,14,0,0.919047619047619,False,0.42106009070294803,3.420217955949384,0.03695436507936507,0.0625,0.3861826697892272,3.4557498178893598,0.034754098360655725,0.04918032786885246,0.9285714285714286,0.9285714285714286,0.9077380952380952,0.8034618414297605,0.7706662206501415,low_exposure,40,80,0.5
32467,low_exposure_challenger,0.9,42,5,0.4,14,0,0.8952380952380953,True,0.4363662131519275,3.4077882569211337,0.038141298185941044,0.06547619047619048,0.4036470775601211,3.4478872568951413,0.03580496862451203,0.05016722408026756,0.9523809523809523,0.9523809523809523,0.8898809523809523,0.8325381081843125,0.800572095685072,low_exposure,40,80,0.5
32468,low_exposure_challenger,0.9,42,5,0.4,14,0,0.8952380952380953,True,0.4134070294784582,3.4217078231503195,0.036493764172335595,0.05952380952380952,0.38740399385560687,3.447113207651247,0.0350468262226847,0.04838709677419355,0.9285714285714286,0.9285714285714286,0.9226190476190477,0.787935915816397,0.7543109714550883,low_exposure,41,80,0.5125
32469,low_exposure_challenger,0.9,42,5,0.4,14,0,0.9142857142857143,False,0.4464285714285716,3.3776789710934203,0.038513321995464846,0.05952380952380952,0.40860990860990865,3.4187046832496257,0.03601673298642996,0.050505050505050504,0.9047619047619048,0.9047619047619048,0.8839285714285714,0.8187135517778078,0.782453965286551,low_exposure,44,80,0.55
32470,low_exposure_challenger,0.9,42,5,0.4,14,0,0.9142857142857143,False,0.403061224489796,3.433628662284755,0.03583829365079364,0.05654761904761905,0.38337236533957864,3.4561485242322734,0.03471109916689061,0.04918032786885246,0.9285714285714286,0.9285714285714286,0.9077380952380952,0.8354089490242131,0.7883370233583751,low_exposure,40,80,0.5
32471,low_exposure_challenger,0.9,42,5,0.4,14,0,0.9238095238095239,False,0.42120181405895707,3.4291995283329797,0.03695436507936507,0.05952380952380952,0.3839482812992747,3.468435844718587,0.03464760317529933,0.04966887417218543,0.9761904761904762,0.9761904761904762,0.8988095238095238,0.8064582985190349,0.7783083639237369,low_exposure,40,80,0.5
32472,low_exposure_challenger,0.9,42,5,0.4,14,0,0.9047619047619048,False,0.39781746031746046,3.4376790161500614,0.035714285714285726,0.05952380952380952,0.3734335839598999,3.463936257232033,0.03434470221606648,0.046052631578947366,0.9285714285714286,0.9285714285714286,0.9047619047619048,0.8331211265452594,0.7843647715033967,low_exposure,39,80,0.4875
32473,low_exposure_challenger,0.9,42,5,0.4,14,0,0.8714285714285714,True,0.4464285714285716,3.374942203038471,0.03861961451247165,0.05952380952380952,0.4149206349206349,3.4097819093884696,0.036666666666666674,0.05,0.9285714285714286,0.9285714285714286,0.8928571428571429,0.7923442036173333,0.7350202450521753,low_exposure,42,80,0.525
32474,low_exposure_challenger,0.9,42,5,0.4,14,0,0.8857142857142857,True,0.4233276643990931,3.419849559831674,0.03713151927437642,0.05654761904761905,0.3944911297852476,3.450709440643246,0.03545644837455679,0.049019607843137254,0.9761904761904762,0.9761904761904762,0.9107142857142857,0.7871184625557403,0.7545403848767949,low_exposure,38,80,0.475
32475,low_exposure_challenger,0.9,42,5,0.4,14,0,0.9047619047619048,False,0.4196428571428572,3.395106296195722,0.03695436507936507,0.05357142857142857,0.411904761904762,3.4115895685226754,0.036333333333333336,0.05,0.9047619047619048,0.9047619047619048,0.8928571428571429,0.8372461470432179,0.7737235254988466,low_exposure,44,80,0.55
32476,low_exposure_challenger,0.9,42,5,0.4,14,0,0.8952380952380953,True,0.40150226757369634,3.4442875298240336,0.03580286281179138,0.05952380952380952,0.370860927152318,3.4756792504202014,0.03405552388053156,0.04966887417218543,0.9523809523809523,0.9523809523809523,0.8988095238095238,0.8331004211769294,0.7873881641196876,low_exposure,38,80,0.475
32477,low_exposure_challenger,0.9,42,5,0.4,14,0,0.9,False,0.4124149659863947,3.4134162033417508,0.03654691043083899,0.05952380952380952,0.39234637749489254,3.4378060308012466,0.03525798124366892,0.04950495049504951,0.9285714285714286,0.9285714285714286,0.9017857142857143,0.8362470515403085,0.7877832005221969,low_exposure,42,80,0.525
32478,low_exposure_challenger,0.9,42,5,0.4,14,0,0.9047619047619048,False,0.425028344671202,3.4048498359497112,0.037007511337868476,0.05357142857142857,0.3975951584647237,3.4344428840492527,0.0353799174505878,0.05016722408026756,0.9047619047619048,0.9047619047619048,0.8898809523809523,0.8315684996299014,0.7902711137059408,low_exposure,42,80,0.525
32479,low_exposure_challenger,0.9,42,5,0.4,14,0,0.9142857142857143,False,0.4302721088435375,3.3985487294759427,0.037468112244897954,0.05952380952380952,0.39855072463768115,3.431781822588322,0.035648370823592575,0.05016722408026756,0.9285714285714286,0.9285714285714286,0.8898809523809523,0.8306034208997618,0.7726966733014703,low_exposure,43,80,0.5375
32480,low_exposure_challenger,0.9,42,5,0.4,14,0,0.8904761904761904,True,0.44557823129251717,3.3660496265609043,0.03853103741496599,0.05952380952380952,0.4230526647745192,3.391916378211607,0.037081706942677956,0.04966887417218543,0.9047619047619048,0.9047619047619048,0.8988095238095238,0.8142370997895263,0.7457690716433577,low_exposure,44,80,0.55
32481,low_exposure_challenger,0.9,42,5,0.4,14,0,0.8761904761904762,True,0.46754535147392295,3.3342712359158693,0.04030257936507936,0.06845238095238096,0.432134758665371,3.3742684611100624,0.037854597621361466,0.05102040816326531,0.9047619047619048,0.9047619047619048,0.875,0.805459074216374,0.751502730017927,low_exposure,44,80,0.55
32482,low_exposure_challenger,0.9,42,5,0.4,14,0,0.8952380952380953,True,0.4186507936507937,3.3982344834629874,0.03695436507936507,0.05952380952380952,0.38998899889989014,3.4251618965614887,0.03549760916685728,0.04950495049504951,0.9285714285714286,0.9285714285714286,0.9017857142857143,0.7902973698637704,0.7409398963625365,low_exposure,43,80,0.5375
32483,low_exposure_challenger,0.9,42,5,0.4,14,0,0.9,False,0.43480725623582783,3.4067294189299426,0.03830073696145125,0.07142857142857142,0.396984126984127,3.4517556987435976,0.0352888888888889,0.05,0.9285714285714286,0.9285714285714286,0.8928571428571429,0.8085103991278059,0.7751196475104081,low_exposure,39,80,0.4875
32484,low_exposure_challenger,0.9,42,5,0.4,14,0,0.8904761904761904,True,0.41496598639455784,3.3997687740661275,0.03711380385487528,0.050595238095238096,0.39555035128805627,3.4217999959011283,0.03610857296425692,0.04590163934426229,0.9523809523809523,0.9523809523809523,0.9077380952380952,0.8047423907679545,0.760131804350019,low_exposure,41,80,0.5125
32485,low_exposure_challenger,0.9,42,5,0.4,14,0,0.8857142857142857,True,0.43494897959183687,3.3701084279730793,0.03803500566893424,0.06845238095238096,0.4022051773729627,3.4032530290570353,0.03596684834016485,0.050335570469798654,0.8571428571428571,0.8571428571428571,0.8869047619047619,0.8382581457093083,0.7800932763897171,low_exposure,45,80,0.5625
32486,low_exposure_challenger,0.9,42,5,0.4,14,0,0.9142857142857143,False,0.396967120181406,3.42927801214806,0.03551941609977324,0.05357142857142857,0.37431693989071047,3.451049388564688,0.03443160440741736,0.04918032786885246,0.9047619047619048,0.9047619047619048,0.9077380952380952,0.8209559736558334,0.7580420256150733,low_exposure,41,80,0.5125
32487,low_exposure_challenger,0.9,42,5,0.4,14,0,0.8952380952380953,True,0.41595804988662133,3.3882239729743127,0.037007511337868476,0.05357142857142857,0.4061533704390847,3.4031627015214156,0.036346770113003884,0.048701298701298704,0.9047619047619048,0.9047619047619048,0.9166666666666666,0.7934876031143107,0.7426416706062424,low_exposure,44,80,0.55
32488,low_exposure_challenger,0.9,42,5,0.4,14,0,0.9,False,0.3884637188208617,3.4607777285291874,0.035165107709750565,0.0625,0.35241248817407755,3.4944770402767036,0.03326608482084119,0.04966887417218543,0.9523809523809523,0.9523809523809523,0.8988095238095238,0.8461349937730316,0.7946981963060308,low_exposure,37,80,0.4625
32489,low_exposure_challenger,0.9,42,5,0.4,14,0,0.9333333333333333,False,0.40915532879818595,3.444534503384224,0.03608630952380952,0.05952380952380952,0.380794701986755,3.4760396800374025,0.03431867023376168,0.04966887417218543,0.9523809523809523,0.9523809523809523,0.8988095238095238,0.8345094982589639,0.8065254707218675,low_exposure,39,80,0.4875
32490,low_exposure_challenger,0.98,42,5,0.4,14,0,0.8952380952380953,True,0.43792517006802734,3.37426704417282,0.03798185941043083,0.05654761904761905,0.41136256482791134,3.401869817956179,0.036456120859610704,0.04950495049504951,0.9047619047619048,0.9047619047619048,0.9017857142857143,0.8185227434934602,0.7860375852071754,low_exposure,44,80,0.55
32491,low_exposure_challenger,0.98,42,5,0.4,14,0,0.8904761904761904,True,0.4319727891156464,3.3785598533107746,0.037786989795918366,0.05357142857142857,0.403027436140019,3.4063324783848326,0.03633612560852594,0.04966887417218543,0.9285714285714286,0.9285714285714286,0.8988095238095238,0.808529883884213,0.749835478173624,low_exposure,43,80,0.5375
32492,low_exposure_challenger,0.98,42,5,0.4,14,0,0.8809523809523809,True,0.4426020408163267,3.3919718853884206,0.03835388321995465,0.05952380952380952,0.4111111111111112,3.4278119325806973,0.0362888888888889,0.05,0.9523809523809523,0.9523809523809523,0.8928571428571429,0.7942907673443057,0.756710391293799,low_exposure,41,80,0.5125
32493,low_exposure_challenger,0.98,42,5,0.4,14,0,0.9047619047619048,False,0.44387755102040827,3.381779828631255,0.03837159863945577,0.06547619047619048,0.4132595799262466,3.417675112695925,0.036288814066591846,0.050505050505050504,0.9047619047619048,0.9047619047619048,0.8839285714285714,0.8294428293965622,0.7773163255678367,low_exposure,43,80,0.5375
32494,low_exposure_challenger,0.98,42,5,0.4,14,0,0.8952380952380953,True,0.43863378684807275,3.3774993153594632,0.03826530612244898,0.06845238095238096,0.4082308420056766,3.409423835182861,0.03633612560852595,0.04966887417218543,0.9285714285714286,0.9285714285714286,0.8988095238095238,0.8022819881142569,0.7678295715829719,low_exposure,43,80,0.5375
32495,low_exposure_challenger,0.98,42,5,0.4,14,0,0.9,False,0.43452380952380953,3.378448648431834,0.03773384353741496,0.05357142857142857,0.41049530179964977,3.4043729885410574,0.036364246484938634,0.05016722408026756,0.8809523809523809,0.8809523809523809,0.8898809523809523,0.8270796733131341,0.7495160078453428,low_exposure,43,80,0.5375
32496,low_exposure_challenger,0.98,42,5,0.4,14,0,0.8904761904761904,True,0.4281462585034015,3.3992304580994146,0.037397250566893414,0.05952380952380952,0.40159784844170243,3.4294444651416067,0.0357722320945685,0.04983388704318937,0.9285714285714286,0.9285714285714286,0.8958333333333334,0.8066397516571028,0.7569797573404053,low_exposure,43,80,0.5375
32497,low_exposure_challenger,0.98,42,5,0.4,14,0,0.9047619047619048,False,0.43253968253968256,3.3568739278031634,0.03791099773242631,0.05654761904761905,0.40285077241599,3.3835731546356898,0.036297133141687456,0.05016722408026756,0.8333333333333334,0.8333333333333334,0.8898809523809523,0.8118015654537191,0.7630660426720256,low_exposure,47,80,0.5875
32498,low_exposure_challenger,0.98,42,5,0.4,14,0,0.8904761904761904,True,0.4367913832199548,3.377900832936116,0.0381235827664399,0.06845238095238096,0.4034835410674338,3.413078721488613,0.03598936984820503,0.050335570469798654,0.9047619047619048,0.9047619047619048,0.8869047619047619,0.8287416095008463,0.7810311830333821,low_exposure,44,80,0.55
32499,low_exposure_challenger,0.98,42,5,0.4,14,0,0.9,False,0.44373582766439923,3.387421135038424,0.038407029478458046,0.06547619047619048,0.4012345679012346,3.4326394541981093,0.03560861136618712,0.050505050505050504,0.9047619047619048,0.9047619047619048,0.8839285714285714,0.8009380701332546,0.7413342624037424,low_exposure,42,80,0.525
32500,low_exposure_challenger,0.98,42,5,0.4,14,0,0.8904761904761904,True,0.4372165532879819,3.355937860949974,0.038247590702947844,0.05654761904761905,0.4071508201942986,3.3838272871511577,0.03665507097236049,0.05016722408026756,0.8809523809523809,0.8809523809523809,0.8898809523809523,0.7949443230293475,0.7426998517567033,low_exposure,45,80,0.5625
32501,low_exposure_challenger,0.98,42,5,0.4,14,0,0.8809523809523809,True,0.4494047619047621,3.35060332342616,0.038779053287981854,0.05952380952380952,0.42380952380952386,3.3783663996646354,0.03722222222222223,0.05,0.8809523809523809,0.8809523809523809,0.8928571428571429,0.794684624219701,0.7141160195444981,low_exposure,45,80,0.5625
32502,low_exposure_challenger,0.98,42,5,0.4,14,0,0.8952380952380953,True,0.4244614512471656,3.390812663860472,0.037273242630385485,0.05654761904761905,0.40159784844170243,3.416055138358976,0.03597090539839516,0.04983388704318937,0.9047619047619048,0.9047619047619048,0.8958333333333334,0.834446379320737,0.7866424993436119,low_exposure,42,80,0.525
32503,low_exposure_challenger,0.98,42,5,0.4,14,0,0.9,False,0.43154761904761907,3.3669177440640916,0.03789328231292516,0.0625,0.396132949824225,3.3980811947977134,0.036011891356245204,0.050335570469798654,0.8809523809523809,0.8809523809523809,0.8869047619047619,0.8310258203114295,0.7857078344169719,low_exposure,45,80,0.5625
32504,low_exposure_challenger,0.98,42,5,0.4,14,0,0.8904761904761904,True,0.42559523809523814,3.390147079169549,0.03741496598639456,0.050595238095238096,0.40460474618890463,3.4145189233422224,0.036260061649729336,0.04950495049504951,0.9285714285714286,0.9285714285714286,0.9017857142857143,0.8093811177025971,0.7334236981272467,low_exposure,42,80,0.525
32505,low_exposure_challenger,0.98,42,5,0.4,14,0,0.8857142857142857,True,0.43905895691609986,3.3597565641857075,0.03828302154195012,0.05952380952380952,0.40747842761265596,3.389912986124996,0.036529886041169315,0.050335570469798654,0.8809523809523809,0.8809523809523809,0.8869047619047619,0.7971331218568148,0.7551876043417519,low_exposure,45,80,0.5625
32506,low_exposure_challenger,0.98,42,5,0.4,14,0,0.9047619047619048,False,0.42049319727891166,3.394464023494603,0.03691893424036281,0.050595238095238096,0.3941974140649638,3.4199014549248026,0.03559054427437393,0.046357615894039736,0.9047619047619048,0.9047619047619048,0.8988095238095238,0.8206029061913792,0.7726234980594148,low_exposure,43,80,0.5375
32507,low_exposure_challenger,0.98,42,5,0.4,14,0,0.8904761904761904,True,0.4254535147392291,3.4001077430530353,0.03732638888888889,0.05654761904761905,0.3940914158305464,3.4327670208505365,0.035514144137090184,0.05016722408026756,0.9285714285714286,0.9285714285714286,0.8898809523809523,0.816571565132702,0.7723529142042422,low_exposure,41,80,0.5125
32508,low_exposure_challenger,0.98,42,5,0.4,14,0,0.9047619047619048,False,0.4022108843537415,3.4311055212752333,0.03590915532879818,0.05952380952380952,0.37476190476190485,3.459611245200586,0.034377777777777785,0.05,0.9285714285714286,0.9285714285714286,0.8928571428571429,0.845306457465436,0.7991911001798798,low_exposure,40,80,0.5
32509,low_exposure_challenger,0.98,42,5,0.4,14,0,0.8809523809523809,True,0.4350907029478459,3.391473099968186,0.037893282312925165,0.05654761904761905,0.4078742608154373,3.419937343474038,0.03633217993079585,0.049019607843137254,0.9285714285714286,0.9285714285714286,0.9107142857142857,0.7903400876815043,0.7586234567822836,low_exposure,41,80,0.5125
32510,low_exposure_challenger,0.98,42,5,0.4,14,0,0.9047619047619048,False,0.41765873015873023,3.369853742089843,0.037184665532879815,0.05654761904761905,0.41183404054691186,3.3806184103805097,0.03676110185275953,0.04950495049504951,0.8571428571428571,0.8571428571428571,0.9017857142857143,0.832746631743543,0.763274285240258,low_exposure,46,80,0.575
32511,low_exposure_challenger,0.98,42,5,0.4,14,0,0.8904761904761904,True,0.43013038548752847,3.3774295877661364,0.03755668934240363,0.05654761904761905,0.40050457269000317,3.4051808643696977,0.035963334941449945,0.04966887417218543,0.8809523809523809,0.8809523809523809,0.8988095238095238,0.812360084463433,0.7519743213086646,low_exposure,45,80,0.5625
32512,low_exposure_challenger,0.98,42,5,0.4,14,2,0.8714285714285714,True,0.44897959183673475,3.3258853608401844,0.0390625,0.0625,0.4217572550905886,3.351663890739006,0.03751317892732035,0.050505050505050504,0.8333333333333334,0.8333333333333334,0.8839285714285714,0.817552858177788,0.7446477867259572,low_exposure,47,80,0.5875
32513,low_exposure_challenger,0.98,42,5,0.4,14,0,0.8857142857142857,True,0.4281462585034015,3.385400268598091,0.03760983560090702,0.05357142857142857,0.4015225137674119,3.4160060326497823,0.03602665556018326,0.047619047619047616,0.9285714285714286,0.9285714285714286,0.875,0.8430223340785696,0.7526360238408533,low_exposure,43,80,0.5375
32514,low_exposure_challenger,0.98,42,5,0.4,14,0,0.8857142857142857,True,0.4428854875283448,3.3303800047089203,0.038672760770975055,0.05654761904761905,0.4192683695994954,3.35186919253046,0.03747642647252314,0.04966887417218543,0.8333333333333334,0.8333333333333334,0.8988095238095238,0.809320738163584,0.7489456796645397,low_exposure,47,80,0.5875
32515,low_exposure_challenger,0.98,42,5,0.4,14,0,0.8761904761904762,True,0.45932539682539697,3.3420383632768393,0.039558531746031744,0.0625,0.42406692406692414,3.379418869959599,0.03734477720964207,0.05067567567567568,0.9047619047619048,0.9047619047619048,0.8809523809523809,0.8148731589286501,0.7368301979884609,low_exposure,44,80,0.55
32516,low_exposure_challenger,0.98,42,5,0.4,14,0,0.9,False,0.41638321995464866,3.4030605637819673,0.03652919501133786,0.05357142857142857,0.3941102756892232,3.4262247490424604,0.0353185595567867,0.049342105263157895,0.8809523809523809,0.8809523809523809,0.9047619047619048,0.8171184322178315,0.7651889494540162,low_exposure,44,80,0.55
32517,low_exposure_challenger,0.98,42,5,0.4,14,0,0.8809523809523809,True,0.4477040816326532,3.3582941873446748,0.038672760770975055,0.05952380952380952,0.42191758858425543,3.387367583999063,0.037059710460383866,0.050505050505050504,0.8809523809523809,0.8809523809523809,0.8839285714285714,0.7930651054252494,0.7402109296811948,low_exposure,45,80,0.5625
32518,low_exposure_challenger,0.98,42,5,0.4,14,0,0.9,False,0.4360827664399094,3.383286367434705,0.0378578514739229,0.05357142857142857,0.41311888994008217,3.4099135452150318,0.03648962764791018,0.04966887417218543,0.9285714285714286,0.9285714285714286,0.8988095238095238,0.8180154845988339,0.7620011212273597,low_exposure,43,80,0.5375
32519,low_exposure_challenger,0.98,42,5,0.4,14,0,0.8952380952380953,True,0.4257369614512472,3.391172617054865,0.037308673469387744,0.05357142857142857,0.402125019388863,3.414976887005254,0.0360640431198209,0.048859934853420196,0.9285714285714286,0.9285714285714286,0.9136904761904762,0.8083561437886501,0.7795731203719461,low_exposure,43,80,0.5375
32520,extended_audit,0.0,42,5,0.4,14,0,0.9809523809523809,False,0.19444444444444442,3.678284997814438,0.026732568027210885,0.044642857142857144,0.12683982683982697,3.71129726072776,0.02508429752066116,0.03636363636363636,1.0,1.0,0.8184523809523809,0.981819855007117,0.960821139593234,low_discovery,8,80,0.1
32521,extended_audit,0.0,42,5,0.4,14,0,0.9809523809523809,False,0.209467120181406,3.664144995532367,0.027210884353741492,0.047619047619047616,0.1585034013605442,3.6912872888635726,0.025867346938775508,0.039285714285714285,1.0,1.0,0.8333333333333334,0.9697270922354114,0.9505985460175919,low_discovery,13,80,0.1625
32522,extended_audit,0.0,42,5,0.4,14,0,0.9714285714285714,False,0.157312925170068,3.695839618729336,0.025722789115646256,0.03869047619047619,0.1304493628437291,3.7086810319371697,0.025143820670501887,0.035211267605633804,1.0,1.0,0.8452380952380952,0.971902272609192,0.9480729780674664,low_discovery,11,80,0.1375
32523,extended_audit,0.0,42,5,0.4,14,0,0.9666666666666667,False,0.16425736961451265,3.694168490111002,0.025953089569160995,0.044642857142857144,0.1360424028268552,3.708008152442412,0.025259398918702942,0.038869257950530034,1.0,1.0,0.8422619047619048,0.9726593772652726,0.952320667692232,low_discovery,6,80,0.075
32524,extended_audit,0.0,42,5,0.4,14,0,0.9904761904761905,False,0.2005385487528346,3.672955113014744,0.026785714285714284,0.044642857142857144,0.1619718309859155,3.695503777020027,0.025763737353699665,0.03873239436619718,1.0,1.0,0.8452380952380952,0.9679664023762372,0.9425200002856947,low_discovery,14,80,0.175
32525,extended_audit,0.0,42,5,0.4,14,0,0.9952380952380953,False,0.18324829931972797,3.6822913247054174,0.02643140589569161,0.044642857142857144,0.1200828157349898,3.711336313886431,0.024968494013862638,0.03260869565217391,1.0,1.0,0.8214285714285714,0.980968659099116,0.9639413680157158,low_discovery,10,80,0.125
32526,extended_audit,0.0,42,5,0.4,14,0,0.9857142857142858,False,0.20308956916099774,3.66977896768388,0.02682114512471655,0.03869047619047619,0.15939153439153442,3.693074805199914,0.0257764274691358,0.03819444444444445,1.0,1.0,0.8571428571428571,0.9643088829873312,0.9454913130977727,low_discovery,15,80,0.1875
32527,extended_audit,0.0,42,5,0.4,14,0,0.9619047619047619,False,0.19175170068027225,3.672205038284355,0.026643990929705215,0.044642857142857144,0.1493963782696177,3.693966791077999,0.025639754017060104,0.03873239436619718,1.0,1.0,0.8452380952380952,0.965566001777353,0.9400161406317529,low_discovery,14,80,0.175
32528,extended_audit,0.0,42,5,0.4,14,0,0.9952380952380953,False,0.20479024943310664,3.670338410907859,0.027175453514739233,0.044642857142857144,0.12822510822510824,3.709948684852707,0.025137190082644624,0.04,1.0,1.0,0.8184523809523809,0.9794418902430994,0.9639380747712298,low_discovery,9,80,0.1125
32529,extended_audit,0.0,42,5,0.4,14,0,0.9809523809523809,False,0.181264172335601,3.6833782261415875,0.026236536281179137,0.03571428571428571,0.12411347517730498,3.709323889493998,0.025049041798702276,0.031914893617021274,1.0,1.0,0.8392857142857143,0.9712393056664753,0.9472768912868627,low_discovery,12,80,0.15
32530,extended_audit,0.0,42,5,0.4,14,0,0.9809523809523809,False,0.17318594104308405,3.688144613095716,0.026059382086167798,0.03869047619047619,0.1505190311418685,3.700578862616521,0.025538487326540626,0.03806228373702422,1.0,1.0,0.8601190476190477,0.9660686394802713,0.9423969919744984,low_discovery,12,80,0.15
32531,extended_audit,0.0,42,5,0.4,14,0,0.9761904761904762,False,0.18707482993197289,3.67905560932007,0.026874291383219954,0.05357142857142857,0.11870003475842905,3.7144334850307783,0.024934732804091853,0.0364963503649635,1.0,1.0,0.8154761904761905,0.9796211887602241,0.9635451146647286,low_discovery,6,80,0.075
32532,extended_audit,0.0,42,5,0.4,14,0,0.9666666666666667,False,0.1860827664399094,3.6834527357061697,0.026413690476190473,0.041666666666666664,0.1356321839080461,3.7071302671954736,0.025255648038049937,0.03793103448275862,1.0,1.0,0.8630952380952381,0.9639168080615326,0.9369306149442814,low_discovery,11,80,0.1375
32533,extended_audit,0.0,42,5,0.4,14,0,0.9714285714285714,False,0.21896258503401378,3.657216024675017,0.02776006235827664,0.05357142857142857,0.159725585149314,3.692616068245138,0.025797184717035335,0.04067796610169491,1.0,1.0,0.8779761904761905,0.9438754674832185,0.914664556112776,low_discovery,16,80,0.2
32534,extended_audit,0.0,42,5,0.4,14,0,0.9761904761904762,False,0.21315192743764189,3.662569080706329,0.027210884353741496,0.041666666666666664,0.1582430806257522,3.6928512872946895,0.025792073401191207,0.039711191335740074,1.0,1.0,0.8244047619047619,0.9748267651127244,0.9521925218012051,low_discovery,13,80,0.1625
32535,extended_audit,0.0,42,5,0.4,14,0,0.9857142857142858,False,0.19954648526077112,3.6692243454351887,0.02705144557823129,0.044642857142857144,0.1442773600668339,3.6986615234794322,0.025595567867036012,0.0456140350877193,1.0,1.0,0.8482142857142857,0.9685073139739946,0.9515852917233479,low_discovery,10,80,0.125
32536,extended_audit,0.0,42,5,0.4,14,0,0.9714285714285714,False,0.18579931972789132,3.6823126835602427,0.02657312925170068,0.044642857142857144,0.12826961770623746,3.7111228221633197,0.02506943066851815,0.035211267605633804,1.0,1.0,0.8452380952380952,0.9728425296561359,0.9558107878830414,low_discovery,6,80,0.075
32537,extended_audit,0.0,42,5,0.4,14,0,0.9761904761904762,False,0.18424036281179146,3.683506390490585,0.02634282879818594,0.03869047619047619,0.14251941911516397,3.7037417911502675,0.02542628640410442,0.0425531914893617,1.0,1.0,0.8392857142857143,0.9729614433822064,0.9502346774941488,low_discovery,9,80,0.1125
32538,extended_audit,0.0,42,5,0.4,14,0,0.9714285714285714,False,0.19940476190476208,3.6746664933614324,0.026732568027210885,0.041666666666666664,0.1596491228070176,3.6959053181854085,0.025792551554324406,0.03859649122807018,1.0,1.0,0.8482142857142857,0.9688939407910339,0.9503027889954024,low_discovery,11,80,0.1375
32539,extended_audit,0.0,42,5,0.4,14,0,0.9952380952380953,False,0.19047619047619047,3.6790886048881224,0.02651998299319728,0.044642857142857144,0.14901764901764913,3.701136312274468,0.025478018485011498,0.03496503496503497,1.0,1.0,0.8511904761904762,0.9709749490342734,0.9502556018952054,low_discovery,13,80,0.1625
32540,extended_audit,0.0,42,5,0.4,14,0,0.9714285714285714,False,0.1923185941043084,3.677297693791775,0.026714852607709748,0.047619047619047616,0.1388747669886461,3.7037930356805155,0.025392282265928753,0.03914590747330961,1.0,1.0,0.8363095238095238,0.9713325170903118,0.9477249270999181,low_discovery,10,80,0.125
32541,extended_audit,0.0,42,5,0.4,14,0,0.9666666666666667,False,0.2268990929705217,3.6566979987103925,0.02779549319727891,0.047619047619047616,0.17070503112905944,3.691030465184394,0.02605850990772765,0.04240282685512368,1.0,1.0,0.8422619047619048,0.9669822562109115,0.9439381037654287,low_discovery,14,80,0.175
32542,extended_audit,0.0,42,5,0.4,14,0,0.9904761904761905,False,0.1479591836734695,3.7010718431970373,0.025510204081632647,0.03869047619047619,0.13002421307506062,3.7096120760777214,0.025153691467968975,0.03728813559322034,1.0,1.0,0.8779761904761905,0.9657431810320175,0.9454918598128748,low_discovery,7,80,0.0875
32543,extended_audit,0.0,42,5,0.4,14,0,0.9761904761904762,False,0.20337301587301604,3.671594340643283,0.027069160997732426,0.050595238095238096,0.14475201845444063,3.7027122011070626,0.025466649106212803,0.04152249134948097,1.0,1.0,0.8601190476190477,0.9634921963127931,0.9401396661103987,low_discovery,11,80,0.1375
32544,extended_audit,0.0,42,5,0.4,14,0,0.9904761904761905,False,0.15221088435374153,3.700117443196721,0.02565192743764172,0.041666666666666664,0.11438561438561456,3.7162213293255886,0.024842290576556313,0.03496503496503497,1.0,1.0,0.8511904761904762,0.9790735139623875,0.9629668430828504,low_discovery,3,80,0.0375
32545,extended_audit,0.0,42,5,0.4,14,0,0.9857142857142858,False,0.1860827664399094,3.669193641233826,0.026466836734693876,0.03869047619047619,0.14032421479230006,3.6901354433662177,0.02550173532518485,0.03546099290780142,0.9761904761904762,0.9761904761904762,0.8392857142857143,0.9693034680054199,0.9518389672656214,low_discovery,14,80,0.175
32546,extended_audit,0.0,42,5,0.4,14,0,0.9857142857142858,False,0.22859977324263037,3.6523335851604486,0.027742346938775506,0.047619047619047616,0.1740322028091814,3.6851358070932463,0.026214999223642673,0.046762589928057555,1.0,1.0,0.8273809523809523,0.9749120888474531,0.9458345009291688,low_discovery,20,80,0.25
32547,extended_audit,0.0,42,5,0.4,14,0,0.9714285714285714,False,0.1727607709750567,3.6894841025285445,0.02602395124716553,0.03869047619047619,0.13802863802863818,3.705766829975005,0.025306860971196637,0.038461538461538464,1.0,1.0,0.8511904761904762,0.9723082590442435,0.9480826691126872,low_discovery,10,80,0.125
32548,extended_audit,0.0,42,5,0.4,14,0,0.9904761904761905,False,0.1819727891156464,3.682203948920395,0.02657312925170068,0.050595238095238096,0.133866133866134,3.705977675063047,0.025355763118000883,0.045454545454545456,1.0,1.0,0.8511904761904762,0.9711030543960116,0.9522745689741829,low_discovery,10,80,0.125
32549,extended_audit,0.0,42,5,0.4,14,0,0.9761904761904762,False,0.1877834467120183,3.6745020715686563,0.02667942176870748,0.050595238095238096,0.1497804795677138,3.695569396797515,0.02560233388662542,0.03900709219858156,1.0,1.0,0.8392857142857143,0.9733498261213662,0.9532217388031173,low_discovery,10,80,0.125
32550,extended_audit,0.25,42,5,0.4,14,0,0.9857142857142858,False,0.19472789115646272,3.671349244457674,0.02699829931972789,0.050595238095238096,0.16604622304948036,3.690346358012693,0.025963140192468884,0.04234527687296417,1.0,1.0,0.9136904761904762,0.9347547208760929,0.9150293546556355,low_discovery,15,80,0.1875
32551,extended_audit,0.25,42,5,0.4,14,0,0.9476190476190476,False,0.2553854875283448,3.632002644993385,0.028698979591836732,0.050595238095238096,0.2203579418344519,3.660348924867859,0.02734111076077654,0.040268456375838924,1.0,1.0,0.8869047619047619,0.9291314506271271,0.8934905778651703,low_discovery,20,80,0.25
32552,extended_audit,0.25,42,5,0.4,14,0,0.9476190476190476,False,0.2022392290249433,3.669046215376422,0.026874291383219954,0.041666666666666664,0.17922217118358597,3.6820594488471854,0.02625076250245552,0.03858520900321544,1.0,1.0,0.9255952380952381,0.9232821826261713,0.8978818117873811,low_discovery,13,80,0.1625
32553,extended_audit,0.25,42,5,0.4,14,0,0.9761904761904762,False,0.21967120181405897,3.6546710871529506,0.027458900226757368,0.044642857142857144,0.1962288271013104,3.6697472258316037,0.026778073059772083,0.0436241610738255,1.0,1.0,0.8869047619047619,0.9474725311866735,0.9159880228782119,low_discovery,19,80,0.2375
32554,extended_audit,0.25,42,5,0.4,14,0,0.9761904761904762,False,0.20280612244897966,3.666198367513224,0.027122307256235823,0.05357142857142857,0.17509758001561293,3.6837429888585866,0.026218758398280036,0.04262295081967213,1.0,1.0,0.9077380952380952,0.9395974992973634,0.9228502177302019,low_discovery,14,80,0.175
32555,extended_audit,0.25,42,5,0.4,14,0,0.9714285714285714,False,0.18098072562358292,3.6829638280512054,0.026325113378684803,0.041666666666666664,0.15278450363196128,3.696723513897747,0.02570525711002586,0.04067796610169491,1.0,1.0,0.8779761904761905,0.9589359656060198,0.9382095504475574,low_discovery,12,80,0.15
32556,extended_audit,0.25,42,5,0.4,14,0,0.9571428571428572,False,0.20039682539682557,3.6717218373369946,0.02687429138321995,0.047619047619047616,0.17028131384567047,3.6890719081211847,0.025999629665936892,0.039603960396039604,1.0,1.0,0.9017857142857143,0.9452557590440875,0.9268685452343068,low_discovery,8,80,0.1
32557,extended_audit,0.25,42,5,0.4,14,0,0.9761904761904762,False,0.14753401360544216,3.701471677146763,0.025510204081632654,0.03869047619047619,0.14511754068716098,3.703092757224545,0.025456657586925176,0.0379746835443038,1.0,1.0,0.9404761904761905,0.9256476236895339,0.9062692268853829,low_discovery,12,80,0.15
32558,extended_audit,0.25,42,5,0.4,14,0,0.9809523809523809,False,0.18112244897959195,3.6848137718250125,0.026395975056689343,0.044642857142857144,0.15131068714130613,3.700744909953144,0.02555995289074685,0.03908794788273615,1.0,1.0,0.9136904761904762,0.9384707920789198,0.9150537131388794,low_discovery,13,80,0.1625
32559,extended_audit,0.25,42,5,0.4,14,0,0.9761904761904762,False,0.25425170068027225,3.6312232711496475,0.029319019274376412,0.05952380952380952,0.1950113378684808,3.672968618761897,0.02702577629691332,0.05102040816326531,1.0,1.0,0.875,0.9409943860545621,0.9143416200553305,low_discovery,12,80,0.15
32560,extended_audit,0.25,42,5,0.4,14,0,0.9714285714285714,False,0.20238095238095255,3.6662673360857783,0.02738803854875283,0.05357142857142857,0.14603174603174618,3.6985476907228776,0.025577777777777783,0.04,1.0,1.0,0.8928571428571429,0.9531982015551321,0.9335291828561719,low_discovery,9,80,0.1125
32561,extended_audit,0.25,42,5,0.4,14,0,0.9857142857142858,False,0.19203514739229033,3.678571510287225,0.026643990929705215,0.044642857142857144,0.16959469872091248,3.6900902884221587,0.026109906683004995,0.045307443365695796,1.0,1.0,0.9196428571428571,0.9306418757399183,0.9036266863512826,low_discovery,11,80,0.1375
32562,extended_audit,0.25,42,5,0.4,14,0,0.9571428571428572,False,0.2599206349206351,3.6311955000822773,0.028964710884353737,0.05357142857142857,0.21849692257855535,3.6622168744653214,0.027349715396362627,0.04421768707482993,1.0,1.0,0.875,0.9427131559002898,0.9122464029716221,low_discovery,20,80,0.25
32563,extended_audit,0.25,42,5,0.4,14,1,0.9857142857142858,False,0.19345238095238093,3.6686313373722323,0.026679421768707485,0.041666666666666664,0.17814487358461317,3.677227518906507,0.02634510710988976,0.03908794788273615,1.0,1.0,0.9136904761904762,0.9327199698271688,0.91434589826814,low_discovery,16,80,0.2
32564,extended_audit,0.25,42,5,0.4,14,0,0.9952380952380953,False,0.19316893424036286,3.671578012324257,0.02682114512471655,0.050595238095238096,0.16868969810146295,3.6870774753199806,0.025994275705925073,0.03594771241830065,1.0,1.0,0.9107142857142857,0.9234035967977428,0.8981165057296329,low_discovery,15,80,0.1875
32565,extended_audit,0.25,42,5,0.4,14,0,0.9761904761904762,False,0.2210884353741498,3.6542008840886346,0.027494331065759634,0.047619047619047616,0.19793650793650808,3.6696700453610243,0.02677777777777778,0.043333333333333335,1.0,1.0,0.8928571428571429,0.9453636882313959,0.9169733290752539,low_discovery,15,80,0.1875
32566,extended_audit,0.25,42,5,0.4,14,0,0.9809523809523809,False,0.1984126984126986,3.6738869007910884,0.02667942176870748,0.03869047619047619,0.17998120300751896,3.6852904519089966,0.0262292243767313,0.039473684210526314,1.0,1.0,0.9047619047619048,0.9409214186363584,0.9203731990021472,low_discovery,16,80,0.2
32567,extended_audit,0.25,42,5,0.4,14,0,0.9761904761904762,False,0.20890022675736963,3.6660458419232596,0.02717545351473923,0.047619047619047616,0.1718020541549954,3.6864168928664993,0.02612243154342347,0.042483660130718956,1.0,1.0,0.9107142857142857,0.9322892262735415,0.9025982126099233,low_discovery,15,80,0.1875
32568,extended_audit,0.25,42,5,0.4,14,0,0.9761904761904762,False,0.23100907029478468,3.6542123447042187,0.027724631519274377,0.041666666666666664,0.20385932150638042,3.671764145571437,0.02687000726216413,0.042483660130718956,1.0,1.0,0.9107142857142857,0.9291886702990895,0.9104307637592403,low_discovery,14,80,0.175
32569,extended_audit,0.25,42,5,0.4,14,0,0.9857142857142858,False,0.22760770975056688,3.6473767689049224,0.027653769841269837,0.041666666666666664,0.1897546897546898,3.668637237340872,0.026697955990885286,0.04377104377104377,1.0,1.0,0.8839285714285714,0.9479007771853768,0.9207869296117753,low_discovery,19,80,0.2375
32570,extended_audit,0.25,42,5,0.4,14,0,0.9809523809523809,False,0.22945011337868482,3.653530061182701,0.027742346938775503,0.047619047619047616,0.1949849707324791,3.6764260383944016,0.026589110495469144,0.03986710963455149,1.0,1.0,0.8958333333333334,0.9342057204496119,0.9015407339117809,low_discovery,19,80,0.2375
32571,extended_audit,0.25,42,5,0.4,14,0,0.9666666666666667,False,0.20181405895691618,3.670933037619836,0.026803429705215417,0.041666666666666664,0.17709305944600073,3.684961359618757,0.026186509462172672,0.042483660130718956,1.0,1.0,0.9107142857142857,0.9306940455869323,0.899100738636518,low_discovery,15,80,0.1875
32572,extended_audit,0.25,42,5,0.4,14,0,0.9857142857142858,False,0.1892006802721089,3.680596494591435,0.02644912131519274,0.041666666666666664,0.1545155993431857,3.6988055831943716,0.025612366230677763,0.034482758620689655,1.0,1.0,0.8630952380952381,0.9653323654304118,0.9458865163225862,low_discovery,13,80,0.1625
32573,extended_audit,0.25,42,5,0.4,14,0,0.9666666666666667,False,0.2159863945578233,3.663079237226863,0.0272108843537415,0.041666666666666664,0.1792149292149292,3.6840102214832298,0.026296566837107377,0.04391891891891892,1.0,1.0,0.8809523809523809,0.9526273442122849,0.9248934761743217,low_discovery,12,80,0.15
32574,extended_audit,0.25,42,5,0.4,14,0,0.9857142857142858,False,0.2268990929705217,3.637363899421762,0.027919501133786846,0.047619047619047616,0.20372122358877331,3.653410742769413,0.027038287794394985,0.039735099337748346,0.9761904761904762,0.9761904761904762,0.8988095238095238,0.9404032730723652,0.9152794649999995,low_discovery,17,80,0.2125
32575,extended_audit,0.25,42,5,0.4,14,0,0.9904761904761905,False,0.20507369614512472,3.6701439290634106,0.027033730158730156,0.047619047619047616,0.17390604890604888,3.6881134118080836,0.026182432432432436,0.04391891891891892,1.0,1.0,0.8809523809523809,0.948281274320673,0.9234989711305815,low_discovery,12,80,0.15
32576,extended_audit,0.25,42,5,0.4,14,0,0.9714285714285714,False,0.2042233560090705,3.6699740128035354,0.026892006802721087,0.041666666666666664,0.17416081186573007,3.6872853894629656,0.026068261220102123,0.036065573770491806,1.0,1.0,0.9077380952380952,0.9350599884739265,0.9002113749691748,low_discovery,14,80,0.175
32577,extended_audit,0.25,42,5,0.4,14,0,0.9904761904761905,False,0.2070578231292517,3.665709932392009,0.026980583900226753,0.041666666666666664,0.1877112135176653,3.6773472792827744,0.02643080124869927,0.035483870967741936,1.0,1.0,0.9226190476190477,0.9378784243775501,0.9167385808266993,low_discovery,14,80,0.175
32578,extended_audit,0.25,42,5,0.4,14,0,0.9523809523809523,False,0.2726757369614514,3.612725534711715,0.029620181405895687,0.05654761904761905,0.24156746031746046,3.640372702460715,0.02816358024691358,0.04513888888888889,1.0,1.0,0.8571428571428571,0.9491836118495475,0.9106921733973659,low_discovery,21,80,0.2625
32579,extended_audit,0.25,42,5,0.4,14,0,0.9761904761904762,False,0.22916666666666674,3.6510726044605235,0.027972647392290252,0.05654761904761905,0.18790218790218804,3.678347060662839,0.026524835646457273,0.04391891891891892,1.0,1.0,0.8809523809523809,0.9475850988503364,0.9246146076062542,low_discovery,15,80,0.1875
32580,extended_audit,0.5,42,5,0.4,14,0,0.9523809523809523,False,0.304138321995465,3.5841943032750243,0.03073625283446712,0.05357142857142857,0.2725563909774438,3.6130643279639076,0.029237361495844872,0.04276315789473684,1.0,1.0,0.9047619047619048,0.9021000927625041,0.8687595443206141,low_discovery,24,80,0.3
32581,extended_audit,0.5,42,5,0.4,14,0,0.9714285714285714,False,0.24333900226757388,3.6425000760469275,0.02822066326530612,0.050595238095238096,0.23005858494817488,3.6521357821581106,0.027754281563156163,0.04416403785488959,1.0,1.0,0.9434523809523809,0.8959299551781238,0.8665074193189488,low_discovery,20,80,0.25
32582,extended_audit,0.5,42,5,0.4,14,0,0.9666666666666667,False,0.27692743764172345,3.6089211682402538,0.029478458049886615,0.050595238095238096,0.24976958525345627,3.6295725595553057,0.028407908428720083,0.04516129032258064,1.0,1.0,0.9226190476190477,0.8994006946028453,0.8703006312914088,low_discovery,26,80,0.325
32583,extended_audit,0.5,42,5,0.4,14,0,0.9714285714285714,False,0.22264739229024944,3.656932232209032,0.027565192743764174,0.044642857142857144,0.20744047619047623,3.6669097399097343,0.0270703125,0.04375,1.0,1.0,0.9523809523809523,0.9030307256145673,0.8916000983593899,low_discovery,12,80,0.15
32584,extended_audit,0.5,42,5,0.4,14,1,0.9666666666666667,False,0.30881519274376434,3.5743406810630245,0.03078939909297052,0.05357142857142857,0.2843137254901962,3.596823805163004,0.029710794993378618,0.049019607843137254,0.9761904761904762,0.9761904761904762,0.9107142857142857,0.8819038422694732,0.8396667438980633,low_discovery,28,80,0.35
32585,extended_audit,0.5,42,5,0.4,14,0,0.9523809523809523,False,0.2942176870748301,3.595623008189149,0.03011621315192744,0.047619047619047616,0.26886209029066177,3.6180248917269093,0.029094282341035584,0.048701298701298704,1.0,1.0,0.9166666666666666,0.8980756996778609,0.8611891499244723,low_discovery,25,80,0.3125
32586,extended_audit,0.5,42,5,0.4,14,0,0.9476190476190476,False,0.2767857142857144,3.6133599789098714,0.02942531179138322,0.050595238095238096,0.2515262515262515,3.6326209324190057,0.028476331360946742,0.04487179487179487,1.0,1.0,0.9285714285714286,0.8974956838576148,0.8683674530654009,low_discovery,23,80,0.2875
32587,extended_audit,0.5,42,5,0.4,14,0,0.9619047619047619,False,0.2842970521541952,3.597534932371552,0.02967332766439909,0.044642857142857144,0.26267034144847656,3.614993333228603,0.0288561946216437,0.04501607717041801,0.9761904761904762,0.9761904761904762,0.9255952380952381,0.8859577292153592,0.8512862930868867,low_discovery,25,80,0.3125
32588,extended_audit,0.5,42,5,0.4,14,0,0.9619047619047619,False,0.2536848072562359,3.636852845267435,0.028592687074829932,0.047619047619047616,0.2267145852051513,3.655700743444763,0.027570111941774455,0.0440251572327044,1.0,1.0,0.9464285714285714,0.874382163185854,0.8511042570879169,low_discovery,19,80,0.2375
32589,extended_audit,0.5,42,5,0.4,14,0,0.9523809523809523,False,0.23639455782312924,3.6408101316228536,0.02804350907029478,0.041666666666666664,0.21213517665130577,3.6556008978740575,0.02736732570239334,0.04516129032258064,1.0,1.0,0.9226190476190477,0.9136972974730649,0.8861088593687838,low_discovery,18,80,0.225
32590,extended_audit,0.5,42,5,0.4,14,0,0.9666666666666667,False,0.2505668934240364,3.6350625026373278,0.028734410430839,0.05952380952380952,0.2256960292104062,3.6553056832748845,0.02754953097408364,0.04472843450479233,1.0,1.0,0.9315476190476191,0.9028390787511976,0.8715775566147951,low_discovery,19,80,0.2375
32591,extended_audit,0.5,42,5,0.4,14,0,0.9380952380952381,False,0.2835884353741498,3.6093943353893656,0.029868197278911563,0.05357142857142857,0.24151935021500237,3.6430310237005497,0.028109305265041778,0.043478260869565216,1.0,1.0,0.8898809523809523,0.9162759148000053,0.8850319347202538,low_discovery,21,80,0.2625
32592,extended_audit,0.5,42,5,0.4,14,0,0.9428571428571428,False,0.28826530612244916,3.600011258222832,0.02986819727891156,0.047619047619047616,0.2667269439421338,3.6175012869411227,0.028981733696522988,0.04430379746835443,1.0,1.0,0.9404761904761905,0.8719225755281573,0.8548235786100081,low_discovery,23,80,0.2875
32593,extended_audit,0.5,42,5,0.4,14,0,0.9523809523809523,False,0.2946428571428572,3.5936469823135067,0.030275651927437634,0.05654761904761905,0.2640552995391705,3.6189489422595678,0.028886576482830384,0.041935483870967745,1.0,1.0,0.9226190476190477,0.8903751830756071,0.8499899003001374,low_discovery,27,80,0.3375
32594,extended_audit,0.5,42,5,0.4,14,0,0.9571428571428572,False,0.2867063492063493,3.6008227740141296,0.02979733560090703,0.044642857142857144,0.25689223057644117,3.6248573919720566,0.028653047091412743,0.04276315789473684,1.0,1.0,0.9047619047619048,0.8968577434083772,0.8486207484367795,low_discovery,29,80,0.3625
32595,extended_audit,0.5,42,5,0.4,14,0,0.9619047619047619,False,0.29166666666666674,3.5905985401945437,0.03013392857142857,0.050595238095238096,0.25933484504913085,3.6149610508146988,0.02873267825648778,0.04126984126984127,0.9761904761904762,0.9761904761904762,0.9375,0.8798975857454896,0.8621582599408296,low_discovery,23,80,0.2875
32596,extended_audit,0.5,42,5,0.4,14,0,0.9571428571428572,False,0.2942176870748301,3.5996580009172603,0.030151643990929705,0.047619047619047616,0.2766990291262137,3.61590458963277,0.029440412228610928,0.04854368932038835,1.0,1.0,0.9196428571428571,0.9016090696830505,0.8696224910262984,low_discovery,24,80,0.3
32597,extended_audit,0.5,42,5,0.4,14,0,0.9619047619047619,False,0.3211451247165533,3.564423068099821,0.031551162131519275,0.0625,0.2911362564827913,3.593493262413393,0.029986166933525033,0.04950495049504951,1.0,1.0,0.9017857142857143,0.9019296708103574,0.8773315452735265,low_discovery,29,80,0.3625
32598,extended_audit,0.5,42,5,0.4,14,0,0.9761904761904762,False,0.30498866213151943,3.5838251532376533,0.03064767573696145,0.047619047619047616,0.2752009894867038,3.6077597823056657,0.029473772980266485,0.048701298701298704,1.0,1.0,0.9166666666666666,0.8933677171261921,0.8624023068569596,low_discovery,26,80,0.325
32599,extended_audit,0.5,42,5,0.4,14,0,0.9571428571428572,False,0.2994614512471656,3.5960090372630793,0.030629960317460313,0.05654761904761905,0.2560105475414922,3.6323721612736435,0.028573247461511526,0.04560260586319218,1.0,1.0,0.9136904761904762,0.8827396950311344,0.8568874045960175,low_discovery,24,80,0.3
32600,extended_audit,0.5,42,5,0.4,14,0,0.9571428571428572,False,0.2963435374149661,3.581211219641999,0.03027565192743764,0.050595238095238096,0.27292910733425213,3.6002261190402187,0.029290433308175063,0.04823151125401929,0.9761904761904762,0.9761904761904762,0.9255952380952381,0.8786944317735331,0.8374888419088958,low_discovery,28,80,0.35
32601,extended_audit,0.5,42,5,0.4,14,0,0.9714285714285714,False,0.24390589569161003,3.630279399477716,0.028415532879818593,0.050595238095238096,0.2225539733578319,3.644313658564463,0.027698224790893396,0.04823151125401929,0.9761904761904762,0.9761904761904762,0.9255952380952381,0.8971701968034685,0.8651300914743766,low_discovery,22,80,0.275
32602,extended_audit,0.5,42,5,0.4,14,0,0.9857142857142858,False,0.28202947845804993,3.6061760841196513,0.029602465986394554,0.047619047619047616,0.2650494159928123,3.62038839621982,0.028895217752462322,0.0440251572327044,1.0,1.0,0.9464285714285714,0.8803863523617688,0.8591356219573338,low_discovery,25,80,0.3125
32603,extended_audit,0.5,42,5,0.4,14,0,0.9571428571428572,False,0.24149659863945594,3.6428888955354264,0.02813208616780045,0.044642857142857144,0.22359921886735767,3.6551464979456068,0.02751544945217885,0.04416403785488959,1.0,1.0,0.9434523809523809,0.8973360048917151,0.8747686020879454,low_discovery,22,80,0.275
32604,extended_audit,0.5,42,5,0.4,14,0,0.9476190476190476,False,0.30824829931972797,3.583150125866675,0.030966553287981858,0.05357142857142857,0.2653968253968255,3.6207091712139143,0.028955555555555554,0.043333333333333335,1.0,1.0,0.8928571428571429,0.9039501246407307,0.880688548253036,low_discovery,24,80,0.3
32605,extended_audit,0.5,42,5,0.4,14,0,0.9571428571428572,False,0.2946428571428572,3.5925773960815035,0.03073625283446712,0.06845238095238096,0.262826420890937,3.622556023368974,0.028865764828303848,0.04516129032258064,1.0,1.0,0.9226190476190477,0.8793555492683413,0.8529793760943312,low_discovery,25,80,0.3125
32606,extended_audit,0.5,42,5,0.4,14,0,0.9714285714285714,False,0.25666099773242634,3.6317730599158002,0.028698979591836735,0.047619047619047616,0.23456511942316371,3.648145504403636,0.027833892266815274,0.04416403785488959,1.0,1.0,0.9434523809523809,0.8907885344959565,0.8763517062911149,low_discovery,20,80,0.25
32607,extended_audit,0.5,42,5,0.4,14,0,0.9523809523809523,False,0.2406462585034015,3.6465960314357178,0.02813208616780045,0.047619047619047616,0.22894935752078616,3.6558394038730135,0.027745023935500126,0.047619047619047616,1.0,1.0,0.9375,0.8971252707375125,0.871612604194091,low_discovery,18,80,0.225
32608,extended_audit,0.5,42,5,0.4,14,0,0.9761904761904762,False,0.24886621315192747,3.633422543944966,0.02832695578231292,0.041666666666666664,0.2270542286315158,3.6475894004709266,0.027654768183582285,0.04416403785488959,1.0,1.0,0.9434523809523809,0.8876156835129465,0.858833313239154,low_discovery,23,80,0.2875
32609,extended_audit,0.5,42,5,0.4,14,0,0.9714285714285714,False,0.2726757369614514,3.6170974681706243,0.029354450113378682,0.05357142857142857,0.24556942518107583,3.6382110292937533,0.028267403986133366,0.045307443365695796,1.0,1.0,0.9196428571428571,0.895723639719049,0.8742038064869798,low_discovery,21,80,0.2625
32610,extended_audit,0.75,42,5,0.4,14,0,0.9333333333333333,False,0.37131519274376434,3.504012323955547,0.03403132086167801,0.06547619047619048,0.3316102756892232,3.5424725470651532,0.03176939058171745,0.049342105263157895,0.9761904761904762,0.9761904761904762,0.9047619047619048,0.8297928789152871,0.8051603399353482,low_discovery,36,80,0.45
32611,extended_audit,0.75,42,5,0.4,14,0,0.9380952380952381,False,0.34807256235827677,3.5241252656112563,0.032755810657596376,0.05357142857142857,0.3304147465437788,3.5441998492380336,0.03177939646201873,0.04516129032258064,0.9761904761904762,0.9761904761904762,0.9226190476190477,0.8553795868724786,0.8292546702205236,low_discovery,31,80,0.3875
32612,extended_audit,0.75,42,5,0.4,14,0,0.9380952380952381,False,0.3395691609977325,3.530817240196228,0.032206632653061215,0.050595238095238096,0.3136184410069762,3.5519630485462486,0.031076311412227678,0.041401273885350316,0.9523809523809523,0.9523809523809523,0.9345238095238095,0.8389163554847937,0.8133672113591665,low_discovery,34,80,0.425
32613,extended_audit,0.75,42,5,0.4,14,0,0.9285714285714286,False,0.36210317460317465,3.508579919390134,0.03417304421768707,0.07738095238095238,0.3221701795472287,3.5497230073982404,0.031421660843859174,0.04918032786885246,0.9761904761904762,0.9761904761904762,0.9077380952380952,0.8562702753945576,0.8291378375843497,low_discovery,33,80,0.4125
32614,extended_audit,0.75,42,5,0.4,14,0,0.9476190476190476,False,0.3544501133786848,3.5029415135695494,0.03309240362811792,0.05357142857142857,0.3342549923195086,3.5224274361621326,0.03209157127991675,0.04838709677419355,0.9761904761904762,0.9761904761904762,0.9226190476190477,0.8534289707723243,0.812110340243824,low_discovery,38,80,0.475
32615,extended_audit,0.75,42,5,0.4,14,0,0.9571428571428572,False,0.32709750566893425,3.5552292451547935,0.03172831632653061,0.050595238095238096,0.29632999696693973,3.580458949188445,0.03030548906649357,0.041401273885350316,1.0,1.0,0.9345238095238095,0.8454727898515086,0.7976902181254122,low_discovery,33,80,0.4125
32616,extended_audit,0.75,42,5,0.4,14,0,0.9333333333333333,False,0.37230725623582783,3.4995341270402642,0.03390731292517007,0.050595238095238096,0.3451602863367571,3.5278475428607043,0.032487504805843906,0.049019607843137254,0.9761904761904762,0.9761904761904762,0.9107142857142857,0.8443735355840373,0.806941218693547,low_discovery,34,80,0.425
32617,extended_audit,0.75,42,5,0.4,14,0,0.9428571428571428,False,0.3286564625850341,3.5520327651643275,0.031728316326530615,0.047619047619047616,0.3024412296564196,3.572362044978731,0.03068418522672648,0.04113924050632911,1.0,1.0,0.9404761904761905,0.8507855588594476,0.8213277225661026,low_discovery,31,80,0.3875
32618,extended_audit,0.75,42,5,0.4,14,0,0.9285714285714286,False,0.3894557823129252,3.473991617278137,0.03482851473922902,0.05357142857142857,0.34931287951422196,3.5140100891114967,0.03265618665825864,0.04697986577181208,0.9523809523809523,0.9523809523809523,0.8869047619047619,0.8672059617127063,0.8203585162284827,low_discovery,36,80,0.45
32619,extended_audit,0.75,42,5,0.4,14,0,0.9619047619047619,False,0.33673469387755106,3.5286283431321905,0.031994047619047616,0.047619047619047616,0.3155706727135299,3.5462818186961744,0.03109095490047871,0.044444444444444446,0.9523809523809523,0.9523809523809523,0.9375,0.8421218193355166,0.8144504493618476,low_discovery,33,80,0.4125
32620,extended_audit,0.75,42,5,0.4,14,0,0.9333333333333333,False,0.3711734693877551,3.4934815646568746,0.033871882086167794,0.05357142857142857,0.33950617283950635,3.525681751161534,0.03229829155755082,0.04713804713804714,0.9761904761904762,0.9761904761904762,0.8839285714285714,0.8759856883469399,0.831914991972465,low_discovery,35,80,0.4375
32621,extended_audit,0.75,42,5,0.4,14,0,0.9333333333333333,False,0.3701814058956916,3.5049696721279817,0.03383645124716553,0.05654761904761905,0.3392468098350452,3.535459640865102,0.03214575590584818,0.049019607843137254,0.9761904761904762,0.9761904761904762,0.9107142857142857,0.8351522444378662,0.8019196957904612,low_discovery,34,80,0.425
32622,extended_audit,0.75,42,5,0.4,14,0,0.9238095238095239,False,0.34495464852607727,3.537047876401341,0.03284438775510204,0.05952380952380952,0.31602418745275895,3.564907263482825,0.03115142353237591,0.047619047619047616,1.0,1.0,0.9375,0.8063465001564055,0.7742876859420106,low_discovery,32,80,0.4
32623,extended_audit,0.75,42,5,0.4,14,0,0.9285714285714286,False,0.3825113378684808,3.46297986831957,0.03466907596371882,0.05952380952380952,0.36427054898392486,3.481573745127084,0.03363219603229339,0.04777070063694268,0.9285714285714286,0.9285714285714286,0.9345238095238095,0.8198820177843684,0.796329479084673,low_discovery,38,80,0.475
32624,extended_audit,0.75,42,5,0.4,14,0,0.9238095238095239,False,0.3537414965986396,3.5286533519167915,0.03300382653061224,0.050595238095238096,0.31819615263323886,3.563583905902055,0.031248629446076925,0.04966887417218543,0.9761904761904762,0.9761904761904762,0.8988095238095238,0.8853691404220446,0.8422841149060666,low_discovery,28,80,0.35
32625,extended_audit,0.75,42,5,0.4,14,0,0.9380952380952381,False,0.3486394557823129,3.527994938912798,0.0326672335600907,0.05357142857142857,0.32246879334257983,3.55287880286959,0.031346550622636964,0.045307443365695796,0.9761904761904762,0.9761904761904762,0.9196428571428571,0.8549495767235219,0.8151785657140317,low_discovery,32,80,0.4
32626,extended_audit,0.75,42,5,0.4,14,0,0.9380952380952381,False,0.33120748299319747,3.5402065394607645,0.03178146258503401,0.047619047619047616,0.3032460572653499,3.563282443469056,0.03057247133507718,0.04501607717041801,0.9523809523809523,0.9523809523809523,0.9255952380952381,0.8260170168130134,0.8003540808476757,low_discovery,30,80,0.375
32627,extended_audit,0.75,42,5,0.4,14,0,0.9333333333333333,False,0.33219954648526095,3.551885360851619,0.031834608843537414,0.047619047619047616,0.30494505494505497,3.576473473380482,0.030530900723208416,0.04807692307692308,0.9761904761904762,0.9761904761904762,0.9285714285714286,0.849365568455426,0.8153552886115464,low_discovery,29,80,0.3625
32628,extended_audit,0.75,42,5,0.4,14,0,0.9095238095238095,False,0.35345804988662133,3.5251562293133687,0.03311011904761905,0.05357142857142857,0.32857142857142874,3.5509669715970187,0.03177939646201874,0.04516129032258064,1.0,1.0,0.9226190476190477,0.8408692440902547,0.8030241615522363,low_discovery,30,80,0.375
32629,extended_audit,0.75,42,5,0.4,14,0,0.9142857142857143,False,0.35048185941043086,3.5303677951453856,0.033074688208616775,0.05952380952380952,0.318800247371676,3.560589818687386,0.0314555574295834,0.048701298701298704,1.0,1.0,0.9166666666666666,0.847034447412287,0.8080913468160508,low_discovery,29,80,0.3625
32630,extended_audit,0.75,42,5,0.4,14,0,0.9380952380952381,False,0.3547335600907031,3.525848298211412,0.033145549886621314,0.0625,0.3238557558945909,3.5556944980686547,0.03147223007718813,0.04854368932038835,1.0,1.0,0.9196428571428571,0.844590763520434,0.7934377902432685,low_discovery,34,80,0.425
32631,extended_audit,0.75,42,5,0.4,14,0,0.9380952380952381,False,0.3560090702947847,3.521414038292436,0.033145549886621314,0.05357142857142857,0.3325071353462521,3.5441902478526823,0.03181442744977062,0.0473186119873817,0.9761904761904762,0.9761904761904762,0.9434523809523809,0.8193801052877993,0.7954488089041426,low_discovery,33,80,0.4125
32632,extended_audit,0.75,42,5,0.4,14,0,0.9333333333333333,False,0.36281179138322006,3.508508080249002,0.03341128117913832,0.050595238095238096,0.34520030234315957,3.5273255653355227,0.03246157722348199,0.047619047619047616,0.9523809523809523,0.9523809523809523,0.9375,0.8080700171248171,0.765308578121796,low_discovery,34,80,0.425
32633,extended_audit,0.75,42,5,0.4,14,0,0.9142857142857143,False,0.38137755102040827,3.481737259777499,0.0343501984126984,0.05357142857142857,0.3437449556093626,3.5198573317272146,0.03230106291295605,0.04745762711864407,0.9285714285714286,0.9285714285714286,0.8779761904761905,0.8798522733374154,0.8350043663026345,low_discovery,36,80,0.45
32634,extended_audit,0.75,42,5,0.4,14,0,0.9380952380952381,False,0.3489229024943312,3.529346905681123,0.03270266439909297,0.050595238095238096,0.32077361689012185,3.555074341381556,0.031409390349912546,0.04854368932038835,1.0,1.0,0.9196428571428571,0.8502561090591376,0.8156160047927301,low_discovery,32,80,0.4
32635,extended_audit,0.75,42,5,0.4,14,0,0.9285714285714286,False,0.39441609977324266,3.4686775449553804,0.03527140022675737,0.05952380952380952,0.3593576965669989,3.505451213503242,0.033211553956358095,0.04983388704318937,0.9523809523809523,0.9523809523809523,0.8958333333333334,0.8542548009043885,0.8219162817161879,low_discovery,37,80,0.4625
32636,extended_audit,0.75,42,5,0.4,14,0,0.9523809523809523,False,0.34452947845804993,3.5385801689743785,0.03257865646258503,0.05654761904761905,0.3136054421768708,3.566609063685038,0.030909549004787103,0.047619047619047616,0.9761904761904762,0.9761904761904762,0.9375,0.8071623175093906,0.772771846500297,low_discovery,32,80,0.4
32637,extended_audit,0.75,42,5,0.4,14,0,0.9047619047619048,False,0.3938492063492065,3.4739335926754173,0.035253684807256234,0.05952380952380952,0.36117574065456814,3.506850306061732,0.03345393585077825,0.048859934853420196,1.0,1.0,0.9136904761904762,0.8208419191403674,0.752061268708386,low_discovery,35,80,0.4375
32638,extended_audit,0.75,42,5,0.4,14,0,0.9666666666666667,False,0.31292517006802734,3.574410295866803,0.031462585034013606,0.06845238095238096,0.2846390168970816,3.6034717005895684,0.02967741935483871,0.04838709677419355,1.0,1.0,0.9226190476190477,0.8749105473505555,0.8637467531023925,low_discovery,26,80,0.325
32639,extended_audit,0.75,42,5,0.4,14,0,0.9095238095238095,False,0.3704648526077099,3.5045253500127256,0.0339250283446712,0.05357142857142857,0.3438217730822233,3.5307991204356814,0.032516206408122326,0.04823151125401929,1.0,1.0,0.9255952380952381,0.8205973627303708,0.7885380741378043,low_discovery,34,80,0.425
32640,extended_audit,0.9,42,5,0.4,14,0,0.9,False,0.40093537414965996,3.439339107377547,0.03573200113378685,0.05357142857142857,0.37519452225334593,3.464998321404981,0.034388483062070145,0.049019607843137254,0.9523809523809523,0.9523809523809523,0.9107142857142857,0.8304602010033412,0.7842761073150047,low_discovery,39,80,0.4875
32641,extended_audit,0.9,42,5,0.4,14,0,0.8857142857142857,True,0.4243197278911566,3.4137621149873487,0.03695436507936507,0.05357142857142857,0.3915873015873017,3.448712823825343,0.035022222222222225,0.05,0.9285714285714286,0.9285714285714286,0.8928571428571429,0.8152283046050766,0.7556469586021612,low_discovery,43,80,0.5375
32642,extended_audit,0.9,42,5,0.4,14,0,0.9142857142857143,False,0.40362811791383235,3.423623723621406,0.03574971655328798,0.05357142857142857,0.3804885590599878,3.445356614704733,0.03455473098330241,0.045454545454545456,0.8809523809523809,0.8809523809523809,0.9166666666666666,0.8210417807619499,0.7813022866368465,low_discovery,41,80,0.5125
32643,extended_audit,0.9,42,5,0.4,14,0,0.9047619047619048,False,0.42006802721088454,3.4118783571394196,0.03684807256235828,0.06547619047619048,0.4007421150278294,3.434948106900553,0.03552454039467026,0.048701298701298704,0.9047619047619048,0.9047619047619048,0.9166666666666666,0.790909666409746,0.7439786830964921,low_discovery,41,80,0.5125
32644,extended_audit,0.9,42,5,0.4,14,0,0.919047619047619,False,0.4145408163265307,3.4123443856064415,0.036546910430839,0.0625,0.3862690707350902,3.4384042576306943,0.0349912548046208,0.04854368932038835,0.9047619047619048,0.9047619047619048,0.9196428571428571,0.7783441069016598,0.7491124046755594,low_discovery,42,80,0.525
32645,extended_audit,0.9,42,5,0.4,14,0,0.9095238095238095,False,0.4000850340136055,3.417803965045522,0.03590915532879819,0.05952380952380952,0.37979657882570517,3.4379360348032955,0.034781789047035536,0.04854368932038835,0.8809523809523809,0.8809523809523809,0.9196428571428571,0.8147605946592321,0.777143061431708,low_discovery,41,80,0.5125
32646,extended_audit,0.9,42,5,0.4,14,0,0.8904761904761904,True,0.39512471655328807,3.4658065974702557,0.03532454648526077,0.05357142857142857,0.3704883227176221,3.489643316249157,0.0339973224065885,0.04777070063694268,0.9761904761904762,0.9761904761904762,0.9345238095238095,0.7697663515853385,0.7356265432134034,low_discovery,37,80,0.4625
32647,extended_audit,0.9,42,5,0.4,14,0,0.8952380952380953,True,0.43905895691609986,3.3875227006069104,0.038052721088435375,0.0625,0.4009396400700749,3.427209918161236,0.03560362859475844,0.05016722408026756,0.9047619047619048,0.9047619047619048,0.8898809523809523,0.8122151072044362,0.7710649287333721,low_discovery,43,80,0.5375
32648,extended_audit,0.9,42,5,0.4,14,0,0.919047619047619,False,0.40717120181405897,3.458425645292812,0.036121740362811794,0.0625,0.3686534216335542,3.4985472359441,0.03377044866453226,0.04966887417218543,0.9761904761904762,0.9761904761904762,0.8988095238095238,0.823874586027295,0.7910055525535252,low_discovery,36,80,0.45
32649,extended_audit,0.9,42,5,0.4,14,0,0.9428571428571428,False,0.366780045351474,3.4867973032159507,0.033623866213151936,0.050595238095238096,0.3458408679927669,3.504628052946864,0.03268706937990707,0.04746835443037975,0.9285714285714286,0.9285714285714286,0.9404761904761905,0.8151642699795695,0.7899161001931597,low_discovery,37,80,0.4625
32650,extended_audit,0.9,42,5,0.4,14,0,0.9238095238095239,False,0.40192743764172345,3.4417171767749455,0.035625708616780036,0.05952380952380952,0.379707438530968,3.4649796851207264,0.034303045837071215,0.049019607843137254,0.9285714285714286,0.9285714285714286,0.9107142857142857,0.840504243496604,0.7809103312332065,low_discovery,41,80,0.5125
32651,extended_audit,0.9,42,5,0.4,14,0,0.9333333333333333,False,0.396967120181406,3.4522061350421254,0.03530683106575963,0.047619047619047616,0.3744588744588746,3.4772016670970363,0.034048743464327874,0.045454545454545456,0.9523809523809523,0.9523809523809523,0.9166666666666666,0.828019613579272,0.79187926678032,low_discovery,40,80,0.5
32652,extended_audit,0.9,42,5,0.4,14,2,0.9238095238095239,False,0.3983843537414966,3.4405399765950486,0.03551941609977324,0.05357142857142857,0.3700591347650173,3.4660547135843567,0.03417488999957281,0.049019607843137254,0.9523809523809523,0.9523809523809523,0.9107142857142857,0.8380162305382499,0.7992594334559118,low_discovery,41,80,0.5125
32653,extended_audit,0.9,42,5,0.4,14,0,0.8952380952380953,True,0.4175170068027212,3.4112724748906658,0.0366532029478458,0.05357142857142857,0.3913146654010442,3.4394808678369997,0.03515413737155219,0.04983388704318937,0.9047619047619048,0.9047619047619048,0.8958333333333334,0.8069705803405013,0.7597597773369529,low_discovery,42,80,0.525
32654,extended_audit,0.9,42,5,0.4,14,0,0.9047619047619048,False,0.38548752834467126,3.475825817091954,0.03472222222222222,0.050595238095238096,0.3667582417582418,3.496886672678253,0.03369493754109138,0.04807692307692308,0.9761904761904762,0.9761904761904762,0.9285714285714286,0.8038955645540488,0.7591609815749475,low_discovery,36,80,0.45
32655,extended_audit,0.9,42,5,0.4,14,0,0.9285714285714286,False,0.42261904761904767,3.4139688822560075,0.03690121882086168,0.0625,0.3923124805477747,3.445036618603269,0.03502926224956214,0.049019607843137254,0.9047619047619048,0.9047619047619048,0.9107142857142857,0.8171990658411336,0.7836077937741068,low_discovery,41,80,0.5125
32656,extended_audit,0.9,42,5,0.4,14,0,0.9095238095238095,False,0.4016439909297054,3.425429764610048,0.035873724489795915,0.050595238095238096,0.37653172017992875,3.4487182110644827,0.03468471814024551,0.04560260586319218,0.9285714285714286,0.9285714285714286,0.9136904761904762,0.827217846169677,0.7775216721936004,low_discovery,41,80,0.5125
32657,extended_audit,0.9,42,5,0.4,14,0,0.9047619047619048,False,0.433390022675737,3.4075584639061094,0.037733843537414956,0.05952380952380952,0.39669087974172723,3.449175299710381,0.03531169204251652,0.05084745762711865,0.9285714285714286,0.9285714285714286,0.8779761904761905,0.8327141655823259,0.8015145494481811,low_discovery,39,80,0.4875
32658,extended_audit,0.9,42,5,0.4,14,0,0.8952380952380953,True,0.4100056689342404,3.435010255469129,0.03626346371882087,0.05357142857142857,0.3869431643625192,3.459690965627186,0.03496357960457856,0.04838709677419355,0.9285714285714286,0.9285714285714286,0.9226190476190477,0.785372521481582,0.7400733029108876,low_discovery,38,80,0.475
32659,extended_audit,0.9,42,5,0.4,14,0,0.9142857142857143,False,0.4054705215419503,3.4034343333495243,0.03610402494331066,0.047619047619047616,0.39069264069264076,3.419738407406931,0.03533479507505482,0.048701298701298704,0.8809523809523809,0.8809523809523809,0.9166666666666666,0.823679515286769,0.790826445903161,low_discovery,45,80,0.5625
32660,extended_audit,0.9,42,5,0.4,14,0,0.9238095238095239,False,0.3784013605442178,3.472864769368811,0.03449192176870749,0.05654761904761905,0.3566835094166285,3.493813641194473,0.033384683781185066,0.04501607717041801,0.9761904761904762,0.9761904761904762,0.9255952380952381,0.820206283497877,0.7723525648516127,low_discovery,38,80,0.475
32661,extended_audit,0.9,42,5,0.4,14,0,0.9142857142857143,False,0.42049319727891166,3.4211389015064015,0.03722009637188208,0.07142857142857142,0.37693050193050204,3.4668231048279203,0.03428597516435354,0.0472972972972973,0.9523809523809523,0.9523809523809523,0.8809523809523809,0.8380452976786668,0.7964731050087935,low_discovery,41,80,0.5125
32662,extended_audit,0.9,42,5,0.4,14,0,0.9047619047619048,False,0.4097222222222223,3.4232451644289674,0.03626346371882086,0.05654761904761905,0.3802357063226629,3.4547886413677182,0.03457455733157348,0.05016722408026756,0.9285714285714286,0.9285714285714286,0.8898809523809523,0.8502894949717285,0.8179301410868683,low_discovery,41,80,0.5125
32663,extended_audit,0.9,42,5,0.4,14,0,0.9047619047619048,False,0.4257369614512472,3.4143190268010217,0.037450396825396824,0.07142857142857142,0.38320463320463327,3.4589728858955784,0.03471968590211834,0.05067567567567568,0.9523809523809523,0.9523809523809523,0.8809523809523809,0.8275162992347284,0.7887439265368202,low_discovery,40,80,0.5
32664,extended_audit,0.9,42,5,0.4,14,0,0.9095238095238095,False,0.3962585034013606,3.454417785988951,0.0353954081632653,0.05952380952380952,0.3621389539422326,3.4861598310307365,0.03359312012899758,0.04918032786885246,0.9761904761904762,0.9761904761904762,0.9077380952380952,0.8313689824433744,0.7932977998962542,low_discovery,39,80,0.4875
32665,extended_audit,0.9,42,5,0.4,14,1,0.9095238095238095,False,0.4247448979591837,3.412770503880221,0.03732638888888889,0.0625,0.3890476190476191,3.4511941102826498,0.03502222222222223,0.05,0.9523809523809523,0.9523809523809523,0.8928571428571429,0.809848064684432,0.7708523073371825,low_discovery,41,80,0.5125
32666,extended_audit,0.9,42,5,0.4,14,0,0.9333333333333333,False,0.37230725623582783,3.504099097424583,0.03404903628117913,0.05952380952380952,0.335128805620609,3.5396346170267297,0.03204514915345337,0.04918032786885246,1.0,1.0,0.9077380952380952,0.8376590107683852,0.8062751225545094,low_discovery,34,80,0.425
32667,extended_audit,0.9,42,5,0.4,14,1,0.8952380952380953,True,0.4392006802721089,3.388704832744443,0.038796768707483,0.08035714285714286,0.4013372472276582,3.436331798448454,0.0357243385250516,0.05136986301369863,0.9523809523809523,0.9523809523809523,0.8690476190476191,0.8401577806292321,0.7756197891510327,low_discovery,42,80,0.525
32668,extended_audit,0.9,42,5,0.4,14,0,0.8952380952380953,True,0.3952664399092971,3.463494198310697,0.03530683106575963,0.05357142857142857,0.3716627634660423,3.490048837155512,0.03398011287288363,0.04918032786885246,1.0,1.0,0.9077380952380952,0.8085753536791191,0.7599591208081286,low_discovery,38,80,0.475
32669,extended_audit,0.9,42,5,0.4,14,0,0.9238095238095239,False,0.40334467120181405,3.4396391389002083,0.03564342403628118,0.050595238095238096,0.37575616565844583,3.466577553784151,0.03419664930131885,0.048859934853420196,0.9285714285714286,0.9285714285714286,0.9136904761904762,0.8266873073690094,0.7960974469196197,low_discovery,40,80,0.5
32670,extended_audit,0.98,42,5,0.4,14,0,0.9047619047619048,False,0.4233276643990931,3.3790745201224675,0.037166950113378686,0.05654761904761905,0.40783410138248866,3.3960490966028054,0.03625390218522372,0.04838709677419355,0.8571428571428571,0.8571428571428571,0.9226190476190477,0.7922993367088974,0.752185343239122,low_discovery,45,80,0.5625
32671,extended_audit,0.98,42,5,0.4,14,0,0.9047619047619048,False,0.4360827664399094,3.3718189010295556,0.03801729024943311,0.06547619047619048,0.40836466165413543,3.4000993605513607,0.03631405817174515,0.049342105263157895,0.8809523809523809,0.8809523809523809,0.9047619047619048,0.79880665561211,0.7745061718001044,low_discovery,45,80,0.5625
32672,extended_audit,0.98,42,5,0.4,14,0,0.9142857142857143,False,0.41780045351473927,3.4106728243136173,0.03663548752834467,0.05357142857142857,0.39122471731167385,3.4396599761126447,0.03517857742083422,0.05016722408026756,0.9285714285714286,0.9285714285714286,0.8898809523809523,0.8316258158499862,0.7489908861570697,low_discovery,43,80,0.5375
32673,extended_audit,0.98,42,5,0.4,14,0,0.9333333333333333,False,0.3931405895691611,3.4619504445645743,0.03511196145124716,0.05357142857142857,0.36834733893557425,3.486908801574253,0.033854500405826826,0.049019607843137254,1.0,1.0,0.9107142857142857,0.8348814752140507,0.8071880602345257,low_discovery,40,80,0.5
32674,extended_audit,0.98,42,5,0.4,14,0,0.9,False,0.4182256235827666,3.394592796242054,0.037184665532879815,0.06845238095238096,0.3876560332871013,3.4226814588677286,0.03530545344099873,0.04854368932038835,0.9047619047619048,0.9047619047619048,0.9196428571428571,0.7871573309944125,0.7551694581809437,low_discovery,44,80,0.55
32675,extended_audit,0.98,42,5,0.4,14,0,0.8952380952380953,True,0.48030045351473927,3.3096230863075067,0.04102891156462585,0.07142857142857142,0.4379656624554584,3.354657724647337,0.03801656717108612,0.05102040816326531,0.8333333333333334,0.8333333333333334,0.875,0.7733069175691211,0.7147814036430006,low_discovery,47,80,0.5875
32676,extended_audit,0.98,42,5,0.4,14,0,0.9047619047619048,False,0.42247732426303863,3.38217857390069,0.037361819727891155,0.0625,0.39355742296918783,3.409900146623682,0.035584604212055185,0.0457516339869281,0.8809523809523809,0.8809523809523809,0.9107142857142857,0.8087076045659912,0.7595945362827199,low_discovery,45,80,0.5625
32677,extended_audit,0.98,42,5,0.4,14,0,0.8857142857142857,True,0.4494047619047621,3.358912985201549,0.03879676870748299,0.05952380952380952,0.4116997792494481,3.3937834930444266,0.03664312968729441,0.04966887417218543,0.8809523809523809,0.8809523809523809,0.8988095238095238,0.7845903715149265,0.7392827848923353,low_discovery,44,80,0.55
32678,extended_audit,0.98,42,5,0.4,14,0,0.8952380952380953,True,0.41808390022675734,3.420164548608673,0.03695436507936508,0.06547619047619048,0.38883580187928013,3.453893590698237,0.035133835192000085,0.05016722408026756,0.9523809523809523,0.9523809523809523,0.8898809523809523,0.8347197397188227,0.7905711829350391,low_discovery,39,80,0.4875
32679,extended_audit,0.98,42,5,0.4,14,0,0.8952380952380953,True,0.4295634920634921,3.3731135549383264,0.03750354308390021,0.05357142857142857,0.40396023729357067,3.399468057610524,0.036152773526510903,0.050505050505050504,0.8809523809523809,0.8809523809523809,0.8839285714285714,0.8249585959046201,0.7548016094216382,low_discovery,45,80,0.5625
32680,extended_audit,0.98,42,5,0.4,14,0,0.9,False,0.4298469387755104,3.3773534883593426,0.037698412698412696,0.05952380952380952,0.3959731543624161,3.408583257964728,0.0359218053240845,0.050335570469798654,0.9047619047619048,0.9047619047619048,0.8869047619047619,0.8174796887019813,0.7701187187236179,low_discovery,44,80,0.55
32681,extended_audit,0.98,42,5,0.4,14,0,0.9,False,0.45960884353741505,3.3087157105155676,0.039558531746031744,0.0625,0.4370300751879701,3.3306341162569986,0.038175207756232676,0.049342105263157895,0.7857142857142857,0.7857142857142857,0.9047619047619048,0.7788764125906563,0.7423488606463922,low_discovery,49,80,0.6125
32682,extended_audit,0.98,42,5,0.4,14,0,0.9047619047619048,False,0.38959750566893425,3.456332382008899,0.03528911564625851,0.05654761904761905,0.3688574471322077,3.4776357398507907,0.034123038920474844,0.04792332268370607,0.9761904761904762,0.9761904761904762,0.9315476190476191,0.7951892273333664,0.7470620027697414,low_discovery,38,80,0.475
32683,extended_audit,0.98,42,5,0.4,14,0,0.8952380952380953,True,0.4243197278911566,3.4047616527060134,0.03714923469387755,0.05654761904761905,0.39380952380952383,3.43632631351811,0.03548888888888889,0.04666666666666667,0.9523809523809523,0.9523809523809523,0.8928571428571429,0.8146683566149328,0.7317697244559285,low_discovery,42,80,0.525
32684,extended_audit,0.98,42,5,0.4,14,0,0.8857142857142857,True,0.45379818594104315,3.3738637491863948,0.039204223356009066,0.0625,0.4106127092475216,3.4226289615814953,0.036238045871239036,0.051194539249146756,0.9285714285714286,0.9285714285714286,0.8720238095238095,0.7815231489698743,0.721622078049064,low_discovery,42,80,0.525
32685,extended_audit,0.98,42,5,0.4,14,0,0.8761904761904762,True,0.46995464852607727,3.3191115943642364,0.04017857142857142,0.05654761904761905,0.43964007007485284,3.3512270067179326,0.03824342009597208,0.05016722408026756,0.8571428571428571,0.8571428571428571,0.8898809523809523,0.7732140697064659,0.7137497038102181,low_discovery,46,80,0.575
32686,extended_audit,0.98,42,5,0.4,14,0,0.8857142857142857,True,0.4323979591836735,3.367720657924873,0.037910997732426295,0.05654761904761905,0.4017758918749019,3.3945693954665743,0.03639076778965025,0.0462046204620462,0.9047619047619048,0.9047619047619048,0.9017857142857143,0.8057730455473715,0.7487958275339932,low_discovery,44,80,0.55
32687,extended_audit,0.98,42,5,0.4,14,0,0.9047619047619048,False,0.39441609977324266,3.4206192066010077,0.035944586167800455,0.05654761904761905,0.3807256235827665,3.4363411059244964,0.035102040816326535,0.047619047619047616,0.9523809523809523,0.9523809523809523,0.9375,0.7783780194938452,0.7458509589152014,low_discovery,42,80,0.525
32688,extended_audit,0.98,42,5,0.4,14,0,0.9,False,0.44104308390022684,3.3621960223131477,0.038141298185941044,0.05952380952380952,0.41557017543859653,3.3880109163178176,0.03663867728531856,0.049342105263157895,0.8571428571428571,0.8571428571428571,0.9047619047619048,0.7890412540965408,0.7413304948082443,low_discovery,46,80,0.575
32689,extended_audit,0.98,42,5,0.4,14,0,0.8809523809523809,True,0.4567743764172336,3.3349916103777315,0.03987740929705214,0.07142857142857142,0.4166265832932501,3.3748120934306516,0.037150404153771154,0.050505050505050504,0.8809523809523809,0.8809523809523809,0.8839285714285714,0.823244033326526,0.7519705254897796,low_discovery,45,80,0.5625
32690,extended_audit,0.98,42,5,0.4,14,0,0.8857142857142857,True,0.4340986394557824,3.361990343229341,0.037910997732426295,0.05357142857142857,0.4106743368488335,3.3865381189989305,0.036665015089410384,0.050335570469798654,0.8809523809523809,0.8809523809523809,0.8869047619047619,0.8347505438072776,0.7632386213734473,low_discovery,45,80,0.5625
32691,extended_audit,0.98,42,5,0.4,14,0,0.9047619047619048,False,0.4367913832199548,3.367506356837542,0.03807043650793651,0.06547619047619048,0.41217281614632606,3.393734243272714,0.036555414236217706,0.04966887417218543,0.8809523809523809,0.8809523809523809,0.8988095238095238,0.8217798447708723,0.7809261990036983,low_discovery,45,80,0.5625
32692,extended_audit,0.98,42,5,0.4,14,0,0.8952380952380953,True,0.42120181405895707,3.3991490920446212,0.037042942176870736,0.05357142857142857,0.3974603174603175,3.426072230602755,0.035711111111111124,0.04666666666666667,0.9285714285714286,0.9285714285714286,0.8928571428571429,0.8253609038526909,0.7549171615311409,low_discovery,42,80,0.525
32693,extended_audit,0.98,42,5,0.4,14,0,0.9047619047619048,False,0.42998866213151943,3.382154372682153,0.03757440476190476,0.05952380952380952,0.40349206349206357,3.410318525044869,0.03595555555555557,0.05,0.8809523809523809,0.8809523809523809,0.8928571428571429,0.8171826890363533,0.7568757792973337,low_discovery,44,80,0.55
32694,extended_audit,0.98,42,5,0.4,14,0,0.8952380952380953,True,0.43452380952380953,3.3790542035734066,0.037822420634920625,0.05952380952380952,0.3987099856665075,3.412149996389315,0.03589445308218028,0.05016722408026756,0.9047619047619048,0.9047619047619048,0.8898809523809523,0.8211575423008836,0.7873421114543852,low_discovery,44,80,0.55
32695,extended_audit,0.98,42,5,0.4,14,0,0.8809523809523809,True,0.4278628117913834,3.4129558042909753,0.03750354308390022,0.05952380952380952,0.39552476508998247,3.4498994646598007,0.0353799174505878,0.05016722408026756,0.9523809523809523,0.9523809523809523,0.8898809523809523,0.8323761452880657,0.7658991135181258,low_discovery,39,80,0.4875
32696,extended_audit,0.98,42,5,0.4,14,1,0.8952380952380953,True,0.41879251700680276,3.3994755910576275,0.0368657879818594,0.050595238095238096,0.3945465975168947,3.4241860597246383,0.035628315306778194,0.0462046204620462,0.9285714285714286,0.9285714285714286,0.9017857142857143,0.8086409239613102,0.7662374313285838,low_discovery,43,80,0.5375
32697,extended_audit,0.98,42,5,0.4,14,0,0.8857142857142857,True,0.43905895691609986,3.346627032735039,0.03830073696145124,0.05357142857142857,0.41631071033064404,3.369183357784079,0.03709672078674628,0.046511627906976744,0.8571428571428571,0.8571428571428571,0.8958333333333334,0.812026781089688,0.7520457333522764,low_discovery,46,80,0.575
32698,extended_audit,0.98,42,5,0.4,14,0,0.8952380952380953,True,0.4370748299319729,3.358259074180138,0.038070436507936505,0.05654761904761905,0.412256049960968,3.3814092298323115,0.03675356087073367,0.04918032786885246,0.8571428571428571,0.8571428571428571,0.9077380952380952,0.7993640560988116,0.7492883704275229,low_discovery,46,80,0.575
32699,extended_audit,0.98,42,5,0.4,14,0,0.919047619047619,False,0.42970521541950113,3.393769082215624,0.03736181972789116,0.05654761904761905,0.3953968253968254,3.4276463346324473,0.03537777777777778,0.05,0.8809523809523809,0.8809523809523809,0.8928571428571429,0.8172027877522375,0.7599157425963141,low_discovery,44,80,0.55
