state_id,run_id,agent_index,stratum_type,stratum,discovered_item_count
online_audit_controller/T5_requests_tls/seed04/independent_context,T5_online_seed04_independent_context_G3_agent01,1,source_family,README.md,0
online_audit_controller/T5_requests_tls/seed04/independent_context,T5_online_seed04_independent_context_G3_agent01,1,source_family,docs/community,0
online_audit_controller/T5_requests_tls/seed04/independent_context,T5_online_seed04_independent_context_G3_agent01,1,source_family,docs/user,0
online_audit_controller/T5_requests_tls/seed04/independent_context,T5_online_seed04_independent_context_G3_agent01,1,source_family,src/requests,145
online_audit_controller/T5_requests_tls/seed04/independent_context,T5_online_seed04_independent_context_G3_agent01,1,source_family,tests/certs,5
online_audit_controller/T5_requests_tls/seed04/independent_context,T5_online_seed04_independent_context_G3_agent01,1,source_family,tests/conftest.py,10
online_audit_controller/T5_requests_tls/seed04/independent_context,T5_online_seed04_independent_context_G3_agent01,1,source_family,tests/test_requests.py,39
online_audit_controller/T5_requests_tls/seed04/independent_context,T5_online_seed04_independent_context_G3_agent01,1,source_family,tests/testserver,17
online_audit_controller/T5_requests_tls/seed04/independent_context,T5_online_seed04_independent_context_G3_agent02,2,source_family,README.md,1
online_audit_controller/T5_requests_tls/seed04/independent_context,T5_online_seed04_independent_context_G3_agent02,2,source_family,docs/community,12
online_audit_controller/T5_requests_tls/seed04/independent_context,T5_online_seed04_independent_context_G3_agent02,2,source_family,docs/user,52
online_audit_controller/T5_requests_tls/seed04/independent_context,T5_online_seed04_independent_context_G3_agent02,2,source_family,src/requests,0
online_audit_controller/T5_requests_tls/seed04/independent_context,T5_online_seed04_independent_context_G3_agent02,2,source_family,tests/certs,6
online_audit_controller/T5_requests_tls/seed04/independent_context,T5_online_seed04_independent_context_G3_agent02,2,source_family,tests/conftest.py,11
online_audit_controller/T5_requests_tls/seed04/independent_context,T5_online_seed04_independent_context_G3_agent02,2,source_family,tests/test_requests.py,33
online_audit_controller/T5_requests_tls/seed04/independent_context,T5_online_seed04_independent_context_G3_agent02,2,source_family,tests/testserver,17
online_audit_controller/T5_requests_tls/seed04/independent_context,T5_online_seed04_independent_context_G3_agent03,3,source_family,README.md,1
online_audit_controller/T5_requests_tls/seed04/independent_context,T5_online_seed04_independent_context_G3_agent03,3,source_family,docs/community,11
online_audit_controller/T5_requests_tls/seed04/independent_context,T5_online_seed04_independent_context_G3_agent03,3,source_family,docs/user,48
online_audit_controller/T5_requests_tls/seed04/independent_context,T5_online_seed04_independent_context_G3_agent03,3,source_family,src/requests,143
online_audit_controller/T5_requests_tls/seed04/independent_context,T5_online_seed04_independent_context_G3_agent03,3,source_family,tests/certs,0
online_audit_controller/T5_requests_tls/seed04/independent_context,T5_online_seed04_independent_context_G3_agent03,3,source_family,tests/conftest.py,0
online_audit_controller/T5_requests_tls/seed04/independent_context,T5_online_seed04_independent_context_G3_agent03,3,source_family,tests/test_requests.py,0
online_audit_controller/T5_requests_tls/seed04/independent_context,T5_online_seed04_independent_context_G3_agent03,3,source_family,tests/testserver,0
online_audit_controller/T5_requests_tls/seed05/homogeneous,T5_online_seed05_homogeneous_G3_agent01,1,source_family,README.md,1
online_audit_controller/T5_requests_tls/seed05/homogeneous,T5_online_seed05_homogeneous_G3_agent01,1,source_family,docs/community,11
online_audit_controller/T5_requests_tls/seed05/homogeneous,T5_online_seed05_homogeneous_G3_agent01,1,source_family,docs/user,51
online_audit_controller/T5_requests_tls/seed05/homogeneous,T5_online_seed05_homogeneous_G3_agent01,1,source_family,src/requests,164
online_audit_controller/T5_requests_tls/seed05/homogeneous,T5_online_seed05_homogeneous_G3_agent01,1,source_family,tests/certs,5
online_audit_controller/T5_requests_tls/seed05/homogeneous,T5_online_seed05_homogeneous_G3_agent01,1,source_family,tests/conftest.py,9
online_audit_controller/T5_requests_tls/seed05/homogeneous,T5_online_seed05_homogeneous_G3_agent01,1,source_family,tests/test_requests.py,35
online_audit_controller/T5_requests_tls/seed05/homogeneous,T5_online_seed05_homogeneous_G3_agent01,1,source_family,tests/testserver,18
online_audit_controller/T5_requests_tls/seed05/homogeneous,T5_online_seed05_homogeneous_G3_agent02,2,source_family,README.md,1
online_audit_controller/T5_requests_tls/seed05/homogeneous,T5_online_seed05_homogeneous_G3_agent02,2,source_family,docs/community,8
online_audit_controller/T5_requests_tls/seed05/homogeneous,T5_online_seed05_homogeneous_G3_agent02,2,source_family,docs/user,50
online_audit_controller/T5_requests_tls/seed05/homogeneous,T5_online_seed05_homogeneous_G3_agent02,2,source_family,src/requests,148
online_audit_controller/T5_requests_tls/seed05/homogeneous,T5_online_seed05_homogeneous_G3_agent02,2,source_family,tests/certs,5
online_audit_controller/T5_requests_tls/seed05/homogeneous,T5_online_seed05_homogeneous_G3_agent02,2,source_family,tests/conftest.py,9
online_audit_controller/T5_requests_tls/seed05/homogeneous,T5_online_seed05_homogeneous_G3_agent02,2,source_family,tests/test_requests.py,32
online_audit_controller/T5_requests_tls/seed05/homogeneous,T5_online_seed05_homogeneous_G3_agent02,2,source_family,tests/testserver,17
online_audit_controller/T5_requests_tls/seed05/homogeneous,T5_online_seed05_homogeneous_G3_agent03,3,source_family,README.md,0
online_audit_controller/T5_requests_tls/seed05/homogeneous,T5_online_seed05_homogeneous_G3_agent03,3,source_family,docs/community,7
online_audit_controller/T5_requests_tls/seed05/homogeneous,T5_online_seed05_homogeneous_G3_agent03,3,source_family,docs/user,55
online_audit_controller/T5_requests_tls/seed05/homogeneous,T5_online_seed05_homogeneous_G3_agent03,3,source_family,src/requests,147
online_audit_controller/T5_requests_tls/seed05/homogeneous,T5_online_seed05_homogeneous_G3_agent03,3,source_family,tests/certs,5
online_audit_controller/T5_requests_tls/seed05/homogeneous,T5_online_seed05_homogeneous_G3_agent03,3,source_family,tests/conftest.py,9
online_audit_controller/T5_requests_tls/seed05/homogeneous,T5_online_seed05_homogeneous_G3_agent03,3,source_family,tests/test_requests.py,25
online_audit_controller/T5_requests_tls/seed05/homogeneous,T5_online_seed05_homogeneous_G3_agent03,3,source_family,tests/testserver,16
online_audit_controller/T5_requests_tls/seed05/independent_context,T5_online_seed05_independent_context_G3_agent01,1,source_family,README.md,0
online_audit_controller/T5_requests_tls/seed05/independent_context,T5_online_seed05_independent_context_G3_agent01,1,source_family,docs/community,0
online_audit_controller/T5_requests_tls/seed05/independent_context,T5_online_seed05_independent_context_G3_agent01,1,source_family,docs/user,0
online_audit_controller/T5_requests_tls/seed05/independent_context,T5_online_seed05_independent_context_G3_agent01,1,source_family,src/requests,155
online_audit_controller/T5_requests_tls/seed05/independent_context,T5_online_seed05_independent_context_G3_agent01,1,source_family,tests/certs,5
online_audit_controller/T5_requests_tls/seed05/independent_context,T5_online_seed05_independent_context_G3_agent01,1,source_family,tests/conftest.py,9
online_audit_controller/T5_requests_tls/seed05/independent_context,T5_online_seed05_independent_context_G3_agent01,1,source_family,tests/test_requests.py,32
online_audit_controller/T5_requests_tls/seed05/independent_context,T5_online_seed05_independent_context_G3_agent01,1,source_family,tests/testserver,18
online_audit_controller/T5_requests_tls/seed05/independent_context,T5_online_seed05_independent_context_G3_agent02,2,source_family,README.md,1
online_audit_controller/T5_requests_tls/seed05/independent_context,T5_online_seed05_independent_context_G3_agent02,2,source_family,docs/community,13
online_audit_controller/T5_requests_tls/seed05/independent_context,T5_online_seed05_independent_context_G3_agent02,2,source_family,docs/user,52
online_audit_controller/T5_requests_tls/seed05/independent_context,T5_online_seed05_independent_context_G3_agent02,2,source_family,src/requests,0
online_audit_controller/T5_requests_tls/seed05/independent_context,T5_online_seed05_independent_context_G3_agent02,2,source_family,tests/certs,5
online_audit_controller/T5_requests_tls/seed05/independent_context,T5_online_seed05_independent_context_G3_agent02,2,source_family,tests/conftest.py,11
online_audit_controller/T5_requests_tls/seed05/independent_context,T5_online_seed05_independent_context_G3_agent02,2,source_family,tests/test_requests.py,30
online_audit_controller/T5_requests_tls/seed05/independent_context,T5_online_seed05_independent_context_G3_agent02,2,source_family,tests/testserver,16
online_audit_controller/T5_requests_tls/seed05/independent_context,T5_online_seed05_independent_context_G3_agent03,3,source_family,README.md,1
online_audit_controller/T5_requests_tls/seed05/independent_context,T5_online_seed05_independent_context_G3_agent03,3,source_family,docs/community,5
online_audit_controller/T5_requests_tls/seed05/independent_context,T5_online_seed05_independent_context_G3_agent03,3,source_family,docs/user,47
online_audit_controller/T5_requests_tls/seed05/independent_context,T5_online_seed05_independent_context_G3_agent03,3,source_family,src/requests,145
online_audit_controller/T5_requests_tls/seed05/independent_context,T5_online_seed05_independent_context_G3_agent03,3,source_family,tests/certs,0
online_audit_controller/T5_requests_tls/seed05/independent_context,T5_online_seed05_independent_context_G3_agent03,3,source_family,tests/conftest.py,0
online_audit_controller/T5_requests_tls/seed05/independent_context,T5_online_seed05_independent_context_G3_agent03,3,source_family,tests/test_requests.py,0
online_audit_controller/T5_requests_tls/seed05/independent_context,T5_online_seed05_independent_context_G3_agent03,3,source_family,tests/testserver,0
online_audit_controller/T5_requests_tls/seed05/prompt_diverse,T5_online_seed05_prompt_diverse_G3_agent01,1,source_family,README.md,1
online_audit_controller/T5_requests_tls/seed05/prompt_diverse,T5_online_seed05_prompt_diverse_G3_agent01,1,source_family,docs/community,11
online_audit_controller/T5_requests_tls/seed05/prompt_diverse,T5_online_seed05_prompt_diverse_G3_agent01,1,source_family,docs/user,50
online_audit_controller/T5_requests_tls/seed05/prompt_diverse,T5_online_seed05_prompt_diverse_G3_agent01,1,source_family,src/requests,149
online_audit_controller/T5_requests_tls/seed05/prompt_diverse,T5_online_seed05_prompt_diverse_G3_agent01,1,source_family,tests/certs,5
online_audit_controller/T5_requests_tls/seed05/prompt_diverse,T5_online_seed05_prompt_diverse_G3_agent01,1,source_family,tests/conftest.py,10
online_audit_controller/T5_requests_tls/seed05/prompt_diverse,T5_online_seed05_prompt_diverse_G3_agent01,1,source_family,tests/test_requests.py,26
online_audit_controller/T5_requests_tls/seed05/prompt_diverse,T5_online_seed05_prompt_diverse_G3_agent01,1,source_family,tests/testserver,17
online_audit_controller/T5_requests_tls/seed05/prompt_diverse,T5_online_seed05_prompt_diverse_G3_agent02,2,source_family,README.md,0
online_audit_controller/T5_requests_tls/seed05/prompt_diverse,T5_online_seed05_prompt_diverse_G3_agent02,2,source_family,docs/community,0
online_audit_controller/T5_requests_tls/seed05/prompt_diverse,T5_online_seed05_prompt_diverse_G3_agent02,2,source_family,docs/user,49
online_audit_controller/T5_requests_tls/seed05/prompt_diverse,T5_online_seed05_prompt_diverse_G3_agent02,2,source_family,src/requests,125
online_audit_controller/T5_requests_tls/seed05/prompt_diverse,T5_online_seed05_prompt_diverse_G3_agent02,2,source_family,tests/certs,5
online_audit_controller/T5_requests_tls/seed05/prompt_diverse,T5_online_seed05_prompt_diverse_G3_agent02,2,source_family,tests/conftest.py,10
online_audit_controller/T5_requests_tls/seed05/prompt_diverse,T5_online_seed05_prompt_diverse_G3_agent02,2,source_family,tests/test_requests.py,28
online_audit_controller/T5_requests_tls/seed05/prompt_diverse,T5_online_seed05_prompt_diverse_G3_agent02,2,source_family,tests/testserver,17
online_audit_controller/T5_requests_tls/seed05/prompt_diverse,T5_online_seed05_prompt_diverse_G3_agent03,3,source_family,README.md,1
online_audit_controller/T5_requests_tls/seed05/prompt_diverse,T5_online_seed05_prompt_diverse_G3_agent03,3,source_family,docs/community,8
online_audit_controller/T5_requests_tls/seed05/prompt_diverse,T5_online_seed05_prompt_diverse_G3_agent03,3,source_family,docs/user,52
online_audit_controller/T5_requests_tls/seed05/prompt_diverse,T5_online_seed05_prompt_diverse_G3_agent03,3,source_family,src/requests,131
online_audit_controller/T5_requests_tls/seed05/prompt_diverse,T5_online_seed05_prompt_diverse_G3_agent03,3,source_family,tests/certs,5
online_audit_controller/T5_requests_tls/seed05/prompt_diverse,T5_online_seed05_prompt_diverse_G3_agent03,3,source_family,tests/conftest.py,9
online_audit_controller/T5_requests_tls/seed05/prompt_diverse,T5_online_seed05_prompt_diverse_G3_agent03,3,source_family,tests/test_requests.py,31
online_audit_controller/T5_requests_tls/seed05/prompt_diverse,T5_online_seed05_prompt_diverse_G3_agent03,3,source_family,tests/testserver,15
online_audit_controller/T5_requests_tls/seed05/source_partitioned,T5_online_seed05_source_partitioned_G3_agent01,1,source_family,README.md,0
online_audit_controller/T5_requests_tls/seed05/source_partitioned,T5_online_seed05_source_partitioned_G3_agent01,1,source_family,docs/community,0
online_audit_controller/T5_requests_tls/seed05/source_partitioned,T5_online_seed05_source_partitioned_G3_agent01,1,source_family,docs/user,0
online_audit_controller/T5_requests_tls/seed05/source_partitioned,T5_online_seed05_source_partitioned_G3_agent01,1,source_family,src/requests,166
online_audit_controller/T5_requests_tls/seed05/source_partitioned,T5_online_seed05_source_partitioned_G3_agent01,1,source_family,tests/certs,0
online_audit_controller/T5_requests_tls/seed05/source_partitioned,T5_online_seed05_source_partitioned_G3_agent01,1,source_family,tests/conftest.py,0
online_audit_controller/T5_requests_tls/seed05/source_partitioned,T5_online_seed05_source_partitioned_G3_agent01,1,source_family,tests/test_requests.py,0
online_audit_controller/T5_requests_tls/seed05/source_partitioned,T5_online_seed05_source_partitioned_G3_agent01,1,source_family,tests/testserver,0
online_audit_controller/T5_requests_tls/seed05/source_partitioned,T5_online_seed05_source_partitioned_G3_agent02,2,source_family,README.md,0
online_audit_controller/T5_requests_tls/seed05/source_partitioned,T5_online_seed05_source_partitioned_G3_agent02,2,source_family,docs/community,0
online_audit_controller/T5_requests_tls/seed05/source_partitioned,T5_online_seed05_source_partitioned_G3_agent02,2,source_family,docs/user,0
online_audit_controller/T5_requests_tls/seed05/source_partitioned,T5_online_seed05_source_partitioned_G3_agent02,2,source_family,src/requests,0
online_audit_controller/T5_requests_tls/seed05/source_partitioned,T5_online_seed05_source_partitioned_G3_agent02,2,source_family,tests/certs,6
online_audit_controller/T5_requests_tls/seed05/source_partitioned,T5_online_seed05_source_partitioned_G3_agent02,2,source_family,tests/conftest.py,11
online_audit_controller/T5_requests_tls/seed05/source_partitioned,T5_online_seed05_source_partitioned_G3_agent02,2,source_family,tests/test_requests.py,36
online_audit_controller/T5_requests_tls/seed05/source_partitioned,T5_online_seed05_source_partitioned_G3_agent02,2,source_family,tests/testserver,16
online_audit_controller/T5_requests_tls/seed05/source_partitioned,T5_online_seed05_source_partitioned_G3_agent03,3,source_family,README.md,1
online_audit_controller/T5_requests_tls/seed05/source_partitioned,T5_online_seed05_source_partitioned_G3_agent03,3,source_family,docs/community,11
online_audit_controller/T5_requests_tls/seed05/source_partitioned,T5_online_seed05_source_partitioned_G3_agent03,3,source_family,docs/user,52
online_audit_controller/T5_requests_tls/seed05/source_partitioned,T5_online_seed05_source_partitioned_G3_agent03,3,source_family,src/requests,0
online_audit_controller/T5_requests_tls/seed05/source_partitioned,T5_online_seed05_source_partitioned_G3_agent03,3,source_family,tests/certs,0
online_audit_controller/T5_requests_tls/seed05/source_partitioned,T5_online_seed05_source_partitioned_G3_agent03,3,source_family,tests/conftest.py,0
online_audit_controller/T5_requests_tls/seed05/source_partitioned,T5_online_seed05_source_partitioned_G3_agent03,3,source_family,tests/test_requests.py,0
online_audit_controller/T5_requests_tls/seed05/source_partitioned,T5_online_seed05_source_partitioned_G3_agent03,3,source_family,tests/testserver,0
online_audit_controller/T5_requests_tls/seed06/homogeneous,T5_online_seed06_homogeneous_G3_agent01,1,source_family,README.md,1
online_audit_controller/T5_requests_tls/seed06/homogeneous,T5_online_seed06_homogeneous_G3_agent01,1,source_family,docs/community,9
online_audit_controller/T5_requests_tls/seed06/homogeneous,T5_online_seed06_homogeneous_G3_agent01,1,source_family,docs/user,46
online_audit_controller/T5_requests_tls/seed06/homogeneous,T5_online_seed06_homogeneous_G3_agent01,1,source_family,src/requests,157
online_audit_controller/T5_requests_tls/seed06/homogeneous,T5_online_seed06_homogeneous_G3_agent01,1,source_family,tests/certs,5
online_audit_controller/T5_requests_tls/seed06/homogeneous,T5_online_seed06_homogeneous_G3_agent01,1,source_family,tests/conftest.py,9
online_audit_controller/T5_requests_tls/seed06/homogeneous,T5_online_seed06_homogeneous_G3_agent01,1,source_family,tests/test_requests.py,26
online_audit_controller/T5_requests_tls/seed06/homogeneous,T5_online_seed06_homogeneous_G3_agent01,1,source_family,tests/testserver,17
online_audit_controller/T5_requests_tls/seed06/homogeneous,T5_online_seed06_homogeneous_G3_agent02,2,source_family,README.md,1
online_audit_controller/T5_requests_tls/seed06/homogeneous,T5_online_seed06_homogeneous_G3_agent02,2,source_family,docs/community,5
online_audit_controller/T5_requests_tls/seed06/homogeneous,T5_online_seed06_homogeneous_G3_agent02,2,source_family,docs/user,57
online_audit_controller/T5_requests_tls/seed06/homogeneous,T5_online_seed06_homogeneous_G3_agent02,2,source_family,src/requests,159
online_audit_controller/T5_requests_tls/seed06/homogeneous,T5_online_seed06_homogeneous_G3_agent02,2,source_family,tests/certs,5
online_audit_controller/T5_requests_tls/seed06/homogeneous,T5_online_seed06_homogeneous_G3_agent02,2,source_family,tests/conftest.py,10
online_audit_controller/T5_requests_tls/seed06/homogeneous,T5_online_seed06_homogeneous_G3_agent02,2,source_family,tests/test_requests.py,30
online_audit_controller/T5_requests_tls/seed06/homogeneous,T5_online_seed06_homogeneous_G3_agent02,2,source_family,tests/testserver,18
online_audit_controller/T5_requests_tls/seed06/homogeneous,T5_online_seed06_homogeneous_G3_agent03,3,source_family,README.md,1
online_audit_controller/T5_requests_tls/seed06/homogeneous,T5_online_seed06_homogeneous_G3_agent03,3,source_family,docs/community,7
online_audit_controller/T5_requests_tls/seed06/homogeneous,T5_online_seed06_homogeneous_G3_agent03,3,source_family,docs/user,47
online_audit_controller/T5_requests_tls/seed06/homogeneous,T5_online_seed06_homogeneous_G3_agent03,3,source_family,src/requests,134
online_audit_controller/T5_requests_tls/seed06/homogeneous,T5_online_seed06_homogeneous_G3_agent03,3,source_family,tests/certs,5
online_audit_controller/T5_requests_tls/seed06/homogeneous,T5_online_seed06_homogeneous_G3_agent03,3,source_family,tests/conftest.py,9
online_audit_controller/T5_requests_tls/seed06/homogeneous,T5_online_seed06_homogeneous_G3_agent03,3,source_family,tests/test_requests.py,37
online_audit_controller/T5_requests_tls/seed06/homogeneous,T5_online_seed06_homogeneous_G3_agent03,3,source_family,tests/testserver,15
online_audit_controller/T5_requests_tls/seed06/independent_context,T5_online_seed06_independent_context_G3_agent01,1,source_family,README.md,0
online_audit_controller/T5_requests_tls/seed06/independent_context,T5_online_seed06_independent_context_G3_agent01,1,source_family,docs/community,0
online_audit_controller/T5_requests_tls/seed06/independent_context,T5_online_seed06_independent_context_G3_agent01,1,source_family,docs/user,0
online_audit_controller/T5_requests_tls/seed06/independent_context,T5_online_seed06_independent_context_G3_agent01,1,source_family,src/requests,154
online_audit_controller/T5_requests_tls/seed06/independent_context,T5_online_seed06_independent_context_G3_agent01,1,source_family,tests/certs,7
online_audit_controller/T5_requests_tls/seed06/independent_context,T5_online_seed06_independent_context_G3_agent01,1,source_family,tests/conftest.py,10
online_audit_controller/T5_requests_tls/seed06/independent_context,T5_online_seed06_independent_context_G3_agent01,1,source_family,tests/test_requests.py,28
online_audit_controller/T5_requests_tls/seed06/independent_context,T5_online_seed06_independent_context_G3_agent01,1,source_family,tests/testserver,18
online_audit_controller/T5_requests_tls/seed06/independent_context,T5_online_seed06_independent_context_G3_agent02,2,source_family,README.md,1
online_audit_controller/T5_requests_tls/seed06/independent_context,T5_online_seed06_independent_context_G3_agent02,2,source_family,docs/community,13
online_audit_controller/T5_requests_tls/seed06/independent_context,T5_online_seed06_independent_context_G3_agent02,2,source_family,docs/user,51
online_audit_controller/T5_requests_tls/seed06/independent_context,T5_online_seed06_independent_context_G3_agent02,2,source_family,src/requests,0
online_audit_controller/T5_requests_tls/seed06/independent_context,T5_online_seed06_independent_context_G3_agent02,2,source_family,tests/certs,5
online_audit_controller/T5_requests_tls/seed06/independent_context,T5_online_seed06_independent_context_G3_agent02,2,source_family,tests/conftest.py,11
online_audit_controller/T5_requests_tls/seed06/independent_context,T5_online_seed06_independent_context_G3_agent02,2,source_family,tests/test_requests.py,34
online_audit_controller/T5_requests_tls/seed06/independent_context,T5_online_seed06_independent_context_G3_agent02,2,source_family,tests/testserver,18
online_audit_controller/T5_requests_tls/seed06/independent_context,T5_online_seed06_independent_context_G3_agent03,3,source_family,README.md,1
online_audit_controller/T5_requests_tls/seed06/independent_context,T5_online_seed06_independent_context_G3_agent03,3,source_family,docs/community,10
online_audit_controller/T5_requests_tls/seed06/independent_context,T5_online_seed06_independent_context_G3_agent03,3,source_family,docs/user,44
online_audit_controller/T5_requests_tls/seed06/independent_context,T5_online_seed06_independent_context_G3_agent03,3,source_family,src/requests,153
online_audit_controller/T5_requests_tls/seed06/independent_context,T5_online_seed06_independent_context_G3_agent03,3,source_family,tests/certs,0
online_audit_controller/T5_requests_tls/seed06/independent_context,T5_online_seed06_independent_context_G3_agent03,3,source_family,tests/conftest.py,0
online_audit_controller/T5_requests_tls/seed06/independent_context,T5_online_seed06_independent_context_G3_agent03,3,source_family,tests/test_requests.py,0
online_audit_controller/T5_requests_tls/seed06/independent_context,T5_online_seed06_independent_context_G3_agent03,3,source_family,tests/testserver,0
online_audit_controller/T5_requests_tls/seed06/prompt_diverse,T5_online_seed06_prompt_diverse_G3_agent01,1,source_family,README.md,1
online_audit_controller/T5_requests_tls/seed06/prompt_diverse,T5_online_seed06_prompt_diverse_G3_agent01,1,source_family,docs/community,8
online_audit_controller/T5_requests_tls/seed06/prompt_diverse,T5_online_seed06_prompt_diverse_G3_agent01,1,source_family,docs/user,52
online_audit_controller/T5_requests_tls/seed06/prompt_diverse,T5_online_seed06_prompt_diverse_G3_agent01,1,source_family,src/requests,156
online_audit_controller/T5_requests_tls/seed06/prompt_diverse,T5_online_seed06_prompt_diverse_G3_agent01,1,source_family,tests/certs,6
online_audit_controller/T5_requests_tls/seed06/prompt_diverse,T5_online_seed06_prompt_diverse_G3_agent01,1,source_family,tests/conftest.py,10
online_audit_controller/T5_requests_tls/seed06/prompt_diverse,T5_online_seed06_prompt_diverse_G3_agent01,1,source_family,tests/test_requests.py,42
online_audit_controller/T5_requests_tls/seed06/prompt_diverse,T5_online_seed06_prompt_diverse_G3_agent01,1,source_family,tests/testserver,16
online_audit_controller/T5_requests_tls/seed06/prompt_diverse,T5_online_seed06_prompt_diverse_G3_agent02,2,source_family,README.md,1
online_audit_controller/T5_requests_tls/seed06/prompt_diverse,T5_online_seed06_prompt_diverse_G3_agent02,2,source_family,docs/community,11
online_audit_controller/T5_requests_tls/seed06/prompt_diverse,T5_online_seed06_prompt_diverse_G3_agent02,2,source_family,docs/user,44
online_audit_controller/T5_requests_tls/seed06/prompt_diverse,T5_online_seed06_prompt_diverse_G3_agent02,2,source_family,src/requests,136
online_audit_controller/T5_requests_tls/seed06/prompt_diverse,T5_online_seed06_prompt_diverse_G3_agent02,2,source_family,tests/certs,5
online_audit_controller/T5_requests_tls/seed06/prompt_diverse,T5_online_seed06_prompt_diverse_G3_agent02,2,source_family,tests/conftest.py,9
online_audit_controller/T5_requests_tls/seed06/prompt_diverse,T5_online_seed06_prompt_diverse_G3_agent02,2,source_family,tests/test_requests.py,35
online_audit_controller/T5_requests_tls/seed06/prompt_diverse,T5_online_seed06_prompt_diverse_G3_agent02,2,source_family,tests/testserver,19
online_audit_controller/T5_requests_tls/seed06/prompt_diverse,T5_online_seed06_prompt_diverse_G3_agent03,3,source_family,README.md,1
online_audit_controller/T5_requests_tls/seed06/prompt_diverse,T5_online_seed06_prompt_diverse_G3_agent03,3,source_family,docs/community,7
online_audit_controller/T5_requests_tls/seed06/prompt_diverse,T5_online_seed06_prompt_diverse_G3_agent03,3,source_family,docs/user,51
online_audit_controller/T5_requests_tls/seed06/prompt_diverse,T5_online_seed06_prompt_diverse_G3_agent03,3,source_family,src/requests,139
online_audit_controller/T5_requests_tls/seed06/prompt_diverse,T5_online_seed06_prompt_diverse_G3_agent03,3,source_family,tests/certs,5
online_audit_controller/T5_requests_tls/seed06/prompt_diverse,T5_online_seed06_prompt_diverse_G3_agent03,3,source_family,tests/conftest.py,9
online_audit_controller/T5_requests_tls/seed06/prompt_diverse,T5_online_seed06_prompt_diverse_G3_agent03,3,source_family,tests/test_requests.py,35
online_audit_controller/T5_requests_tls/seed06/prompt_diverse,T5_online_seed06_prompt_diverse_G3_agent03,3,source_family,tests/testserver,15
online_audit_controller/T5_requests_tls/seed06/source_partitioned,T5_online_seed06_source_partitioned_G3_agent01,1,source_family,README.md,0
online_audit_controller/T5_requests_tls/seed06/source_partitioned,T5_online_seed06_source_partitioned_G3_agent01,1,source_family,docs/community,0
online_audit_controller/T5_requests_tls/seed06/source_partitioned,T5_online_seed06_source_partitioned_G3_agent01,1,source_family,docs/user,0
online_audit_controller/T5_requests_tls/seed06/source_partitioned,T5_online_seed06_source_partitioned_G3_agent01,1,source_family,src/requests,172
online_audit_controller/T5_requests_tls/seed06/source_partitioned,T5_online_seed06_source_partitioned_G3_agent01,1,source_family,tests/certs,0
online_audit_controller/T5_requests_tls/seed06/source_partitioned,T5_online_seed06_source_partitioned_G3_agent01,1,source_family,tests/conftest.py,0
online_audit_controller/T5_requests_tls/seed06/source_partitioned,T5_online_seed06_source_partitioned_G3_agent01,1,source_family,tests/test_requests.py,0
online_audit_controller/T5_requests_tls/seed06/source_partitioned,T5_online_seed06_source_partitioned_G3_agent01,1,source_family,tests/testserver,0
online_audit_controller/T5_requests_tls/seed06/source_partitioned,T5_online_seed06_source_partitioned_G3_agent02,2,source_family,README.md,0
online_audit_controller/T5_requests_tls/seed06/source_partitioned,T5_online_seed06_source_partitioned_G3_agent02,2,source_family,docs/community,0
online_audit_controller/T5_requests_tls/seed06/source_partitioned,T5_online_seed06_source_partitioned_G3_agent02,2,source_family,docs/user,0
online_audit_controller/T5_requests_tls/seed06/source_partitioned,T5_online_seed06_source_partitioned_G3_agent02,2,source_family,src/requests,0
online_audit_controller/T5_requests_tls/seed06/source_partitioned,T5_online_seed06_source_partitioned_G3_agent02,2,source_family,tests/certs,5
online_audit_controller/T5_requests_tls/seed06/source_partitioned,T5_online_seed06_source_partitioned_G3_agent02,2,source_family,tests/conftest.py,11
online_audit_controller/T5_requests_tls/seed06/source_partitioned,T5_online_seed06_source_partitioned_G3_agent02,2,source_family,tests/test_requests.py,38
online_audit_controller/T5_requests_tls/seed06/source_partitioned,T5_online_seed06_source_partitioned_G3_agent02,2,source_family,tests/testserver,17
online_audit_controller/T5_requests_tls/seed06/source_partitioned,T5_online_seed06_source_partitioned_G3_agent03,3,source_family,README.md,1
online_audit_controller/T5_requests_tls/seed06/source_partitioned,T5_online_seed06_source_partitioned_G3_agent03,3,source_family,docs/community,11
online_audit_controller/T5_requests_tls/seed06/source_partitioned,T5_online_seed06_source_partitioned_G3_agent03,3,source_family,docs/user,51
online_audit_controller/T5_requests_tls/seed06/source_partitioned,T5_online_seed06_source_partitioned_G3_agent03,3,source_family,src/requests,0
online_audit_controller/T5_requests_tls/seed06/source_partitioned,T5_online_seed06_source_partitioned_G3_agent03,3,source_family,tests/certs,0
online_audit_controller/T5_requests_tls/seed06/source_partitioned,T5_online_seed06_source_partitioned_G3_agent03,3,source_family,tests/conftest.py,0
online_audit_controller/T5_requests_tls/seed06/source_partitioned,T5_online_seed06_source_partitioned_G3_agent03,3,source_family,tests/test_requests.py,0
online_audit_controller/T5_requests_tls/seed06/source_partitioned,T5_online_seed06_source_partitioned_G3_agent03,3,source_family,tests/testserver,0
online_audit_controller/T5_requests_tls/seed07/homogeneous,T5_online_seed07_homogeneous_G3_agent01,1,source_family,README.md,1
online_audit_controller/T5_requests_tls/seed07/homogeneous,T5_online_seed07_homogeneous_G3_agent01,1,source_family,docs/community,11
online_audit_controller/T5_requests_tls/seed07/homogeneous,T5_online_seed07_homogeneous_G3_agent01,1,source_family,docs/user,47
online_audit_controller/T5_requests_tls/seed07/homogeneous,T5_online_seed07_homogeneous_G3_agent01,1,source_family,src/requests,148
online_audit_controller/T5_requests_tls/seed07/homogeneous,T5_online_seed07_homogeneous_G3_agent01,1,source_family,tests/certs,5
online_audit_controller/T5_requests_tls/seed07/homogeneous,T5_online_seed07_homogeneous_G3_agent01,1,source_family,tests/conftest.py,10
online_audit_controller/T5_requests_tls/seed07/homogeneous,T5_online_seed07_homogeneous_G3_agent01,1,source_family,tests/test_requests.py,30
online_audit_controller/T5_requests_tls/seed07/homogeneous,T5_online_seed07_homogeneous_G3_agent01,1,source_family,tests/testserver,17
online_audit_controller/T5_requests_tls/seed07/homogeneous,T5_online_seed07_homogeneous_G3_agent02,2,source_family,README.md,1
online_audit_controller/T5_requests_tls/seed07/homogeneous,T5_online_seed07_homogeneous_G3_agent02,2,source_family,docs/community,9
online_audit_controller/T5_requests_tls/seed07/homogeneous,T5_online_seed07_homogeneous_G3_agent02,2,source_family,docs/user,47
online_audit_controller/T5_requests_tls/seed07/homogeneous,T5_online_seed07_homogeneous_G3_agent02,2,source_family,src/requests,145
online_audit_controller/T5_requests_tls/seed07/homogeneous,T5_online_seed07_homogeneous_G3_agent02,2,source_family,tests/certs,5
online_audit_controller/T5_requests_tls/seed07/homogeneous,T5_online_seed07_homogeneous_G3_agent02,2,source_family,tests/conftest.py,10
online_audit_controller/T5_requests_tls/seed07/homogeneous,T5_online_seed07_homogeneous_G3_agent02,2,source_family,tests/test_requests.py,31
online_audit_controller/T5_requests_tls/seed07/homogeneous,T5_online_seed07_homogeneous_G3_agent02,2,source_family,tests/testserver,17
online_audit_controller/T5_requests_tls/seed07/homogeneous,T5_online_seed07_homogeneous_G3_agent03,3,source_family,README.md,1
online_audit_controller/T5_requests_tls/seed07/homogeneous,T5_online_seed07_homogeneous_G3_agent03,3,source_family,docs/community,14
online_audit_controller/T5_requests_tls/seed07/homogeneous,T5_online_seed07_homogeneous_G3_agent03,3,source_family,docs/user,48
online_audit_controller/T5_requests_tls/seed07/homogeneous,T5_online_seed07_homogeneous_G3_agent03,3,source_family,src/requests,153
online_audit_controller/T5_requests_tls/seed07/homogeneous,T5_online_seed07_homogeneous_G3_agent03,3,source_family,tests/certs,6
online_audit_controller/T5_requests_tls/seed07/homogeneous,T5_online_seed07_homogeneous_G3_agent03,3,source_family,tests/conftest.py,12
online_audit_controller/T5_requests_tls/seed07/homogeneous,T5_online_seed07_homogeneous_G3_agent03,3,source_family,tests/test_requests.py,28
online_audit_controller/T5_requests_tls/seed07/homogeneous,T5_online_seed07_homogeneous_G3_agent03,3,source_family,tests/testserver,18
online_audit_controller/T5_requests_tls/seed07/independent_context,T5_online_seed07_independent_context_G3_agent01,1,source_family,README.md,0
online_audit_controller/T5_requests_tls/seed07/independent_context,T5_online_seed07_independent_context_G3_agent01,1,source_family,docs/community,0
online_audit_controller/T5_requests_tls/seed07/independent_context,T5_online_seed07_independent_context_G3_agent01,1,source_family,docs/user,0
online_audit_controller/T5_requests_tls/seed07/independent_context,T5_online_seed07_independent_context_G3_agent01,1,source_family,src/requests,144
online_audit_controller/T5_requests_tls/seed07/independent_context,T5_online_seed07_independent_context_G3_agent01,1,source_family,tests/certs,5
online_audit_controller/T5_requests_tls/seed07/independent_context,T5_online_seed07_independent_context_G3_agent01,1,source_family,tests/conftest.py,10
online_audit_controller/T5_requests_tls/seed07/independent_context,T5_online_seed07_independent_context_G3_agent01,1,source_family,tests/test_requests.py,31
online_audit_controller/T5_requests_tls/seed07/independent_context,T5_online_seed07_independent_context_G3_agent01,1,source_family,tests/testserver,17
online_audit_controller/T5_requests_tls/seed07/independent_context,T5_online_seed07_independent_context_G3_agent02,2,source_family,README.md,1
online_audit_controller/T5_requests_tls/seed07/independent_context,T5_online_seed07_independent_context_G3_agent02,2,source_family,docs/community,13
online_audit_controller/T5_requests_tls/seed07/independent_context,T5_online_seed07_independent_context_G3_agent02,2,source_family,docs/user,54
online_audit_controller/T5_requests_tls/seed07/independent_context,T5_online_seed07_independent_context_G3_agent02,2,source_family,src/requests,0
online_audit_controller/T5_requests_tls/seed07/independent_context,T5_online_seed07_independent_context_G3_agent02,2,source_family,tests/certs,6
online_audit_controller/T5_requests_tls/seed07/independent_context,T5_online_seed07_independent_context_G3_agent02,2,source_family,tests/conftest.py,12
online_audit_controller/T5_requests_tls/seed07/independent_context,T5_online_seed07_independent_context_G3_agent02,2,source_family,tests/test_requests.py,35
online_audit_controller/T5_requests_tls/seed07/independent_context,T5_online_seed07_independent_context_G3_agent02,2,source_family,tests/testserver,16
online_audit_controller/T5_requests_tls/seed07/independent_context,T5_online_seed07_independent_context_G3_agent03,3,source_family,README.md,1
online_audit_controller/T5_requests_tls/seed07/independent_context,T5_online_seed07_independent_context_G3_agent03,3,source_family,docs/community,10
online_audit_controller/T5_requests_tls/seed07/independent_context,T5_online_seed07_independent_context_G3_agent03,3,source_family,docs/user,47
online_audit_controller/T5_requests_tls/seed07/independent_context,T5_online_seed07_independent_context_G3_agent03,3,source_family,src/requests,138
online_audit_controller/T5_requests_tls/seed07/independent_context,T5_online_seed07_independent_context_G3_agent03,3,source_family,tests/certs,0
online_audit_controller/T5_requests_tls/seed07/independent_context,T5_online_seed07_independent_context_G3_agent03,3,source_family,tests/conftest.py,0
online_audit_controller/T5_requests_tls/seed07/independent_context,T5_online_seed07_independent_context_G3_agent03,3,source_family,tests/test_requests.py,0
online_audit_controller/T5_requests_tls/seed07/independent_context,T5_online_seed07_independent_context_G3_agent03,3,source_family,tests/testserver,0
online_audit_controller/T5_requests_tls/seed07/prompt_diverse,T5_online_seed07_prompt_diverse_G3_agent01,1,source_family,README.md,1
online_audit_controller/T5_requests_tls/seed07/prompt_diverse,T5_online_seed07_prompt_diverse_G3_agent01,1,source_family,docs/community,7
online_audit_controller/T5_requests_tls/seed07/prompt_diverse,T5_online_seed07_prompt_diverse_G3_agent01,1,source_family,docs/user,50
online_audit_controller/T5_requests_tls/seed07/prompt_diverse,T5_online_seed07_prompt_diverse_G3_agent01,1,source_family,src/requests,132
online_audit_controller/T5_requests_tls/seed07/prompt_diverse,T5_online_seed07_prompt_diverse_G3_agent01,1,source_family,tests/certs,5
online_audit_controller/T5_requests_tls/seed07/prompt_diverse,T5_online_seed07_prompt_diverse_G3_agent01,1,source_family,tests/conftest.py,8
online_audit_controller/T5_requests_tls/seed07/prompt_diverse,T5_online_seed07_prompt_diverse_G3_agent01,1,source_family,tests/test_requests.py,26
online_audit_controller/T5_requests_tls/seed07/prompt_diverse,T5_online_seed07_prompt_diverse_G3_agent01,1,source_family,tests/testserver,16
online_audit_controller/T5_requests_tls/seed07/prompt_diverse,T5_online_seed07_prompt_diverse_G3_agent02,2,source_family,README.md,1
online_audit_controller/T5_requests_tls/seed07/prompt_diverse,T5_online_seed07_prompt_diverse_G3_agent02,2,source_family,docs/community,7
online_audit_controller/T5_requests_tls/seed07/prompt_diverse,T5_online_seed07_prompt_diverse_G3_agent02,2,source_family,docs/user,46
online_audit_controller/T5_requests_tls/seed07/prompt_diverse,T5_online_seed07_prompt_diverse_G3_agent02,2,source_family,src/requests,140
online_audit_controller/T5_requests_tls/seed07/prompt_diverse,T5_online_seed07_prompt_diverse_G3_agent02,2,source_family,tests/certs,5
online_audit_controller/T5_requests_tls/seed07/prompt_diverse,T5_online_seed07_prompt_diverse_G3_agent02,2,source_family,tests/conftest.py,12
online_audit_controller/T5_requests_tls/seed07/prompt_diverse,T5_online_seed07_prompt_diverse_G3_agent02,2,source_family,tests/test_requests.py,28
online_audit_controller/T5_requests_tls/seed07/prompt_diverse,T5_online_seed07_prompt_diverse_G3_agent02,2,source_family,tests/testserver,16
online_audit_controller/T5_requests_tls/seed07/prompt_diverse,T5_online_seed07_prompt_diverse_G3_agent03,3,source_family,README.md,1
online_audit_controller/T5_requests_tls/seed07/prompt_diverse,T5_online_seed07_prompt_diverse_G3_agent03,3,source_family,docs/community,7
online_audit_controller/T5_requests_tls/seed07/prompt_diverse,T5_online_seed07_prompt_diverse_G3_agent03,3,source_family,docs/user,51
online_audit_controller/T5_requests_tls/seed07/prompt_diverse,T5_online_seed07_prompt_diverse_G3_agent03,3,source_family,src/requests,144
online_audit_controller/T5_requests_tls/seed07/prompt_diverse,T5_online_seed07_prompt_diverse_G3_agent03,3,source_family,tests/certs,6
online_audit_controller/T5_requests_tls/seed07/prompt_diverse,T5_online_seed07_prompt_diverse_G3_agent03,3,source_family,tests/conftest.py,8
online_audit_controller/T5_requests_tls/seed07/prompt_diverse,T5_online_seed07_prompt_diverse_G3_agent03,3,source_family,tests/test_requests.py,28
online_audit_controller/T5_requests_tls/seed07/prompt_diverse,T5_online_seed07_prompt_diverse_G3_agent03,3,source_family,tests/testserver,17
online_audit_controller/T5_requests_tls/seed07/source_partitioned,T5_online_seed07_source_partitioned_G3_agent01,1,source_family,README.md,0
online_audit_controller/T5_requests_tls/seed07/source_partitioned,T5_online_seed07_source_partitioned_G3_agent01,1,source_family,docs/community,0
online_audit_controller/T5_requests_tls/seed07/source_partitioned,T5_online_seed07_source_partitioned_G3_agent01,1,source_family,docs/user,0
online_audit_controller/T5_requests_tls/seed07/source_partitioned,T5_online_seed07_source_partitioned_G3_agent01,1,source_family,src/requests,154
online_audit_controller/T5_requests_tls/seed07/source_partitioned,T5_online_seed07_source_partitioned_G3_agent01,1,source_family,tests/certs,0
online_audit_controller/T5_requests_tls/seed07/source_partitioned,T5_online_seed07_source_partitioned_G3_agent01,1,source_family,tests/conftest.py,0
online_audit_controller/T5_requests_tls/seed07/source_partitioned,T5_online_seed07_source_partitioned_G3_agent01,1,source_family,tests/test_requests.py,0
online_audit_controller/T5_requests_tls/seed07/source_partitioned,T5_online_seed07_source_partitioned_G3_agent01,1,source_family,tests/testserver,0
online_audit_controller/T5_requests_tls/seed07/source_partitioned,T5_online_seed07_source_partitioned_G3_agent02,2,source_family,README.md,0
online_audit_controller/T5_requests_tls/seed07/source_partitioned,T5_online_seed07_source_partitioned_G3_agent02,2,source_family,docs/community,0
online_audit_controller/T5_requests_tls/seed07/source_partitioned,T5_online_seed07_source_partitioned_G3_agent02,2,source_family,docs/user,0
online_audit_controller/T5_requests_tls/seed07/source_partitioned,T5_online_seed07_source_partitioned_G3_agent02,2,source_family,src/requests,0
online_audit_controller/T5_requests_tls/seed07/source_partitioned,T5_online_seed07_source_partitioned_G3_agent02,2,source_family,tests/certs,6
online_audit_controller/T5_requests_tls/seed07/source_partitioned,T5_online_seed07_source_partitioned_G3_agent02,2,source_family,tests/conftest.py,10
online_audit_controller/T5_requests_tls/seed07/source_partitioned,T5_online_seed07_source_partitioned_G3_agent02,2,source_family,tests/test_requests.py,33
online_audit_controller/T5_requests_tls/seed07/source_partitioned,T5_online_seed07_source_partitioned_G3_agent02,2,source_family,tests/testserver,16
online_audit_controller/T5_requests_tls/seed07/source_partitioned,T5_online_seed07_source_partitioned_G3_agent03,3,source_family,README.md,1
online_audit_controller/T5_requests_tls/seed07/source_partitioned,T5_online_seed07_source_partitioned_G3_agent03,3,source_family,docs/community,11
online_audit_controller/T5_requests_tls/seed07/source_partitioned,T5_online_seed07_source_partitioned_G3_agent03,3,source_family,docs/user,49
online_audit_controller/T5_requests_tls/seed07/source_partitioned,T5_online_seed07_source_partitioned_G3_agent03,3,source_family,src/requests,0
online_audit_controller/T5_requests_tls/seed07/source_partitioned,T5_online_seed07_source_partitioned_G3_agent03,3,source_family,tests/certs,0
online_audit_controller/T5_requests_tls/seed07/source_partitioned,T5_online_seed07_source_partitioned_G3_agent03,3,source_family,tests/conftest.py,0
online_audit_controller/T5_requests_tls/seed07/source_partitioned,T5_online_seed07_source_partitioned_G3_agent03,3,source_family,tests/test_requests.py,0
online_audit_controller/T5_requests_tls/seed07/source_partitioned,T5_online_seed07_source_partitioned_G3_agent03,3,source_family,tests/testserver,0
online_audit_controller/T5_requests_tls/seed08/homogeneous,T5_online_seed08_homogeneous_G3_agent01,1,source_family,README.md,0
online_audit_controller/T5_requests_tls/seed08/homogeneous,T5_online_seed08_homogeneous_G3_agent01,1,source_family,docs/community,0
online_audit_controller/T5_requests_tls/seed08/homogeneous,T5_online_seed08_homogeneous_G3_agent01,1,source_family,docs/user,54
online_audit_controller/T5_requests_tls/seed08/homogeneous,T5_online_seed08_homogeneous_G3_agent01,1,source_family,src/requests,158
online_audit_controller/T5_requests_tls/seed08/homogeneous,T5_online_seed08_homogeneous_G3_agent01,1,source_family,tests/certs,5
online_audit_controller/T5_requests_tls/seed08/homogeneous,T5_online_seed08_homogeneous_G3_agent01,1,source_family,tests/conftest.py,11
online_audit_controller/T5_requests_tls/seed08/homogeneous,T5_online_seed08_homogeneous_G3_agent01,1,source_family,tests/test_requests.py,30
online_audit_controller/T5_requests_tls/seed08/homogeneous,T5_online_seed08_homogeneous_G3_agent01,1,source_family,tests/testserver,17
online_audit_controller/T5_requests_tls/seed08/homogeneous,T5_online_seed08_homogeneous_G3_agent02,2,source_family,README.md,1
online_audit_controller/T5_requests_tls/seed08/homogeneous,T5_online_seed08_homogeneous_G3_agent02,2,source_family,docs/community,13
online_audit_controller/T5_requests_tls/seed08/homogeneous,T5_online_seed08_homogeneous_G3_agent02,2,source_family,docs/user,49
online_audit_controller/T5_requests_tls/seed08/homogeneous,T5_online_seed08_homogeneous_G3_agent02,2,source_family,src/requests,132
online_audit_controller/T5_requests_tls/seed08/homogeneous,T5_online_seed08_homogeneous_G3_agent02,2,source_family,tests/certs,6
online_audit_controller/T5_requests_tls/seed08/homogeneous,T5_online_seed08_homogeneous_G3_agent02,2,source_family,tests/conftest.py,9
online_audit_controller/T5_requests_tls/seed08/homogeneous,T5_online_seed08_homogeneous_G3_agent02,2,source_family,tests/test_requests.py,27
online_audit_controller/T5_requests_tls/seed08/homogeneous,T5_online_seed08_homogeneous_G3_agent02,2,source_family,tests/testserver,17
online_audit_controller/T5_requests_tls/seed08/homogeneous,T5_online_seed08_homogeneous_G3_agent03,3,source_family,README.md,1
online_audit_controller/T5_requests_tls/seed08/homogeneous,T5_online_seed08_homogeneous_G3_agent03,3,source_family,docs/community,7
online_audit_controller/T5_requests_tls/seed08/homogeneous,T5_online_seed08_homogeneous_G3_agent03,3,source_family,docs/user,51
online_audit_controller/T5_requests_tls/seed08/homogeneous,T5_online_seed08_homogeneous_G3_agent03,3,source_family,src/requests,143
online_audit_controller/T5_requests_tls/seed08/homogeneous,T5_online_seed08_homogeneous_G3_agent03,3,source_family,tests/certs,7
online_audit_controller/T5_requests_tls/seed08/homogeneous,T5_online_seed08_homogeneous_G3_agent03,3,source_family,tests/conftest.py,8
online_audit_controller/T5_requests_tls/seed08/homogeneous,T5_online_seed08_homogeneous_G3_agent03,3,source_family,tests/test_requests.py,39
online_audit_controller/T5_requests_tls/seed08/homogeneous,T5_online_seed08_homogeneous_G3_agent03,3,source_family,tests/testserver,16
online_audit_controller/T5_requests_tls/seed08/independent_context,T5_online_seed08_independent_context_G3_agent01,1,source_family,README.md,0
online_audit_controller/T5_requests_tls/seed08/independent_context,T5_online_seed08_independent_context_G3_agent01,1,source_family,docs/community,0
online_audit_controller/T5_requests_tls/seed08/independent_context,T5_online_seed08_independent_context_G3_agent01,1,source_family,docs/user,0
online_audit_controller/T5_requests_tls/seed08/independent_context,T5_online_seed08_independent_context_G3_agent01,1,source_family,src/requests,144
online_audit_controller/T5_requests_tls/seed08/independent_context,T5_online_seed08_independent_context_G3_agent01,1,source_family,tests/certs,5
online_audit_controller/T5_requests_tls/seed08/independent_context,T5_online_seed08_independent_context_G3_agent01,1,source_family,tests/conftest.py,9
online_audit_controller/T5_requests_tls/seed08/independent_context,T5_online_seed08_independent_context_G3_agent01,1,source_family,tests/test_requests.py,31
online_audit_controller/T5_requests_tls/seed08/independent_context,T5_online_seed08_independent_context_G3_agent01,1,source_family,tests/testserver,17
online_audit_controller/T5_requests_tls/seed08/independent_context,T5_online_seed08_independent_context_G3_agent02,2,source_family,README.md,1
online_audit_controller/T5_requests_tls/seed08/independent_context,T5_online_seed08_independent_context_G3_agent02,2,source_family,docs/community,12
online_audit_controller/T5_requests_tls/seed08/independent_context,T5_online_seed08_independent_context_G3_agent02,2,source_family,docs/user,53
online_audit_controller/T5_requests_tls/seed08/independent_context,T5_online_seed08_independent_context_G3_agent02,2,source_family,src/requests,0
online_audit_controller/T5_requests_tls/seed08/independent_context,T5_online_seed08_independent_context_G3_agent02,2,source_family,tests/certs,5
online_audit_controller/T5_requests_tls/seed08/independent_context,T5_online_seed08_independent_context_G3_agent02,2,source_family,tests/conftest.py,12
online_audit_controller/T5_requests_tls/seed08/independent_context,T5_online_seed08_independent_context_G3_agent02,2,source_family,tests/test_requests.py,34
online_audit_controller/T5_requests_tls/seed08/independent_context,T5_online_seed08_independent_context_G3_agent02,2,source_family,tests/testserver,17
online_audit_controller/T5_requests_tls/seed08/independent_context,T5_online_seed08_independent_context_G3_agent03,3,source_family,README.md,1
online_audit_controller/T5_requests_tls/seed08/independent_context,T5_online_seed08_independent_context_G3_agent03,3,source_family,docs/community,10
online_audit_controller/T5_requests_tls/seed08/independent_context,T5_online_seed08_independent_context_G3_agent03,3,source_family,docs/user,48
online_audit_controller/T5_requests_tls/seed08/independent_context,T5_online_seed08_independent_context_G3_agent03,3,source_family,src/requests,150
online_audit_controller/T5_requests_tls/seed08/independent_context,T5_online_seed08_independent_context_G3_agent03,3,source_family,tests/certs,0
online_audit_controller/T5_requests_tls/seed08/independent_context,T5_online_seed08_independent_context_G3_agent03,3,source_family,tests/conftest.py,0
online_audit_controller/T5_requests_tls/seed08/independent_context,T5_online_seed08_independent_context_G3_agent03,3,source_family,tests/test_requests.py,0
online_audit_controller/T5_requests_tls/seed08/independent_context,T5_online_seed08_independent_context_G3_agent03,3,source_family,tests/testserver,0
online_audit_controller/T5_requests_tls/seed08/prompt_diverse,T5_online_seed08_prompt_diverse_G3_agent01,1,source_family,README.md,1
online_audit_controller/T5_requests_tls/seed08/prompt_diverse,T5_online_seed08_prompt_diverse_G3_agent01,1,source_family,docs/community,11
online_audit_controller/T5_requests_tls/seed08/prompt_diverse,T5_online_seed08_prompt_diverse_G3_agent01,1,source_family,docs/user,48
online_audit_controller/T5_requests_tls/seed08/prompt_diverse,T5_online_seed08_prompt_diverse_G3_agent01,1,source_family,src/requests,155
online_audit_controller/T5_requests_tls/seed08/prompt_diverse,T5_online_seed08_prompt_diverse_G3_agent01,1,source_family,tests/certs,5
online_audit_controller/T5_requests_tls/seed08/prompt_diverse,T5_online_seed08_prompt_diverse_G3_agent01,1,source_family,tests/conftest.py,10
online_audit_controller/T5_requests_tls/seed08/prompt_diverse,T5_online_seed08_prompt_diverse_G3_agent01,1,source_family,tests/test_requests.py,35
online_audit_controller/T5_requests_tls/seed08/prompt_diverse,T5_online_seed08_prompt_diverse_G3_agent01,1,source_family,tests/testserver,17
online_audit_controller/T5_requests_tls/seed08/prompt_diverse,T5_online_seed08_prompt_diverse_G3_agent02,2,source_family,README.md,0
online_audit_controller/T5_requests_tls/seed08/prompt_diverse,T5_online_seed08_prompt_diverse_G3_agent02,2,source_family,docs/community,0
online_audit_controller/T5_requests_tls/seed08/prompt_diverse,T5_online_seed08_prompt_diverse_G3_agent02,2,source_family,docs/user,46
online_audit_controller/T5_requests_tls/seed08/prompt_diverse,T5_online_seed08_prompt_diverse_G3_agent02,2,source_family,src/requests,141
online_audit_controller/T5_requests_tls/seed08/prompt_diverse,T5_online_seed08_prompt_diverse_G3_agent02,2,source_family,tests/certs,7
online_audit_controller/T5_requests_tls/seed08/prompt_diverse,T5_online_seed08_prompt_diverse_G3_agent02,2,source_family,tests/conftest.py,11
online_audit_controller/T5_requests_tls/seed08/prompt_diverse,T5_online_seed08_prompt_diverse_G3_agent02,2,source_family,tests/test_requests.py,34
online_audit_controller/T5_requests_tls/seed08/prompt_diverse,T5_online_seed08_prompt_diverse_G3_agent02,2,source_family,tests/testserver,17
online_audit_controller/T5_requests_tls/seed08/prompt_diverse,T5_online_seed08_prompt_diverse_G3_agent03,3,source_family,README.md,1
online_audit_controller/T5_requests_tls/seed08/prompt_diverse,T5_online_seed08_prompt_diverse_G3_agent03,3,source_family,docs/community,7
online_audit_controller/T5_requests_tls/seed08/prompt_diverse,T5_online_seed08_prompt_diverse_G3_agent03,3,source_family,docs/user,52
online_audit_controller/T5_requests_tls/seed08/prompt_diverse,T5_online_seed08_prompt_diverse_G3_agent03,3,source_family,src/requests,138
online_audit_controller/T5_requests_tls/seed08/prompt_diverse,T5_online_seed08_prompt_diverse_G3_agent03,3,source_family,tests/certs,5
online_audit_controller/T5_requests_tls/seed08/prompt_diverse,T5_online_seed08_prompt_diverse_G3_agent03,3,source_family,tests/conftest.py,11
online_audit_controller/T5_requests_tls/seed08/prompt_diverse,T5_online_seed08_prompt_diverse_G3_agent03,3,source_family,tests/test_requests.py,35
online_audit_controller/T5_requests_tls/seed08/prompt_diverse,T5_online_seed08_prompt_diverse_G3_agent03,3,source_family,tests/testserver,15
online_audit_controller/T5_requests_tls/seed08/source_partitioned,T5_online_seed08_source_partitioned_G3_agent01,1,source_family,README.md,0
online_audit_controller/T5_requests_tls/seed08/source_partitioned,T5_online_seed08_source_partitioned_G3_agent01,1,source_family,docs/community,0
online_audit_controller/T5_requests_tls/seed08/source_partitioned,T5_online_seed08_source_partitioned_G3_agent01,1,source_family,docs/user,0
online_audit_controller/T5_requests_tls/seed08/source_partitioned,T5_online_seed08_source_partitioned_G3_agent01,1,source_family,src/requests,175
online_audit_controller/T5_requests_tls/seed08/source_partitioned,T5_online_seed08_source_partitioned_G3_agent01,1,source_family,tests/certs,0
online_audit_controller/T5_requests_tls/seed08/source_partitioned,T5_online_seed08_source_partitioned_G3_agent01,1,source_family,tests/conftest.py,0
online_audit_controller/T5_requests_tls/seed08/source_partitioned,T5_online_seed08_source_partitioned_G3_agent01,1,source_family,tests/test_requests.py,0
online_audit_controller/T5_requests_tls/seed08/source_partitioned,T5_online_seed08_source_partitioned_G3_agent01,1,source_family,tests/testserver,0
online_audit_controller/T5_requests_tls/seed08/source_partitioned,T5_online_seed08_source_partitioned_G3_agent02,2,source_family,README.md,0
online_audit_controller/T5_requests_tls/seed08/source_partitioned,T5_online_seed08_source_partitioned_G3_agent02,2,source_family,docs/community,0
online_audit_controller/T5_requests_tls/seed08/source_partitioned,T5_online_seed08_source_partitioned_G3_agent02,2,source_family,docs/user,0
online_audit_controller/T5_requests_tls/seed08/source_partitioned,T5_online_seed08_source_partitioned_G3_agent02,2,source_family,src/requests,0
online_audit_controller/T5_requests_tls/seed08/source_partitioned,T5_online_seed08_source_partitioned_G3_agent02,2,source_family,tests/certs,5
online_audit_controller/T5_requests_tls/seed08/source_partitioned,T5_online_seed08_source_partitioned_G3_agent02,2,source_family,tests/conftest.py,12
online_audit_controller/T5_requests_tls/seed08/source_partitioned,T5_online_seed08_source_partitioned_G3_agent02,2,source_family,tests/test_requests.py,36
online_audit_controller/T5_requests_tls/seed08/source_partitioned,T5_online_seed08_source_partitioned_G3_agent02,2,source_family,tests/testserver,17
online_audit_controller/T5_requests_tls/seed08/source_partitioned,T5_online_seed08_source_partitioned_G3_agent03,3,source_family,README.md,1
online_audit_controller/T5_requests_tls/seed08/source_partitioned,T5_online_seed08_source_partitioned_G3_agent03,3,source_family,docs/community,11
online_audit_controller/T5_requests_tls/seed08/source_partitioned,T5_online_seed08_source_partitioned_G3_agent03,3,source_family,docs/user,50
online_audit_controller/T5_requests_tls/seed08/source_partitioned,T5_online_seed08_source_partitioned_G3_agent03,3,source_family,src/requests,0
online_audit_controller/T5_requests_tls/seed08/source_partitioned,T5_online_seed08_source_partitioned_G3_agent03,3,source_family,tests/certs,0
online_audit_controller/T5_requests_tls/seed08/source_partitioned,T5_online_seed08_source_partitioned_G3_agent03,3,source_family,tests/conftest.py,0
online_audit_controller/T5_requests_tls/seed08/source_partitioned,T5_online_seed08_source_partitioned_G3_agent03,3,source_family,tests/test_requests.py,0
online_audit_controller/T5_requests_tls/seed08/source_partitioned,T5_online_seed08_source_partitioned_G3_agent03,3,source_family,tests/testserver,0
online_blind_validation/T5_requests_tls_seed04/homogeneous,T5_online_seed04_homogeneous_G3_agent01,1,source_family,README.md,1
online_blind_validation/T5_requests_tls_seed04/homogeneous,T5_online_seed04_homogeneous_G3_agent01,1,source_family,docs/community,5
online_blind_validation/T5_requests_tls_seed04/homogeneous,T5_online_seed04_homogeneous_G3_agent01,1,source_family,docs/user,48
online_blind_validation/T5_requests_tls_seed04/homogeneous,T5_online_seed04_homogeneous_G3_agent01,1,source_family,src/requests,149
online_blind_validation/T5_requests_tls_seed04/homogeneous,T5_online_seed04_homogeneous_G3_agent01,1,source_family,tests/certs,5
online_blind_validation/T5_requests_tls_seed04/homogeneous,T5_online_seed04_homogeneous_G3_agent01,1,source_family,tests/conftest.py,9
online_blind_validation/T5_requests_tls_seed04/homogeneous,T5_online_seed04_homogeneous_G3_agent01,1,source_family,tests/test_requests.py,26
online_blind_validation/T5_requests_tls_seed04/homogeneous,T5_online_seed04_homogeneous_G3_agent01,1,source_family,tests/testserver,17
online_blind_validation/T5_requests_tls_seed04/homogeneous,T5_online_seed04_homogeneous_G3_agent02,2,source_family,README.md,1
online_blind_validation/T5_requests_tls_seed04/homogeneous,T5_online_seed04_homogeneous_G3_agent02,2,source_family,docs/community,11
online_blind_validation/T5_requests_tls_seed04/homogeneous,T5_online_seed04_homogeneous_G3_agent02,2,source_family,docs/user,52
online_blind_validation/T5_requests_tls_seed04/homogeneous,T5_online_seed04_homogeneous_G3_agent02,2,source_family,src/requests,148
online_blind_validation/T5_requests_tls_seed04/homogeneous,T5_online_seed04_homogeneous_G3_agent02,2,source_family,tests/certs,5
online_blind_validation/T5_requests_tls_seed04/homogeneous,T5_online_seed04_homogeneous_G3_agent02,2,source_family,tests/conftest.py,10
online_blind_validation/T5_requests_tls_seed04/homogeneous,T5_online_seed04_homogeneous_G3_agent02,2,source_family,tests/test_requests.py,29
online_blind_validation/T5_requests_tls_seed04/homogeneous,T5_online_seed04_homogeneous_G3_agent02,2,source_family,tests/testserver,17
online_blind_validation/T5_requests_tls_seed04/homogeneous,T5_online_seed04_homogeneous_G3_agent03,3,source_family,README.md,1
online_blind_validation/T5_requests_tls_seed04/homogeneous,T5_online_seed04_homogeneous_G3_agent03,3,source_family,docs/community,7
online_blind_validation/T5_requests_tls_seed04/homogeneous,T5_online_seed04_homogeneous_G3_agent03,3,source_family,docs/user,47
online_blind_validation/T5_requests_tls_seed04/homogeneous,T5_online_seed04_homogeneous_G3_agent03,3,source_family,src/requests,151
online_blind_validation/T5_requests_tls_seed04/homogeneous,T5_online_seed04_homogeneous_G3_agent03,3,source_family,tests/certs,5
online_blind_validation/T5_requests_tls_seed04/homogeneous,T5_online_seed04_homogeneous_G3_agent03,3,source_family,tests/conftest.py,10
online_blind_validation/T5_requests_tls_seed04/homogeneous,T5_online_seed04_homogeneous_G3_agent03,3,source_family,tests/test_requests.py,35
online_blind_validation/T5_requests_tls_seed04/homogeneous,T5_online_seed04_homogeneous_G3_agent03,3,source_family,tests/testserver,18
online_blind_validation/T5_requests_tls_seed04/prompt_diverse,T5_online_seed04_prompt_diverse_G3_agent01,1,source_family,README.md,0
online_blind_validation/T5_requests_tls_seed04/prompt_diverse,T5_online_seed04_prompt_diverse_G3_agent01,1,source_family,docs/community,0
online_blind_validation/T5_requests_tls_seed04/prompt_diverse,T5_online_seed04_prompt_diverse_G3_agent01,1,source_family,docs/user,53
online_blind_validation/T5_requests_tls_seed04/prompt_diverse,T5_online_seed04_prompt_diverse_G3_agent01,1,source_family,src/requests,145
online_blind_validation/T5_requests_tls_seed04/prompt_diverse,T5_online_seed04_prompt_diverse_G3_agent01,1,source_family,tests/certs,5
online_blind_validation/T5_requests_tls_seed04/prompt_diverse,T5_online_seed04_prompt_diverse_G3_agent01,1,source_family,tests/conftest.py,6
online_blind_validation/T5_requests_tls_seed04/prompt_diverse,T5_online_seed04_prompt_diverse_G3_agent01,1,source_family,tests/test_requests.py,30
online_blind_validation/T5_requests_tls_seed04/prompt_diverse,T5_online_seed04_prompt_diverse_G3_agent01,1,source_family,tests/testserver,16
online_blind_validation/T5_requests_tls_seed04/prompt_diverse,T5_online_seed04_prompt_diverse_G3_agent02,2,source_family,README.md,1
online_blind_validation/T5_requests_tls_seed04/prompt_diverse,T5_online_seed04_prompt_diverse_G3_agent02,2,source_family,docs/community,11
online_blind_validation/T5_requests_tls_seed04/prompt_diverse,T5_online_seed04_prompt_diverse_G3_agent02,2,source_family,docs/user,48
online_blind_validation/T5_requests_tls_seed04/prompt_diverse,T5_online_seed04_prompt_diverse_G3_agent02,2,source_family,src/requests,128
online_blind_validation/T5_requests_tls_seed04/prompt_diverse,T5_online_seed04_prompt_diverse_G3_agent02,2,source_family,tests/certs,6
online_blind_validation/T5_requests_tls_seed04/prompt_diverse,T5_online_seed04_prompt_diverse_G3_agent02,2,source_family,tests/conftest.py,10
online_blind_validation/T5_requests_tls_seed04/prompt_diverse,T5_online_seed04_prompt_diverse_G3_agent02,2,source_family,tests/test_requests.py,41
online_blind_validation/T5_requests_tls_seed04/prompt_diverse,T5_online_seed04_prompt_diverse_G3_agent02,2,source_family,tests/testserver,17
online_blind_validation/T5_requests_tls_seed04/prompt_diverse,T5_online_seed04_prompt_diverse_G3_agent03,3,source_family,README.md,1
online_blind_validation/T5_requests_tls_seed04/prompt_diverse,T5_online_seed04_prompt_diverse_G3_agent03,3,source_family,docs/community,12
online_blind_validation/T5_requests_tls_seed04/prompt_diverse,T5_online_seed04_prompt_diverse_G3_agent03,3,source_family,docs/user,54
online_blind_validation/T5_requests_tls_seed04/prompt_diverse,T5_online_seed04_prompt_diverse_G3_agent03,3,source_family,src/requests,150
online_blind_validation/T5_requests_tls_seed04/prompt_diverse,T5_online_seed04_prompt_diverse_G3_agent03,3,source_family,tests/certs,5
online_blind_validation/T5_requests_tls_seed04/prompt_diverse,T5_online_seed04_prompt_diverse_G3_agent03,3,source_family,tests/conftest.py,10
online_blind_validation/T5_requests_tls_seed04/prompt_diverse,T5_online_seed04_prompt_diverse_G3_agent03,3,source_family,tests/test_requests.py,28
online_blind_validation/T5_requests_tls_seed04/prompt_diverse,T5_online_seed04_prompt_diverse_G3_agent03,3,source_family,tests/testserver,17
online_blind_validation/T5_requests_tls_seed04/source_partitioned,T5_online_seed04_source_partitioned_G3_agent01,1,source_family,README.md,0
online_blind_validation/T5_requests_tls_seed04/source_partitioned,T5_online_seed04_source_partitioned_G3_agent01,1,source_family,docs/community,0
online_blind_validation/T5_requests_tls_seed04/source_partitioned,T5_online_seed04_source_partitioned_G3_agent01,1,source_family,docs/user,0
online_blind_validation/T5_requests_tls_seed04/source_partitioned,T5_online_seed04_source_partitioned_G3_agent01,1,source_family,src/requests,162
online_blind_validation/T5_requests_tls_seed04/source_partitioned,T5_online_seed04_source_partitioned_G3_agent01,1,source_family,tests/certs,0
online_blind_validation/T5_requests_tls_seed04/source_partitioned,T5_online_seed04_source_partitioned_G3_agent01,1,source_family,tests/conftest.py,0
online_blind_validation/T5_requests_tls_seed04/source_partitioned,T5_online_seed04_source_partitioned_G3_agent01,1,source_family,tests/test_requests.py,0
online_blind_validation/T5_requests_tls_seed04/source_partitioned,T5_online_seed04_source_partitioned_G3_agent01,1,source_family,tests/testserver,0
online_blind_validation/T5_requests_tls_seed04/source_partitioned,T5_online_seed04_source_partitioned_G3_agent02,2,source_family,README.md,0
online_blind_validation/T5_requests_tls_seed04/source_partitioned,T5_online_seed04_source_partitioned_G3_agent02,2,source_family,docs/community,0
online_blind_validation/T5_requests_tls_seed04/source_partitioned,T5_online_seed04_source_partitioned_G3_agent02,2,source_family,docs/user,0
online_blind_validation/T5_requests_tls_seed04/source_partitioned,T5_online_seed04_source_partitioned_G3_agent02,2,source_family,src/requests,0
online_blind_validation/T5_requests_tls_seed04/source_partitioned,T5_online_seed04_source_partitioned_G3_agent02,2,source_family,tests/certs,5
online_blind_validation/T5_requests_tls_seed04/source_partitioned,T5_online_seed04_source_partitioned_G3_agent02,2,source_family,tests/conftest.py,12
online_blind_validation/T5_requests_tls_seed04/source_partitioned,T5_online_seed04_source_partitioned_G3_agent02,2,source_family,tests/test_requests.py,40
online_blind_validation/T5_requests_tls_seed04/source_partitioned,T5_online_seed04_source_partitioned_G3_agent02,2,source_family,tests/testserver,17
online_blind_validation/T5_requests_tls_seed04/source_partitioned,T5_online_seed04_source_partitioned_G3_agent03,3,source_family,README.md,1
online_blind_validation/T5_requests_tls_seed04/source_partitioned,T5_online_seed04_source_partitioned_G3_agent03,3,source_family,docs/community,12
online_blind_validation/T5_requests_tls_seed04/source_partitioned,T5_online_seed04_source_partitioned_G3_agent03,3,source_family,docs/user,53
online_blind_validation/T5_requests_tls_seed04/source_partitioned,T5_online_seed04_source_partitioned_G3_agent03,3,source_family,src/requests,0
online_blind_validation/T5_requests_tls_seed04/source_partitioned,T5_online_seed04_source_partitioned_G3_agent03,3,source_family,tests/certs,0
online_blind_validation/T5_requests_tls_seed04/source_partitioned,T5_online_seed04_source_partitioned_G3_agent03,3,source_family,tests/conftest.py,0
online_blind_validation/T5_requests_tls_seed04/source_partitioned,T5_online_seed04_source_partitioned_G3_agent03,3,source_family,tests/test_requests.py,0
online_blind_validation/T5_requests_tls_seed04/source_partitioned,T5_online_seed04_source_partitioned_G3_agent03,3,source_family,tests/testserver,0
online_external_itsdangerous_staged_controller/seed04/homogeneous,T6_itsdangerous_seed04_homogeneous_G3_agent01,1,source_family,CHANGES.rst,14
online_external_itsdangerous_staged_controller/seed04/homogeneous,T6_itsdangerous_seed04_homogeneous_G3_agent01,1,source_family,README.md,2
online_external_itsdangerous_staged_controller/seed04/homogeneous,T6_itsdangerous_seed04_homogeneous_G3_agent01,1,source_family,docs/exceptions.rst,2
online_external_itsdangerous_staged_controller/seed04/homogeneous,T6_itsdangerous_seed04_homogeneous_G3_agent01,1,source_family,docs/timed.rst,11
online_external_itsdangerous_staged_controller/seed04/homogeneous,T6_itsdangerous_seed04_homogeneous_G3_agent01,1,source_family,docs/url_safe.rst,1
online_external_itsdangerous_staged_controller/seed04/homogeneous,T6_itsdangerous_seed04_homogeneous_G3_agent01,1,source_family,src/itsdangerous,106
online_external_itsdangerous_staged_controller/seed04/homogeneous,T6_itsdangerous_seed04_homogeneous_G3_agent01,1,source_family,tests/test_itsdangerous,51
online_external_itsdangerous_staged_controller/seed04/homogeneous,T6_itsdangerous_seed04_homogeneous_G3_agent02,2,source_family,CHANGES.rst,16
online_external_itsdangerous_staged_controller/seed04/homogeneous,T6_itsdangerous_seed04_homogeneous_G3_agent02,2,source_family,README.md,2
online_external_itsdangerous_staged_controller/seed04/homogeneous,T6_itsdangerous_seed04_homogeneous_G3_agent02,2,source_family,docs/exceptions.rst,2
online_external_itsdangerous_staged_controller/seed04/homogeneous,T6_itsdangerous_seed04_homogeneous_G3_agent02,2,source_family,docs/timed.rst,11
online_external_itsdangerous_staged_controller/seed04/homogeneous,T6_itsdangerous_seed04_homogeneous_G3_agent02,2,source_family,docs/url_safe.rst,1
online_external_itsdangerous_staged_controller/seed04/homogeneous,T6_itsdangerous_seed04_homogeneous_G3_agent02,2,source_family,src/itsdangerous,95
online_external_itsdangerous_staged_controller/seed04/homogeneous,T6_itsdangerous_seed04_homogeneous_G3_agent02,2,source_family,tests/test_itsdangerous,52
online_external_itsdangerous_staged_controller/seed04/homogeneous,T6_itsdangerous_seed04_homogeneous_G3_agent03,3,source_family,CHANGES.rst,17
online_external_itsdangerous_staged_controller/seed04/homogeneous,T6_itsdangerous_seed04_homogeneous_G3_agent03,3,source_family,README.md,2
online_external_itsdangerous_staged_controller/seed04/homogeneous,T6_itsdangerous_seed04_homogeneous_G3_agent03,3,source_family,docs/exceptions.rst,2
online_external_itsdangerous_staged_controller/seed04/homogeneous,T6_itsdangerous_seed04_homogeneous_G3_agent03,3,source_family,docs/timed.rst,11
online_external_itsdangerous_staged_controller/seed04/homogeneous,T6_itsdangerous_seed04_homogeneous_G3_agent03,3,source_family,docs/url_safe.rst,1
online_external_itsdangerous_staged_controller/seed04/homogeneous,T6_itsdangerous_seed04_homogeneous_G3_agent03,3,source_family,src/itsdangerous,113
online_external_itsdangerous_staged_controller/seed04/homogeneous,T6_itsdangerous_seed04_homogeneous_G3_agent03,3,source_family,tests/test_itsdangerous,59
online_external_itsdangerous_staged_controller/seed04/independent_context,T6_itsdangerous_seed04_independent_context_G3_agent01,1,source_family,CHANGES.rst,0
online_external_itsdangerous_staged_controller/seed04/independent_context,T6_itsdangerous_seed04_independent_context_G3_agent01,1,source_family,README.md,0
online_external_itsdangerous_staged_controller/seed04/independent_context,T6_itsdangerous_seed04_independent_context_G3_agent01,1,source_family,docs/exceptions.rst,0
online_external_itsdangerous_staged_controller/seed04/independent_context,T6_itsdangerous_seed04_independent_context_G3_agent01,1,source_family,docs/timed.rst,0
online_external_itsdangerous_staged_controller/seed04/independent_context,T6_itsdangerous_seed04_independent_context_G3_agent01,1,source_family,docs/url_safe.rst,0
online_external_itsdangerous_staged_controller/seed04/independent_context,T6_itsdangerous_seed04_independent_context_G3_agent01,1,source_family,src/itsdangerous,100
online_external_itsdangerous_staged_controller/seed04/independent_context,T6_itsdangerous_seed04_independent_context_G3_agent01,1,source_family,tests/test_itsdangerous,48
online_external_itsdangerous_staged_controller/seed04/independent_context,T6_itsdangerous_seed04_independent_context_G3_agent02,2,source_family,CHANGES.rst,14
online_external_itsdangerous_staged_controller/seed04/independent_context,T6_itsdangerous_seed04_independent_context_G3_agent02,2,source_family,README.md,2
online_external_itsdangerous_staged_controller/seed04/independent_context,T6_itsdangerous_seed04_independent_context_G3_agent02,2,source_family,docs/exceptions.rst,2
online_external_itsdangerous_staged_controller/seed04/independent_context,T6_itsdangerous_seed04_independent_context_G3_agent02,2,source_family,docs/timed.rst,11
online_external_itsdangerous_staged_controller/seed04/independent_context,T6_itsdangerous_seed04_independent_context_G3_agent02,2,source_family,docs/url_safe.rst,1
online_external_itsdangerous_staged_controller/seed04/independent_context,T6_itsdangerous_seed04_independent_context_G3_agent02,2,source_family,src/itsdangerous,0
online_external_itsdangerous_staged_controller/seed04/independent_context,T6_itsdangerous_seed04_independent_context_G3_agent02,2,source_family,tests/test_itsdangerous,51
online_external_itsdangerous_staged_controller/seed04/independent_context,T6_itsdangerous_seed04_independent_context_G3_agent03,3,source_family,CHANGES.rst,13
online_external_itsdangerous_staged_controller/seed04/independent_context,T6_itsdangerous_seed04_independent_context_G3_agent03,3,source_family,README.md,2
online_external_itsdangerous_staged_controller/seed04/independent_context,T6_itsdangerous_seed04_independent_context_G3_agent03,3,source_family,docs/exceptions.rst,2
online_external_itsdangerous_staged_controller/seed04/independent_context,T6_itsdangerous_seed04_independent_context_G3_agent03,3,source_family,docs/timed.rst,11
online_external_itsdangerous_staged_controller/seed04/independent_context,T6_itsdangerous_seed04_independent_context_G3_agent03,3,source_family,docs/url_safe.rst,1
online_external_itsdangerous_staged_controller/seed04/independent_context,T6_itsdangerous_seed04_independent_context_G3_agent03,3,source_family,src/itsdangerous,94
online_external_itsdangerous_staged_controller/seed04/independent_context,T6_itsdangerous_seed04_independent_context_G3_agent03,3,source_family,tests/test_itsdangerous,0
online_external_itsdangerous_staged_controller/seed04/source_partitioned,T6_itsdangerous_seed04_source_partitioned_G3_agent01,1,source_family,CHANGES.rst,0
online_external_itsdangerous_staged_controller/seed04/source_partitioned,T6_itsdangerous_seed04_source_partitioned_G3_agent01,1,source_family,README.md,0
online_external_itsdangerous_staged_controller/seed04/source_partitioned,T6_itsdangerous_seed04_source_partitioned_G3_agent01,1,source_family,docs/exceptions.rst,0
online_external_itsdangerous_staged_controller/seed04/source_partitioned,T6_itsdangerous_seed04_source_partitioned_G3_agent01,1,source_family,docs/timed.rst,0
online_external_itsdangerous_staged_controller/seed04/source_partitioned,T6_itsdangerous_seed04_source_partitioned_G3_agent01,1,source_family,docs/url_safe.rst,0
online_external_itsdangerous_staged_controller/seed04/source_partitioned,T6_itsdangerous_seed04_source_partitioned_G3_agent01,1,source_family,src/itsdangerous,100
online_external_itsdangerous_staged_controller/seed04/source_partitioned,T6_itsdangerous_seed04_source_partitioned_G3_agent01,1,source_family,tests/test_itsdangerous,0
online_external_itsdangerous_staged_controller/seed04/source_partitioned,T6_itsdangerous_seed04_source_partitioned_G3_agent02,2,source_family,CHANGES.rst,0
online_external_itsdangerous_staged_controller/seed04/source_partitioned,T6_itsdangerous_seed04_source_partitioned_G3_agent02,2,source_family,README.md,0
online_external_itsdangerous_staged_controller/seed04/source_partitioned,T6_itsdangerous_seed04_source_partitioned_G3_agent02,2,source_family,docs/exceptions.rst,0
online_external_itsdangerous_staged_controller/seed04/source_partitioned,T6_itsdangerous_seed04_source_partitioned_G3_agent02,2,source_family,docs/timed.rst,0
online_external_itsdangerous_staged_controller/seed04/source_partitioned,T6_itsdangerous_seed04_source_partitioned_G3_agent02,2,source_family,docs/url_safe.rst,0
online_external_itsdangerous_staged_controller/seed04/source_partitioned,T6_itsdangerous_seed04_source_partitioned_G3_agent02,2,source_family,src/itsdangerous,0
online_external_itsdangerous_staged_controller/seed04/source_partitioned,T6_itsdangerous_seed04_source_partitioned_G3_agent02,2,source_family,tests/test_itsdangerous,52
online_external_itsdangerous_staged_controller/seed04/source_partitioned,T6_itsdangerous_seed04_source_partitioned_G3_agent03,3,source_family,CHANGES.rst,17
online_external_itsdangerous_staged_controller/seed04/source_partitioned,T6_itsdangerous_seed04_source_partitioned_G3_agent03,3,source_family,README.md,2
online_external_itsdangerous_staged_controller/seed04/source_partitioned,T6_itsdangerous_seed04_source_partitioned_G3_agent03,3,source_family,docs/exceptions.rst,2
online_external_itsdangerous_staged_controller/seed04/source_partitioned,T6_itsdangerous_seed04_source_partitioned_G3_agent03,3,source_family,docs/timed.rst,12
online_external_itsdangerous_staged_controller/seed04/source_partitioned,T6_itsdangerous_seed04_source_partitioned_G3_agent03,3,source_family,docs/url_safe.rst,1
online_external_itsdangerous_staged_controller/seed04/source_partitioned,T6_itsdangerous_seed04_source_partitioned_G3_agent03,3,source_family,src/itsdangerous,0
online_external_itsdangerous_staged_controller/seed04/source_partitioned,T6_itsdangerous_seed04_source_partitioned_G3_agent03,3,source_family,tests/test_itsdangerous,0
online_external_itsdangerous_staged_controller/seed05/homogeneous,T6_itsdangerous_seed05_homogeneous_G3_agent01,1,source_family,CHANGES.rst,14
online_external_itsdangerous_staged_controller/seed05/homogeneous,T6_itsdangerous_seed05_homogeneous_G3_agent01,1,source_family,README.md,2
online_external_itsdangerous_staged_controller/seed05/homogeneous,T6_itsdangerous_seed05_homogeneous_G3_agent01,1,source_family,docs/exceptions.rst,2
online_external_itsdangerous_staged_controller/seed05/homogeneous,T6_itsdangerous_seed05_homogeneous_G3_agent01,1,source_family,docs/timed.rst,11
online_external_itsdangerous_staged_controller/seed05/homogeneous,T6_itsdangerous_seed05_homogeneous_G3_agent01,1,source_family,docs/url_safe.rst,1
online_external_itsdangerous_staged_controller/seed05/homogeneous,T6_itsdangerous_seed05_homogeneous_G3_agent01,1,source_family,src/itsdangerous,98
online_external_itsdangerous_staged_controller/seed05/homogeneous,T6_itsdangerous_seed05_homogeneous_G3_agent01,1,source_family,tests/test_itsdangerous,48
online_external_itsdangerous_staged_controller/seed05/homogeneous,T6_itsdangerous_seed05_homogeneous_G3_agent02,2,source_family,CHANGES.rst,13
online_external_itsdangerous_staged_controller/seed05/homogeneous,T6_itsdangerous_seed05_homogeneous_G3_agent02,2,source_family,README.md,2
online_external_itsdangerous_staged_controller/seed05/homogeneous,T6_itsdangerous_seed05_homogeneous_G3_agent02,2,source_family,docs/exceptions.rst,2
online_external_itsdangerous_staged_controller/seed05/homogeneous,T6_itsdangerous_seed05_homogeneous_G3_agent02,2,source_family,docs/timed.rst,11
online_external_itsdangerous_staged_controller/seed05/homogeneous,T6_itsdangerous_seed05_homogeneous_G3_agent02,2,source_family,docs/url_safe.rst,1
online_external_itsdangerous_staged_controller/seed05/homogeneous,T6_itsdangerous_seed05_homogeneous_G3_agent02,2,source_family,src/itsdangerous,110
online_external_itsdangerous_staged_controller/seed05/homogeneous,T6_itsdangerous_seed05_homogeneous_G3_agent02,2,source_family,tests/test_itsdangerous,54
online_external_itsdangerous_staged_controller/seed05/homogeneous,T6_itsdangerous_seed05_homogeneous_G3_agent03,3,source_family,CHANGES.rst,14
online_external_itsdangerous_staged_controller/seed05/homogeneous,T6_itsdangerous_seed05_homogeneous_G3_agent03,3,source_family,README.md,2
online_external_itsdangerous_staged_controller/seed05/homogeneous,T6_itsdangerous_seed05_homogeneous_G3_agent03,3,source_family,docs/exceptions.rst,2
online_external_itsdangerous_staged_controller/seed05/homogeneous,T6_itsdangerous_seed05_homogeneous_G3_agent03,3,source_family,docs/timed.rst,11
online_external_itsdangerous_staged_controller/seed05/homogeneous,T6_itsdangerous_seed05_homogeneous_G3_agent03,3,source_family,docs/url_safe.rst,1
online_external_itsdangerous_staged_controller/seed05/homogeneous,T6_itsdangerous_seed05_homogeneous_G3_agent03,3,source_family,src/itsdangerous,112
online_external_itsdangerous_staged_controller/seed05/homogeneous,T6_itsdangerous_seed05_homogeneous_G3_agent03,3,source_family,tests/test_itsdangerous,53
online_external_itsdangerous_staged_controller/seed05/independent_context,T6_itsdangerous_seed05_independent_context_G3_agent01,1,source_family,CHANGES.rst,0
online_external_itsdangerous_staged_controller/seed05/independent_context,T6_itsdangerous_seed05_independent_context_G3_agent01,1,source_family,README.md,0
online_external_itsdangerous_staged_controller/seed05/independent_context,T6_itsdangerous_seed05_independent_context_G3_agent01,1,source_family,docs/exceptions.rst,0
online_external_itsdangerous_staged_controller/seed05/independent_context,T6_itsdangerous_seed05_independent_context_G3_agent01,1,source_family,docs/timed.rst,0
online_external_itsdangerous_staged_controller/seed05/independent_context,T6_itsdangerous_seed05_independent_context_G3_agent01,1,source_family,docs/url_safe.rst,0
online_external_itsdangerous_staged_controller/seed05/independent_context,T6_itsdangerous_seed05_independent_context_G3_agent01,1,source_family,src/itsdangerous,110
online_external_itsdangerous_staged_controller/seed05/independent_context,T6_itsdangerous_seed05_independent_context_G3_agent01,1,source_family,tests/test_itsdangerous,52
online_external_itsdangerous_staged_controller/seed05/independent_context,T6_itsdangerous_seed05_independent_context_G3_agent02,2,source_family,CHANGES.rst,15
online_external_itsdangerous_staged_controller/seed05/independent_context,T6_itsdangerous_seed05_independent_context_G3_agent02,2,source_family,README.md,2
online_external_itsdangerous_staged_controller/seed05/independent_context,T6_itsdangerous_seed05_independent_context_G3_agent02,2,source_family,docs/exceptions.rst,2
online_external_itsdangerous_staged_controller/seed05/independent_context,T6_itsdangerous_seed05_independent_context_G3_agent02,2,source_family,docs/timed.rst,12
online_external_itsdangerous_staged_controller/seed05/independent_context,T6_itsdangerous_seed05_independent_context_G3_agent02,2,source_family,docs/url_safe.rst,1
online_external_itsdangerous_staged_controller/seed05/independent_context,T6_itsdangerous_seed05_independent_context_G3_agent02,2,source_family,src/itsdangerous,0
online_external_itsdangerous_staged_controller/seed05/independent_context,T6_itsdangerous_seed05_independent_context_G3_agent02,2,source_family,tests/test_itsdangerous,53
online_external_itsdangerous_staged_controller/seed05/independent_context,T6_itsdangerous_seed05_independent_context_G3_agent03,3,source_family,CHANGES.rst,17
online_external_itsdangerous_staged_controller/seed05/independent_context,T6_itsdangerous_seed05_independent_context_G3_agent03,3,source_family,README.md,2
online_external_itsdangerous_staged_controller/seed05/independent_context,T6_itsdangerous_seed05_independent_context_G3_agent03,3,source_family,docs/exceptions.rst,2
online_external_itsdangerous_staged_controller/seed05/independent_context,T6_itsdangerous_seed05_independent_context_G3_agent03,3,source_family,docs/timed.rst,11
online_external_itsdangerous_staged_controller/seed05/independent_context,T6_itsdangerous_seed05_independent_context_G3_agent03,3,source_family,docs/url_safe.rst,1
online_external_itsdangerous_staged_controller/seed05/independent_context,T6_itsdangerous_seed05_independent_context_G3_agent03,3,source_family,src/itsdangerous,105
online_external_itsdangerous_staged_controller/seed05/independent_context,T6_itsdangerous_seed05_independent_context_G3_agent03,3,source_family,tests/test_itsdangerous,0
online_external_itsdangerous_staged_controller/seed05/source_partitioned,T6_itsdangerous_seed05_source_partitioned_G3_agent01,1,source_family,CHANGES.rst,0
online_external_itsdangerous_staged_controller/seed05/source_partitioned,T6_itsdangerous_seed05_source_partitioned_G3_agent01,1,source_family,README.md,0
online_external_itsdangerous_staged_controller/seed05/source_partitioned,T6_itsdangerous_seed05_source_partitioned_G3_agent01,1,source_family,docs/exceptions.rst,0
online_external_itsdangerous_staged_controller/seed05/source_partitioned,T6_itsdangerous_seed05_source_partitioned_G3_agent01,1,source_family,docs/timed.rst,0
online_external_itsdangerous_staged_controller/seed05/source_partitioned,T6_itsdangerous_seed05_source_partitioned_G3_agent01,1,source_family,docs/url_safe.rst,0
online_external_itsdangerous_staged_controller/seed05/source_partitioned,T6_itsdangerous_seed05_source_partitioned_G3_agent01,1,source_family,src/itsdangerous,103
online_external_itsdangerous_staged_controller/seed05/source_partitioned,T6_itsdangerous_seed05_source_partitioned_G3_agent01,1,source_family,tests/test_itsdangerous,0
online_external_itsdangerous_staged_controller/seed05/source_partitioned,T6_itsdangerous_seed05_source_partitioned_G3_agent02,2,source_family,CHANGES.rst,0
online_external_itsdangerous_staged_controller/seed05/source_partitioned,T6_itsdangerous_seed05_source_partitioned_G3_agent02,2,source_family,README.md,0
online_external_itsdangerous_staged_controller/seed05/source_partitioned,T6_itsdangerous_seed05_source_partitioned_G3_agent02,2,source_family,docs/exceptions.rst,0
online_external_itsdangerous_staged_controller/seed05/source_partitioned,T6_itsdangerous_seed05_source_partitioned_G3_agent02,2,source_family,docs/timed.rst,0
online_external_itsdangerous_staged_controller/seed05/source_partitioned,T6_itsdangerous_seed05_source_partitioned_G3_agent02,2,source_family,docs/url_safe.rst,0
online_external_itsdangerous_staged_controller/seed05/source_partitioned,T6_itsdangerous_seed05_source_partitioned_G3_agent02,2,source_family,src/itsdangerous,0
online_external_itsdangerous_staged_controller/seed05/source_partitioned,T6_itsdangerous_seed05_source_partitioned_G3_agent02,2,source_family,tests/test_itsdangerous,52
online_external_itsdangerous_staged_controller/seed05/source_partitioned,T6_itsdangerous_seed05_source_partitioned_G3_agent03,3,source_family,CHANGES.rst,16
online_external_itsdangerous_staged_controller/seed05/source_partitioned,T6_itsdangerous_seed05_source_partitioned_G3_agent03,3,source_family,README.md,2
online_external_itsdangerous_staged_controller/seed05/source_partitioned,T6_itsdangerous_seed05_source_partitioned_G3_agent03,3,source_family,docs/exceptions.rst,2
online_external_itsdangerous_staged_controller/seed05/source_partitioned,T6_itsdangerous_seed05_source_partitioned_G3_agent03,3,source_family,docs/timed.rst,12
online_external_itsdangerous_staged_controller/seed05/source_partitioned,T6_itsdangerous_seed05_source_partitioned_G3_agent03,3,source_family,docs/url_safe.rst,1
online_external_itsdangerous_staged_controller/seed05/source_partitioned,T6_itsdangerous_seed05_source_partitioned_G3_agent03,3,source_family,src/itsdangerous,0
online_external_itsdangerous_staged_controller/seed05/source_partitioned,T6_itsdangerous_seed05_source_partitioned_G3_agent03,3,source_family,tests/test_itsdangerous,0
online_external_itsdangerous_staged_controller/seed06/homogeneous,T6_itsdangerous_seed06_homogeneous_G3_agent01,1,source_family,CHANGES.rst,17
online_external_itsdangerous_staged_controller/seed06/homogeneous,T6_itsdangerous_seed06_homogeneous_G3_agent01,1,source_family,README.md,2
online_external_itsdangerous_staged_controller/seed06/homogeneous,T6_itsdangerous_seed06_homogeneous_G3_agent01,1,source_family,docs/exceptions.rst,2
online_external_itsdangerous_staged_controller/seed06/homogeneous,T6_itsdangerous_seed06_homogeneous_G3_agent01,1,source_family,docs/timed.rst,11
online_external_itsdangerous_staged_controller/seed06/homogeneous,T6_itsdangerous_seed06_homogeneous_G3_agent01,1,source_family,docs/url_safe.rst,1
online_external_itsdangerous_staged_controller/seed06/homogeneous,T6_itsdangerous_seed06_homogeneous_G3_agent01,1,source_family,src/itsdangerous,104
online_external_itsdangerous_staged_controller/seed06/homogeneous,T6_itsdangerous_seed06_homogeneous_G3_agent01,1,source_family,tests/test_itsdangerous,56
online_external_itsdangerous_staged_controller/seed06/homogeneous,T6_itsdangerous_seed06_homogeneous_G3_agent02,2,source_family,CHANGES.rst,12
online_external_itsdangerous_staged_controller/seed06/homogeneous,T6_itsdangerous_seed06_homogeneous_G3_agent02,2,source_family,README.md,2
online_external_itsdangerous_staged_controller/seed06/homogeneous,T6_itsdangerous_seed06_homogeneous_G3_agent02,2,source_family,docs/exceptions.rst,2
online_external_itsdangerous_staged_controller/seed06/homogeneous,T6_itsdangerous_seed06_homogeneous_G3_agent02,2,source_family,docs/timed.rst,11
online_external_itsdangerous_staged_controller/seed06/homogeneous,T6_itsdangerous_seed06_homogeneous_G3_agent02,2,source_family,docs/url_safe.rst,1
online_external_itsdangerous_staged_controller/seed06/homogeneous,T6_itsdangerous_seed06_homogeneous_G3_agent02,2,source_family,src/itsdangerous,98
online_external_itsdangerous_staged_controller/seed06/homogeneous,T6_itsdangerous_seed06_homogeneous_G3_agent02,2,source_family,tests/test_itsdangerous,52
online_external_itsdangerous_staged_controller/seed06/homogeneous,T6_itsdangerous_seed06_homogeneous_G3_agent03,3,source_family,CHANGES.rst,13
online_external_itsdangerous_staged_controller/seed06/homogeneous,T6_itsdangerous_seed06_homogeneous_G3_agent03,3,source_family,README.md,2
online_external_itsdangerous_staged_controller/seed06/homogeneous,T6_itsdangerous_seed06_homogeneous_G3_agent03,3,source_family,docs/exceptions.rst,2
online_external_itsdangerous_staged_controller/seed06/homogeneous,T6_itsdangerous_seed06_homogeneous_G3_agent03,3,source_family,docs/timed.rst,11
online_external_itsdangerous_staged_controller/seed06/homogeneous,T6_itsdangerous_seed06_homogeneous_G3_agent03,3,source_family,docs/url_safe.rst,1
online_external_itsdangerous_staged_controller/seed06/homogeneous,T6_itsdangerous_seed06_homogeneous_G3_agent03,3,source_family,src/itsdangerous,105
online_external_itsdangerous_staged_controller/seed06/homogeneous,T6_itsdangerous_seed06_homogeneous_G3_agent03,3,source_family,tests/test_itsdangerous,52
online_external_itsdangerous_staged_controller/seed06/independent_context,T6_itsdangerous_seed06_independent_context_G3_agent01,1,source_family,CHANGES.rst,0
online_external_itsdangerous_staged_controller/seed06/independent_context,T6_itsdangerous_seed06_independent_context_G3_agent01,1,source_family,README.md,0
online_external_itsdangerous_staged_controller/seed06/independent_context,T6_itsdangerous_seed06_independent_context_G3_agent01,1,source_family,docs/exceptions.rst,0
online_external_itsdangerous_staged_controller/seed06/independent_context,T6_itsdangerous_seed06_independent_context_G3_agent01,1,source_family,docs/timed.rst,0
online_external_itsdangerous_staged_controller/seed06/independent_context,T6_itsdangerous_seed06_independent_context_G3_agent01,1,source_family,docs/url_safe.rst,0
online_external_itsdangerous_staged_controller/seed06/independent_context,T6_itsdangerous_seed06_independent_context_G3_agent01,1,source_family,src/itsdangerous,106
online_external_itsdangerous_staged_controller/seed06/independent_context,T6_itsdangerous_seed06_independent_context_G3_agent01,1,source_family,tests/test_itsdangerous,53
online_external_itsdangerous_staged_controller/seed06/independent_context,T6_itsdangerous_seed06_independent_context_G3_agent02,2,source_family,CHANGES.rst,15
online_external_itsdangerous_staged_controller/seed06/independent_context,T6_itsdangerous_seed06_independent_context_G3_agent02,2,source_family,README.md,2
online_external_itsdangerous_staged_controller/seed06/independent_context,T6_itsdangerous_seed06_independent_context_G3_agent02,2,source_family,docs/exceptions.rst,2
online_external_itsdangerous_staged_controller/seed06/independent_context,T6_itsdangerous_seed06_independent_context_G3_agent02,2,source_family,docs/timed.rst,12
online_external_itsdangerous_staged_controller/seed06/independent_context,T6_itsdangerous_seed06_independent_context_G3_agent02,2,source_family,docs/url_safe.rst,1
online_external_itsdangerous_staged_controller/seed06/independent_context,T6_itsdangerous_seed06_independent_context_G3_agent02,2,source_family,src/itsdangerous,0
online_external_itsdangerous_staged_controller/seed06/independent_context,T6_itsdangerous_seed06_independent_context_G3_agent02,2,source_family,tests/test_itsdangerous,52
online_external_itsdangerous_staged_controller/seed06/independent_context,T6_itsdangerous_seed06_independent_context_G3_agent03,3,source_family,CHANGES.rst,13
online_external_itsdangerous_staged_controller/seed06/independent_context,T6_itsdangerous_seed06_independent_context_G3_agent03,3,source_family,README.md,2
online_external_itsdangerous_staged_controller/seed06/independent_context,T6_itsdangerous_seed06_independent_context_G3_agent03,3,source_family,docs/exceptions.rst,2
online_external_itsdangerous_staged_controller/seed06/independent_context,T6_itsdangerous_seed06_independent_context_G3_agent03,3,source_family,docs/timed.rst,11
online_external_itsdangerous_staged_controller/seed06/independent_context,T6_itsdangerous_seed06_independent_context_G3_agent03,3,source_family,docs/url_safe.rst,1
online_external_itsdangerous_staged_controller/seed06/independent_context,T6_itsdangerous_seed06_independent_context_G3_agent03,3,source_family,src/itsdangerous,106
online_external_itsdangerous_staged_controller/seed06/independent_context,T6_itsdangerous_seed06_independent_context_G3_agent03,3,source_family,tests/test_itsdangerous,0
online_external_itsdangerous_staged_controller/seed06/source_partitioned,T6_itsdangerous_seed06_source_partitioned_G3_agent01,1,source_family,CHANGES.rst,0
online_external_itsdangerous_staged_controller/seed06/source_partitioned,T6_itsdangerous_seed06_source_partitioned_G3_agent01,1,source_family,README.md,0
online_external_itsdangerous_staged_controller/seed06/source_partitioned,T6_itsdangerous_seed06_source_partitioned_G3_agent01,1,source_family,docs/exceptions.rst,0
online_external_itsdangerous_staged_controller/seed06/source_partitioned,T6_itsdangerous_seed06_source_partitioned_G3_agent01,1,source_family,docs/timed.rst,0
online_external_itsdangerous_staged_controller/seed06/source_partitioned,T6_itsdangerous_seed06_source_partitioned_G3_agent01,1,source_family,docs/url_safe.rst,0
online_external_itsdangerous_staged_controller/seed06/source_partitioned,T6_itsdangerous_seed06_source_partitioned_G3_agent01,1,source_family,src/itsdangerous,91
online_external_itsdangerous_staged_controller/seed06/source_partitioned,T6_itsdangerous_seed06_source_partitioned_G3_agent01,1,source_family,tests/test_itsdangerous,0
online_external_itsdangerous_staged_controller/seed06/source_partitioned,T6_itsdangerous_seed06_source_partitioned_G3_agent02,2,source_family,CHANGES.rst,0
online_external_itsdangerous_staged_controller/seed06/source_partitioned,T6_itsdangerous_seed06_source_partitioned_G3_agent02,2,source_family,README.md,0
online_external_itsdangerous_staged_controller/seed06/source_partitioned,T6_itsdangerous_seed06_source_partitioned_G3_agent02,2,source_family,docs/exceptions.rst,0
online_external_itsdangerous_staged_controller/seed06/source_partitioned,T6_itsdangerous_seed06_source_partitioned_G3_agent02,2,source_family,docs/timed.rst,0
online_external_itsdangerous_staged_controller/seed06/source_partitioned,T6_itsdangerous_seed06_source_partitioned_G3_agent02,2,source_family,docs/url_safe.rst,0
online_external_itsdangerous_staged_controller/seed06/source_partitioned,T6_itsdangerous_seed06_source_partitioned_G3_agent02,2,source_family,src/itsdangerous,0
online_external_itsdangerous_staged_controller/seed06/source_partitioned,T6_itsdangerous_seed06_source_partitioned_G3_agent02,2,source_family,tests/test_itsdangerous,53
online_external_itsdangerous_staged_controller/seed06/source_partitioned,T6_itsdangerous_seed06_source_partitioned_G3_agent03,3,source_family,CHANGES.rst,15
online_external_itsdangerous_staged_controller/seed06/source_partitioned,T6_itsdangerous_seed06_source_partitioned_G3_agent03,3,source_family,README.md,2
online_external_itsdangerous_staged_controller/seed06/source_partitioned,T6_itsdangerous_seed06_source_partitioned_G3_agent03,3,source_family,docs/exceptions.rst,2
online_external_itsdangerous_staged_controller/seed06/source_partitioned,T6_itsdangerous_seed06_source_partitioned_G3_agent03,3,source_family,docs/timed.rst,11
online_external_itsdangerous_staged_controller/seed06/source_partitioned,T6_itsdangerous_seed06_source_partitioned_G3_agent03,3,source_family,docs/url_safe.rst,1
online_external_itsdangerous_staged_controller/seed06/source_partitioned,T6_itsdangerous_seed06_source_partitioned_G3_agent03,3,source_family,src/itsdangerous,0
online_external_itsdangerous_staged_controller/seed06/source_partitioned,T6_itsdangerous_seed06_source_partitioned_G3_agent03,3,source_family,tests/test_itsdangerous,0
online_heldout_click_staged_controller/seed04/homogeneous,T4_click_seed04_homogeneous_G3_agent01,1,source_family,CHANGES.md,28
online_heldout_click_staged_controller/seed04/homogeneous,T4_click_seed04_homogeneous_G3_agent01,1,source_family,docs/commands-and-groups.md,3
online_heldout_click_staged_controller/seed04/homogeneous,T4_click_seed04_homogeneous_G3_agent01,1,source_family,src/click,76
online_heldout_click_staged_controller/seed04/homogeneous,T4_click_seed04_homogeneous_G3_agent01,1,source_family,tests/test_arguments.py,29
online_heldout_click_staged_controller/seed04/homogeneous,T4_click_seed04_homogeneous_G3_agent01,1,source_family,tests/test_commands.py,18
online_heldout_click_staged_controller/seed04/homogeneous,T4_click_seed04_homogeneous_G3_agent01,1,source_family,tests/test_options.py,25
online_heldout_click_staged_controller/seed04/homogeneous,T4_click_seed04_homogeneous_G3_agent02,2,source_family,CHANGES.md,30
online_heldout_click_staged_controller/seed04/homogeneous,T4_click_seed04_homogeneous_G3_agent02,2,source_family,docs/commands-and-groups.md,3
online_heldout_click_staged_controller/seed04/homogeneous,T4_click_seed04_homogeneous_G3_agent02,2,source_family,src/click,89
online_heldout_click_staged_controller/seed04/homogeneous,T4_click_seed04_homogeneous_G3_agent02,2,source_family,tests/test_arguments.py,32
online_heldout_click_staged_controller/seed04/homogeneous,T4_click_seed04_homogeneous_G3_agent02,2,source_family,tests/test_commands.py,24
online_heldout_click_staged_controller/seed04/homogeneous,T4_click_seed04_homogeneous_G3_agent02,2,source_family,tests/test_options.py,27
online_heldout_click_staged_controller/seed04/homogeneous,T4_click_seed04_homogeneous_G3_agent03,3,source_family,CHANGES.md,27
online_heldout_click_staged_controller/seed04/homogeneous,T4_click_seed04_homogeneous_G3_agent03,3,source_family,docs/commands-and-groups.md,3
online_heldout_click_staged_controller/seed04/homogeneous,T4_click_seed04_homogeneous_G3_agent03,3,source_family,src/click,67
online_heldout_click_staged_controller/seed04/homogeneous,T4_click_seed04_homogeneous_G3_agent03,3,source_family,tests/test_arguments.py,30
online_heldout_click_staged_controller/seed04/homogeneous,T4_click_seed04_homogeneous_G3_agent03,3,source_family,tests/test_commands.py,20
online_heldout_click_staged_controller/seed04/homogeneous,T4_click_seed04_homogeneous_G3_agent03,3,source_family,tests/test_options.py,24
online_heldout_click_staged_controller/seed04/independent_context,T4_click_seed04_independent_context_G3_agent01,1,source_family,CHANGES.md,0
online_heldout_click_staged_controller/seed04/independent_context,T4_click_seed04_independent_context_G3_agent01,1,source_family,docs/commands-and-groups.md,0
online_heldout_click_staged_controller/seed04/independent_context,T4_click_seed04_independent_context_G3_agent01,1,source_family,src/click,50
online_heldout_click_staged_controller/seed04/independent_context,T4_click_seed04_independent_context_G3_agent01,1,source_family,tests/test_arguments.py,26
online_heldout_click_staged_controller/seed04/independent_context,T4_click_seed04_independent_context_G3_agent01,1,source_family,tests/test_commands.py,16
online_heldout_click_staged_controller/seed04/independent_context,T4_click_seed04_independent_context_G3_agent01,1,source_family,tests/test_options.py,23
online_heldout_click_staged_controller/seed04/independent_context,T4_click_seed04_independent_context_G3_agent02,2,source_family,CHANGES.md,24
online_heldout_click_staged_controller/seed04/independent_context,T4_click_seed04_independent_context_G3_agent02,2,source_family,docs/commands-and-groups.md,3
online_heldout_click_staged_controller/seed04/independent_context,T4_click_seed04_independent_context_G3_agent02,2,source_family,src/click,0
online_heldout_click_staged_controller/seed04/independent_context,T4_click_seed04_independent_context_G3_agent02,2,source_family,tests/test_arguments.py,26
online_heldout_click_staged_controller/seed04/independent_context,T4_click_seed04_independent_context_G3_agent02,2,source_family,tests/test_commands.py,19
online_heldout_click_staged_controller/seed04/independent_context,T4_click_seed04_independent_context_G3_agent02,2,source_family,tests/test_options.py,22
online_heldout_click_staged_controller/seed04/independent_context,T4_click_seed04_independent_context_G3_agent03,3,source_family,CHANGES.md,28
online_heldout_click_staged_controller/seed04/independent_context,T4_click_seed04_independent_context_G3_agent03,3,source_family,docs/commands-and-groups.md,3
online_heldout_click_staged_controller/seed04/independent_context,T4_click_seed04_independent_context_G3_agent03,3,source_family,src/click,74
online_heldout_click_staged_controller/seed04/independent_context,T4_click_seed04_independent_context_G3_agent03,3,source_family,tests/test_arguments.py,0
online_heldout_click_staged_controller/seed04/independent_context,T4_click_seed04_independent_context_G3_agent03,3,source_family,tests/test_commands.py,0
online_heldout_click_staged_controller/seed04/independent_context,T4_click_seed04_independent_context_G3_agent03,3,source_family,tests/test_options.py,0
online_heldout_click_staged_controller/seed04/source_partitioned,T4_click_seed04_source_partitioned_G3_agent01,1,source_family,CHANGES.md,0
online_heldout_click_staged_controller/seed04/source_partitioned,T4_click_seed04_source_partitioned_G3_agent01,1,source_family,docs/commands-and-groups.md,0
online_heldout_click_staged_controller/seed04/source_partitioned,T4_click_seed04_source_partitioned_G3_agent01,1,source_family,src/click,70
online_heldout_click_staged_controller/seed04/source_partitioned,T4_click_seed04_source_partitioned_G3_agent01,1,source_family,tests/test_arguments.py,0
online_heldout_click_staged_controller/seed04/source_partitioned,T4_click_seed04_source_partitioned_G3_agent01,1,source_family,tests/test_commands.py,0
online_heldout_click_staged_controller/seed04/source_partitioned,T4_click_seed04_source_partitioned_G3_agent01,1,source_family,tests/test_options.py,0
online_heldout_click_staged_controller/seed04/source_partitioned,T4_click_seed04_source_partitioned_G3_agent02,2,source_family,CHANGES.md,0
online_heldout_click_staged_controller/seed04/source_partitioned,T4_click_seed04_source_partitioned_G3_agent02,2,source_family,docs/commands-and-groups.md,0
online_heldout_click_staged_controller/seed04/source_partitioned,T4_click_seed04_source_partitioned_G3_agent02,2,source_family,src/click,0
online_heldout_click_staged_controller/seed04/source_partitioned,T4_click_seed04_source_partitioned_G3_agent02,2,source_family,tests/test_arguments.py,30
online_heldout_click_staged_controller/seed04/source_partitioned,T4_click_seed04_source_partitioned_G3_agent02,2,source_family,tests/test_commands.py,20
online_heldout_click_staged_controller/seed04/source_partitioned,T4_click_seed04_source_partitioned_G3_agent02,2,source_family,tests/test_options.py,25
online_heldout_click_staged_controller/seed04/source_partitioned,T4_click_seed04_source_partitioned_G3_agent03,3,source_family,CHANGES.md,41
online_heldout_click_staged_controller/seed04/source_partitioned,T4_click_seed04_source_partitioned_G3_agent03,3,source_family,docs/commands-and-groups.md,3
online_heldout_click_staged_controller/seed04/source_partitioned,T4_click_seed04_source_partitioned_G3_agent03,3,source_family,src/click,0
online_heldout_click_staged_controller/seed04/source_partitioned,T4_click_seed04_source_partitioned_G3_agent03,3,source_family,tests/test_arguments.py,0
online_heldout_click_staged_controller/seed04/source_partitioned,T4_click_seed04_source_partitioned_G3_agent03,3,source_family,tests/test_commands.py,0
online_heldout_click_staged_controller/seed04/source_partitioned,T4_click_seed04_source_partitioned_G3_agent03,3,source_family,tests/test_options.py,0
online_heldout_click_staged_controller/seed05/homogeneous,T4_click_seed05_homogeneous_G3_agent01,1,source_family,CHANGES.md,30
online_heldout_click_staged_controller/seed05/homogeneous,T4_click_seed05_homogeneous_G3_agent01,1,source_family,docs/commands-and-groups.md,3
online_heldout_click_staged_controller/seed05/homogeneous,T4_click_seed05_homogeneous_G3_agent01,1,source_family,src/click,71
online_heldout_click_staged_controller/seed05/homogeneous,T4_click_seed05_homogeneous_G3_agent01,1,source_family,tests/test_arguments.py,30
online_heldout_click_staged_controller/seed05/homogeneous,T4_click_seed05_homogeneous_G3_agent01,1,source_family,tests/test_commands.py,22
online_heldout_click_staged_controller/seed05/homogeneous,T4_click_seed05_homogeneous_G3_agent01,1,source_family,tests/test_options.py,26
online_heldout_click_staged_controller/seed05/homogeneous,T4_click_seed05_homogeneous_G3_agent02,2,source_family,CHANGES.md,28
online_heldout_click_staged_controller/seed05/homogeneous,T4_click_seed05_homogeneous_G3_agent02,2,source_family,docs/commands-and-groups.md,3
online_heldout_click_staged_controller/seed05/homogeneous,T4_click_seed05_homogeneous_G3_agent02,2,source_family,src/click,75
online_heldout_click_staged_controller/seed05/homogeneous,T4_click_seed05_homogeneous_G3_agent02,2,source_family,tests/test_arguments.py,31
online_heldout_click_staged_controller/seed05/homogeneous,T4_click_seed05_homogeneous_G3_agent02,2,source_family,tests/test_commands.py,21
online_heldout_click_staged_controller/seed05/homogeneous,T4_click_seed05_homogeneous_G3_agent02,2,source_family,tests/test_options.py,28
online_heldout_click_staged_controller/seed05/homogeneous,T4_click_seed05_homogeneous_G3_agent03,3,source_family,CHANGES.md,27
online_heldout_click_staged_controller/seed05/homogeneous,T4_click_seed05_homogeneous_G3_agent03,3,source_family,docs/commands-and-groups.md,3
online_heldout_click_staged_controller/seed05/homogeneous,T4_click_seed05_homogeneous_G3_agent03,3,source_family,src/click,69
online_heldout_click_staged_controller/seed05/homogeneous,T4_click_seed05_homogeneous_G3_agent03,3,source_family,tests/test_arguments.py,32
online_heldout_click_staged_controller/seed05/homogeneous,T4_click_seed05_homogeneous_G3_agent03,3,source_family,tests/test_commands.py,19
online_heldout_click_staged_controller/seed05/homogeneous,T4_click_seed05_homogeneous_G3_agent03,3,source_family,tests/test_options.py,26
online_heldout_click_staged_controller/seed05/independent_context,T4_click_seed05_independent_context_G3_agent01,1,source_family,CHANGES.md,0
online_heldout_click_staged_controller/seed05/independent_context,T4_click_seed05_independent_context_G3_agent01,1,source_family,docs/commands-and-groups.md,0
online_heldout_click_staged_controller/seed05/independent_context,T4_click_seed05_independent_context_G3_agent01,1,source_family,src/click,70
online_heldout_click_staged_controller/seed05/independent_context,T4_click_seed05_independent_context_G3_agent01,1,source_family,tests/test_arguments.py,30
online_heldout_click_staged_controller/seed05/independent_context,T4_click_seed05_independent_context_G3_agent01,1,source_family,tests/test_commands.py,18
online_heldout_click_staged_controller/seed05/independent_context,T4_click_seed05_independent_context_G3_agent01,1,source_family,tests/test_options.py,26
online_heldout_click_staged_controller/seed05/independent_context,T4_click_seed05_independent_context_G3_agent02,2,source_family,CHANGES.md,30
online_heldout_click_staged_controller/seed05/independent_context,T4_click_seed05_independent_context_G3_agent02,2,source_family,docs/commands-and-groups.md,3
online_heldout_click_staged_controller/seed05/independent_context,T4_click_seed05_independent_context_G3_agent02,2,source_family,src/click,0
online_heldout_click_staged_controller/seed05/independent_context,T4_click_seed05_independent_context_G3_agent02,2,source_family,tests/test_arguments.py,29
online_heldout_click_staged_controller/seed05/independent_context,T4_click_seed05_independent_context_G3_agent02,2,source_family,tests/test_commands.py,17
online_heldout_click_staged_controller/seed05/independent_context,T4_click_seed05_independent_context_G3_agent02,2,source_family,tests/test_options.py,24
online_heldout_click_staged_controller/seed05/independent_context,T4_click_seed05_independent_context_G3_agent03,3,source_family,CHANGES.md,28
online_heldout_click_staged_controller/seed05/independent_context,T4_click_seed05_independent_context_G3_agent03,3,source_family,docs/commands-and-groups.md,3
online_heldout_click_staged_controller/seed05/independent_context,T4_click_seed05_independent_context_G3_agent03,3,source_family,src/click,79
online_heldout_click_staged_controller/seed05/independent_context,T4_click_seed05_independent_context_G3_agent03,3,source_family,tests/test_arguments.py,0
online_heldout_click_staged_controller/seed05/independent_context,T4_click_seed05_independent_context_G3_agent03,3,source_family,tests/test_commands.py,0
online_heldout_click_staged_controller/seed05/independent_context,T4_click_seed05_independent_context_G3_agent03,3,source_family,tests/test_options.py,0
online_heldout_click_staged_controller/seed05/source_partitioned,T4_click_seed05_source_partitioned_G3_agent01,1,source_family,CHANGES.md,0
online_heldout_click_staged_controller/seed05/source_partitioned,T4_click_seed05_source_partitioned_G3_agent01,1,source_family,docs/commands-and-groups.md,0
online_heldout_click_staged_controller/seed05/source_partitioned,T4_click_seed05_source_partitioned_G3_agent01,1,source_family,src/click,77
online_heldout_click_staged_controller/seed05/source_partitioned,T4_click_seed05_source_partitioned_G3_agent01,1,source_family,tests/test_arguments.py,0
online_heldout_click_staged_controller/seed05/source_partitioned,T4_click_seed05_source_partitioned_G3_agent01,1,source_family,tests/test_commands.py,0
online_heldout_click_staged_controller/seed05/source_partitioned,T4_click_seed05_source_partitioned_G3_agent01,1,source_family,tests/test_options.py,0
online_heldout_click_staged_controller/seed05/source_partitioned,T4_click_seed05_source_partitioned_G3_agent02,2,source_family,CHANGES.md,0
online_heldout_click_staged_controller/seed05/source_partitioned,T4_click_seed05_source_partitioned_G3_agent02,2,source_family,docs/commands-and-groups.md,0
online_heldout_click_staged_controller/seed05/source_partitioned,T4_click_seed05_source_partitioned_G3_agent02,2,source_family,src/click,0
online_heldout_click_staged_controller/seed05/source_partitioned,T4_click_seed05_source_partitioned_G3_agent02,2,source_family,tests/test_arguments.py,28
online_heldout_click_staged_controller/seed05/source_partitioned,T4_click_seed05_source_partitioned_G3_agent02,2,source_family,tests/test_commands.py,16
online_heldout_click_staged_controller/seed05/source_partitioned,T4_click_seed05_source_partitioned_G3_agent02,2,source_family,tests/test_options.py,23
online_heldout_click_staged_controller/seed05/source_partitioned,T4_click_seed05_source_partitioned_G3_agent03,3,source_family,CHANGES.md,27
online_heldout_click_staged_controller/seed05/source_partitioned,T4_click_seed05_source_partitioned_G3_agent03,3,source_family,docs/commands-and-groups.md,3
online_heldout_click_staged_controller/seed05/source_partitioned,T4_click_seed05_source_partitioned_G3_agent03,3,source_family,src/click,0
online_heldout_click_staged_controller/seed05/source_partitioned,T4_click_seed05_source_partitioned_G3_agent03,3,source_family,tests/test_arguments.py,0
online_heldout_click_staged_controller/seed05/source_partitioned,T4_click_seed05_source_partitioned_G3_agent03,3,source_family,tests/test_commands.py,0
online_heldout_click_staged_controller/seed05/source_partitioned,T4_click_seed05_source_partitioned_G3_agent03,3,source_family,tests/test_options.py,0
online_heldout_click_staged_controller/seed06/homogeneous,T4_click_seed06_homogeneous_G3_agent01,1,source_family,CHANGES.md,21
online_heldout_click_staged_controller/seed06/homogeneous,T4_click_seed06_homogeneous_G3_agent01,1,source_family,docs/commands-and-groups.md,3
online_heldout_click_staged_controller/seed06/homogeneous,T4_click_seed06_homogeneous_G3_agent01,1,source_family,src/click,79
online_heldout_click_staged_controller/seed06/homogeneous,T4_click_seed06_homogeneous_G3_agent01,1,source_family,tests/test_arguments.py,29
online_heldout_click_staged_controller/seed06/homogeneous,T4_click_seed06_homogeneous_G3_agent01,1,source_family,tests/test_commands.py,21
online_heldout_click_staged_controller/seed06/homogeneous,T4_click_seed06_homogeneous_G3_agent01,1,source_family,tests/test_options.py,26
online_heldout_click_staged_controller/seed06/homogeneous,T4_click_seed06_homogeneous_G3_agent02,2,source_family,CHANGES.md,29
online_heldout_click_staged_controller/seed06/homogeneous,T4_click_seed06_homogeneous_G3_agent02,2,source_family,docs/commands-and-groups.md,3
online_heldout_click_staged_controller/seed06/homogeneous,T4_click_seed06_homogeneous_G3_agent02,2,source_family,src/click,79
online_heldout_click_staged_controller/seed06/homogeneous,T4_click_seed06_homogeneous_G3_agent02,2,source_family,tests/test_arguments.py,27
online_heldout_click_staged_controller/seed06/homogeneous,T4_click_seed06_homogeneous_G3_agent02,2,source_family,tests/test_commands.py,18
online_heldout_click_staged_controller/seed06/homogeneous,T4_click_seed06_homogeneous_G3_agent02,2,source_family,tests/test_options.py,22
online_heldout_click_staged_controller/seed06/homogeneous,T4_click_seed06_homogeneous_G3_agent03,3,source_family,CHANGES.md,28
online_heldout_click_staged_controller/seed06/homogeneous,T4_click_seed06_homogeneous_G3_agent03,3,source_family,docs/commands-and-groups.md,3
online_heldout_click_staged_controller/seed06/homogeneous,T4_click_seed06_homogeneous_G3_agent03,3,source_family,src/click,64
online_heldout_click_staged_controller/seed06/homogeneous,T4_click_seed06_homogeneous_G3_agent03,3,source_family,tests/test_arguments.py,29
online_heldout_click_staged_controller/seed06/homogeneous,T4_click_seed06_homogeneous_G3_agent03,3,source_family,tests/test_commands.py,20
online_heldout_click_staged_controller/seed06/homogeneous,T4_click_seed06_homogeneous_G3_agent03,3,source_family,tests/test_options.py,25
online_heldout_click_staged_controller/seed06/independent_context,T4_click_seed06_independent_context_G3_agent01,1,source_family,CHANGES.md,0
online_heldout_click_staged_controller/seed06/independent_context,T4_click_seed06_independent_context_G3_agent01,1,source_family,docs/commands-and-groups.md,0
online_heldout_click_staged_controller/seed06/independent_context,T4_click_seed06_independent_context_G3_agent01,1,source_family,src/click,71
online_heldout_click_staged_controller/seed06/independent_context,T4_click_seed06_independent_context_G3_agent01,1,source_family,tests/test_arguments.py,31
online_heldout_click_staged_controller/seed06/independent_context,T4_click_seed06_independent_context_G3_agent01,1,source_family,tests/test_commands.py,18
online_heldout_click_staged_controller/seed06/independent_context,T4_click_seed06_independent_context_G3_agent01,1,source_family,tests/test_options.py,27
online_heldout_click_staged_controller/seed06/independent_context,T4_click_seed06_independent_context_G3_agent02,2,source_family,CHANGES.md,27
online_heldout_click_staged_controller/seed06/independent_context,T4_click_seed06_independent_context_G3_agent02,2,source_family,docs/commands-and-groups.md,3
online_heldout_click_staged_controller/seed06/independent_context,T4_click_seed06_independent_context_G3_agent02,2,source_family,src/click,0
online_heldout_click_staged_controller/seed06/independent_context,T4_click_seed06_independent_context_G3_agent02,2,source_family,tests/test_arguments.py,26
online_heldout_click_staged_controller/seed06/independent_context,T4_click_seed06_independent_context_G3_agent02,2,source_family,tests/test_commands.py,17
online_heldout_click_staged_controller/seed06/independent_context,T4_click_seed06_independent_context_G3_agent02,2,source_family,tests/test_options.py,21
online_heldout_click_staged_controller/seed06/independent_context,T4_click_seed06_independent_context_G3_agent03,3,source_family,CHANGES.md,35
online_heldout_click_staged_controller/seed06/independent_context,T4_click_seed06_independent_context_G3_agent03,3,source_family,docs/commands-and-groups.md,3
online_heldout_click_staged_controller/seed06/independent_context,T4_click_seed06_independent_context_G3_agent03,3,source_family,src/click,105
online_heldout_click_staged_controller/seed06/independent_context,T4_click_seed06_independent_context_G3_agent03,3,source_family,tests/test_arguments.py,0
online_heldout_click_staged_controller/seed06/independent_context,T4_click_seed06_independent_context_G3_agent03,3,source_family,tests/test_commands.py,0
online_heldout_click_staged_controller/seed06/independent_context,T4_click_seed06_independent_context_G3_agent03,3,source_family,tests/test_options.py,0
online_heldout_click_staged_controller/seed06/source_partitioned,T4_click_seed06_source_partitioned_G3_agent01,1,source_family,CHANGES.md,0
online_heldout_click_staged_controller/seed06/source_partitioned,T4_click_seed06_source_partitioned_G3_agent01,1,source_family,docs/commands-and-groups.md,0
online_heldout_click_staged_controller/seed06/source_partitioned,T4_click_seed06_source_partitioned_G3_agent01,1,source_family,src/click,75
online_heldout_click_staged_controller/seed06/source_partitioned,T4_click_seed06_source_partitioned_G3_agent01,1,source_family,tests/test_arguments.py,0
online_heldout_click_staged_controller/seed06/source_partitioned,T4_click_seed06_source_partitioned_G3_agent01,1,source_family,tests/test_commands.py,0
online_heldout_click_staged_controller/seed06/source_partitioned,T4_click_seed06_source_partitioned_G3_agent01,1,source_family,tests/test_options.py,0
online_heldout_click_staged_controller/seed06/source_partitioned,T4_click_seed06_source_partitioned_G3_agent02,2,source_family,CHANGES.md,0
online_heldout_click_staged_controller/seed06/source_partitioned,T4_click_seed06_source_partitioned_G3_agent02,2,source_family,docs/commands-and-groups.md,0
online_heldout_click_staged_controller/seed06/source_partitioned,T4_click_seed06_source_partitioned_G3_agent02,2,source_family,src/click,0
online_heldout_click_staged_controller/seed06/source_partitioned,T4_click_seed06_source_partitioned_G3_agent02,2,source_family,tests/test_arguments.py,36
online_heldout_click_staged_controller/seed06/source_partitioned,T4_click_seed06_source_partitioned_G3_agent02,2,source_family,tests/test_commands.py,24
online_heldout_click_staged_controller/seed06/source_partitioned,T4_click_seed06_source_partitioned_G3_agent02,2,source_family,tests/test_options.py,29
online_heldout_click_staged_controller/seed06/source_partitioned,T4_click_seed06_source_partitioned_G3_agent03,3,source_family,CHANGES.md,31
online_heldout_click_staged_controller/seed06/source_partitioned,T4_click_seed06_source_partitioned_G3_agent03,3,source_family,docs/commands-and-groups.md,3
online_heldout_click_staged_controller/seed06/source_partitioned,T4_click_seed06_source_partitioned_G3_agent03,3,source_family,src/click,0
online_heldout_click_staged_controller/seed06/source_partitioned,T4_click_seed06_source_partitioned_G3_agent03,3,source_family,tests/test_arguments.py,0
online_heldout_click_staged_controller/seed06/source_partitioned,T4_click_seed06_source_partitioned_G3_agent03,3,source_family,tests/test_commands.py,0
online_heldout_click_staged_controller/seed06/source_partitioned,T4_click_seed06_source_partitioned_G3_agent03,3,source_family,tests/test_options.py,0
